model,split,paper_id,generation,n_relations,n_failed,mean_prob,abstract_words,error_rate,len_band,rel_band,abstract_tokens,truncated
qwen3_4b,dev,14510914,generation_1,7,4,0.4823537039503987,176,0.5714285714285714,medium,medium,206,False
qwen3_4b,dev,14510914,generation_2,7,4,0.4880437892529049,189,0.5714285714285714,medium,medium,223,False
qwen3_4b,dev,14510914,generation_3,7,5,0.3301640437150906,246,0.7142857142857143,long,medium,304,False
qwen3_4b,dev,15018851,generation_1,7,3,0.5624706141783723,155,0.42857142857142855,short,medium,207,False
qwen3_4b,dev,15018851,generation_2,7,3,0.5618791073959853,161,0.42857142857142855,short,medium,217,False
qwen3_4b,dev,15018851,generation_3,7,3,0.562303500449551,175,0.42857142857142855,medium,medium,219,False
qwen3_4b,dev,15041272,generation_1,8,6,0.2517868197464849,200,0.75,medium,medium,257,False
qwen3_4b,dev,15041272,generation_2,8,5,0.34545815809906344,181,0.625,medium,medium,236,False
qwen3_4b,dev,15041272,generation_3,8,4,0.4173677725120796,179,0.5,medium,medium,228,False
qwen3_4b,dev,15069170,generation_1,6,1,0.8047775718926763,190,0.16666666666666666,medium,medium,305,False
qwen3_4b,dev,15069170,generation_2,6,1,0.8150485473646162,159,0.16666666666666666,short,medium,263,False
qwen3_4b,dev,15069170,generation_3,6,1,0.8164623056460792,165,0.16666666666666666,short,medium,252,False
qwen3_4b,dev,15086325,generation_1,1,0,0.9954921007156372,148,0.0,short,few,162,False
qwen3_4b,dev,15086325,generation_2,1,0,0.9778777360916138,155,0.0,short,few,173,False
qwen3_4b,dev,15086325,generation_3,1,0,0.9956297874450684,181,0.0,medium,few,205,False
qwen3_4b,dev,15096016,generation_1,1,0,0.9800564646720886,147,0.0,short,few,184,False
qwen3_4b,dev,15096016,generation_2,1,0,0.980124831199646,188,0.0,medium,few,225,False
qwen3_4b,dev,15096016,generation_3,1,0,0.9775713086128236,185,0.0,medium,few,233,False
qwen3_4b,dev,15579441,generation_1,5,3,0.4120378656312823,204,0.6,medium,few,260,False
qwen3_4b,dev,15579441,generation_2,5,1,0.7271084666252137,176,0.2,medium,few,221,False
qwen3_4b,dev,15579441,generation_3,5,4,0.24663016244885508,232,0.8,long,few,282,False
qwen3_4b,dev,15754732,generation_1,9,2,0.8128585122111771,164,0.2222222222222222,short,medium,204,False
qwen3_4b,dev,15754732,generation_2,9,1,0.885800015181303,202,0.1111111111111111,medium,medium,258,False
qwen3_4b,dev,15754732,generation_3,9,0,0.9938265747494168,179,0.0,medium,medium,224,False
qwen3_4b,dev,15867855,generation_1,4,0,0.9696621894836426,127,0.0,short,few,163,False
qwen3_4b,dev,15867855,generation_2,4,0,0.9864502251148224,169,0.0,short,few,220,False
qwen3_4b,dev,15867855,generation_3,4,0,0.9815112203359604,150,0.0,short,few,189,False
qwen3_4b,dev,15951966,generation_1,2,0,0.9910653531551361,170,0.0,short,few,207,False
qwen3_4b,dev,15951966,generation_2,2,0,0.9936405420303345,157,0.0,short,few,193,False
qwen3_4b,dev,15951966,generation_3,2,0,0.991546869277954,168,0.0,short,few,200,False
qwen3_4b,dev,15991002,generation_1,4,0,0.7783503085374832,136,0.0,short,few,175,False
qwen3_4b,dev,15991002,generation_2,4,0,0.9144831597805023,141,0.0,short,few,175,False
qwen3_4b,dev,15991002,generation_3,4,1,0.7407455593347549,228,0.25,long,few,278,False
qwen3_4b,dev,16000134,generation_1,5,1,0.5982902839779853,199,0.2,medium,few,279,False
qwen3_4b,dev,16000134,generation_2,5,1,0.7733621656894684,172,0.2,medium,few,235,False
qwen3_4b,dev,16000134,generation_3,5,1,0.7276485145092011,161,0.2,short,few,226,False
qwen3_4b,dev,16018252,generation_1,1,0,0.5410305857658386,171,0.0,short,few,206,False
qwen3_4b,dev,16018252,generation_2,1,0,0.8962177634239197,202,0.0,medium,few,237,False
qwen3_4b,dev,16018252,generation_3,1,1,0.0836210399866104,184,1.0,medium,few,217,False
qwen3_4b,dev,16051693,generation_1,5,1,0.7677067099022679,248,0.2,long,few,287,False
qwen3_4b,dev,16051693,generation_2,5,1,0.7795976886292919,175,0.2,medium,few,205,False
qwen3_4b,dev,16051693,generation_3,5,1,0.7741271706763655,202,0.2,medium,few,237,False
qwen3_4b,dev,16152606,generation_1,4,0,0.9911664575338364,172,0.0,medium,few,206,False
qwen3_4b,dev,16152606,generation_2,4,0,0.9921673238277436,126,0.0,short,few,155,False
qwen3_4b,dev,16152606,generation_3,4,0,0.9900003373622894,153,0.0,short,few,188,False
qwen3_4b,dev,16181814,generation_1,3,0,0.9826593001683553,169,0.0,short,few,221,False
qwen3_4b,dev,16181814,generation_2,3,1,0.6699050397922596,207,0.3333333333333333,medium,few,261,False
qwen3_4b,dev,16181814,generation_3,3,0,0.8904692927996317,184,0.0,medium,few,235,False
qwen3_4b,dev,16225977,generation_1,8,0,0.9717615023255348,222,0.0,long,medium,284,False
qwen3_4b,dev,16225977,generation_2,8,0,0.9757360368967056,246,0.0,long,medium,305,False
qwen3_4b,dev,16225977,generation_3,8,0,0.9759675487875938,246,0.0,long,medium,319,False
qwen3_4b,dev,16277682,generation_1,4,1,0.7526399651542305,199,0.25,medium,few,270,False
qwen3_4b,dev,16277682,generation_2,4,1,0.7448544730432332,197,0.25,medium,few,250,False
qwen3_4b,dev,16277682,generation_3,4,1,0.7509032622911036,184,0.25,medium,few,230,False
qwen3_4b,dev,16419642,generation_1,4,2,0.4999373536556959,137,0.5,short,few,169,False
qwen3_4b,dev,16419642,generation_2,4,1,0.7448708326555789,145,0.25,short,few,183,False
qwen3_4b,dev,16419642,generation_3,4,2,0.5129229737794958,168,0.5,short,few,215,False
qwen3_4b,dev,16565833,generation_1,9,2,0.7554027807070978,132,0.2222222222222222,short,medium,168,False
qwen3_4b,dev,16565833,generation_2,9,2,0.7752225659270253,127,0.2222222222222222,short,medium,153,False
qwen3_4b,dev,16565833,generation_3,9,1,0.8661314716769589,191,0.1111111111111111,medium,medium,244,False
qwen3_4b,dev,16611040,generation_1,1,0,0.9951930046081544,161,0.0,short,few,187,False
qwen3_4b,dev,16611040,generation_2,1,0,0.9948397278785706,161,0.0,short,few,192,False
qwen3_4b,dev,16611040,generation_3,1,0,0.9917117357254028,166,0.0,short,few,191,False
qwen3_4b,dev,16680561,generation_1,5,1,0.7882449613884092,184,0.2,medium,few,231,False
qwen3_4b,dev,16680561,generation_2,5,1,0.7866559133864939,135,0.2,short,few,171,False
qwen3_4b,dev,16680561,generation_3,5,1,0.7716118101030588,149,0.2,short,few,188,False
qwen3_4b,dev,1671881,generation_1,6,2,0.5970826642587781,171,0.3333333333333333,short,medium,219,False
qwen3_4b,dev,1671881,generation_2,6,2,0.620639921243613,162,0.3333333333333333,short,medium,208,False
qwen3_4b,dev,1671881,generation_3,6,2,0.5825092744586678,195,0.3333333333333333,medium,medium,258,False
qwen3_4b,dev,16838170,generation_1,14,8,0.4187829019002883,235,0.5714285714285714,long,many,322,False
qwen3_4b,dev,16838170,generation_2,14,10,0.3556645196929042,202,0.7142857142857143,medium,many,262,False
qwen3_4b,dev,16838170,generation_3,14,10,0.3014751183966707,196,0.7142857142857143,medium,many,267,False
qwen3_4b,dev,16867021,generation_1,12,5,0.5647384837502614,221,0.4166666666666667,long,many,314,False
qwen3_4b,dev,16867021,generation_2,12,4,0.6769882267496238,231,0.3333333333333333,long,many,315,False
qwen3_4b,dev,16867021,generation_3,12,4,0.6570859679098552,285,0.3333333333333333,long,many,391,False
qwen3_4b,dev,16867246,generation_1,6,1,0.9000821858644485,217,0.16666666666666666,long,medium,278,False
qwen3_4b,dev,16867246,generation_2,6,2,0.6538137105914453,215,0.3333333333333333,medium,medium,274,False
qwen3_4b,dev,16867246,generation_3,6,0,0.9639673431714376,163,0.0,short,medium,212,False
qwen3_4b,dev,17033974,generation_1,6,1,0.8130156149466833,161,0.16666666666666666,short,medium,230,False
qwen3_4b,dev,17033974,generation_2,6,1,0.82938352227211,239,0.16666666666666666,long,medium,331,False
qwen3_4b,dev,17033974,generation_3,6,1,0.8153691431507468,198,0.16666666666666666,medium,medium,275,False
qwen3_4b,dev,17042884,generation_1,5,2,0.6668926917016507,279,0.4,long,few,361,False
qwen3_4b,dev,17042884,generation_2,5,0,0.9729132533073426,173,0.0,medium,few,214,False
qwen3_4b,dev,17042884,generation_3,5,0,0.9694174289703369,181,0.0,medium,few,225,False
qwen3_4b,dev,17151160,generation_1,8,2,0.7157264354755171,192,0.25,medium,medium,227,False
qwen3_4b,dev,17151160,generation_2,8,7,0.18076170084532345,140,0.875,short,medium,177,False
qwen3_4b,dev,17151160,generation_3,8,3,0.6572907626978122,218,0.375,long,medium,265,False
qwen3_4b,dev,17255138,generation_1,18,16,0.11307499144782514,218,0.8888888888888888,long,many,281,False
qwen3_4b,dev,17255138,generation_2,18,16,0.11326361339807689,234,0.8888888888888888,long,many,307,False
qwen3_4b,dev,17255138,generation_3,18,17,0.06032997596776108,180,0.9444444444444444,medium,many,248,False
qwen3_4b,dev,17297207,generation_1,8,6,0.27575391478603706,152,0.75,short,medium,192,False
qwen3_4b,dev,17297207,generation_2,8,5,0.38471456570550794,173,0.625,medium,medium,225,False
qwen3_4b,dev,17297207,generation_3,8,7,0.17226694186683741,167,0.875,short,medium,207,False
qwen3_4b,dev,17345627,generation_1,16,8,0.49888775713225186,168,0.5,short,many,218,False
qwen3_4b,dev,17345627,generation_2,16,8,0.4980311324234208,177,0.5,medium,many,223,False
qwen3_4b,dev,17345627,generation_3,16,8,0.4967467753667733,174,0.5,medium,many,227,False
qwen3_4b,dev,17384765,generation_1,9,6,0.30787317398870884,175,0.6666666666666666,medium,medium,219,False
qwen3_4b,dev,17384765,generation_2,9,6,0.3242229487336266,164,0.6666666666666666,short,medium,197,False
qwen3_4b,dev,17384765,generation_3,9,5,0.4111893140588007,209,0.5555555555555556,medium,medium,260,False
qwen3_4b,dev,17395743,generation_1,7,2,0.6880154306335109,177,0.2857142857142857,medium,medium,229,False
qwen3_4b,dev,17395743,generation_2,7,4,0.46128923505810754,163,0.5714285714285714,short,medium,202,False
qwen3_4b,dev,17395743,generation_3,7,4,0.44167942606977045,165,0.5714285714285714,short,medium,205,False
qwen3_4b,dev,17397547,generation_1,66,54,0.19903837217465145,198,0.8181818181818182,medium,many,257,False
qwen3_4b,dev,17397547,generation_2,66,38,0.42500088333525293,213,0.5757575757575758,medium,many,299,False
qwen3_4b,dev,17397547,generation_3,66,22,0.6720807108574787,280,0.3333333333333333,long,many,420,False
qwen3_4b,dev,17445520,generation_1,2,2,0.0007848946261218999,173,1.0,medium,few,197,False
qwen3_4b,dev,17445520,generation_2,2,2,0.00032313476549455,197,1.0,medium,few,224,False
qwen3_4b,dev,17445520,generation_3,2,2,0.000289901101496,170,1.0,short,few,186,False
qwen3_4b,dev,17549393,generation_1,1,0,0.99501234292984,129,0.0,short,few,181,False
qwen3_4b,dev,17549393,generation_2,1,0,0.994750678539276,134,0.0,short,few,163,False
qwen3_4b,dev,17549393,generation_3,1,0,0.994281768798828,160,0.0,short,few,203,False
qwen3_4b,dev,17600377,generation_1,13,6,0.5512780762779024,217,0.46153846153846156,long,many,308,False
qwen3_4b,dev,17600377,generation_2,13,7,0.4929818483785941,180,0.5384615384615384,medium,many,254,False
qwen3_4b,dev,17600377,generation_3,13,6,0.5400111398641736,187,0.46153846153846156,medium,many,259,False
qwen3_4b,dev,17608141,generation_1,11,8,0.286573648100867,226,0.7272727272727273,long,many,282,False
qwen3_4b,dev,17608141,generation_2,11,6,0.4641511767668734,195,0.5454545454545454,medium,many,256,False
qwen3_4b,dev,17608141,generation_3,11,8,0.31742623914033175,157,0.7272727272727273,short,many,199,False
qwen3_4b,dev,17671735,generation_1,2,0,0.9840979874134064,144,0.0,short,few,196,False
qwen3_4b,dev,17671735,generation_2,2,0,0.9882327020168304,225,0.0,long,few,301,False
qwen3_4b,dev,17671735,generation_3,2,0,0.9794671833515167,171,0.0,short,few,223,False
qwen3_4b,dev,17943461,generation_1,19,5,0.7197885307710079,167,0.2631578947368421,short,many,203,False
qwen3_4b,dev,17943461,generation_2,19,5,0.7385146386705425,238,0.2631578947368421,long,many,272,False
qwen3_4b,dev,17943461,generation_3,19,2,0.886938613710012,246,0.10526315789473684,long,many,289,False
qwen3_4b,dev,17962394,generation_1,2,0,0.9905379712581635,135,0.0,short,few,180,False
qwen3_4b,dev,17962394,generation_2,2,0,0.9882992208003998,147,0.0,short,few,210,False
qwen3_4b,dev,17962394,generation_3,2,0,0.9889027774333954,193,0.0,medium,few,269,False
qwen3_4b,dev,17968299,generation_1,1,0,0.9870992302894592,146,0.0,short,few,173,False
qwen3_4b,dev,17968299,generation_2,1,0,0.9713451862335204,172,0.0,medium,few,221,False
qwen3_4b,dev,17968299,generation_3,1,0,0.988498032093048,162,0.0,short,few,200,False
qwen3_4b,dev,18046082,generation_1,1,0,0.9954410791397096,148,0.0,short,few,177,False
qwen3_4b,dev,18046082,generation_2,1,0,0.9944522976875304,133,0.0,short,few,160,False
qwen3_4b,dev,18046082,generation_3,1,0,0.9945699572563172,151,0.0,short,few,184,False
qwen3_4b,dev,18162529,generation_1,21,8,0.5162608582232635,218,0.38095238095238093,long,many,298,False
qwen3_4b,dev,18162529,generation_2,21,8,0.6046891151040438,269,0.38095238095238093,long,many,352,False
qwen3_4b,dev,18162529,generation_3,21,9,0.5874357995178018,210,0.42857142857142855,medium,many,288,False
qwen3_4b,dev,18308784,generation_1,6,4,0.42939449035717797,163,0.6666666666666666,short,medium,218,False
qwen3_4b,dev,18308784,generation_2,6,3,0.5046228035353124,182,0.5,medium,medium,230,False
qwen3_4b,dev,18308784,generation_3,6,4,0.33513572086424875,208,0.6666666666666666,medium,medium,256,False
qwen3_4b,dev,18385794,generation_1,14,6,0.5303156313353351,240,0.42857142857142855,long,many,330,False
qwen3_4b,dev,18385794,generation_2,14,5,0.6333236879353146,222,0.35714285714285715,long,many,304,False
qwen3_4b,dev,18385794,generation_3,14,8,0.44005888949946625,197,0.5714285714285714,medium,many,271,False
qwen3_4b,dev,18951540,generation_1,1,0,0.9797348976135254,161,0.0,short,few,201,False
qwen3_4b,dev,18951540,generation_2,1,0,0.9800102114677428,186,0.0,medium,few,231,False
qwen3_4b,dev,18951540,generation_3,1,0,0.9770749807357788,164,0.0,short,few,206,False
qwen3_4b,dev,19300402,generation_1,36,24,0.3506296022169408,265,0.6666666666666666,long,many,391,False
qwen3_4b,dev,19300402,generation_2,36,23,0.37570224870958346,348,0.6388888888888888,long,many,482,True
qwen3_4b,dev,19300402,generation_3,36,24,0.3450209902083669,254,0.6666666666666666,long,many,344,False
qwen3_4b,dev,19759529,generation_1,15,6,0.5934742925378184,223,0.4,long,many,278,False
qwen3_4b,dev,19759529,generation_2,15,6,0.5929205559504529,184,0.4,medium,many,232,False
qwen3_4b,dev,19759529,generation_3,15,5,0.6545179563729714,227,0.3333333333333333,long,many,276,False
qwen3_4b,dev,19880293,generation_1,2,0,0.9797596037387848,143,0.0,short,few,161,False
qwen3_4b,dev,19880293,generation_2,2,0,0.988912969827652,140,0.0,short,few,154,False
qwen3_4b,dev,19880293,generation_3,2,0,0.9919863343238831,202,0.0,medium,few,228,False
qwen3_4b,dev,19914299,generation_1,4,0,0.9655547887086868,149,0.0,short,few,185,False
qwen3_4b,dev,19914299,generation_2,4,0,0.9682767689228058,136,0.0,short,few,168,False
qwen3_4b,dev,19914299,generation_3,4,0,0.9724091291427612,163,0.0,short,few,199,False
qwen3_4b,dev,20126413,generation_1,1,0,0.985865354537964,142,0.0,short,few,172,False
qwen3_4b,dev,20126413,generation_2,1,0,0.9798164963722228,171,0.0,short,few,198,False
qwen3_4b,dev,20126413,generation_3,1,0,0.9884655475616456,124,0.0,short,few,138,False
qwen3_4b,dev,20143913,generation_1,1,0,0.9949554800987244,149,0.0,short,few,186,False
qwen3_4b,dev,20143913,generation_2,1,0,0.9960505366325378,184,0.0,medium,few,230,False
qwen3_4b,dev,20143913,generation_3,1,0,0.9931868314743042,159,0.0,short,few,204,False
qwen3_4b,dev,20195852,generation_1,6,3,0.46010093949735165,244,0.5,long,medium,296,False
qwen3_4b,dev,20195852,generation_2,6,1,0.809079526613156,208,0.16666666666666666,medium,medium,250,False
qwen3_4b,dev,20195852,generation_3,6,3,0.5104277258117994,178,0.5,medium,medium,216,False
qwen3_4b,dev,20540798,generation_1,5,1,0.7914532221853733,137,0.2,short,few,166,False
qwen3_4b,dev,20540798,generation_2,5,2,0.5914542057493236,196,0.4,medium,few,246,False
qwen3_4b,dev,20540798,generation_3,5,1,0.7915800280286931,173,0.2,medium,few,220,False
qwen3_4b,dev,20621845,generation_1,10,5,0.5354419884257368,170,0.5,short,medium,223,False
qwen3_4b,dev,20621845,generation_2,10,4,0.546220212879416,175,0.4,medium,medium,232,False
qwen3_4b,dev,20621845,generation_3,10,6,0.40026503490371396,166,0.6,short,medium,224,False
qwen3_4b,dev,20682662,generation_1,2,1,0.49736490554641927,160,0.5,short,few,179,False
qwen3_4b,dev,20682662,generation_2,2,1,0.49779659660998726,161,0.5,short,few,194,False
qwen3_4b,dev,20682662,generation_3,2,1,0.4971777343889698,139,0.5,short,few,162,False
qwen3_4b,dev,20801540,generation_1,14,7,0.5084901006692755,164,0.5,short,many,224,False
qwen3_4b,dev,20801540,generation_2,14,8,0.45141630578187425,197,0.5714285714285714,medium,many,281,False
qwen3_4b,dev,20801540,generation_3,14,6,0.5634147883559177,138,0.42857142857142855,short,many,194,False
qwen3_4b,dev,20859899,generation_1,13,8,0.3724927410949021,182,0.6153846153846154,medium,many,262,False
qwen3_4b,dev,20859899,generation_2,13,9,0.2995325236473806,261,0.6923076923076923,long,many,353,False
qwen3_4b,dev,20859899,generation_3,13,10,0.2641638265385364,275,0.7692307692307693,long,many,388,False
qwen3_4b,dev,20959502,generation_1,14,4,0.6842993922930743,206,0.2857142857142857,medium,many,272,False
qwen3_4b,dev,20959502,generation_2,14,3,0.7607715641414481,253,0.21428571428571427,long,many,315,False
qwen3_4b,dev,20959502,generation_3,14,4,0.6812738803148802,200,0.2857142857142857,medium,many,274,False
qwen3_4b,dev,21042587,generation_1,21,9,0.5942159043389394,209,0.42857142857142855,medium,many,302,False
qwen3_4b,dev,21042587,generation_2,21,6,0.6812854782855582,232,0.2857142857142857,long,many,323,False
qwen3_4b,dev,21042587,generation_3,21,6,0.6973814202411588,249,0.2857142857142857,long,many,338,False
qwen3_4b,dev,21054465,generation_1,2,0,0.9906072616577148,167,0.0,short,few,196,False
qwen3_4b,dev,21054465,generation_2,2,0,0.9889144897460938,152,0.0,short,few,177,False
qwen3_4b,dev,21054465,generation_3,2,0,0.9866288006305695,180,0.0,medium,few,210,False
qwen3_4b,dev,21130517,generation_1,6,0,0.9722671409447988,160,0.0,short,medium,198,False
qwen3_4b,dev,21130517,generation_2,6,0,0.9862850705782572,171,0.0,short,medium,217,False
qwen3_4b,dev,21130517,generation_3,6,1,0.8736754159132639,168,0.16666666666666666,short,medium,206,False
qwen3_4b,dev,21799811,generation_1,4,0,0.9397936761379242,133,0.0,short,few,159,False
qwen3_4b,dev,21799811,generation_2,4,0,0.9890061318874359,137,0.0,short,few,165,False
qwen3_4b,dev,21799811,generation_3,4,0,0.9869817942380905,154,0.0,short,few,180,False
qwen3_4b,dev,21903317,generation_1,6,2,0.7165000935395559,141,0.3333333333333333,short,medium,175,False
qwen3_4b,dev,21903317,generation_2,6,2,0.6790530737489462,157,0.3333333333333333,short,medium,195,False
qwen3_4b,dev,21903317,generation_3,6,2,0.6868845261633396,162,0.3333333333333333,short,medium,210,False
qwen3_4b,dev,22711886,generation_1,15,7,0.501999968290329,234,0.4666666666666667,long,many,302,False
qwen3_4b,dev,22711886,generation_2,15,8,0.45396382416850733,224,0.5333333333333333,long,many,298,False
qwen3_4b,dev,22711886,generation_3,15,10,0.3425439549047344,247,0.6666666666666666,long,many,319,False
qwen3_4b,dev,23285048,generation_1,16,7,0.5542684902611654,175,0.4375,medium,many,234,False
qwen3_4b,dev,23285048,generation_2,16,2,0.8127266752999276,195,0.125,medium,many,257,False
qwen3_4b,dev,23285048,generation_3,16,5,0.6761308127024677,169,0.3125,short,many,230,False
qwen3_4b,dev,23651211,generation_1,42,26,0.37438908046758673,241,0.6190476190476191,long,many,340,False
qwen3_4b,dev,23651211,generation_2,42,27,0.36443927786396146,179,0.6428571428571429,medium,many,270,False
qwen3_4b,dev,23651211,generation_3,42,26,0.36431716152479304,210,0.6190476190476191,medium,many,296,False
qwen3_4b,dev,23872883,generation_1,17,0,0.9710555041537565,180,0.0,medium,many,233,False
qwen3_4b,dev,23872883,generation_2,17,1,0.9395440904533162,374,0.058823529411764705,long,many,495,True
qwen3_4b,dev,23872883,generation_3,17,0,0.9781357400557574,165,0.0,short,many,214,False
qwen3_4b,dev,24014394,generation_1,16,5,0.6824967138709326,213,0.3125,medium,many,274,False
qwen3_4b,dev,24014394,generation_2,16,5,0.6798598728000798,255,0.3125,long,many,328,False
qwen3_4b,dev,24014394,generation_3,16,4,0.7481253837577242,222,0.25,long,many,289,False
qwen3_4b,dev,24036311,generation_1,16,14,0.1509758156462339,200,0.875,medium,many,249,False
qwen3_4b,dev,24036311,generation_2,16,13,0.21980433438784525,237,0.8125,long,many,295,False
qwen3_4b,dev,24036311,generation_3,16,10,0.3971412839218828,193,0.625,medium,many,249,False
qwen3_4b,dev,24288432,generation_1,10,3,0.6998555030673742,216,0.3,medium,medium,306,False
qwen3_4b,dev,24288432,generation_2,10,3,0.7467322662472725,205,0.3,medium,medium,282,False
qwen3_4b,dev,24288432,generation_3,10,3,0.6992376814130694,233,0.3,long,medium,319,False
qwen3_4b,dev,24333387,generation_1,16,4,0.7810502990614623,164,0.25,short,many,221,False
qwen3_4b,dev,24333387,generation_2,16,3,0.794799770177633,222,0.1875,long,many,282,False
qwen3_4b,dev,24333387,generation_3,16,3,0.7816197507245306,230,0.1875,long,many,287,False
qwen3_4b,dev,24438483,generation_1,12,2,0.7541744530317374,226,0.16666666666666666,long,many,277,False
qwen3_4b,dev,24438483,generation_2,12,8,0.34942471113754436,232,0.6666666666666666,long,many,280,False
qwen3_4b,dev,24438483,generation_3,12,5,0.5548320786086455,191,0.4166666666666667,medium,many,238,False
qwen3_4b,dev,25080425,generation_1,12,4,0.6766133882726232,217,0.3333333333333333,long,many,267,False
qwen3_4b,dev,25080425,generation_2,12,4,0.6743841709394474,167,0.3333333333333333,short,many,211,False
qwen3_4b,dev,25080425,generation_3,12,4,0.6650703255581902,142,0.3333333333333333,short,many,177,False
qwen3_4b,dev,25119790,generation_1,17,7,0.5854376716169474,226,0.4117647058823529,long,many,286,False
qwen3_4b,dev,25119790,generation_2,17,11,0.3891179545590764,261,0.6470588235294118,long,many,315,False
qwen3_4b,dev,25119790,generation_3,17,10,0.45740979388082287,206,0.5882352941176471,medium,many,271,False
qwen3_4b,dev,25550469,generation_1,12,8,0.3288354480731262,241,0.6666666666666666,long,many,295,False
qwen3_4b,dev,25550469,generation_2,12,7,0.3741253006010083,238,0.5833333333333334,long,many,287,False
qwen3_4b,dev,25550469,generation_3,12,8,0.3297993718709525,129,0.6666666666666666,short,many,156,False
qwen3_4b,dev,25589620,generation_1,9,5,0.4830716232924412,218,0.5555555555555556,long,medium,297,False
qwen3_4b,dev,25589620,generation_2,9,2,0.7599884065437235,230,0.2222222222222222,long,medium,298,False
qwen3_4b,dev,25589620,generation_3,9,3,0.6889519154404601,227,0.3333333333333333,long,medium,291,False
qwen3_4b,dev,26684240,generation_1,51,15,0.7168108692070853,238,0.29411764705882354,long,many,342,False
qwen3_4b,dev,26684240,generation_2,51,6,0.8810753544778837,235,0.11764705882352941,long,many,326,False
qwen3_4b,dev,26684240,generation_3,51,7,0.8511077632577451,234,0.13725490196078433,long,many,342,False
qwen3_4b,dev,27090298,generation_1,7,5,0.2969225946414683,212,0.7142857142857143,medium,medium,258,False
qwen3_4b,dev,27090298,generation_2,7,4,0.47235522851614015,157,0.5714285714285714,short,medium,191,False
qwen3_4b,dev,27090298,generation_3,7,4,0.4211970711393015,161,0.5714285714285714,short,medium,201,False
qwen3_4b,dev,27103577,generation_1,7,6,0.1926340042513662,222,0.8571428571428571,long,medium,263,False
qwen3_4b,dev,27103577,generation_2,7,3,0.5198642126425901,185,0.42857142857142855,medium,medium,220,False
qwen3_4b,dev,27103577,generation_3,7,6,0.16093276421140343,205,0.8571428571428571,medium,medium,250,False
qwen3_4b,dev,27491646,generation_1,15,7,0.5190187933951771,239,0.4666666666666667,long,many,317,False
qwen3_4b,dev,27491646,generation_2,15,5,0.6623483269979867,308,0.3333333333333333,long,many,414,False
qwen3_4b,dev,27491646,generation_3,15,6,0.6095666730262261,276,0.4,long,many,365,False
qwen3_4b,dev,27509880,generation_1,16,12,0.22724265143278893,241,0.75,long,many,347,False
qwen3_4b,dev,27509880,generation_2,16,13,0.1975935300433775,279,0.8125,long,many,406,False
qwen3_4b,dev,27509880,generation_3,16,11,0.3120818797460742,252,0.6875,long,many,332,False
qwen3_4b,dev,27663860,generation_1,8,3,0.6047517363622319,176,0.375,medium,medium,245,False
qwen3_4b,dev,27663860,generation_2,8,2,0.7260638900697813,197,0.25,medium,medium,265,False
qwen3_4b,dev,27663860,generation_3,8,5,0.4309465211881615,186,0.625,medium,medium,256,False
qwen3_4b,dev,27707793,generation_1,5,3,0.4723228618502617,171,0.6,short,few,235,False
qwen3_4b,dev,27707793,generation_2,5,3,0.4813492733286694,133,0.6,short,few,181,False
qwen3_4b,dev,27707793,generation_3,5,2,0.5928538823965936,168,0.4,short,few,228,False
qwen3_4b,dev,27729412,generation_1,15,14,0.08112360674907294,204,0.9333333333333333,medium,many,261,False
qwen3_4b,dev,27729412,generation_2,15,14,0.08356510380690448,196,0.9333333333333333,medium,many,248,False
qwen3_4b,dev,27729412,generation_3,15,13,0.1384713327007678,169,0.8666666666666667,short,many,209,False
qwen3_4b,dev,27807193,generation_1,8,2,0.7371317645302042,265,0.25,long,medium,362,False
qwen3_4b,dev,27807193,generation_2,8,2,0.739279059576802,225,0.25,long,medium,313,False
qwen3_4b,dev,27807193,generation_3,8,2,0.7379463844772545,153,0.25,short,medium,196,False
qwen3_4b,dev,27840894,generation_1,2,1,0.49867654801346367,158,0.5,short,few,241,False
qwen3_4b,dev,27840894,generation_2,2,1,0.49864346079994,147,0.5,short,few,208,False
qwen3_4b,dev,27840894,generation_3,2,1,0.5000119665637612,140,0.5,short,few,205,False
qwen3_4b,dev,27860185,generation_1,8,2,0.7426902067963965,209,0.25,medium,medium,265,False
qwen3_4b,dev,27860185,generation_2,8,3,0.6369721136288717,165,0.375,short,medium,206,False
qwen3_4b,dev,27860185,generation_3,8,2,0.7446072124876082,203,0.25,medium,medium,251,False
qwen3_4b,dev,27866394,generation_1,19,15,0.24148381027656504,207,0.7894736842105263,medium,many,270,False
qwen3_4b,dev,27866394,generation_2,19,16,0.18226399246257063,162,0.8421052631578947,short,many,207,False
qwen3_4b,dev,27866394,generation_3,19,16,0.16511962055933266,190,0.8421052631578947,medium,many,254,False
qwen3_4b,dev,28259923,generation_1,12,2,0.7658969162342449,232,0.16666666666666666,long,many,301,False
qwen3_4b,dev,28259923,generation_2,12,2,0.7982441988812449,202,0.16666666666666666,medium,many,267,False
qwen3_4b,dev,28259923,generation_3,12,2,0.7994960726646241,179,0.16666666666666666,medium,many,234,False
qwen3_4b,dev,28393239,generation_1,7,3,0.543075569955233,168,0.42857142857142855,short,medium,215,False
qwen3_4b,dev,28393239,generation_2,7,3,0.5610283946984315,149,0.42857142857142855,short,medium,187,False
qwen3_4b,dev,28393239,generation_3,7,3,0.5652255907189101,160,0.42857142857142855,short,medium,200,False
qwen3_4b,dev,28518143,generation_1,31,22,0.34709705931562623,232,0.7096774193548387,long,many,299,False
qwen3_4b,dev,28518143,generation_2,31,20,0.3908413427392764,228,0.6451612903225806,long,many,292,False
qwen3_4b,dev,28518143,generation_3,31,23,0.2717675331889862,236,0.7419354838709677,long,many,302,False
qwen3_4b,dev,29049388,generation_1,9,2,0.7751296160018278,166,0.2222222222222222,short,medium,199,False
qwen3_4b,dev,29049388,generation_2,9,3,0.6818497283384204,180,0.3333333333333333,medium,medium,224,False
qwen3_4b,dev,29049388,generation_3,9,2,0.773051636500491,163,0.2222222222222222,short,medium,204,False
qwen3_4b,dev,29183288,generation_1,33,26,0.21834187237034322,224,0.7878787878787878,long,many,388,False
qwen3_4b,dev,29183288,generation_2,33,26,0.21316760122797196,231,0.7878787878787878,long,many,369,False
qwen3_4b,dev,29183288,generation_3,33,18,0.4430839592709107,238,0.5454545454545454,long,many,310,False
qwen3_4b,dev,6086495,generation_1,1,1,0.0030929455533623,132,1.0,short,few,167,False
qwen3_4b,dev,6086495,generation_2,1,0,0.9857609868049622,167,0.0,short,few,198,False
qwen3_4b,dev,6086495,generation_3,1,1,0.0075250654481351,138,1.0,short,few,164,False
qwen3_4b,dev,7811247,generation_1,4,2,0.4828450311906635,168,0.5,short,few,231,False
qwen3_4b,dev,7811247,generation_2,4,2,0.39319446333684027,209,0.5,medium,few,284,False
qwen3_4b,dev,7811247,generation_3,4,3,0.2786434434819966,155,0.75,short,few,209,False
qwen3_4b,test,15000256,generation_1,6,0,0.9691457450389862,171,0.0,short,medium,191,False
qwen3_4b,test,15000256,generation_2,6,1,0.8285929082582394,152,0.16666666666666666,short,medium,173,False
qwen3_4b,test,15000256,generation_3,6,1,0.8338054195046425,185,0.16666666666666666,medium,medium,209,False
qwen3_4b,test,15036754,generation_1,19,13,0.3267251788715121,264,0.6842105263157895,long,many,406,False
qwen3_4b,test,15036754,generation_2,19,11,0.41185686556395684,256,0.5789473684210527,long,many,384,False
qwen3_4b,test,15036754,generation_3,19,11,0.4061590366687405,216,0.5789473684210527,medium,many,324,False
qwen3_4b,test,15111599,generation_1,2,0,0.9959199130535126,145,0.0,short,few,205,False
qwen3_4b,test,15111599,generation_2,2,0,0.9946722388267517,103,0.0,short,few,140,False
qwen3_4b,test,15111599,generation_3,2,0,0.9957039058208466,151,0.0,short,few,201,False
qwen3_4b,test,15130900,generation_1,2,1,0.49482664186507463,111,0.5,short,few,149,False
qwen3_4b,test,15130900,generation_2,2,1,0.4945264221169055,169,0.5,short,few,212,False
qwen3_4b,test,15130900,generation_3,2,1,0.4967233743518591,186,0.5,medium,few,231,False
qwen3_4b,test,15233872,generation_1,7,3,0.5769594727275295,141,0.42857142857142855,short,medium,184,False
qwen3_4b,test,15233872,generation_2,7,3,0.5768103000757817,129,0.42857142857142855,short,medium,174,False
qwen3_4b,test,15233872,generation_3,7,3,0.6423622512125543,155,0.42857142857142855,short,medium,200,False
qwen3_4b,test,15459975,generation_1,1,0,0.9932317733764648,156,0.0,short,few,199,False
qwen3_4b,test,15459975,generation_2,1,0,0.9947270750999452,143,0.0,short,few,185,False
qwen3_4b,test,15459975,generation_3,1,0,0.9943733215332032,157,0.0,short,few,203,False
qwen3_4b,test,15464247,generation_1,1,0,0.997663140296936,142,0.0,short,few,166,False
qwen3_4b,test,15464247,generation_2,1,0,0.9979546070098876,126,0.0,short,few,150,False
qwen3_4b,test,15464247,generation_3,1,0,0.9977579712867736,131,0.0,short,few,156,False
qwen3_4b,test,15485686,generation_1,12,3,0.7601346882098975,244,0.25,long,many,320,False
qwen3_4b,test,15485686,generation_2,12,1,0.8997189252016445,210,0.08333333333333333,medium,many,262,False
qwen3_4b,test,15485686,generation_3,12,0,0.9649288753668467,233,0.0,long,many,304,False
qwen3_4b,test,15668505,generation_1,6,2,0.6742283596346775,141,0.3333333333333333,short,medium,163,False
qwen3_4b,test,15668505,generation_2,6,2,0.6649095729614297,135,0.3333333333333333,short,medium,163,False
qwen3_4b,test,15668505,generation_3,6,2,0.6812093574553728,142,0.3333333333333333,short,medium,162,False
qwen3_4b,test,15673851,generation_1,12,5,0.599986995337531,191,0.4166666666666667,medium,many,244,False
qwen3_4b,test,15673851,generation_2,12,4,0.6453493367880583,206,0.3333333333333333,medium,many,256,False
qwen3_4b,test,15673851,generation_3,12,5,0.5917587069173654,206,0.4166666666666667,medium,many,266,False
qwen3_4b,test,15811908,generation_1,15,13,0.1738860399772723,222,0.8666666666666667,long,many,302,False
qwen3_4b,test,15811908,generation_2,15,10,0.3321716196058938,235,0.6666666666666666,long,many,315,False
qwen3_4b,test,15811908,generation_3,15,8,0.4542270722566172,196,0.5333333333333333,medium,many,287,False
qwen3_4b,test,15818664,generation_1,4,2,0.5101329032331705,158,0.5,short,few,199,False
qwen3_4b,test,15818664,generation_2,4,1,0.7182185004930943,174,0.25,medium,few,219,False
qwen3_4b,test,15818664,generation_3,4,1,0.7453685104846954,190,0.25,medium,few,231,False
qwen3_4b,test,15820770,generation_1,6,5,0.20539493529455888,178,0.8333333333333334,medium,medium,221,False
qwen3_4b,test,15820770,generation_2,6,6,0.02236126708642885,204,1.0,medium,medium,270,False
qwen3_4b,test,15820770,generation_3,6,3,0.5124148254593213,261,0.5,long,medium,343,False
qwen3_4b,test,15824163,generation_1,1,0,0.995354413986206,158,0.0,short,few,180,False
qwen3_4b,test,15824163,generation_2,1,0,0.9946711659431458,142,0.0,short,few,164,False
qwen3_4b,test,15824163,generation_3,1,0,0.9969086050987244,144,0.0,short,few,162,False
qwen3_4b,test,15987266,generation_1,5,4,0.20712633228977212,181,0.8,medium,few,252,False
qwen3_4b,test,15987266,generation_2,5,4,0.2105536959948949,184,0.8,medium,few,246,False
qwen3_4b,test,15987266,generation_3,5,4,0.20664327373960983,162,0.8,short,few,223,False
qwen3_4b,test,16046395,generation_1,3,1,0.6639545968112845,228,0.3333333333333333,long,few,269,False
qwen3_4b,test,16046395,generation_2,3,1,0.6636606385194076,199,0.3333333333333333,medium,few,243,False
qwen3_4b,test,16046395,generation_3,3,1,0.6641670214400316,168,0.3333333333333333,short,few,204,False
qwen3_4b,test,16112787,generation_1,15,5,0.6254748637322336,233,0.3333333333333333,long,many,379,False
qwen3_4b,test,16112787,generation_2,15,6,0.6134411133360118,227,0.4,long,many,316,False
qwen3_4b,test,16112787,generation_3,15,5,0.6583102732237118,209,0.3333333333333333,medium,many,295,False
qwen3_4b,test,16116131,generation_1,2,0,0.9807374775409698,197,0.0,medium,few,255,False
qwen3_4b,test,16116131,generation_2,2,0,0.9808636605739594,163,0.0,short,few,212,False
qwen3_4b,test,16116131,generation_3,2,0,0.9815914630889893,225,0.0,long,few,284,False
qwen3_4b,test,16186368,generation_1,3,2,0.3457470688348015,130,0.6666666666666666,short,few,171,False
qwen3_4b,test,16186368,generation_2,3,2,0.3356097514430682,148,0.6666666666666666,short,few,191,False
qwen3_4b,test,16186368,generation_3,3,2,0.3392293437694509,154,0.6666666666666666,short,few,195,False
qwen3_4b,test,16252083,generation_1,6,3,0.5037926852625484,159,0.5,short,medium,199,False
qwen3_4b,test,16252083,generation_2,6,3,0.5069624434787935,225,0.5,long,medium,275,False
qwen3_4b,test,16252083,generation_3,6,3,0.5080269126337952,167,0.5,short,medium,212,False
qwen3_4b,test,16330669,generation_1,7,0,0.996858034815107,210,0.0,medium,medium,295,False
qwen3_4b,test,16330669,generation_2,7,0,0.9967883314405169,151,0.0,short,medium,208,False
qwen3_4b,test,16330669,generation_3,7,0,0.9866584283964974,226,0.0,long,medium,309,False
qwen3_4b,test,16428827,generation_1,9,4,0.6151620358642604,269,0.4444444444444444,long,medium,329,False
qwen3_4b,test,16428827,generation_2,9,3,0.6422526008552976,213,0.3333333333333333,medium,medium,278,False
qwen3_4b,test,16428827,generation_3,9,3,0.6975581207209163,255,0.3333333333333333,long,medium,334,False
qwen3_4b,test,16629641,generation_1,13,9,0.37143996710745764,296,0.6923076923076923,long,many,360,False
qwen3_4b,test,16629641,generation_2,13,6,0.5575175435783771,260,0.46153846153846156,long,many,314,False
qwen3_4b,test,16629641,generation_3,13,5,0.6157901758829561,235,0.38461538461538464,long,many,284,False
qwen3_4b,test,16731636,generation_1,11,5,0.5381760986479507,178,0.45454545454545453,medium,many,235,False
qwen3_4b,test,16731636,generation_2,11,5,0.5472128975459121,186,0.45454545454545453,medium,many,252,False
qwen3_4b,test,16731636,generation_3,11,3,0.722278825155544,192,0.2727272727272727,medium,many,253,False
qwen3_4b,test,16820346,generation_1,7,6,0.15183970485148682,235,0.8571428571428571,long,medium,275,False
qwen3_4b,test,16820346,generation_2,7,3,0.5901238889034305,128,0.42857142857142855,short,medium,156,False
qwen3_4b,test,16820346,generation_3,7,4,0.4373731438868812,140,0.5714285714285714,short,medium,173,False
qwen3_4b,test,16840830,generation_1,1,0,0.9961679577827454,161,0.0,short,few,214,False
qwen3_4b,test,16840830,generation_2,1,0,0.9966020584106444,163,0.0,short,few,192,False
qwen3_4b,test,16840830,generation_3,1,0,0.9950279593467712,127,0.0,short,few,154,False
qwen3_4b,test,16844102,generation_1,24,11,0.5026732621081464,203,0.4583333333333333,medium,many,256,False
qwen3_4b,test,16844102,generation_2,24,12,0.4893815904148748,216,0.5,medium,many,283,False
qwen3_4b,test,16844102,generation_3,24,13,0.46141376099512854,233,0.5416666666666666,long,many,300,False
qwen3_4b,test,16849419,generation_1,3,1,0.6597124425073465,142,0.3333333333333333,short,few,222,False
qwen3_4b,test,16849419,generation_2,3,2,0.45282094180583954,154,0.6666666666666666,short,few,234,False
qwen3_4b,test,16849419,generation_3,3,1,0.6587523172299067,151,0.3333333333333333,short,few,222,False
qwen3_4b,test,16970763,generation_1,3,0,0.9952597816785177,191,0.0,medium,few,247,False
qwen3_4b,test,16970763,generation_2,3,0,0.9957631230354309,162,0.0,short,few,212,False
qwen3_4b,test,16970763,generation_3,3,0,0.9957129557927451,163,0.0,short,few,221,False
qwen3_4b,test,17003923,generation_1,15,1,0.9236488580703736,140,0.06666666666666667,short,many,184,False
qwen3_4b,test,17003923,generation_2,15,2,0.8781295575201511,180,0.13333333333333333,medium,many,230,False
qwen3_4b,test,17003923,generation_3,15,4,0.7310379075507323,221,0.26666666666666666,long,many,278,False
qwen3_4b,test,17059986,generation_1,6,3,0.5160782631331434,149,0.5,short,medium,200,False
qwen3_4b,test,17059986,generation_2,6,3,0.5320070693754436,194,0.5,medium,medium,261,False
qwen3_4b,test,17059986,generation_3,6,3,0.4907971299253404,173,0.5,medium,medium,219,False
qwen3_4b,test,17166870,generation_1,3,0,0.9947884281476339,163,0.0,short,few,204,False
qwen3_4b,test,17166870,generation_2,3,0,0.9950381318728129,149,0.0,short,few,191,False
qwen3_4b,test,17166870,generation_3,3,0,0.9939320286115009,198,0.0,medium,few,248,False
qwen3_4b,test,17491223,generation_1,2,1,0.364203616976738,120,0.5,short,few,151,False
qwen3_4b,test,17491223,generation_2,2,2,0.010874637868255349,208,1.0,medium,few,264,False
qwen3_4b,test,17491223,generation_3,2,1,0.49193533416837454,131,0.5,short,few,166,False
qwen3_4b,test,17511042,generation_1,6,3,0.4736033010606964,199,0.5,medium,medium,247,False
qwen3_4b,test,17511042,generation_2,6,2,0.6862223825107018,155,0.3333333333333333,short,medium,196,False
qwen3_4b,test,17511042,generation_3,6,2,0.6066090871269504,204,0.3333333333333333,medium,medium,248,False
qwen3_4b,test,17562951,generation_1,5,2,0.5906381054315716,160,0.4,short,few,196,False
qwen3_4b,test,17562951,generation_2,5,2,0.5945638358942233,160,0.4,short,few,202,False
qwen3_4b,test,17562951,generation_3,5,2,0.5995940826833248,161,0.4,short,few,197,False
qwen3_4b,test,17879945,generation_1,10,4,0.5624650014331565,178,0.4,medium,medium,235,False
qwen3_4b,test,17879945,generation_2,10,6,0.4265521941706538,257,0.6,long,medium,339,False
qwen3_4b,test,17879945,generation_3,10,6,0.4216369478031992,177,0.6,medium,medium,229,False
qwen3_4b,test,17935240,generation_1,1,0,0.9959380626678468,155,0.0,short,few,189,False
qwen3_4b,test,17935240,generation_2,1,0,0.9958428740501404,147,0.0,short,few,181,False
qwen3_4b,test,17935240,generation_3,1,0,0.9962003827095032,168,0.0,short,few,222,False
qwen3_4b,test,18179903,generation_1,3,2,0.3379681960990031,172,0.6666666666666666,medium,few,216,False
qwen3_4b,test,18179903,generation_2,3,2,0.35569220222532744,163,0.6666666666666666,short,few,206,False
qwen3_4b,test,18179903,generation_3,3,2,0.3385666587079565,159,0.6666666666666666,short,few,193,False
qwen3_4b,test,18257781,generation_1,3,0,0.9595916867256165,147,0.0,short,few,182,False
qwen3_4b,test,18257781,generation_2,3,1,0.765007883310318,170,0.3333333333333333,short,few,218,False
qwen3_4b,test,18257781,generation_3,3,0,0.9615460236867269,174,0.0,medium,few,214,False
qwen3_4b,test,18399341,generation_1,1,1,0.0338273532688617,164,1.0,short,few,195,False
qwen3_4b,test,18399341,generation_2,1,1,0.0024497106205672,137,1.0,short,few,171,False
qwen3_4b,test,18399341,generation_3,1,0,0.7830162644386292,151,0.0,short,few,185,False
qwen3_4b,test,18439803,generation_1,13,2,0.8300886360498575,164,0.15384615384615385,short,many,225,False
qwen3_4b,test,18439803,generation_2,13,3,0.7747381323805222,220,0.23076923076923078,long,many,285,False
qwen3_4b,test,18439803,generation_3,13,3,0.7602952448651195,182,0.23076923076923078,medium,many,247,False
qwen3_4b,test,18441470,generation_1,4,1,0.7387966350652277,156,0.25,short,few,186,False
qwen3_4b,test,18441470,generation_2,4,2,0.492497137747705,176,0.5,medium,few,220,False
qwen3_4b,test,18441470,generation_3,4,2,0.5027281201910226,179,0.5,medium,few,207,False
qwen3_4b,test,18457324,generation_1,15,5,0.6199579928768799,271,0.3333333333333333,long,many,350,False
qwen3_4b,test,18457324,generation_2,15,7,0.5669348330974269,250,0.4666666666666667,long,many,309,False
qwen3_4b,test,18457324,generation_3,15,5,0.6068996447371319,210,0.3333333333333333,medium,many,274,False
qwen3_4b,test,1848636,generation_1,7,4,0.46021496823855806,176,0.5714285714285714,medium,medium,249,False
qwen3_4b,test,1848636,generation_2,7,5,0.3475378402508795,215,0.7142857142857143,medium,medium,308,False
qwen3_4b,test,1848636,generation_3,7,5,0.3610429311437266,190,0.7142857142857143,medium,medium,277,False
qwen3_4b,test,18503483,generation_1,5,3,0.3962729927152395,173,0.6,medium,few,206,False
qwen3_4b,test,18503483,generation_2,5,2,0.5894767738878727,147,0.4,short,few,176,False
qwen3_4b,test,18503483,generation_3,5,2,0.586248256568797,155,0.4,short,few,186,False
qwen3_4b,test,18507837,generation_1,11,2,0.8290332561247685,171,0.18181818181818182,short,many,211,False
qwen3_4b,test,18507837,generation_2,11,2,0.8135113610769622,180,0.18181818181818182,medium,many,247,False
qwen3_4b,test,18507837,generation_3,11,2,0.8246176733677699,152,0.18181818181818182,short,many,196,False
qwen3_4b,test,18991055,generation_1,11,2,0.8074556883445687,178,0.18181818181818182,medium,many,236,False
qwen3_4b,test,18991055,generation_2,11,2,0.8090665067588403,175,0.18181818181818182,medium,many,234,False
qwen3_4b,test,18991055,generation_3,11,2,0.809017759938301,172,0.18181818181818182,medium,many,233,False
qwen3_4b,test,19207031,generation_1,2,2,0.0052567754173650505,157,1.0,short,few,201,False
qwen3_4b,test,19207031,generation_2,2,2,0.00152077228995035,136,1.0,short,few,174,False
qwen3_4b,test,19207031,generation_3,2,2,0.00390284834429615,169,1.0,short,few,216,False
qwen3_4b,test,19208385,generation_1,5,0,0.9939772367477417,177,0.0,medium,few,217,False
qwen3_4b,test,19208385,generation_2,5,0,0.9963356375694274,188,0.0,medium,few,243,False
qwen3_4b,test,19208385,generation_3,5,0,0.9959075331687928,168,0.0,short,few,219,False
qwen3_4b,test,19276632,generation_1,11,7,0.45215485973114317,173,0.6363636363636364,medium,many,241,False
qwen3_4b,test,19276632,generation_2,11,1,0.8631985946135088,187,0.09090909090909091,medium,many,256,False
qwen3_4b,test,19276632,generation_3,11,6,0.49893005954271014,156,0.5454545454545454,short,many,217,False
qwen3_4b,test,19353688,generation_1,2,0,0.9974548816680908,184,0.0,medium,few,229,False
qwen3_4b,test,19353688,generation_2,2,0,0.9965055286884308,129,0.0,short,few,158,False
qwen3_4b,test,19353688,generation_3,2,1,0.501437037717551,136,0.5,short,few,170,False
qwen3_4b,test,19394258,generation_1,2,0,0.9925375878810883,182,0.0,medium,few,223,False
qwen3_4b,test,19394258,generation_2,2,0,0.995624452829361,172,0.0,medium,few,214,False
qwen3_4b,test,19394258,generation_3,2,0,0.9928034842014313,148,0.0,short,few,171,False
qwen3_4b,test,19484664,generation_1,1,0,0.998040735721588,160,0.0,short,few,188,False
qwen3_4b,test,19484664,generation_2,1,0,0.997300922870636,133,0.0,short,few,153,False
qwen3_4b,test,19484664,generation_3,1,0,0.9976403713226318,200,0.0,medium,few,228,False
qwen3_4b,test,19531695,generation_1,7,2,0.7057339921593666,187,0.2857142857142857,medium,medium,231,False
qwen3_4b,test,19531695,generation_2,7,1,0.8272113459450858,200,0.14285714285714285,medium,medium,250,False
qwen3_4b,test,19531695,generation_3,7,3,0.6096513931905585,196,0.42857142857142855,medium,medium,253,False
qwen3_4b,test,19565319,generation_1,11,4,0.6351874809373509,190,0.36363636363636365,medium,many,254,False
qwen3_4b,test,19565319,generation_2,11,4,0.6484244738451459,205,0.36363636363636365,medium,many,287,False
qwen3_4b,test,19565319,generation_3,11,4,0.6272649687757208,166,0.36363636363636365,short,many,242,False
qwen3_4b,test,19681452,generation_1,13,2,0.8310272632023463,200,0.15384615384615385,medium,many,259,False
qwen3_4b,test,19681452,generation_2,13,2,0.8447775304890596,190,0.15384615384615385,medium,many,248,False
qwen3_4b,test,19681452,generation_3,13,5,0.638526774611539,207,0.38461538461538464,medium,many,270,False
qwen3_4b,test,19789368,generation_1,10,9,0.08117708062054586,276,0.9,long,medium,329,False
qwen3_4b,test,19789368,generation_2,10,9,0.06365163635055064,252,0.9,long,medium,289,False
qwen3_4b,test,19789368,generation_3,10,9,0.12744983157899692,177,0.9,medium,medium,215,False
qwen3_4b,test,19957053,generation_1,4,2,0.43392913183197374,150,0.5,short,few,185,False
qwen3_4b,test,19957053,generation_2,4,0,0.9708384275436401,121,0.0,short,few,146,False
qwen3_4b,test,19957053,generation_3,4,2,0.4822225846000947,145,0.5,short,few,173,False
qwen3_4b,test,20534762,generation_1,2,0,0.9907559752464294,180,0.0,medium,few,216,False
qwen3_4b,test,20534762,generation_2,2,0,0.9946027100086212,155,0.0,short,few,188,False
qwen3_4b,test,20534762,generation_3,2,0,0.9802585542201996,168,0.0,short,few,208,False
qwen3_4b,test,20648600,generation_1,14,6,0.5765405297944588,253,0.42857142857142855,long,many,311,False
qwen3_4b,test,20648600,generation_2,14,5,0.6647369684069417,267,0.35714285714285715,long,many,332,False
qwen3_4b,test,20648600,generation_3,14,5,0.6319261873806161,261,0.35714285714285715,long,many,326,False
qwen3_4b,test,20705401,generation_1,19,8,0.598143638013617,211,0.42105263157894735,medium,many,282,False
qwen3_4b,test,20705401,generation_2,19,6,0.6737394021627935,207,0.3157894736842105,medium,many,262,False
qwen3_4b,test,20705401,generation_3,19,5,0.7245584653543407,253,0.2631578947368421,long,many,318,False
qwen3_4b,test,20709368,generation_1,4,2,0.5296067181043327,149,0.5,short,few,188,False
qwen3_4b,test,20709368,generation_2,4,2,0.5096287601627408,163,0.5,short,few,200,False
qwen3_4b,test,20709368,generation_3,4,2,0.5025830371305346,121,0.5,short,few,154,False
qwen3_4b,test,21126715,generation_1,4,0,0.9963572472333908,155,0.0,short,few,204,False
qwen3_4b,test,21126715,generation_2,4,0,0.9951684325933456,137,0.0,short,few,174,False
qwen3_4b,test,21126715,generation_3,4,0,0.9938884228467941,135,0.0,short,few,166,False
qwen3_4b,test,21219851,generation_1,4,3,0.2616405147127807,152,0.75,short,few,217,False
qwen3_4b,test,21219851,generation_2,4,3,0.2700116615742445,157,0.75,short,few,227,False
qwen3_4b,test,21219851,generation_3,4,3,0.25098904900369234,176,0.75,medium,few,262,False
qwen3_4b,test,21405999,generation_1,14,6,0.5689492451492697,160,0.42857142857142855,short,many,234,False
qwen3_4b,test,21405999,generation_2,14,6,0.5540513179398008,185,0.42857142857142855,medium,many,267,False
qwen3_4b,test,21405999,generation_3,14,6,0.5693270940599697,222,0.42857142857142855,long,many,318,False
qwen3_4b,test,21684788,generation_1,4,0,0.9962680041790009,168,0.0,short,few,230,False
qwen3_4b,test,21684788,generation_2,4,0,0.9960383027791977,143,0.0,short,few,204,False
qwen3_4b,test,21684788,generation_3,4,0,0.9958683401346207,172,0.0,medium,few,235,False
qwen3_4b,test,21750150,generation_1,8,3,0.6241145399399102,210,0.375,medium,medium,257,False
qwen3_4b,test,21750150,generation_2,8,3,0.620555805042386,206,0.375,medium,medium,254,False
qwen3_4b,test,21750150,generation_3,8,3,0.6359596317633986,222,0.375,long,medium,267,False
qwen3_4b,test,21879313,generation_1,20,8,0.6190774500137195,261,0.4,long,many,322,False
qwen3_4b,test,21879313,generation_2,20,8,0.62400183743448,187,0.4,medium,many,253,False
qwen3_4b,test,21879313,generation_3,20,6,0.7121334392024437,239,0.3,long,many,303,False
qwen3_4b,test,21976953,generation_1,1,0,0.9963655471801758,160,0.0,short,few,216,False
qwen3_4b,test,21976953,generation_2,1,0,0.9964205026626588,204,0.0,medium,few,268,False
qwen3_4b,test,21976953,generation_3,1,0,0.9962117671966552,150,0.0,short,few,192,False
qwen3_4b,test,22369755,generation_1,32,19,0.36938835087448746,227,0.59375,long,many,296,False
qwen3_4b,test,22369755,generation_2,32,23,0.29712946412246305,221,0.71875,long,many,307,False
qwen3_4b,test,22369755,generation_3,32,22,0.31219881611059463,266,0.6875,long,many,351,False
qwen3_4b,test,22729903,generation_1,6,2,0.6594863790960517,188,0.3333333333333333,medium,medium,242,False
qwen3_4b,test,22729903,generation_2,6,2,0.6583412781692459,208,0.3333333333333333,medium,medium,262,False
qwen3_4b,test,22729903,generation_3,6,1,0.8216030336649661,190,0.16666666666666666,medium,medium,238,False
qwen3_4b,test,23069675,generation_1,15,8,0.46177431381074713,282,0.5333333333333333,long,many,355,False
qwen3_4b,test,23069675,generation_2,15,7,0.5303639017870105,234,0.4666666666666667,long,many,301,False
qwen3_4b,test,23069675,generation_3,15,10,0.35562401008695205,261,0.6666666666666666,long,many,326,False
qwen3_4b,test,24114426,generation_1,4,0,0.978745698928833,184,0.0,medium,few,226,False
qwen3_4b,test,24114426,generation_2,4,0,0.9819927513599396,160,0.0,short,few,201,False
qwen3_4b,test,24114426,generation_3,4,0,0.9815520495176315,151,0.0,short,few,191,False
qwen3_4b,test,24442316,generation_1,21,9,0.5825511422472551,260,0.42857142857142855,long,many,361,False
qwen3_4b,test,24442316,generation_2,21,12,0.4195364770698472,220,0.5714285714285714,long,many,315,False
qwen3_4b,test,24442316,generation_3,21,8,0.5931686081263857,279,0.38095238095238093,long,many,389,False
qwen3_4b,test,24671324,generation_1,9,2,0.7590470804522435,137,0.2222222222222222,short,medium,185,False
qwen3_4b,test,24671324,generation_2,9,1,0.8530292521334357,144,0.1111111111111111,short,medium,184,False
qwen3_4b,test,24671324,generation_3,9,3,0.6273572952615925,224,0.3333333333333333,long,medium,284,False
qwen3_4b,test,24717468,generation_1,4,0,0.9798568487167358,143,0.0,short,few,163,False
qwen3_4b,test,24717468,generation_2,4,0,0.9792927205562592,139,0.0,short,few,163,False
qwen3_4b,test,24717468,generation_3,4,0,0.9811210036277771,156,0.0,short,few,180,False
qwen3_4b,test,24739405,generation_1,5,0,0.919655978679657,189,0.0,medium,few,228,False
qwen3_4b,test,24739405,generation_2,5,0,0.9804796934127807,184,0.0,medium,few,241,False
qwen3_4b,test,24739405,generation_3,5,0,0.9798604846000671,255,0.0,long,few,337,False
qwen3_4b,test,24840785,generation_1,8,3,0.5701429849505075,164,0.375,short,medium,213,False
qwen3_4b,test,24840785,generation_2,8,5,0.41214615281205624,179,0.625,medium,medium,241,False
qwen3_4b,test,24840785,generation_3,8,5,0.4555696065435768,195,0.625,medium,medium,246,False
qwen3_4b,test,2491010,generation_1,1,1,0.138167604804039,180,1.0,medium,few,203,False
qwen3_4b,test,2491010,generation_2,1,0,0.8213352560997009,148,0.0,short,few,171,False
qwen3_4b,test,2491010,generation_3,1,1,0.0470099374651908,174,1.0,medium,few,219,False
qwen3_4b,test,25006961,generation_1,12,9,0.30705957189638866,186,0.75,medium,many,248,False
qwen3_4b,test,25006961,generation_2,12,7,0.39487129463668674,174,0.5833333333333334,medium,many,234,False
qwen3_4b,test,25006961,generation_3,12,7,0.3648004191321282,236,0.5833333333333334,long,many,307,False
qwen3_4b,test,25277705,generation_1,45,36,0.2202941681352159,233,0.8,long,many,332,False
qwen3_4b,test,25277705,generation_2,45,31,0.2903582627768628,273,0.6888888888888889,long,many,384,False
qwen3_4b,test,25277705,generation_3,45,33,0.25065562122779533,252,0.7333333333333333,long,many,337,False
qwen3_4b,test,25874935,generation_1,10,9,0.16110850066324928,182,0.9,medium,medium,235,False
qwen3_4b,test,25874935,generation_2,10,8,0.21383241982111936,293,0.8,long,medium,378,False
qwen3_4b,test,25874935,generation_3,10,8,0.20121330783586014,206,0.8,medium,medium,264,False
qwen3_4b,test,26110643,generation_1,23,8,0.6457642794551287,211,0.34782608695652173,medium,many,332,False
qwen3_4b,test,26110643,generation_2,23,9,0.6087721031046543,209,0.391304347826087,medium,many,318,False
qwen3_4b,test,26110643,generation_3,23,9,0.6112439831055742,204,0.391304347826087,medium,many,323,False
qwen3_4b,test,26449539,generation_1,41,35,0.19628975883789254,200,0.8536585365853658,medium,many,265,False
qwen3_4b,test,26449539,generation_2,41,33,0.21330516969056784,219,0.8048780487804879,long,many,286,False
qwen3_4b,test,26449539,generation_3,41,28,0.3120355334724924,273,0.6829268292682927,long,many,369,False
qwen3_4b,test,26615423,generation_1,6,4,0.34499122691340744,197,0.6666666666666666,medium,medium,238,False
qwen3_4b,test,26615423,generation_2,6,4,0.33405896920400363,141,0.6666666666666666,short,medium,179,False
qwen3_4b,test,26615423,generation_3,6,4,0.36494028971840936,156,0.6666666666666666,short,medium,195,False
qwen3_4b,test,26847345,generation_1,11,1,0.8131144866347313,169,0.09090909090909091,short,many,220,False
qwen3_4b,test,26847345,generation_2,11,7,0.4042182999917052,194,0.6363636363636364,medium,many,248,False
qwen3_4b,test,26847345,generation_3,11,6,0.46047008714892645,160,0.5454545454545454,short,many,214,False
qwen3_4b,test,26900322,generation_1,5,2,0.5993892293423413,105,0.4,short,few,141,False
qwen3_4b,test,26900322,generation_2,5,2,0.6004823696799576,129,0.4,short,few,183,False
qwen3_4b,test,26900322,generation_3,5,2,0.5997456260025501,134,0.4,short,few,174,False
qwen3_4b,test,26937641,generation_1,107,103,0.037303662239426966,183,0.9626168224299065,medium,many,242,False
qwen3_4b,test,26937641,generation_2,107,103,0.03874192347140242,170,0.9626168224299065,short,many,228,False
qwen3_4b,test,26937641,generation_3,107,103,0.03735966529538328,158,0.9626168224299065,short,many,202,False
qwen3_4b,test,26991973,generation_1,3,2,0.2584409875174363,115,0.6666666666666666,short,few,141,False
qwen3_4b,test,26991973,generation_2,3,3,0.05618208895126973,125,1.0,short,few,157,False
qwen3_4b,test,26991973,generation_3,3,2,0.3244428963710864,151,0.6666666666666666,short,few,186,False
qwen3_4b,test,27384305,generation_1,11,4,0.5744926141024652,227,0.36363636363636365,long,many,284,False
qwen3_4b,test,27384305,generation_2,11,4,0.601852078223601,200,0.36363636363636365,medium,many,254,False
qwen3_4b,test,27384305,generation_3,11,11,0.028474780953150525,195,1.0,medium,many,259,False
qwen3_4b,test,27464336,generation_1,14,6,0.5514848789618034,209,0.42857142857142855,medium,many,261,False
qwen3_4b,test,27464336,generation_2,14,6,0.5898181358227573,216,0.42857142857142855,medium,many,277,False
qwen3_4b,test,27464336,generation_3,14,6,0.5621801382814218,171,0.42857142857142855,short,many,222,False
qwen3_4b,test,27798239,generation_1,15,7,0.6137951673939824,156,0.4666666666666667,short,many,229,False
qwen3_4b,test,27798239,generation_2,15,3,0.7559303072591622,172,0.2,medium,many,245,False
qwen3_4b,test,27798239,generation_3,15,4,0.6962610753873985,217,0.26666666666666666,long,many,296,False
qwen3_4b,test,27959387,generation_1,31,16,0.45170635762605665,220,0.5161290322580645,long,many,278,False
qwen3_4b,test,27959387,generation_2,31,18,0.4064566377295001,253,0.5806451612903226,long,many,357,False
qwen3_4b,test,27959387,generation_3,31,20,0.41453787020403854,194,0.6451612903225806,medium,many,243,False
qwen3_4b,test,27993978,generation_1,5,4,0.26653592090588063,183,0.8,medium,few,236,False
qwen3_4b,test,27993978,generation_2,5,2,0.48033034410327674,203,0.4,medium,few,247,False
qwen3_4b,test,27993978,generation_3,5,2,0.5954818058002275,206,0.4,medium,few,248,False
qwen3_4b,test,28068934,generation_1,4,0,0.986099049448967,182,0.0,medium,few,227,False
qwen3_4b,test,28068934,generation_2,4,0,0.9933634847402573,151,0.0,short,few,185,False
qwen3_4b,test,28068934,generation_3,4,0,0.9926168769598007,115,0.0,short,few,138,False
qwen3_4b,test,28481876,generation_1,7,2,0.7075884603462848,215,0.2857142857142857,medium,medium,257,False
qwen3_4b,test,28481876,generation_2,7,2,0.7289361714252404,179,0.2857142857142857,medium,medium,222,False
qwen3_4b,test,28481876,generation_3,7,2,0.7087610201976661,176,0.2857142857142857,medium,medium,237,False
qwen3_4b,test,28684635,generation_1,8,3,0.6419332828372717,249,0.375,long,medium,311,False
qwen3_4b,test,28684635,generation_2,8,4,0.49932562292087823,189,0.5,medium,medium,245,False
qwen3_4b,test,28684635,generation_3,8,2,0.7306192487012595,242,0.25,long,medium,304,False
qwen3_4b,test,28846666,generation_1,43,19,0.557942006193835,262,0.4418604651162791,long,many,369,False
qwen3_4b,test,28846666,generation_2,43,22,0.4832170658943184,199,0.5116279069767442,medium,many,279,False
qwen3_4b,test,28846666,generation_3,43,18,0.5894480031464238,270,0.4186046511627907,long,many,404,False
qwen3_4b,test,8829135,generation_1,8,1,0.8655976643785834,230,0.125,long,medium,303,False
qwen3_4b,test,8829135,generation_2,8,2,0.7373568171351508,222,0.25,long,medium,299,False
qwen3_4b,test,8829135,generation_3,8,1,0.8582742689177394,220,0.125,long,medium,280,False
qwen3_4b,test,9672936,generation_1,2,1,0.49755660677328706,144,0.5,short,few,176,False
qwen3_4b,test,9672936,generation_2,2,1,0.3075039247050881,162,0.5,short,few,194,False
qwen3_4b,test,9672936,generation_3,2,1,0.4969971308019012,126,0.5,short,few,156,False
qwen3_4b,train,10491763,generation_1,3,0,0.9806368748346964,159,0.0,short,few,214,False
qwen3_4b,train,10491763,generation_2,3,0,0.9451115727424622,165,0.0,short,few,196,False
qwen3_4b,train,10491763,generation_3,3,0,0.8392359813054403,179,0.0,medium,few,217,False
qwen3_4b,train,10788334,generation_1,8,3,0.6248561018146574,157,0.375,short,medium,226,False
qwen3_4b,train,10788334,generation_2,8,1,0.809548756107688,182,0.125,medium,medium,246,False
qwen3_4b,train,10788334,generation_3,8,3,0.5954691295046359,204,0.375,medium,medium,246,False
qwen3_4b,train,11009181,generation_1,4,0,0.9775915741920471,195,0.0,medium,few,265,False
qwen3_4b,train,11009181,generation_2,4,0,0.9813042879104614,154,0.0,short,few,203,False
qwen3_4b,train,11009181,generation_3,4,0,0.966009259223938,145,0.0,short,few,193,False
qwen3_4b,train,11054569,generation_1,5,0,0.9852985858917236,101,0.0,short,few,121,False
qwen3_4b,train,11054569,generation_2,5,0,0.9873839497566224,147,0.0,short,few,186,False
qwen3_4b,train,11054569,generation_3,5,0,0.9859403848648072,86,0.0,short,few,106,False
qwen3_4b,train,11773892,generation_1,6,0,0.8872303068637848,177,0.0,medium,medium,214,False
qwen3_4b,train,11773892,generation_2,6,1,0.7980692113439242,158,0.16666666666666666,short,medium,189,False
qwen3_4b,train,11773892,generation_3,6,0,0.9365548690160116,206,0.0,medium,medium,248,False
qwen3_4b,train,12442272,generation_1,2,1,0.5066072819754481,141,0.5,short,few,180,False
qwen3_4b,train,12442272,generation_2,2,1,0.5123216295614839,193,0.5,medium,few,244,False
qwen3_4b,train,12442272,generation_3,2,1,0.5090085230767726,150,0.5,short,few,172,False
qwen3_4b,train,1353340,generation_1,2,1,0.4993615437997505,207,0.5,medium,few,260,False
qwen3_4b,train,1353340,generation_2,2,1,0.4995484068058431,165,0.5,short,few,214,False
qwen3_4b,train,1353340,generation_3,2,1,0.4996244203066453,149,0.5,short,few,196,False
qwen3_4b,train,14722929,generation_1,1,0,0.9959461092948914,159,0.0,short,few,201,False
qwen3_4b,train,14722929,generation_2,1,0,0.9961736798286438,143,0.0,short,few,182,False
qwen3_4b,train,14722929,generation_3,1,0,0.9967660903930664,145,0.0,short,few,191,False
qwen3_4b,train,15033202,generation_1,1,0,0.996127188205719,136,0.0,short,few,165,False
qwen3_4b,train,15033202,generation_2,1,0,0.9960083961486816,122,0.0,short,few,151,False
qwen3_4b,train,15033202,generation_3,1,0,0.9954223036766052,173,0.0,medium,few,224,False
qwen3_4b,train,15042318,generation_1,5,3,0.393054585129721,140,0.6,short,few,163,False
qwen3_4b,train,15042318,generation_2,5,3,0.39391957240295594,132,0.6,short,few,156,False
qwen3_4b,train,15042318,generation_3,5,3,0.3939598469936755,145,0.6,short,few,169,False
qwen3_4b,train,15064320,generation_1,3,1,0.6640601629624143,166,0.3333333333333333,short,few,214,False
qwen3_4b,train,15064320,generation_2,3,0,0.9507301449775696,154,0.0,short,few,203,False
qwen3_4b,train,15064320,generation_3,3,0,0.991939107577006,160,0.0,short,few,199,False
qwen3_4b,train,15075188,generation_1,19,4,0.7507265645422434,266,0.21052631578947367,long,many,420,False
qwen3_4b,train,15075188,generation_2,19,7,0.6061097249682796,241,0.3684210526315789,long,many,375,False
qwen3_4b,train,15075188,generation_3,19,4,0.7554306284965653,234,0.21052631578947367,long,many,380,False
qwen3_4b,train,15099351,generation_1,6,3,0.5108297493619224,168,0.5,short,medium,201,False
qwen3_4b,train,15099351,generation_2,6,2,0.6658608691456417,185,0.3333333333333333,medium,medium,243,False
qwen3_4b,train,15099351,generation_3,6,3,0.5155667883033553,198,0.5,medium,medium,229,False
qwen3_4b,train,15122708,generation_1,6,0,0.9940833449363708,202,0.0,medium,medium,263,False
qwen3_4b,train,15122708,generation_2,6,0,0.9904980063438414,132,0.0,short,medium,163,False
qwen3_4b,train,15122708,generation_3,6,1,0.8304614586134752,173,0.16666666666666666,medium,medium,234,False
qwen3_4b,train,15122711,generation_1,9,0,0.9952869150373671,185,0.0,medium,medium,248,False
qwen3_4b,train,15122711,generation_2,9,0,0.984022749794854,195,0.0,medium,medium,260,False
qwen3_4b,train,15122711,generation_3,9,0,0.9950518740548028,201,0.0,medium,medium,274,False
qwen3_4b,train,15145918,generation_1,16,8,0.5234496700577438,236,0.5,long,many,322,False
qwen3_4b,train,15145918,generation_2,16,6,0.6188269346457673,249,0.375,long,many,343,False
qwen3_4b,train,15145918,generation_3,16,5,0.6892268707742915,200,0.3125,medium,many,264,False
qwen3_4b,train,15177686,generation_1,1,1,0.0002288527175551,159,1.0,short,few,201,False
qwen3_4b,train,15177686,generation_2,1,1,0.0002213532861787,136,1.0,short,few,183,False
qwen3_4b,train,15177686,generation_3,1,1,0.0002172596141463,151,1.0,short,few,201,False
qwen3_4b,train,15184369,generation_1,4,3,0.3012132910080254,142,0.75,short,few,181,False
qwen3_4b,train,15184369,generation_2,4,2,0.4330189193133265,171,0.5,short,few,232,False
qwen3_4b,train,15184369,generation_3,4,3,0.360956035554409,146,0.75,short,few,194,False
qwen3_4b,train,15188772,generation_1,4,1,0.7475012019276619,198,0.25,medium,few,229,False
qwen3_4b,train,15188772,generation_2,4,2,0.4464157782495021,163,0.5,short,few,190,False
qwen3_4b,train,15188772,generation_3,4,0,0.9702041149139404,158,0.0,short,few,182,False
qwen3_4b,train,15191352,generation_1,6,1,0.8274916528413693,181,0.16666666666666666,medium,medium,226,False
qwen3_4b,train,15191352,generation_2,6,2,0.6650496049939344,154,0.3333333333333333,short,medium,197,False
qwen3_4b,train,15191352,generation_3,6,2,0.6640840456141935,143,0.3333333333333333,short,medium,183,False
qwen3_4b,train,15198485,generation_1,4,0,0.9695617854595184,159,0.0,short,few,194,False
qwen3_4b,train,15198485,generation_2,4,0,0.986741304397583,138,0.0,short,few,166,False
qwen3_4b,train,15198485,generation_3,4,0,0.9870552420616151,138,0.0,short,few,160,False
qwen3_4b,train,15200408,generation_1,6,0,0.9706562360127767,157,0.0,short,medium,203,False
qwen3_4b,train,15200408,generation_2,6,0,0.9941487908363342,235,0.0,long,medium,289,False
qwen3_4b,train,15200408,generation_3,6,2,0.6636912599982073,182,0.3333333333333333,medium,medium,231,False
qwen3_4b,train,15241482,generation_1,2,0,0.9956154227256774,220,0.0,long,few,264,False
qwen3_4b,train,15241482,generation_2,2,0,0.9929255247116089,189,0.0,medium,few,223,False
qwen3_4b,train,15241482,generation_3,2,0,0.9957142770290375,212,0.0,medium,few,258,False
qwen3_4b,train,15266215,generation_1,5,2,0.6643427684903145,154,0.4,short,few,225,False
qwen3_4b,train,15266215,generation_2,5,2,0.6719567909836769,161,0.4,short,few,236,False
qwen3_4b,train,15266215,generation_3,5,1,0.750788725912571,160,0.2,short,few,232,False
qwen3_4b,train,15278670,generation_1,8,1,0.8190561360679567,251,0.125,long,medium,297,False
qwen3_4b,train,15278670,generation_2,8,3,0.6160444036941044,241,0.375,long,medium,289,False
qwen3_4b,train,15278670,generation_3,8,6,0.3311601735185832,251,0.75,long,medium,304,False
qwen3_4b,train,15459183,generation_1,6,2,0.6684399731457233,167,0.3333333333333333,short,medium,211,False
qwen3_4b,train,15459183,generation_2,6,1,0.818493873346597,157,0.16666666666666666,short,medium,222,False
qwen3_4b,train,15459183,generation_3,6,2,0.6767087055680653,177,0.3333333333333333,medium,medium,223,False
qwen3_4b,train,15523499,generation_1,12,1,0.8631762030224005,145,0.08333333333333333,short,many,184,False
qwen3_4b,train,15523499,generation_2,12,6,0.5031977307711107,152,0.5,short,many,207,False
qwen3_4b,train,15523499,generation_3,12,0,0.8714926540851593,185,0.0,medium,many,239,False
qwen3_4b,train,15599941,generation_1,4,1,0.7718391846865416,168,0.25,short,few,199,False
qwen3_4b,train,15599941,generation_2,4,1,0.7476139564532787,162,0.25,short,few,191,False
qwen3_4b,train,15599941,generation_3,4,1,0.7481383226113394,169,0.25,short,few,198,False
qwen3_4b,train,15602202,generation_1,4,0,0.9715583473443985,157,0.0,short,few,177,False
qwen3_4b,train,15602202,generation_2,4,0,0.9748005867004395,166,0.0,short,few,190,False
qwen3_4b,train,15602202,generation_3,4,0,0.9598546922206879,166,0.0,short,few,194,False
qwen3_4b,train,15609295,generation_1,5,1,0.7772865742386784,174,0.2,medium,few,223,False
qwen3_4b,train,15609295,generation_2,5,0,0.9165106773376465,193,0.0,medium,few,248,False
qwen3_4b,train,15609295,generation_3,5,1,0.8835881412029266,190,0.2,medium,few,253,False
qwen3_4b,train,15614572,generation_1,15,1,0.9284159481525421,234,0.06666666666666667,long,many,338,False
qwen3_4b,train,15614572,generation_2,15,3,0.7708162893851598,228,0.2,long,many,305,False
qwen3_4b,train,15614572,generation_3,15,2,0.8212203088294093,215,0.13333333333333333,medium,many,302,False
qwen3_4b,train,15623763,generation_1,11,7,0.4215482100685635,192,0.6363636363636364,medium,many,256,False
qwen3_4b,train,15623763,generation_2,11,2,0.7948080705140125,246,0.18181818181818182,long,many,373,False
qwen3_4b,train,15623763,generation_3,11,7,0.3967278115610084,217,0.6363636363636364,long,many,282,False
qwen3_4b,train,15630069,generation_1,14,1,0.8302117389227662,224,0.07142857142857142,long,many,268,False
qwen3_4b,train,15630069,generation_2,14,4,0.7140038457832166,226,0.2857142857142857,long,many,269,False
qwen3_4b,train,15630069,generation_3,14,1,0.8674827585928142,252,0.07142857142857142,long,many,310,False
qwen3_4b,train,15649253,generation_1,4,1,0.624846687540412,152,0.25,short,few,186,False
qwen3_4b,train,15649253,generation_2,4,2,0.5253597507253289,128,0.5,short,few,153,False
qwen3_4b,train,15649253,generation_3,4,1,0.685628117993474,155,0.25,short,few,186,False
qwen3_4b,train,15686794,generation_1,3,1,0.5366868066291014,209,0.3333333333333333,medium,few,276,False
qwen3_4b,train,15686794,generation_2,3,2,0.36601996545990306,243,0.6666666666666666,long,few,311,False
qwen3_4b,train,15686794,generation_3,3,2,0.49185519665479654,156,0.6666666666666666,short,few,200,False
qwen3_4b,train,15748645,generation_1,3,0,0.868330160776774,159,0.0,short,few,184,False
qwen3_4b,train,15748645,generation_2,3,2,0.417868128667275,142,0.6666666666666666,short,few,168,False
qwen3_4b,train,15748645,generation_3,3,0,0.9719042778015137,171,0.0,short,few,195,False
qwen3_4b,train,15749661,generation_1,14,1,0.9171861212151791,222,0.07142857142857142,long,many,289,False
qwen3_4b,train,15749661,generation_2,14,1,0.8920706956435295,195,0.07142857142857142,medium,many,260,False
qwen3_4b,train,15749661,generation_3,14,2,0.847658526451726,174,0.14285714285714285,medium,many,213,False
qwen3_4b,train,15755837,generation_1,5,0,0.9773732542991638,177,0.0,medium,few,221,False
qwen3_4b,train,15755837,generation_2,5,0,0.9689203500747681,172,0.0,medium,few,215,False
qwen3_4b,train,15755837,generation_3,5,1,0.8609010636806488,176,0.2,medium,few,227,False
qwen3_4b,train,15770495,generation_1,8,0,0.9690693840384483,173,0.0,medium,medium,236,False
qwen3_4b,train,15770495,generation_2,8,1,0.8821427822113037,169,0.125,short,medium,238,False
qwen3_4b,train,15770495,generation_3,8,0,0.9974057525396347,195,0.0,medium,medium,257,False
qwen3_4b,train,15807692,generation_1,1,0,0.9953226447105408,165,0.0,short,few,201,False
qwen3_4b,train,15807692,generation_2,1,0,0.994496762752533,155,0.0,short,few,192,False
qwen3_4b,train,15807692,generation_3,1,0,0.9947106838226318,175,0.0,medium,few,225,False
qwen3_4b,train,15814629,generation_1,4,0,0.9932429790496826,154,0.0,short,few,182,False
qwen3_4b,train,15814629,generation_2,4,0,0.9945334643125534,190,0.0,medium,few,222,False
qwen3_4b,train,15814629,generation_3,4,0,0.9950540065765381,170,0.0,short,few,204,False
qwen3_4b,train,15817013,generation_1,3,2,0.331868276776125,169,0.6666666666666666,short,few,197,False
qwen3_4b,train,15817013,generation_2,3,2,0.2828907035291195,198,0.6666666666666666,medium,few,229,False
qwen3_4b,train,15817013,generation_3,3,2,0.33084078521157306,167,0.6666666666666666,short,few,194,False
qwen3_4b,train,15851735,generation_1,2,0,0.9865076839923859,142,0.0,short,few,181,False
qwen3_4b,train,15851735,generation_2,2,0,0.9846976399421692,143,0.0,short,few,178,False
qwen3_4b,train,15851735,generation_3,2,0,0.978455901145935,174,0.0,medium,few,216,False
qwen3_4b,train,15858223,generation_1,9,6,0.3279507089302771,207,0.6666666666666666,medium,medium,279,False
qwen3_4b,train,15858223,generation_2,9,6,0.3607397271941105,144,0.6666666666666666,short,medium,202,False
qwen3_4b,train,15858223,generation_3,9,6,0.35371909187071854,162,0.6666666666666666,short,medium,228,False
qwen3_4b,train,15859361,generation_1,7,1,0.8125095240705248,196,0.14285714285714285,medium,medium,254,False
qwen3_4b,train,15859361,generation_2,7,1,0.8415183084019061,187,0.14285714285714285,medium,medium,238,False
qwen3_4b,train,15859361,generation_3,7,2,0.7201277924967664,177,0.2857142857142857,medium,medium,232,False
qwen3_4b,train,15893386,generation_1,1,0,0.9813058972358704,167,0.0,short,few,201,False
qwen3_4b,train,15893386,generation_2,1,0,0.9772325158119202,127,0.0,short,few,150,False
qwen3_4b,train,15893386,generation_3,1,0,0.9803187251091005,128,0.0,short,few,156,False
qwen3_4b,train,15897593,generation_1,21,1,0.9375144234370618,224,0.047619047619047616,long,many,301,False
qwen3_4b,train,15897593,generation_2,21,2,0.88477321572247,238,0.09523809523809523,long,many,322,False
qwen3_4b,train,15897593,generation_3,21,3,0.8384274557950752,211,0.14285714285714285,medium,many,281,False
qwen3_4b,train,15957009,generation_1,12,6,0.5796650086995214,186,0.5,medium,many,278,False
qwen3_4b,train,15957009,generation_2,12,2,0.7950204103253782,214,0.16666666666666666,medium,many,301,False
qwen3_4b,train,15957009,generation_3,12,1,0.8180219028145075,249,0.08333333333333333,long,many,339,False
qwen3_4b,train,15970799,generation_1,13,0,0.9579618114691514,202,0.0,medium,many,291,False
qwen3_4b,train,15970799,generation_2,13,0,0.9927343772007868,161,0.0,short,many,226,False
qwen3_4b,train,15970799,generation_3,13,3,0.7760182056002892,227,0.23076923076923078,long,many,313,False
qwen3_4b,train,15983230,generation_1,14,1,0.9130912136939254,148,0.07142857142857142,short,many,201,False
qwen3_4b,train,15983230,generation_2,14,0,0.9786968614373889,174,0.0,medium,many,217,False
qwen3_4b,train,15983230,generation_3,14,1,0.9098450371197292,186,0.07142857142857142,medium,many,224,False
qwen3_4b,train,16001362,generation_1,4,0,0.9202977865934372,159,0.0,short,few,208,False
qwen3_4b,train,16001362,generation_2,4,1,0.7896705232560635,208,0.25,medium,few,276,False
qwen3_4b,train,16001362,generation_3,4,2,0.5403240984305739,190,0.5,medium,few,257,False
qwen3_4b,train,16005363,generation_1,1,0,0.9960297346115112,127,0.0,short,few,160,False
qwen3_4b,train,16005363,generation_2,1,0,0.9961469173431396,148,0.0,short,few,195,False
qwen3_4b,train,16005363,generation_3,1,0,0.9959797859191896,138,0.0,short,few,170,False
qwen3_4b,train,16120104,generation_1,1,0,0.99052232503891,158,0.0,short,few,206,False
qwen3_4b,train,16120104,generation_2,1,0,0.9894763231277466,149,0.0,short,few,196,False
qwen3_4b,train,16120104,generation_3,1,0,0.9933187961578368,150,0.0,short,few,183,False
qwen3_4b,train,16157158,generation_1,2,0,0.9903497695922852,197,0.0,medium,few,242,False
qwen3_4b,train,16157158,generation_2,2,0,0.9919952750205994,286,0.0,long,few,343,False
qwen3_4b,train,16157158,generation_3,2,0,0.9912655651569366,148,0.0,short,few,181,False
qwen3_4b,train,16158428,generation_1,3,0,0.9961685538291931,152,0.0,short,few,178,False
qwen3_4b,train,16158428,generation_2,3,0,0.9958768884340922,169,0.0,short,few,201,False
qwen3_4b,train,16158428,generation_3,3,0,0.9958864251772562,142,0.0,short,few,168,False
qwen3_4b,train,16160878,generation_1,7,3,0.547933546161013,160,0.42857142857142855,short,medium,218,False
qwen3_4b,train,16160878,generation_2,7,3,0.5502382737717458,156,0.42857142857142855,short,medium,212,False
qwen3_4b,train,16160878,generation_3,7,2,0.6888282131403685,143,0.2857142857142857,short,medium,187,False
qwen3_4b,train,16167916,generation_1,7,0,0.9099196110452924,213,0.0,medium,medium,269,False
qwen3_4b,train,16167916,generation_2,7,2,0.6802129458103862,236,0.2857142857142857,long,medium,304,False
qwen3_4b,train,16167916,generation_3,7,3,0.5905353884611811,220,0.42857142857142855,long,medium,286,False
qwen3_4b,train,16200390,generation_1,1,0,0.6162086129188538,145,0.0,short,few,172,False
qwen3_4b,train,16200390,generation_2,1,0,0.727415144443512,152,0.0,short,few,189,False
qwen3_4b,train,16200390,generation_3,1,0,0.9531891942024232,140,0.0,short,few,171,False
qwen3_4b,train,16288197,generation_1,10,2,0.7875117932635476,197,0.2,medium,medium,276,False
qwen3_4b,train,16288197,generation_2,10,0,0.9941196799278259,217,0.0,long,medium,302,False
qwen3_4b,train,16288197,generation_3,10,2,0.7915970434580231,178,0.2,medium,medium,227,False
qwen3_4b,train,16288199,generation_1,4,0,0.991082563996315,169,0.0,short,few,206,False
qwen3_4b,train,16288199,generation_2,4,0,0.9890817701816559,174,0.0,medium,few,201,False
qwen3_4b,train,16288199,generation_3,4,0,0.9923017024993896,178,0.0,medium,few,217,False
qwen3_4b,train,16309808,generation_1,6,5,0.1895731986345102,166,0.8333333333333334,short,medium,210,False
qwen3_4b,train,16309808,generation_2,6,5,0.27435924493086833,181,0.8333333333333334,medium,medium,232,False
qwen3_4b,train,16309808,generation_3,6,5,0.2432815640543898,183,0.8333333333333334,medium,medium,221,False
qwen3_4b,train,16321363,generation_1,3,0,0.9747407039006551,166,0.0,short,few,234,False
qwen3_4b,train,16321363,generation_2,3,0,0.9860412677129111,200,0.0,medium,few,275,False
qwen3_4b,train,16321363,generation_3,3,0,0.9738989273707072,204,0.0,medium,few,292,False
qwen3_4b,train,16364460,generation_1,5,2,0.602080961316824,167,0.4,short,few,218,False
qwen3_4b,train,16364460,generation_2,5,2,0.5920510716736316,192,0.4,medium,few,248,False
qwen3_4b,train,16364460,generation_3,5,2,0.6657925724983216,168,0.4,short,few,222,False
qwen3_4b,train,16369751,generation_1,11,8,0.32212025898678054,227,0.7272727272727273,long,many,300,False
qwen3_4b,train,16369751,generation_2,11,7,0.4013703126269816,186,0.6363636363636364,medium,many,256,False
qwen3_4b,train,16369751,generation_3,11,6,0.44900562334805727,239,0.5454545454545454,long,many,311,False
qwen3_4b,train,16391785,generation_1,7,4,0.4251075595841809,164,0.5714285714285714,short,medium,214,False
qwen3_4b,train,16391785,generation_2,7,5,0.28728074895583894,177,0.7142857142857143,medium,medium,236,False
qwen3_4b,train,16391785,generation_3,7,4,0.3859406994930135,208,0.5714285714285714,medium,medium,258,False
qwen3_4b,train,16410744,generation_1,5,2,0.609355728328228,149,0.4,short,few,181,False
qwen3_4b,train,16410744,generation_2,5,2,0.6443727642297744,178,0.4,medium,few,216,False
qwen3_4b,train,16410744,generation_3,5,2,0.6147035650908946,151,0.4,short,few,184,False
qwen3_4b,train,16412238,generation_1,5,1,0.7993551541119814,119,0.2,short,few,160,False
qwen3_4b,train,16412238,generation_2,5,1,0.7992381766438484,139,0.2,short,few,185,False
qwen3_4b,train,16412238,generation_3,5,1,0.7988460291177034,155,0.2,short,few,208,False
qwen3_4b,train,16418600,generation_1,1,0,0.9970425963401794,145,0.0,short,few,184,False
qwen3_4b,train,16418600,generation_2,1,0,0.9958143830299376,162,0.0,short,few,200,False
qwen3_4b,train,16418600,generation_3,1,0,0.9945054650306702,208,0.0,medium,few,259,False
qwen3_4b,train,16506214,generation_1,8,1,0.8666691123507917,140,0.125,short,medium,166,False
qwen3_4b,train,16506214,generation_2,8,1,0.8609619470662437,136,0.125,short,medium,164,False
qwen3_4b,train,16506214,generation_3,8,1,0.8622052147402428,182,0.125,medium,medium,224,False
qwen3_4b,train,16541406,generation_1,2,0,0.9944256842136382,157,0.0,short,few,174,False
qwen3_4b,train,16541406,generation_2,2,0,0.9952866733074188,154,0.0,short,few,197,False
qwen3_4b,train,16541406,generation_3,2,0,0.9948409795761108,135,0.0,short,few,156,False
qwen3_4b,train,16543197,generation_1,6,0,0.9942878484725952,201,0.0,medium,medium,270,False
qwen3_4b,train,16543197,generation_2,6,0,0.9942092100779215,270,0.0,long,medium,357,False
qwen3_4b,train,16543197,generation_3,6,0,0.9954170187314352,186,0.0,medium,medium,257,False
qwen3_4b,train,16574712,generation_1,2,2,0.01862359885126345,163,1.0,short,few,188,False
qwen3_4b,train,16574712,generation_2,2,2,0.01250464189797635,198,1.0,medium,few,231,False
qwen3_4b,train,16574712,generation_3,2,2,0.0147829880006611,183,1.0,medium,few,216,False
qwen3_4b,train,16574713,generation_1,6,2,0.7289828810511002,145,0.3333333333333333,short,medium,194,False
qwen3_4b,train,16574713,generation_2,6,0,0.944691797097524,185,0.0,medium,medium,244,False
qwen3_4b,train,16574713,generation_3,6,1,0.8349595715602239,161,0.16666666666666666,short,medium,215,False
qwen3_4b,train,16575011,generation_1,6,0,0.9847874542077383,196,0.0,medium,medium,240,False
qwen3_4b,train,16575011,generation_2,6,2,0.7249529312054316,241,0.3333333333333333,long,medium,290,False
qwen3_4b,train,16575011,generation_3,6,0,0.9723623295625051,158,0.0,short,medium,198,False
qwen3_4b,train,16584858,generation_1,41,1,0.9481105858505499,285,0.024390243902439025,long,many,357,False
qwen3_4b,train,16584858,generation_2,41,3,0.9108618461816549,213,0.07317073170731707,medium,many,283,False
qwen3_4b,train,16584858,generation_3,41,2,0.9368424168447169,293,0.04878048780487805,long,many,368,False
qwen3_4b,train,16586083,generation_1,7,0,0.9646918518202645,179,0.0,medium,medium,216,False
qwen3_4b,train,16586083,generation_2,7,0,0.9776985730443682,187,0.0,medium,medium,232,False
qwen3_4b,train,16586083,generation_3,7,0,0.9607010994638715,205,0.0,medium,medium,250,False
qwen3_4b,train,16596970,generation_1,3,0,0.977326234181722,118,0.0,short,few,149,False
qwen3_4b,train,16596970,generation_2,3,2,0.311854927179714,132,0.6666666666666666,short,few,161,False
qwen3_4b,train,16596970,generation_3,3,0,0.9790561397870382,141,0.0,short,few,179,False
qwen3_4b,train,16634859,generation_1,1,0,0.9780435562133788,141,0.0,short,few,155,False
qwen3_4b,train,16634859,generation_2,1,0,0.9779224395751952,200,0.0,medium,few,224,False
qwen3_4b,train,16634859,generation_3,1,0,0.980834662914276,167,0.0,short,few,201,False
qwen3_4b,train,16720068,generation_1,38,10,0.7170569437776545,298,0.2631578947368421,long,many,401,False
qwen3_4b,train,16720068,generation_2,38,22,0.41873507376907293,202,0.5789473684210527,medium,many,280,False
qwen3_4b,train,16720068,generation_3,38,21,0.4454248049786608,242,0.5526315789473685,long,many,335,False
qwen3_4b,train,16725121,generation_1,19,9,0.5488597389041004,253,0.47368421052631576,long,many,342,False
qwen3_4b,train,16725121,generation_2,19,7,0.6472517744098839,248,0.3684210526315789,long,many,317,False
qwen3_4b,train,16725121,generation_3,19,7,0.6431137097855466,265,0.3684210526315789,long,many,355,False
qwen3_4b,train,16737910,generation_1,2,0,0.9751060009002686,160,0.0,short,few,200,False
qwen3_4b,train,16737910,generation_2,2,0,0.994762897491455,120,0.0,short,few,149,False
qwen3_4b,train,16737910,generation_3,2,0,0.993374228477478,132,0.0,short,few,160,False
qwen3_4b,train,16755009,generation_1,9,1,0.8630690289040407,167,0.1111111111111111,short,medium,225,False
qwen3_4b,train,16755009,generation_2,9,1,0.8751531733820835,156,0.1111111111111111,short,medium,202,False
qwen3_4b,train,16755009,generation_3,9,1,0.8758704964485433,175,0.1111111111111111,medium,medium,224,False
qwen3_4b,train,16781314,generation_1,3,0,0.9960419734319051,186,0.0,medium,few,241,False
qwen3_4b,train,16781314,generation_2,3,0,0.9968137145042419,144,0.0,short,few,185,False
qwen3_4b,train,16781314,generation_3,3,0,0.9965519507726034,172,0.0,medium,few,217,False
qwen3_4b,train,16786513,generation_1,7,4,0.4482827146670648,173,0.5714285714285714,medium,medium,232,False
qwen3_4b,train,16786513,generation_2,7,4,0.43166581069817767,201,0.5714285714285714,medium,medium,268,False
qwen3_4b,train,16786513,generation_3,7,1,0.8448213004241032,202,0.14285714285714285,medium,medium,283,False
qwen3_4b,train,16801510,generation_1,5,3,0.40424077175557616,204,0.6,medium,few,248,False
qwen3_4b,train,16801510,generation_2,5,3,0.4031574326567352,258,0.6,long,few,314,False
qwen3_4b,train,16801510,generation_3,5,3,0.4597730016335845,192,0.6,medium,few,236,False
qwen3_4b,train,16810074,generation_1,12,7,0.44073227752232924,225,0.5833333333333334,long,many,293,False
qwen3_4b,train,16810074,generation_2,12,8,0.42177383508533234,246,0.6666666666666666,long,many,326,False
qwen3_4b,train,16810074,generation_3,12,6,0.5419708716993531,201,0.5,medium,many,257,False
qwen3_4b,train,16822828,generation_1,1,0,0.9903882145881652,158,0.0,short,few,211,False
qwen3_4b,train,16822828,generation_2,1,0,0.9923766255378724,156,0.0,short,few,198,False
qwen3_4b,train,16822828,generation_3,1,0,0.9959027171134948,159,0.0,short,few,226,False
qwen3_4b,train,16843501,generation_1,2,0,0.9921135008335114,167,0.0,short,few,188,False
qwen3_4b,train,16843501,generation_2,2,0,0.9939371645450592,117,0.0,short,few,137,False
qwen3_4b,train,16843501,generation_3,2,0,0.9953919053077698,132,0.0,short,few,165,False
qwen3_4b,train,16904497,generation_1,11,7,0.3639592854941094,223,0.6363636363636364,long,many,270,False
qwen3_4b,train,16904497,generation_2,11,7,0.35915705167942424,160,0.6363636363636364,short,many,217,False
qwen3_4b,train,16904497,generation_3,11,7,0.36049977260038507,151,0.6363636363636364,short,many,196,False
qwen3_4b,train,16920333,generation_1,3,0,0.9723899960517883,171,0.0,short,few,240,False
qwen3_4b,train,16920333,generation_2,3,1,0.6534557541211445,161,0.3333333333333333,short,few,209,False
qwen3_4b,train,16920333,generation_3,3,0,0.8973989884058634,142,0.0,short,few,181,False
qwen3_4b,train,17000021,generation_1,7,0,0.926544325692313,130,0.0,short,medium,176,False
qwen3_4b,train,17000021,generation_2,7,0,0.9641672372817993,179,0.0,medium,medium,237,False
qwen3_4b,train,17000021,generation_3,7,0,0.9488704204559326,156,0.0,short,medium,202,False
qwen3_4b,train,17003357,generation_1,3,0,0.9700491031010946,149,0.0,short,few,182,False
qwen3_4b,train,17003357,generation_2,3,0,0.9664549231529236,123,0.0,short,few,168,False
qwen3_4b,train,17003357,generation_3,3,1,0.8214270770549774,135,0.3333333333333333,short,few,170,False
qwen3_4b,train,17006606,generation_1,7,1,0.8738302418163845,186,0.14285714285714285,medium,medium,232,False
qwen3_4b,train,17006606,generation_2,7,1,0.8402658706264836,193,0.14285714285714285,medium,medium,242,False
qwen3_4b,train,17006606,generation_3,7,1,0.8952567321913583,188,0.14285714285714285,medium,medium,235,False
qwen3_4b,train,17033686,generation_1,9,0,0.9930870334307352,162,0.0,short,medium,251,False
qwen3_4b,train,17033686,generation_2,9,1,0.8902706516285738,147,0.1111111111111111,short,medium,224,False
qwen3_4b,train,17033686,generation_3,9,0,0.9785042073991563,197,0.0,medium,medium,283,False
qwen3_4b,train,17035713,generation_1,11,5,0.5379616171968254,242,0.45454545454545453,long,many,307,False
qwen3_4b,train,17035713,generation_2,11,9,0.24565840047911144,167,0.8181818181818182,short,many,222,False
qwen3_4b,train,17035713,generation_3,11,9,0.24561824497703288,181,0.8181818181818182,medium,many,238,False
qwen3_4b,train,17042910,generation_1,11,3,0.6978198808554391,156,0.2727272727272727,short,many,187,False
qwen3_4b,train,17042910,generation_2,11,3,0.7012288828211074,178,0.2727272727272727,medium,many,213,False
qwen3_4b,train,17042910,generation_3,11,3,0.6851895518431609,187,0.2727272727272727,medium,many,219,False
qwen3_4b,train,17065198,generation_1,3,0,0.9928993384043375,188,0.0,medium,few,229,False
qwen3_4b,train,17065198,generation_2,3,0,0.9899727900822958,161,0.0,short,few,192,False
qwen3_4b,train,17065198,generation_3,3,0,0.9903278350830078,157,0.0,short,few,187,False
qwen3_4b,train,17074608,generation_1,3,2,0.3275975066547592,149,0.6666666666666666,short,few,188,False
qwen3_4b,train,17074608,generation_2,3,2,0.34410401744147134,158,0.6666666666666666,short,few,196,False
qwen3_4b,train,17074608,generation_3,3,2,0.34180758769313496,160,0.6666666666666666,short,few,198,False
qwen3_4b,train,17083016,generation_1,6,1,0.815695404834211,176,0.16666666666666666,medium,medium,223,False
qwen3_4b,train,17083016,generation_2,6,1,0.8257056773412236,148,0.16666666666666666,short,medium,189,False
qwen3_4b,train,17083016,generation_3,6,1,0.8267510044388473,156,0.16666666666666666,short,medium,193,False
qwen3_4b,train,1711760,generation_1,1,0,0.9797877073287964,139,0.0,short,few,161,False
qwen3_4b,train,1711760,generation_2,1,0,0.9804980754852296,148,0.0,short,few,171,False
qwen3_4b,train,1711760,generation_3,1,0,0.979328989982605,169,0.0,short,few,202,False
qwen3_4b,train,17177139,generation_1,8,2,0.713429716299288,190,0.25,medium,medium,241,False
qwen3_4b,train,17177139,generation_2,8,2,0.7420887839980423,183,0.25,medium,medium,231,False
qwen3_4b,train,17177139,generation_3,8,4,0.549277157173492,186,0.5,medium,medium,245,False
qwen3_4b,train,17185386,generation_1,3,0,0.9698238968849182,126,0.0,short,few,162,False
qwen3_4b,train,17185386,generation_2,3,1,0.6622763855848461,153,0.3333333333333333,short,few,181,False
qwen3_4b,train,17185386,generation_3,3,1,0.6740209398170313,123,0.3333333333333333,short,few,151,False
qwen3_4b,train,17192049,generation_1,2,1,0.5077196676284075,138,0.5,short,few,157,False
qwen3_4b,train,17192049,generation_2,2,1,0.5095687629655002,227,0.5,long,few,260,False
qwen3_4b,train,17192049,generation_3,2,1,0.5070367334410548,137,0.5,short,few,153,False
qwen3_4b,train,17194457,generation_1,10,4,0.5427806999534368,187,0.4,medium,medium,241,False
qwen3_4b,train,17194457,generation_2,10,3,0.6856916978955269,162,0.3,short,medium,221,False
qwen3_4b,train,17194457,generation_3,10,5,0.49375691656023263,254,0.5,long,medium,342,False
qwen3_4b,train,17221831,generation_1,6,0,0.8667502601941427,173,0.0,medium,medium,210,False
qwen3_4b,train,17221831,generation_2,6,1,0.8383773900568485,183,0.16666666666666666,medium,medium,220,False
qwen3_4b,train,17221831,generation_3,6,0,0.9338347315788269,162,0.0,short,medium,189,False
qwen3_4b,train,17244258,generation_1,8,0,0.9438575729727745,207,0.0,medium,medium,303,False
qwen3_4b,train,17244258,generation_2,8,0,0.947904646396637,195,0.0,medium,medium,270,False
qwen3_4b,train,17244258,generation_3,8,0,0.9044873490929604,219,0.0,long,medium,298,False
qwen3_4b,train,17250663,generation_1,2,0,0.9873829483985901,166,0.0,short,few,195,False
qwen3_4b,train,17250663,generation_2,2,0,0.9858369827270508,143,0.0,short,few,191,False
qwen3_4b,train,17250663,generation_3,2,0,0.9863660931587219,128,0.0,short,few,154,False
qwen3_4b,train,17273972,generation_1,2,1,0.49428058095509186,163,0.5,short,few,215,False
qwen3_4b,train,17273972,generation_2,2,1,0.4161183523538057,159,0.5,short,few,219,False
qwen3_4b,train,17273972,generation_3,2,1,0.49663951375987375,122,0.5,short,few,164,False
qwen3_4b,train,17286451,generation_1,2,0,0.9950256645679474,150,0.0,short,few,175,False
qwen3_4b,train,17286451,generation_2,2,0,0.9948214590549469,161,0.0,short,few,188,False
qwen3_4b,train,17286451,generation_3,2,0,0.9948487281799316,151,0.0,short,few,172,False
qwen3_4b,train,17304550,generation_1,6,0,0.968427817026774,162,0.0,short,medium,215,False
qwen3_4b,train,17304550,generation_2,6,0,0.9959812859694163,125,0.0,short,medium,172,False
qwen3_4b,train,17304550,generation_3,6,0,0.9945755898952484,177,0.0,medium,medium,235,False
qwen3_4b,train,17318851,generation_1,25,10,0.5859707048122073,181,0.4,medium,many,249,False
qwen3_4b,train,17318851,generation_2,25,12,0.5210715566249564,212,0.48,medium,many,277,False
qwen3_4b,train,17318851,generation_3,25,10,0.5958720445452491,219,0.4,long,many,328,False
qwen3_4b,train,17327131,generation_1,1,0,0.9889694452285768,137,0.0,short,few,159,False
qwen3_4b,train,17327131,generation_2,1,0,0.9865455031394958,138,0.0,short,few,180,False
qwen3_4b,train,17327131,generation_3,1,0,0.9837915897369384,133,0.0,short,few,154,False
qwen3_4b,train,17344330,generation_1,6,1,0.818095249744753,190,0.16666666666666666,medium,medium,226,False
qwen3_4b,train,17344330,generation_2,6,1,0.8148205764591694,225,0.16666666666666666,long,medium,264,False
qwen3_4b,train,17344330,generation_3,6,1,0.8240190011759599,156,0.16666666666666666,short,medium,186,False
qwen3_4b,train,17351238,generation_1,4,1,0.6170231632422655,201,0.25,medium,few,231,False
qwen3_4b,train,17351238,generation_2,4,2,0.5779883610084653,195,0.5,medium,few,228,False
qwen3_4b,train,17351238,generation_3,4,2,0.7012907639145851,139,0.5,short,few,165,False
qwen3_4b,train,17379047,generation_1,6,2,0.6651298922176162,145,0.3333333333333333,short,medium,192,False
qwen3_4b,train,17379047,generation_2,6,2,0.6656219611565272,175,0.3333333333333333,medium,medium,238,False
qwen3_4b,train,17379047,generation_3,6,2,0.6597551406982044,205,0.3333333333333333,medium,medium,280,False
qwen3_4b,train,17391797,generation_1,4,1,0.7447839272208512,156,0.25,short,few,199,False
qwen3_4b,train,17391797,generation_2,4,1,0.7420472467783839,171,0.25,short,few,228,False
qwen3_4b,train,17391797,generation_3,4,1,0.742342765792273,186,0.25,medium,few,244,False
qwen3_4b,train,17439425,generation_1,8,5,0.39873103826539585,227,0.625,long,medium,288,False
qwen3_4b,train,17439425,generation_2,8,2,0.7199249728582799,162,0.25,short,medium,219,False
qwen3_4b,train,17439425,generation_3,8,3,0.6138688074424863,196,0.375,medium,medium,259,False
qwen3_4b,train,17495183,generation_1,17,4,0.7466395480304902,234,0.23529411764705882,long,many,312,False
qwen3_4b,train,17495183,generation_2,17,5,0.69215694646803,209,0.29411764705882354,medium,many,289,False
qwen3_4b,train,17495183,generation_3,17,4,0.7448412901311017,195,0.23529411764705882,medium,many,262,False
qwen3_4b,train,17572393,generation_1,10,1,0.8111204493790865,155,0.1,short,medium,204,False
qwen3_4b,train,17572393,generation_2,10,4,0.6020665273070336,194,0.4,medium,medium,241,False
qwen3_4b,train,17572393,generation_3,10,3,0.7089753277599812,171,0.3,short,medium,219,False
qwen3_4b,train,17595233,generation_1,6,0,0.9901515245437622,154,0.0,short,medium,198,False
qwen3_4b,train,17595233,generation_2,6,1,0.8453335637847582,171,0.16666666666666666,short,medium,222,False
qwen3_4b,train,17595233,generation_3,6,0,0.9845905800660452,174,0.0,medium,medium,224,False
qwen3_4b,train,17615423,generation_1,12,4,0.7141565520287259,262,0.3333333333333333,long,many,342,False
qwen3_4b,train,17615423,generation_2,12,5,0.6147749911372861,246,0.4166666666666667,long,many,324,False
qwen3_4b,train,17615423,generation_3,12,5,0.5792043511755764,219,0.4166666666666667,long,many,283,False
qwen3_4b,train,17628794,generation_1,2,0,0.9952249228954315,144,0.0,short,few,179,False
qwen3_4b,train,17628794,generation_2,2,0,0.9959017038345337,181,0.0,medium,few,225,False
qwen3_4b,train,17628794,generation_3,2,0,0.996019184589386,161,0.0,short,few,194,False
qwen3_4b,train,17634480,generation_1,6,3,0.5178533023378501,175,0.5,medium,medium,222,False
qwen3_4b,train,17634480,generation_2,6,3,0.5093552976225814,152,0.5,short,medium,191,False
qwen3_4b,train,17634480,generation_3,6,3,0.5177234839648007,167,0.5,short,medium,210,False
qwen3_4b,train,17639754,generation_1,3,1,0.721083402633667,170,0.3333333333333333,short,few,200,False
qwen3_4b,train,17639754,generation_2,3,0,0.8753835161526998,153,0.0,short,few,182,False
qwen3_4b,train,17639754,generation_3,3,0,0.9735895196596781,137,0.0,short,few,163,False
qwen3_4b,train,17683901,generation_1,2,1,0.5008494993671774,136,0.5,short,few,173,False
qwen3_4b,train,17683901,generation_2,2,1,0.500575921498239,150,0.5,short,few,192,False
qwen3_4b,train,17683901,generation_3,2,1,0.5020076411310582,134,0.5,short,few,166,False
qwen3_4b,train,17854040,generation_1,2,0,0.9851309657096862,159,0.0,short,few,195,False
qwen3_4b,train,17854040,generation_2,2,0,0.9580289423465729,165,0.0,short,few,204,False
qwen3_4b,train,17854040,generation_3,2,0,0.8804433345794678,156,0.0,short,few,191,False
qwen3_4b,train,17877751,generation_1,5,1,0.7296423196792603,164,0.2,short,few,241,False
qwen3_4b,train,17877751,generation_2,5,0,0.9868170857429505,172,0.0,medium,few,231,False
qwen3_4b,train,17877751,generation_3,5,0,0.986283802986145,148,0.0,short,few,212,False
qwen3_4b,train,17910065,generation_1,3,1,0.6668342420210441,162,0.3333333333333333,short,few,224,False
qwen3_4b,train,17910065,generation_2,3,1,0.7733537753423055,145,0.3333333333333333,short,few,196,False
qwen3_4b,train,17910065,generation_3,3,1,0.7864149709542593,149,0.3333333333333333,short,few,206,False
qwen3_4b,train,17951029,generation_1,1,0,0.997069537639618,179,0.0,medium,few,245,False
qwen3_4b,train,17951029,generation_2,1,0,0.9972935318946838,143,0.0,short,few,191,False
qwen3_4b,train,17951029,generation_3,1,0,0.9975205063819884,130,0.0,short,few,174,False
qwen3_4b,train,17959715,generation_1,8,2,0.7602137560024858,127,0.25,short,medium,159,False
qwen3_4b,train,17959715,generation_2,8,2,0.7663450303953141,164,0.25,short,medium,201,False
qwen3_4b,train,17959715,generation_3,8,2,0.7346918534021825,191,0.25,medium,medium,232,False
qwen3_4b,train,17965424,generation_1,9,5,0.4330723473491768,199,0.5555555555555556,medium,medium,249,False
qwen3_4b,train,17965424,generation_2,9,4,0.5760969756585027,182,0.4444444444444444,medium,medium,216,False
qwen3_4b,train,17965424,generation_3,9,0,0.9753360086017184,197,0.0,medium,medium,238,False
qwen3_4b,train,17975693,generation_1,3,1,0.6591135816027721,138,0.3333333333333333,short,few,180,False
qwen3_4b,train,17975693,generation_2,3,1,0.658539216654996,145,0.3333333333333333,short,few,184,False
qwen3_4b,train,17975693,generation_3,3,1,0.6588741087665161,146,0.3333333333333333,short,few,183,False
qwen3_4b,train,18050247,generation_1,6,0,0.990211675564448,244,0.0,long,medium,308,False
qwen3_4b,train,18050247,generation_2,6,1,0.8210698300293492,193,0.16666666666666666,medium,medium,245,False
qwen3_4b,train,18050247,generation_3,6,0,0.9914892117182413,221,0.0,long,medium,278,False
qwen3_4b,train,18083142,generation_1,16,0,0.9743833281099796,264,0.0,long,many,337,False
qwen3_4b,train,18083142,generation_2,16,2,0.8575781983672641,256,0.125,long,many,356,False
qwen3_4b,train,18083142,generation_3,16,1,0.8976408898888621,255,0.0625,long,many,348,False
qwen3_4b,train,18165598,generation_1,13,2,0.7996813201909669,251,0.15384615384615385,long,many,318,False
qwen3_4b,train,18165598,generation_2,13,3,0.7969048166504273,293,0.23076923076923078,long,many,363,False
qwen3_4b,train,18165598,generation_3,13,3,0.7504592679727536,267,0.23076923076923078,long,many,342,False
qwen3_4b,train,18166824,generation_1,8,0,0.9954372420907021,181,0.0,medium,medium,246,False
qwen3_4b,train,18166824,generation_2,8,0,0.9903593733906746,192,0.0,medium,medium,241,False
qwen3_4b,train,18166824,generation_3,8,0,0.9681488648056984,218,0.0,long,medium,263,False
qwen3_4b,train,18182964,generation_1,4,0,0.9702519178390502,173,0.0,medium,few,219,False
qwen3_4b,train,18182964,generation_2,4,0,0.9746869653463364,212,0.0,medium,few,268,False
qwen3_4b,train,18182964,generation_3,4,0,0.9627136141061783,216,0.0,medium,few,274,False
qwen3_4b,train,18189233,generation_1,5,1,0.7988808713853359,141,0.2,short,few,175,False
qwen3_4b,train,18189233,generation_2,5,1,0.795689838627004,149,0.2,short,few,180,False
qwen3_4b,train,18189233,generation_3,5,1,0.7966816700994969,164,0.2,short,few,201,False
qwen3_4b,train,18235024,generation_1,2,0,0.9973384737968445,137,0.0,short,few,164,False
qwen3_4b,train,18235024,generation_2,2,0,0.9963732659816742,168,0.0,short,few,209,False
qwen3_4b,train,18235024,generation_3,2,0,0.9966543018817902,210,0.0,medium,few,256,False
qwen3_4b,train,18262054,generation_1,2,0,0.9883623421192168,149,0.0,short,few,176,False
qwen3_4b,train,18262054,generation_2,2,0,0.9926730394363403,204,0.0,medium,few,247,False
qwen3_4b,train,18262054,generation_3,2,0,0.9926031231880188,149,0.0,short,few,179,False
qwen3_4b,train,18270997,generation_1,4,0,0.9759628176689148,154,0.0,short,few,199,False
qwen3_4b,train,18270997,generation_2,4,0,0.9156962782144547,176,0.0,medium,few,213,False
qwen3_4b,train,18270997,generation_3,4,0,0.979702889919281,178,0.0,medium,few,226,False
qwen3_4b,train,18310445,generation_1,36,27,0.23662055240088695,197,0.75,medium,many,272,False
qwen3_4b,train,18310445,generation_2,36,26,0.2804873346277519,202,0.7222222222222222,medium,many,267,False
qwen3_4b,train,18310445,generation_3,36,27,0.2420424996651288,269,0.75,long,many,353,False
qwen3_4b,train,18340638,generation_1,7,3,0.5891336158716253,182,0.42857142857142855,medium,medium,216,False
qwen3_4b,train,18340638,generation_2,7,3,0.5603705852159432,212,0.42857142857142855,medium,medium,249,False
qwen3_4b,train,18340638,generation_3,7,3,0.5423691400459835,151,0.42857142857142855,short,medium,187,False
qwen3_4b,train,18356633,generation_1,8,5,0.3159085538936779,146,0.625,short,medium,183,False
qwen3_4b,train,18356633,generation_2,8,4,0.5552495214506052,188,0.5,medium,medium,236,False
qwen3_4b,train,18356633,generation_3,8,4,0.48600633108435426,184,0.5,medium,medium,226,False
qwen3_4b,train,18366737,generation_1,5,0,0.9945913910865783,132,0.0,short,few,174,False
qwen3_4b,train,18366737,generation_2,5,0,0.9951503038406372,149,0.0,short,few,182,False
qwen3_4b,train,18366737,generation_3,5,0,0.9955750465393066,162,0.0,short,few,194,False
qwen3_4b,train,18397285,generation_1,3,0,0.9882336457570394,196,0.0,medium,few,242,False
qwen3_4b,train,18397285,generation_2,3,0,0.9930582841237386,140,0.0,short,few,176,False
qwen3_4b,train,18397285,generation_3,3,0,0.9720577796300253,153,0.0,short,few,190,False
qwen3_4b,train,18408250,generation_1,3,1,0.601338599595086,160,0.3333333333333333,short,few,191,False
qwen3_4b,train,18408250,generation_2,3,1,0.657477122847922,168,0.3333333333333333,short,few,205,False
qwen3_4b,train,18408250,generation_3,3,1,0.6322223916649817,172,0.3333333333333333,medium,few,218,False
qwen3_4b,train,18410508,generation_1,12,4,0.6642576212082835,221,0.3333333333333333,long,many,262,False
qwen3_4b,train,18410508,generation_2,12,3,0.6877054205785195,173,0.25,medium,many,214,False
qwen3_4b,train,18410508,generation_3,12,5,0.600045373867033,177,0.4166666666666667,medium,many,225,False
qwen3_4b,train,18410548,generation_1,3,0,0.9960588415463766,137,0.0,short,few,159,False
qwen3_4b,train,18410548,generation_2,3,0,0.994889497756958,138,0.0,short,few,177,False
qwen3_4b,train,18410548,generation_3,3,0,0.9963991443316141,145,0.0,short,few,180,False
qwen3_4b,train,18422462,generation_1,8,0,0.9810497984290123,194,0.0,medium,medium,264,False
qwen3_4b,train,18422462,generation_2,8,0,0.9724462404847145,241,0.0,long,medium,324,False
qwen3_4b,train,18422462,generation_3,8,0,0.9753837808966637,242,0.0,long,medium,320,False
qwen3_4b,train,18439317,generation_1,2,0,0.9958184659481049,189,0.0,medium,few,222,False
qwen3_4b,train,18439317,generation_2,2,0,0.9953246116638184,165,0.0,short,few,190,False
qwen3_4b,train,18439317,generation_3,2,0,0.9949015974998474,168,0.0,short,few,205,False
qwen3_4b,train,18442015,generation_1,14,5,0.7002283425702315,226,0.35714285714285715,long,many,267,False
qwen3_4b,train,18442015,generation_2,14,5,0.6578234072824541,223,0.35714285714285715,long,many,264,False
qwen3_4b,train,18442015,generation_3,14,8,0.4512061272481723,221,0.5714285714285714,long,many,260,False
qwen3_4b,train,18470323,generation_1,2,0,0.9897472858428955,246,0.0,long,few,312,False
qwen3_4b,train,18470323,generation_2,2,0,0.9937506020069122,191,0.0,medium,few,237,False
qwen3_4b,train,18470323,generation_3,2,0,0.9920774102210999,214,0.0,medium,few,266,False
qwen3_4b,train,18483878,generation_1,7,3,0.6215199793555907,153,0.42857142857142855,short,medium,192,False
qwen3_4b,train,18483878,generation_2,7,1,0.8026817180216312,154,0.14285714285714285,short,medium,184,False
qwen3_4b,train,18483878,generation_3,7,1,0.7410242094525269,176,0.14285714285714285,medium,medium,210,False
qwen3_4b,train,18487244,generation_1,2,0,0.9957474172115326,179,0.0,medium,few,219,False
qwen3_4b,train,18487244,generation_2,2,0,0.9945090115070343,192,0.0,medium,few,241,False
qwen3_4b,train,18487244,generation_3,2,0,0.9961997866630554,135,0.0,short,few,173,False
qwen3_4b,train,18541230,generation_1,13,2,0.820969806267665,188,0.15384615384615385,medium,many,256,False
qwen3_4b,train,18541230,generation_2,13,1,0.9109804951227628,165,0.07692307692307693,short,many,223,False
qwen3_4b,train,18541230,generation_3,13,3,0.7760100737214088,189,0.23076923076923078,medium,many,253,False
qwen3_4b,train,18544179,generation_1,8,1,0.8565118846017867,197,0.125,medium,medium,234,False
qwen3_4b,train,18544179,generation_2,8,1,0.8637700183317065,170,0.125,short,medium,207,False
qwen3_4b,train,18544179,generation_3,8,1,0.8277605541516095,178,0.125,medium,medium,214,False
qwen3_4b,train,18593936,generation_1,51,17,0.6651625160770445,274,0.3333333333333333,long,many,358,False
qwen3_4b,train,18593936,generation_2,51,13,0.7476050686091185,254,0.2549019607843137,long,many,318,False
qwen3_4b,train,18593936,generation_3,51,15,0.7108319911117981,237,0.29411764705882354,long,many,293,False
qwen3_4b,train,18631865,generation_1,6,2,0.6731295362114906,194,0.3333333333333333,medium,medium,238,False
qwen3_4b,train,18631865,generation_2,6,2,0.6260237347645065,190,0.3333333333333333,medium,medium,240,False
qwen3_4b,train,18631865,generation_3,6,3,0.5594632675250372,185,0.5,medium,medium,239,False
qwen3_4b,train,18657397,generation_1,2,1,0.6390769630670547,158,0.5,short,few,193,False
qwen3_4b,train,18657397,generation_2,2,1,0.5303974635899067,145,0.5,short,few,175,False
qwen3_4b,train,18657397,generation_3,2,2,0.2447792161256075,166,1.0,short,few,206,False
qwen3_4b,train,18672102,generation_1,24,0,0.995423307021459,201,0.0,medium,many,262,False
qwen3_4b,train,18672102,generation_2,24,3,0.8896110116814574,199,0.125,medium,many,263,False
qwen3_4b,train,18672102,generation_3,24,4,0.8195925246885357,143,0.16666666666666666,short,many,192,False
qwen3_4b,train,18674790,generation_1,19,6,0.6495978046694194,250,0.3157894736842105,long,many,385,False
qwen3_4b,train,18674790,generation_2,19,9,0.5353621258239544,281,0.47368421052631576,long,many,341,False
qwen3_4b,train,18674790,generation_3,19,10,0.4945509286205235,293,0.5263157894736842,long,many,356,False
qwen3_4b,train,18681856,generation_1,6,1,0.8467583556969961,207,0.16666666666666666,medium,medium,265,False
qwen3_4b,train,18681856,generation_2,6,3,0.5188249802837769,202,0.5,medium,medium,261,False
qwen3_4b,train,18681856,generation_3,6,3,0.554600492119789,158,0.5,short,medium,204,False
qwen3_4b,train,18699851,generation_1,5,0,0.9923345804214477,205,0.0,medium,few,270,False
qwen3_4b,train,18699851,generation_2,5,0,0.9917680025100708,179,0.0,medium,few,238,False
qwen3_4b,train,18699851,generation_3,5,0,0.9766297221183777,166,0.0,short,few,209,False
qwen3_4b,train,18752389,generation_1,16,7,0.5926497353066225,218,0.4375,long,many,299,False
qwen3_4b,train,18752389,generation_2,16,7,0.555048959213309,197,0.4375,medium,many,274,False
qwen3_4b,train,18752389,generation_3,16,6,0.6623677884126664,182,0.375,medium,many,247,False
qwen3_4b,train,18754075,generation_1,9,2,0.7521268913729323,154,0.2222222222222222,short,medium,191,False
qwen3_4b,train,18754075,generation_2,9,1,0.8762167361047533,205,0.1111111111111111,medium,medium,247,False
qwen3_4b,train,18754075,generation_3,9,4,0.5827373146182961,201,0.4444444444444444,medium,medium,251,False
qwen3_4b,train,18768591,generation_1,24,3,0.8278022591051316,230,0.125,long,many,291,False
qwen3_4b,train,18768591,generation_2,24,5,0.7758785646098355,276,0.20833333333333334,long,many,347,False
qwen3_4b,train,18768591,generation_3,24,9,0.6428820726238579,264,0.375,long,many,333,False
qwen3_4b,train,18772193,generation_1,14,5,0.6416750292160681,210,0.35714285714285715,medium,many,282,False
qwen3_4b,train,18772193,generation_2,14,6,0.6034338506371049,179,0.42857142857142855,medium,many,254,False
qwen3_4b,train,18772193,generation_3,14,2,0.8103708499568582,165,0.14285714285714285,short,many,226,False
qwen3_4b,train,18779591,generation_1,8,1,0.8715884657212882,158,0.125,short,medium,203,False
qwen3_4b,train,18779591,generation_2,8,1,0.8713204895775561,175,0.125,medium,medium,224,False
qwen3_4b,train,18779591,generation_3,8,2,0.746251727334311,192,0.25,medium,medium,246,False
qwen3_4b,train,18790087,generation_1,2,0,0.9940489530563354,160,0.0,short,few,190,False
qwen3_4b,train,18790087,generation_2,2,0,0.9941335618495941,151,0.0,short,few,179,False
qwen3_4b,train,18790087,generation_3,2,0,0.9940883815288544,165,0.0,short,few,199,False
qwen3_4b,train,18791947,generation_1,1,1,0.0264893248677253,145,1.0,short,few,188,False
qwen3_4b,train,18791947,generation_2,1,1,0.0073762224055826,137,1.0,short,few,176,False
qwen3_4b,train,18791947,generation_3,1,1,0.0124601460993289,146,1.0,short,few,183,False
qwen3_4b,train,18808529,generation_1,12,3,0.7367861097057661,201,0.25,medium,many,249,False
qwen3_4b,train,18808529,generation_2,12,4,0.6831905907602049,202,0.3333333333333333,medium,many,263,False
qwen3_4b,train,18808529,generation_3,12,1,0.8793924351533254,214,0.08333333333333333,medium,many,266,False
qwen3_4b,train,18809400,generation_1,12,2,0.7889556954614818,182,0.16666666666666666,medium,many,229,False
qwen3_4b,train,18809400,generation_2,12,2,0.8395856308440367,213,0.16666666666666666,medium,many,260,False
qwen3_4b,train,18809400,generation_3,12,1,0.8942565699107945,162,0.08333333333333333,short,many,200,False
qwen3_4b,train,18827003,generation_1,9,2,0.7784718569471605,211,0.2222222222222222,medium,medium,248,False
qwen3_4b,train,18827003,generation_2,9,2,0.7858188023997678,180,0.2222222222222222,medium,medium,213,False
qwen3_4b,train,18827003,generation_3,9,2,0.7441443755394883,187,0.2222222222222222,medium,medium,228,False
qwen3_4b,train,18945288,generation_1,2,0,0.9850151240825653,142,0.0,short,few,196,False
qwen3_4b,train,18945288,generation_2,2,0,0.9682474136352538,126,0.0,short,few,178,False
qwen3_4b,train,18945288,generation_3,2,0,0.9679035544395447,161,0.0,short,few,221,False
qwen3_4b,train,18945509,generation_1,8,4,0.4331647002836689,238,0.5,long,medium,323,False
qwen3_4b,train,18945509,generation_2,8,4,0.4923630909761414,171,0.5,short,medium,240,False
qwen3_4b,train,18945509,generation_3,8,3,0.6252082972787321,228,0.375,long,medium,299,False
qwen3_4b,train,18987260,generation_1,14,0,0.9749539153916496,219,0.0,long,many,281,False
qwen3_4b,train,18987260,generation_2,14,0,0.968699323279517,206,0.0,medium,many,270,False
qwen3_4b,train,18987260,generation_3,14,0,0.9542633720806667,268,0.0,long,many,335,False
qwen3_4b,train,19037252,generation_1,1,0,0.9977739453315736,169,0.0,short,few,194,False
qwen3_4b,train,19037252,generation_2,1,0,0.9956568479537964,179,0.0,medium,few,206,False
qwen3_4b,train,19037252,generation_3,1,0,0.996204435825348,169,0.0,short,few,196,False
qwen3_4b,train,19048115,generation_1,11,0,0.9943543835119768,252,0.0,long,many,300,False
qwen3_4b,train,19048115,generation_2,11,0,0.9660776474259116,239,0.0,long,many,283,False
qwen3_4b,train,19048115,generation_3,11,0,0.9950879866426642,255,0.0,long,many,298,False
qwen3_4b,train,19058010,generation_1,20,8,0.6085092633962631,192,0.4,medium,many,249,False
qwen3_4b,train,19058010,generation_2,20,10,0.5292676704935729,135,0.5,short,many,162,False
qwen3_4b,train,19058010,generation_3,20,9,0.612077071890235,238,0.45,long,many,299,False
qwen3_4b,train,19067809,generation_1,6,2,0.6868239322987696,154,0.3333333333333333,short,medium,191,False
qwen3_4b,train,19067809,generation_2,6,2,0.6763353887945414,158,0.3333333333333333,short,medium,194,False
qwen3_4b,train,19067809,generation_3,6,1,0.8088686265982687,144,0.16666666666666666,short,medium,185,False
qwen3_4b,train,19082493,generation_1,5,1,0.7643498208839447,176,0.2,medium,few,217,False
qwen3_4b,train,19082493,generation_2,5,2,0.5982649197801947,154,0.4,short,few,187,False
qwen3_4b,train,19082493,generation_3,5,1,0.7882041431963444,160,0.2,short,few,192,False
qwen3_4b,train,19101703,generation_1,3,1,0.6662686144312223,207,0.3333333333333333,medium,few,276,False
qwen3_4b,train,19101703,generation_2,3,1,0.6663634853127102,153,0.3333333333333333,short,few,199,False
qwen3_4b,train,19101703,generation_3,3,0,0.9857466816902161,164,0.0,short,few,227,False
qwen3_4b,train,19108278,generation_1,12,3,0.7469686343635354,179,0.25,medium,many,225,False
qwen3_4b,train,19108278,generation_2,12,3,0.7404756709365756,172,0.25,medium,many,228,False
qwen3_4b,train,19108278,generation_3,12,3,0.7356200972911514,159,0.25,short,many,208,False
qwen3_4b,train,19110214,generation_1,6,0,0.9853152732054392,196,0.0,medium,medium,266,False
qwen3_4b,train,19110214,generation_2,6,1,0.8187392808419341,154,0.16666666666666666,short,medium,196,False
qwen3_4b,train,19110214,generation_3,6,0,0.9881432751814524,230,0.0,long,medium,279,False
qwen3_4b,train,19160446,generation_1,2,0,0.9931650459766388,173,0.0,medium,few,211,False
qwen3_4b,train,19160446,generation_2,2,0,0.9934865832328796,149,0.0,short,few,183,False
qwen3_4b,train,19160446,generation_3,2,0,0.9918710291385651,217,0.0,long,few,263,False
qwen3_4b,train,19218574,generation_1,11,2,0.7827116157198113,206,0.18181818181818182,medium,many,268,False
qwen3_4b,train,19218574,generation_2,11,1,0.8975436261257115,233,0.09090909090909091,long,many,315,False
qwen3_4b,train,19218574,generation_3,11,2,0.7927978050508748,154,0.18181818181818182,short,many,201,False
qwen3_4b,train,19234905,generation_1,1,0,0.9789624810218812,160,0.0,short,few,195,False
qwen3_4b,train,19234905,generation_2,1,0,0.9791913628578186,179,0.0,medium,few,220,False
qwen3_4b,train,19234905,generation_3,1,0,0.97953861951828,159,0.0,short,few,199,False
qwen3_4b,train,19306381,generation_1,38,33,0.13155180983181033,174,0.868421052631579,medium,many,233,False
qwen3_4b,train,19306381,generation_2,38,29,0.23640749069722675,181,0.7631578947368421,medium,many,262,False
qwen3_4b,train,19306381,generation_3,38,30,0.2210613606818553,197,0.7894736842105263,medium,many,270,False
qwen3_4b,train,19319147,generation_1,5,2,0.6708182588219642,158,0.4,short,few,204,False
qwen3_4b,train,19319147,generation_2,5,2,0.5865468479692936,137,0.4,short,few,164,False
qwen3_4b,train,19319147,generation_3,5,2,0.6100517861545085,145,0.4,short,few,186,False
qwen3_4b,train,19346865,generation_1,2,0,0.9693189561367035,145,0.0,short,few,167,False
qwen3_4b,train,19346865,generation_2,2,0,0.9514259994029998,182,0.0,medium,few,214,False
qwen3_4b,train,19346865,generation_3,2,0,0.9371544420719147,133,0.0,short,few,157,False
qwen3_4b,train,19365571,generation_1,3,0,0.9936968485514323,145,0.0,short,few,180,False
qwen3_4b,train,19365571,generation_2,3,0,0.9900720715522766,169,0.0,short,few,206,False
qwen3_4b,train,19365571,generation_3,3,0,0.9908965428670248,167,0.0,short,few,213,False
qwen3_4b,train,19370764,generation_1,7,1,0.8358533660814699,153,0.14285714285714285,short,medium,237,False
qwen3_4b,train,19370764,generation_2,7,2,0.7029155590696193,195,0.2857142857142857,medium,medium,277,False
qwen3_4b,train,19370764,generation_3,7,1,0.8405420493467578,190,0.14285714285714285,medium,medium,311,False
qwen3_4b,train,19445921,generation_1,16,3,0.7864183106257769,261,0.1875,long,many,314,False
qwen3_4b,train,19445921,generation_2,16,1,0.9236995950341225,203,0.0625,medium,many,255,False
qwen3_4b,train,19445921,generation_3,16,3,0.8277299427008984,222,0.1875,long,many,266,False
qwen3_4b,train,19463742,generation_1,45,26,0.37980609719234054,250,0.5777777777777777,long,many,339,False
qwen3_4b,train,19463742,generation_2,45,27,0.41615850639225554,288,0.6,long,many,426,False
qwen3_4b,train,19463742,generation_3,45,24,0.4411562010940138,251,0.5333333333333333,long,many,338,False
qwen3_4b,train,19508969,generation_1,28,2,0.9112336505204439,157,0.07142857142857142,short,many,225,False
qwen3_4b,train,19508969,generation_2,28,0,0.9621524959802628,219,0.0,long,many,312,False
qwen3_4b,train,19508969,generation_3,28,0,0.9841635950974056,227,0.0,long,many,330,False
qwen3_4b,train,19521089,generation_1,1,0,0.9931049942970276,130,0.0,short,few,157,False
qwen3_4b,train,19521089,generation_2,1,0,0.993111252784729,156,0.0,short,few,186,False
qwen3_4b,train,19521089,generation_3,1,0,0.99366694688797,155,0.0,short,few,183,False
qwen3_4b,train,19536134,generation_1,29,11,0.6294235544006244,223,0.3793103448275862,long,many,281,False
qwen3_4b,train,19536134,generation_2,29,11,0.619342843370195,192,0.3793103448275862,medium,many,257,False
qwen3_4b,train,19536134,generation_3,29,11,0.598845234993797,189,0.3793103448275862,medium,many,249,False
qwen3_4b,train,19549709,generation_1,5,0,0.9097277164459229,188,0.0,medium,few,227,False
qwen3_4b,train,19549709,generation_2,5,0,0.9406580805778504,191,0.0,medium,few,226,False
qwen3_4b,train,19549709,generation_3,5,0,0.9464859366416931,170,0.0,short,few,196,False
qwen3_4b,train,19592582,generation_1,5,0,0.9740991234779358,186,0.0,medium,few,236,False
qwen3_4b,train,19592582,generation_2,5,1,0.8058245077729225,178,0.2,medium,few,225,False
qwen3_4b,train,19592582,generation_3,5,0,0.9781090140342712,160,0.0,short,few,207,False
qwen3_4b,train,19631624,generation_1,8,5,0.37791910515807103,155,0.625,short,medium,204,False
qwen3_4b,train,19631624,generation_2,8,4,0.485184834440588,197,0.5,medium,medium,261,False
qwen3_4b,train,19631624,generation_3,8,4,0.44696594346896745,164,0.5,short,medium,221,False
qwen3_4b,train,19642243,generation_1,5,1,0.8273421466350556,164,0.2,short,few,191,False
qwen3_4b,train,19642243,generation_2,5,0,0.9627031445503235,139,0.0,short,few,164,False
qwen3_4b,train,19642243,generation_3,5,1,0.8126871436834335,132,0.2,short,few,151,False
qwen3_4b,train,19672862,generation_1,22,2,0.8803938220596386,256,0.09090909090909091,long,many,313,False
qwen3_4b,train,19672862,generation_2,22,2,0.8715830070696856,276,0.09090909090909091,long,many,342,False
qwen3_4b,train,19672862,generation_3,22,3,0.8541518832657444,206,0.13636363636363635,medium,many,267,False
qwen3_4b,train,19692487,generation_1,14,7,0.503882004517696,239,0.5,long,many,330,False
qwen3_4b,train,19692487,generation_2,14,6,0.5537682252137789,180,0.42857142857142855,medium,many,250,False
qwen3_4b,train,19692487,generation_3,14,7,0.51243233995878,179,0.5,medium,many,257,False
qwen3_4b,train,19696792,generation_1,8,2,0.7308979888039175,180,0.25,medium,medium,228,False
qwen3_4b,train,19696792,generation_2,8,2,0.730284421457327,149,0.25,short,medium,192,False
qwen3_4b,train,19696792,generation_3,8,2,0.7403228129078343,160,0.25,short,medium,206,False
qwen3_4b,train,19707748,generation_1,2,0,0.983689546585083,146,0.0,short,few,178,False
qwen3_4b,train,19707748,generation_2,2,0,0.8628225028514862,160,0.0,short,few,199,False
qwen3_4b,train,19707748,generation_3,2,0,0.9136779308319092,149,0.0,short,few,180,False
qwen3_4b,train,19719056,generation_1,2,1,0.519260298460722,157,0.5,short,few,194,False
qwen3_4b,train,19719056,generation_2,2,1,0.49213343732117215,183,0.5,medium,few,226,False
qwen3_4b,train,19719056,generation_3,2,1,0.5069312993437052,154,0.5,short,few,181,False
qwen3_4b,train,19721134,generation_1,19,12,0.3574089374589292,250,0.631578947368421,long,many,363,False
qwen3_4b,train,19721134,generation_2,19,16,0.15551898158293237,218,0.8421052631578947,long,many,318,False
qwen3_4b,train,19721134,generation_3,19,16,0.15131483725838876,221,0.8421052631578947,long,many,324,False
qwen3_4b,train,19728177,generation_1,3,0,0.9832809964815775,159,0.0,short,few,186,False
qwen3_4b,train,19728177,generation_2,3,0,0.9831551710764567,138,0.0,short,few,167,False
qwen3_4b,train,19728177,generation_3,3,0,0.9498113393783569,168,0.0,short,few,200,False
qwen3_4b,train,19779499,generation_1,5,1,0.7924431312829257,180,0.2,medium,few,219,False
qwen3_4b,train,19779499,generation_2,5,1,0.7920962352305649,147,0.2,short,few,203,False
qwen3_4b,train,19779499,generation_3,5,2,0.6146097354590893,174,0.4,medium,few,230,False
qwen3_4b,train,19811499,generation_1,20,7,0.6477031270544102,165,0.35,short,many,228,False
qwen3_4b,train,19811499,generation_2,20,7,0.6305512743914733,225,0.35,long,many,313,False
qwen3_4b,train,19811499,generation_3,20,11,0.4651544401720457,218,0.55,long,many,282,False
qwen3_4b,train,19825989,generation_1,23,11,0.5118267586424379,252,0.4782608695652174,long,many,376,False
qwen3_4b,train,19825989,generation_2,23,16,0.3479949725999334,204,0.6956521739130435,medium,many,301,False
qwen3_4b,train,19825989,generation_3,23,13,0.4315995798293127,246,0.5652173913043478,long,many,370,False
qwen3_4b,train,19841052,generation_1,2,1,0.6313853710889816,151,0.5,short,few,174,False
qwen3_4b,train,19841052,generation_2,2,1,0.5119909998029469,141,0.5,short,few,160,False
qwen3_4b,train,19841052,generation_3,2,1,0.5143905337899923,156,0.5,short,few,177,False
qwen3_4b,train,19881468,generation_1,13,8,0.3718331688757574,141,0.6153846153846154,short,many,196,False
qwen3_4b,train,19881468,generation_2,13,6,0.5046400304955359,177,0.46153846153846156,medium,many,227,False
qwen3_4b,train,19881468,generation_3,13,7,0.45748603270420485,173,0.5384615384615384,medium,many,231,False
qwen3_4b,train,19889778,generation_1,4,3,0.20039469387847925,163,0.75,short,few,197,False
qwen3_4b,train,19889778,generation_2,4,1,0.6802110300632194,169,0.25,short,few,202,False
qwen3_4b,train,19889778,generation_3,4,3,0.2865182671230286,168,0.75,short,few,198,False
qwen3_4b,train,19891556,generation_1,2,0,0.9912786483764648,130,0.0,short,few,152,False
qwen3_4b,train,19891556,generation_2,2,0,0.9904412031173706,143,0.0,short,few,161,False
qwen3_4b,train,19891556,generation_3,2,0,0.9911912381649017,145,0.0,short,few,172,False
qwen3_4b,train,19918264,generation_1,2,0,0.9843042492866516,156,0.0,short,few,203,False
qwen3_4b,train,19918264,generation_2,2,0,0.9694983065128326,120,0.0,short,few,142,False
qwen3_4b,train,19918264,generation_3,2,0,0.9687654972076416,166,0.0,short,few,212,False
qwen3_4b,train,19923525,generation_1,6,2,0.6801193767848114,145,0.3333333333333333,short,medium,185,False
qwen3_4b,train,19923525,generation_2,6,2,0.6541787597040335,122,0.3333333333333333,short,medium,157,False
qwen3_4b,train,19923525,generation_3,6,2,0.5873649508381883,144,0.3333333333333333,short,medium,183,False
qwen3_4b,train,19996135,generation_1,1,1,0.005767990835011,185,1.0,medium,few,224,False
qwen3_4b,train,19996135,generation_2,1,0,0.9724419116973876,148,0.0,short,few,189,False
qwen3_4b,train,19996135,generation_3,1,1,0.0091509092599153,248,1.0,long,few,294,False
qwen3_4b,train,20005218,generation_1,4,1,0.8543902188539505,154,0.25,short,few,193,False
qwen3_4b,train,20005218,generation_2,4,0,0.9892291277647018,164,0.0,short,few,196,False
qwen3_4b,train,20005218,generation_3,4,0,0.9886827170848846,170,0.0,short,few,203,False
qwen3_4b,train,20034406,generation_1,7,1,0.8443898088963968,162,0.14285714285714285,short,medium,200,False
qwen3_4b,train,20034406,generation_2,7,1,0.8446280430071056,181,0.14285714285714285,medium,medium,220,False
qwen3_4b,train,20034406,generation_3,7,2,0.7067307111408029,160,0.2857142857142857,short,medium,194,False
qwen3_4b,train,20046642,generation_1,21,16,0.26294823858327054,212,0.7619047619047619,medium,many,295,False
qwen3_4b,train,20046642,generation_2,21,12,0.4492682337184392,258,0.5714285714285714,long,many,364,False
qwen3_4b,train,20046642,generation_3,21,11,0.46745153894672903,225,0.5238095238095238,long,many,310,False
qwen3_4b,train,20080916,generation_1,3,2,0.4833748953727384,140,0.6666666666666666,short,few,180,False
qwen3_4b,train,20080916,generation_2,3,2,0.4697749426122754,128,0.6666666666666666,short,few,169,False
qwen3_4b,train,20080916,generation_3,3,2,0.4451845140041162,134,0.6666666666666666,short,few,172,False
qwen3_4b,train,20080983,generation_1,3,1,0.6599179841578007,138,0.3333333333333333,short,few,177,False
qwen3_4b,train,20080983,generation_2,3,1,0.6017420589923859,147,0.3333333333333333,short,few,184,False
qwen3_4b,train,20080983,generation_3,3,1,0.6657756119966507,120,0.3333333333333333,short,few,149,False
qwen3_4b,train,20086182,generation_1,6,0,0.9788741966088613,162,0.0,short,medium,207,False
qwen3_4b,train,20086182,generation_2,6,1,0.8166333548724651,171,0.16666666666666666,short,medium,214,False
qwen3_4b,train,20086182,generation_3,6,2,0.6629494180281957,178,0.3333333333333333,medium,medium,227,False
qwen3_4b,train,20105280,generation_1,17,7,0.6160122405819815,266,0.4117647058823529,long,many,330,False
qwen3_4b,train,20105280,generation_2,17,13,0.30379546543254565,199,0.7647058823529411,medium,many,252,False
qwen3_4b,train,20105280,generation_3,17,8,0.5046857390843797,276,0.47058823529411764,long,many,343,False
qwen3_4b,train,20105310,generation_1,30,3,0.9006243907846511,250,0.1,long,many,396,False
qwen3_4b,train,20105310,generation_2,30,1,0.9623867427309354,259,0.03333333333333333,long,many,406,False
qwen3_4b,train,20105310,generation_3,30,5,0.8556899207886697,304,0.16666666666666666,long,many,395,False
qwen3_4b,train,20129423,generation_1,2,0,0.9830810725688934,129,0.0,short,few,147,False
qwen3_4b,train,20129423,generation_2,2,0,0.9847781658172607,135,0.0,short,few,153,False
qwen3_4b,train,20129423,generation_3,2,0,0.9815865457057953,154,0.0,short,few,176,False
qwen3_4b,train,20226780,generation_1,6,2,0.6486062640324235,189,0.3333333333333333,medium,medium,245,False
qwen3_4b,train,20226780,generation_2,6,1,0.8199998564862957,168,0.16666666666666666,short,medium,218,False
qwen3_4b,train,20226780,generation_3,6,1,0.7221264218290647,133,0.16666666666666666,short,medium,177,False
qwen3_4b,train,20331935,generation_1,3,0,0.9783416390419006,130,0.0,short,few,158,False
qwen3_4b,train,20331935,generation_2,3,0,0.9624658028284708,170,0.0,short,few,206,False
qwen3_4b,train,20331935,generation_3,3,0,0.976161539554596,157,0.0,short,few,183,False
qwen3_4b,train,20335448,generation_1,12,0,0.9626181970040003,216,0.0,medium,many,262,False
qwen3_4b,train,20335448,generation_2,12,0,0.962758868932724,153,0.0,short,many,192,False
qwen3_4b,train,20335448,generation_3,12,1,0.9072609382371107,213,0.08333333333333333,medium,many,263,False
qwen3_4b,train,20367983,generation_1,4,1,0.7496574262622744,147,0.25,short,few,174,False
qwen3_4b,train,20367983,generation_2,4,1,0.7502950129564852,169,0.25,short,few,200,False
qwen3_4b,train,20367983,generation_3,4,1,0.7517066891305149,165,0.25,short,few,189,False
qwen3_4b,train,20401977,generation_1,3,0,0.987749437491099,130,0.0,short,few,167,False
qwen3_4b,train,20401977,generation_2,3,0,0.9859137932459513,141,0.0,short,few,190,False
qwen3_4b,train,20401977,generation_3,3,0,0.9919894138971964,148,0.0,short,few,229,False
qwen3_4b,train,20415560,generation_1,7,1,0.8395761964576585,165,0.14285714285714285,short,medium,199,False
qwen3_4b,train,20415560,generation_2,7,0,0.9624132428850446,187,0.0,medium,medium,220,False
qwen3_4b,train,20415560,generation_3,7,0,0.9858433433941433,150,0.0,short,medium,183,False
qwen3_4b,train,20428796,generation_1,9,7,0.22656347071945973,197,0.7777777777777778,medium,medium,288,False
qwen3_4b,train,20428796,generation_2,9,6,0.3454662035284046,230,0.6666666666666666,long,medium,327,False
qwen3_4b,train,20428796,generation_3,9,7,0.2408854360174801,219,0.7777777777777778,long,medium,314,False
qwen3_4b,train,20431083,generation_1,2,1,0.48428396508097654,153,0.5,short,few,183,False
qwen3_4b,train,20431083,generation_2,2,1,0.5000418219715356,146,0.5,short,few,185,False
qwen3_4b,train,20431083,generation_3,2,1,0.4827539264224469,172,0.5,medium,few,215,False
qwen3_4b,train,20447294,generation_1,8,0,0.9835951402783394,194,0.0,medium,medium,235,False
qwen3_4b,train,20447294,generation_2,8,0,0.9849731624126434,272,0.0,long,medium,332,False
qwen3_4b,train,20447294,generation_3,8,0,0.9841630011796951,221,0.0,long,medium,267,False
qwen3_4b,train,20477932,generation_1,14,5,0.6221366249956191,222,0.35714285714285715,long,many,283,False
qwen3_4b,train,20477932,generation_2,14,6,0.5648315592136767,245,0.42857142857142855,long,many,308,False
qwen3_4b,train,20477932,generation_3,14,7,0.4966115974654843,310,0.5,long,many,399,False
qwen3_4b,train,20510337,generation_1,26,6,0.7579444465871068,214,0.23076923076923078,medium,many,277,False
qwen3_4b,train,20510337,generation_2,26,5,0.777456260429552,222,0.19230769230769232,long,many,290,False
qwen3_4b,train,20510337,generation_3,26,8,0.712997049898639,289,0.3076923076923077,long,many,361,False
qwen3_4b,train,20520283,generation_1,6,1,0.7830863979955515,149,0.16666666666666666,short,medium,193,False
qwen3_4b,train,20520283,generation_2,6,2,0.6781845412527522,177,0.3333333333333333,medium,medium,228,False
qwen3_4b,train,20520283,generation_3,6,1,0.812878352124244,156,0.16666666666666666,short,medium,200,False
qwen3_4b,train,20523265,generation_1,8,0,0.9812132567167282,202,0.0,medium,medium,253,False
qwen3_4b,train,20523265,generation_2,8,0,0.9482272416353226,236,0.0,long,medium,291,False
qwen3_4b,train,20523265,generation_3,8,0,0.9659849628806114,216,0.0,medium,medium,274,False
qwen3_4b,train,20528871,generation_1,3,0,0.9819674293200175,122,0.0,short,few,160,False
qwen3_4b,train,20528871,generation_2,3,1,0.6653484428922335,136,0.3333333333333333,short,few,171,False
qwen3_4b,train,20528871,generation_3,3,0,0.9113049507141113,123,0.0,short,few,161,False
qwen3_4b,train,20533999,generation_1,9,4,0.48726572365396553,221,0.4444444444444444,long,medium,284,False
qwen3_4b,train,20533999,generation_2,9,6,0.3563000710888041,183,0.6666666666666666,medium,medium,242,False
qwen3_4b,train,20533999,generation_3,9,3,0.6348122102337785,185,0.3333333333333333,medium,medium,243,False
qwen3_4b,train,20534142,generation_1,14,3,0.8156180281657726,246,0.21428571428571427,long,many,305,False
qwen3_4b,train,20534142,generation_2,14,2,0.8592155525194747,191,0.14285714285714285,medium,many,231,False
qwen3_4b,train,20534142,generation_3,14,2,0.8602488746068307,199,0.14285714285714285,medium,many,272,False
qwen3_4b,train,20558148,generation_1,12,4,0.6594447364235142,235,0.3333333333333333,long,many,306,False
qwen3_4b,train,20558148,generation_2,12,3,0.7128589549101889,240,0.25,long,many,315,False
qwen3_4b,train,20558148,generation_3,12,6,0.4942508701157446,223,0.5,long,many,281,False
qwen3_4b,train,20579626,generation_1,5,0,0.9933866024017334,227,0.0,long,few,261,False
qwen3_4b,train,20579626,generation_2,5,0,0.9930220365524292,187,0.0,medium,few,224,False
qwen3_4b,train,20579626,generation_3,5,0,0.9937158823013306,148,0.0,short,few,173,False
qwen3_4b,train,20583543,generation_1,5,1,0.7999585513025522,135,0.2,short,few,202,False
qwen3_4b,train,20583543,generation_2,5,1,0.7988694460131228,163,0.2,short,few,233,False
qwen3_4b,train,20583543,generation_3,5,1,0.7978831128682942,175,0.2,medium,few,261,False
qwen3_4b,train,20588063,generation_1,7,0,0.9951615418706622,158,0.0,short,medium,214,False
qwen3_4b,train,20588063,generation_2,7,0,0.9945964217185974,141,0.0,short,medium,185,False
qwen3_4b,train,20588063,generation_3,7,0,0.990296619279044,188,0.0,medium,medium,257,False
qwen3_4b,train,20606392,generation_1,2,0,0.9978300333023071,134,0.0,short,few,160,False
qwen3_4b,train,20606392,generation_2,2,0,0.997168242931366,208,0.0,medium,few,254,False
qwen3_4b,train,20606392,generation_3,2,0,0.9936105310916901,125,0.0,short,few,162,False
qwen3_4b,train,20667451,generation_1,7,0,0.9844531076295036,164,0.0,short,medium,193,False
qwen3_4b,train,20667451,generation_2,7,0,0.9802227020263672,132,0.0,short,medium,157,False
qwen3_4b,train,20667451,generation_3,7,0,0.9836302059037345,159,0.0,short,medium,186,False
qwen3_4b,train,20683499,generation_1,8,3,0.6503525387306581,147,0.375,short,medium,191,False
qwen3_4b,train,20683499,generation_2,8,3,0.6348340567637933,151,0.375,short,medium,197,False
qwen3_4b,train,20683499,generation_3,8,3,0.6027217337395996,166,0.375,short,medium,212,False
qwen3_4b,train,20708777,generation_1,12,0,0.9928498367468516,200,0.0,medium,many,265,False
qwen3_4b,train,20708777,generation_2,12,0,0.9919633716344833,159,0.0,short,many,237,False
qwen3_4b,train,20708777,generation_3,12,0,0.9904248466094335,216,0.0,medium,many,300,False
qwen3_4b,train,20722491,generation_1,20,14,0.2964605616711196,206,0.7,medium,many,266,False
qwen3_4b,train,20722491,generation_2,20,15,0.24289462892920705,145,0.75,short,many,178,False
qwen3_4b,train,20722491,generation_3,20,15,0.24674325512823994,178,0.75,medium,many,220,False
qwen3_4b,train,20801104,generation_1,4,0,0.9765704125165938,125,0.0,short,few,160,False
qwen3_4b,train,20801104,generation_2,4,0,0.9873093366622925,160,0.0,short,few,216,False
qwen3_4b,train,20801104,generation_3,4,0,0.9726330041885376,133,0.0,short,few,173,False
qwen3_4b,train,20806042,generation_1,3,0,0.9951477845509847,165,0.0,short,few,240,False
qwen3_4b,train,20806042,generation_2,3,0,0.996120830376943,156,0.0,short,few,220,False
qwen3_4b,train,20806042,generation_3,3,0,0.9962791005770365,162,0.0,short,few,217,False
qwen3_4b,train,20828385,generation_1,5,2,0.7268764674663544,198,0.4,medium,few,255,False
qwen3_4b,train,20828385,generation_2,5,2,0.6012740634381771,166,0.4,short,few,202,False
qwen3_4b,train,20828385,generation_3,5,1,0.7297340989112854,166,0.2,short,few,209,False
qwen3_4b,train,20846357,generation_1,6,0,0.9588062365849813,169,0.0,short,medium,252,False
qwen3_4b,train,20846357,generation_2,6,3,0.45616121822968125,183,0.5,medium,medium,246,False
qwen3_4b,train,20846357,generation_3,6,4,0.39777738228440285,152,0.6666666666666666,short,medium,209,False
qwen3_4b,train,20854438,generation_1,7,4,0.48104007239453495,165,0.5714285714285714,short,medium,215,False
qwen3_4b,train,20854438,generation_2,7,2,0.686187245018248,185,0.2857142857142857,medium,medium,228,False
qwen3_4b,train,20854438,generation_3,7,4,0.43887111973682685,163,0.5714285714285714,short,medium,207,False
qwen3_4b,train,20949073,generation_1,2,1,0.5054248529486358,183,0.5,medium,few,237,False
qwen3_4b,train,20949073,generation_2,2,1,0.501831408822909,196,0.5,medium,few,244,False
qwen3_4b,train,20949073,generation_3,2,1,0.4986417470645392,187,0.5,medium,few,237,False
qwen3_4b,train,20973483,generation_1,7,4,0.41736116251974764,185,0.5714285714285714,medium,medium,253,False
qwen3_4b,train,20973483,generation_2,7,5,0.34731314810259,153,0.7142857142857143,short,medium,212,False
qwen3_4b,train,20973483,generation_3,7,5,0.2815381905695955,201,0.7142857142857143,medium,medium,276,False
qwen3_4b,train,21059483,generation_1,2,0,0.9748730063438416,156,0.0,short,few,206,False
qwen3_4b,train,21059483,generation_2,2,0,0.9933401346206666,149,0.0,short,few,197,False
qwen3_4b,train,21059483,generation_3,2,1,0.6106853634119034,164,0.5,short,few,216,False
qwen3_4b,train,21070631,generation_1,14,4,0.7395683778699355,236,0.2857142857142857,long,many,301,False
qwen3_4b,train,21070631,generation_2,14,2,0.8527604611590505,239,0.14285714285714285,long,many,306,False
qwen3_4b,train,21070631,generation_3,14,1,0.9079076529347471,182,0.07142857142857142,medium,many,231,False
qwen3_4b,train,21080147,generation_1,9,1,0.8990963912672467,186,0.1111111111111111,medium,medium,256,False
qwen3_4b,train,21080147,generation_2,9,1,0.9200785656770071,233,0.1111111111111111,long,medium,313,False
qwen3_4b,train,21080147,generation_3,9,1,0.8853507691787349,155,0.1111111111111111,short,medium,196,False
qwen3_4b,train,21135151,generation_1,1,0,0.9956759810447692,145,0.0,short,few,190,False
qwen3_4b,train,21135151,generation_2,1,0,0.9953351616859436,159,0.0,short,few,205,False
qwen3_4b,train,21135151,generation_3,1,0,0.995618999004364,140,0.0,short,few,174,False
qwen3_4b,train,21163864,generation_1,2,1,0.49881115276366467,144,0.5,short,few,177,False
qwen3_4b,train,21163864,generation_2,2,1,0.5062985923141241,147,0.5,short,few,183,False
qwen3_4b,train,21163864,generation_3,2,1,0.49860242649447173,149,0.5,short,few,185,False
qwen3_4b,train,21195121,generation_1,12,1,0.8824382784465948,215,0.08333333333333333,medium,many,279,False
qwen3_4b,train,21195121,generation_2,12,1,0.8438166212290525,228,0.08333333333333333,long,many,296,False
qwen3_4b,train,21195121,generation_3,12,2,0.8001997787505388,248,0.16666666666666666,long,many,328,False
qwen3_4b,train,21238926,generation_1,7,2,0.7096979929649804,155,0.2857142857142857,short,medium,229,False
qwen3_4b,train,21238926,generation_2,7,2,0.768432002256824,158,0.2857142857142857,short,medium,198,False
qwen3_4b,train,21238926,generation_3,7,2,0.6664312972155001,186,0.2857142857142857,medium,medium,224,False
qwen3_4b,train,21325775,generation_1,2,1,0.5087997801601886,145,0.5,short,few,166,False
qwen3_4b,train,21325775,generation_2,2,1,0.5173952281475067,123,0.5,short,few,148,False
qwen3_4b,train,21325775,generation_3,2,1,0.5362255237996577,137,0.5,short,few,162,False
qwen3_4b,train,21496008,generation_1,2,0,0.9960849285125732,164,0.0,short,few,210,False
qwen3_4b,train,21496008,generation_2,2,0,0.9948604702949524,167,0.0,short,few,202,False
qwen3_4b,train,21496008,generation_3,2,0,0.9932350218296051,171,0.0,short,few,213,False
qwen3_4b,train,21533187,generation_1,3,0,0.994798501332601,143,0.0,short,few,202,False
qwen3_4b,train,21533187,generation_2,3,0,0.9943406780560812,162,0.0,short,few,230,False
qwen3_4b,train,21533187,generation_3,3,0,0.9951854944229126,195,0.0,medium,few,265,False
qwen3_4b,train,21615796,generation_1,5,1,0.8244478672742843,137,0.2,short,few,184,False
qwen3_4b,train,21615796,generation_2,5,1,0.7981680575758219,189,0.2,medium,few,263,False
qwen3_4b,train,21615796,generation_3,5,1,0.7953709550201893,163,0.2,short,few,233,False
qwen3_4b,train,21666969,generation_1,6,0,0.9918382267157236,201,0.0,medium,medium,244,False
qwen3_4b,train,21666969,generation_2,6,0,0.992173453172048,169,0.0,short,medium,204,False
qwen3_4b,train,21666969,generation_3,6,0,0.9927389522393545,147,0.0,short,medium,184,False
qwen3_4b,train,21682595,generation_1,4,1,0.736597856041044,163,0.25,short,few,202,False
qwen3_4b,train,21682595,generation_2,4,2,0.5322765102609992,151,0.5,short,few,191,False
qwen3_4b,train,21682595,generation_3,4,1,0.7433721052948385,163,0.25,short,few,199,False
qwen3_4b,train,21695597,generation_1,6,2,0.6883944099148115,182,0.3333333333333333,medium,medium,229,False
qwen3_4b,train,21695597,generation_2,6,2,0.6244882841904958,193,0.3333333333333333,medium,medium,258,False
qwen3_4b,train,21695597,generation_3,6,3,0.5601854523022969,181,0.5,medium,medium,229,False
qwen3_4b,train,21699520,generation_1,3,1,0.6704887015124162,166,0.3333333333333333,short,few,206,False
qwen3_4b,train,21699520,generation_2,3,1,0.6715908367186785,147,0.3333333333333333,short,few,185,False
qwen3_4b,train,21699520,generation_3,3,1,0.6696171894048651,179,0.3333333333333333,medium,few,243,False
qwen3_4b,train,21771880,generation_1,3,0,0.9501633445421854,141,0.0,short,few,192,False
qwen3_4b,train,21771880,generation_2,3,0,0.9778173565864563,198,0.0,medium,few,233,False
qwen3_4b,train,21771880,generation_3,3,0,0.9865647753079733,165,0.0,short,few,201,False
qwen3_4b,train,21810259,generation_1,25,7,0.7353178169950843,197,0.28,medium,many,275,False
qwen3_4b,train,21810259,generation_2,25,4,0.8045647849887609,148,0.16,short,many,212,False
qwen3_4b,train,21810259,generation_3,25,1,0.9186430180072784,268,0.04,long,many,355,False
qwen3_4b,train,21904390,generation_1,3,0,0.9949817458788554,230,0.0,long,few,286,False
qwen3_4b,train,21904390,generation_2,3,0,0.9928839604059855,176,0.0,medium,few,219,False
qwen3_4b,train,21904390,generation_3,3,0,0.9930126269658407,161,0.0,short,few,190,False
qwen3_4b,train,21911891,generation_1,2,1,0.5451691932976246,118,0.5,short,few,141,False
qwen3_4b,train,21911891,generation_2,2,1,0.5405557192862034,125,0.5,short,few,150,False
qwen3_4b,train,21911891,generation_3,2,1,0.547969751060009,145,0.5,short,few,171,False
qwen3_4b,train,22048266,generation_1,5,0,0.9732986807823181,214,0.0,medium,few,263,False
qwen3_4b,train,22048266,generation_2,5,0,0.9932884812355042,120,0.0,short,few,149,False
qwen3_4b,train,22048266,generation_3,5,1,0.8127517998218536,123,0.2,short,few,151,False
qwen3_4b,train,22051099,generation_1,6,0,0.9907511274019877,173,0.0,medium,medium,209,False
qwen3_4b,train,22051099,generation_2,6,0,0.9873567223548889,201,0.0,medium,medium,249,False
qwen3_4b,train,22051099,generation_3,6,0,0.9918663700421652,191,0.0,medium,medium,234,False
qwen3_4b,train,22104738,generation_1,3,0,0.9842825333277384,160,0.0,short,few,225,False
qwen3_4b,train,22104738,generation_2,3,0,0.9802318612734476,161,0.0,short,few,221,False
qwen3_4b,train,22104738,generation_3,3,1,0.7364578048388163,204,0.3333333333333333,medium,few,277,False
qwen3_4b,train,22180037,generation_1,4,1,0.8108346909284592,140,0.25,short,few,177,False
qwen3_4b,train,22180037,generation_2,4,0,0.9748520851135255,145,0.0,short,few,182,False
qwen3_4b,train,22180037,generation_3,4,0,0.9648955911397934,129,0.0,short,few,163,False
qwen3_4b,train,22303482,generation_1,30,15,0.5170935212585998,230,0.5,long,many,331,False
qwen3_4b,train,22303482,generation_2,30,18,0.3860579152266534,232,0.6,long,many,326,False
qwen3_4b,train,22303482,generation_3,30,14,0.5251551483292133,219,0.4666666666666667,long,many,311,False
qwen3_4b,train,22808010,generation_1,32,5,0.7964972036502331,203,0.15625,medium,many,278,False
qwen3_4b,train,22808010,generation_2,32,3,0.8977410912507366,205,0.09375,medium,many,295,False
qwen3_4b,train,22808010,generation_3,32,3,0.8913749140992877,219,0.09375,long,many,345,False
qwen3_4b,train,22836123,generation_1,6,1,0.6766747434933981,176,0.16666666666666666,medium,medium,219,False
qwen3_4b,train,22836123,generation_2,6,2,0.6575766885653138,207,0.3333333333333333,medium,medium,247,False
qwen3_4b,train,22836123,generation_3,6,1,0.7674206892649332,190,0.16666666666666666,medium,medium,220,False
qwen3_4b,train,22859398,generation_1,7,1,0.8902056728090558,222,0.14285714285714285,long,medium,278,False
qwen3_4b,train,22859398,generation_2,7,2,0.7778212385518211,172,0.2857142857142857,medium,medium,225,False
qwen3_4b,train,22859398,generation_3,7,1,0.8583663393344197,190,0.14285714285714285,medium,medium,245,False
qwen3_4b,train,23791840,generation_1,15,3,0.7760194970294834,175,0.2,medium,many,241,False
qwen3_4b,train,23791840,generation_2,15,2,0.8496443087855975,212,0.13333333333333333,medium,many,279,False
qwen3_4b,train,23791840,generation_3,15,2,0.8657548751061162,210,0.13333333333333333,medium,many,321,False
qwen3_4b,train,23864035,generation_1,4,0,0.9809561371803284,151,0.0,short,few,188,False
qwen3_4b,train,23864035,generation_2,4,0,0.9824362844228745,202,0.0,medium,few,250,False
qwen3_4b,train,23864035,generation_3,4,0,0.9756984561681747,241,0.0,long,few,298,False
qwen3_4b,train,23949582,generation_1,5,0,0.9837107181549072,158,0.0,short,few,227,False
qwen3_4b,train,23949582,generation_2,5,0,0.9825872421264649,155,0.0,short,few,218,False
qwen3_4b,train,23949582,generation_3,5,0,0.9838629245758057,157,0.0,short,few,220,False
qwen3_4b,train,23952588,generation_1,2,0,0.9840618073940277,150,0.0,short,few,185,False
qwen3_4b,train,23952588,generation_2,2,0,0.9834833145141602,170,0.0,short,few,215,False
qwen3_4b,train,23952588,generation_3,2,0,0.9823409914970398,155,0.0,short,few,198,False
qwen3_4b,train,24055495,generation_1,14,5,0.6917953354173473,197,0.35714285714285715,medium,many,256,False
qwen3_4b,train,24055495,generation_2,14,5,0.6393564119269806,197,0.35714285714285715,medium,many,248,False
qwen3_4b,train,24055495,generation_3,14,6,0.5771877422396626,200,0.42857142857142855,medium,many,255,False
qwen3_4b,train,24100257,generation_1,3,1,0.6713272631168365,156,0.3333333333333333,short,few,221,False
qwen3_4b,train,24100257,generation_2,3,1,0.6167186746994654,142,0.3333333333333333,short,few,199,False
qwen3_4b,train,24100257,generation_3,3,2,0.3360640588992585,116,0.6666666666666666,short,few,166,False
qwen3_4b,train,24126708,generation_1,10,3,0.7200822353363037,234,0.3,long,medium,296,False
qwen3_4b,train,24126708,generation_2,10,4,0.6050239632138983,188,0.4,medium,medium,242,False
qwen3_4b,train,24126708,generation_3,10,3,0.7330381396226584,198,0.3,medium,medium,262,False
qwen3_4b,train,24132704,generation_1,16,7,0.5815016360238587,165,0.4375,short,many,225,False
qwen3_4b,train,24132704,generation_2,16,7,0.5984178355975018,216,0.4375,medium,many,283,False
qwen3_4b,train,24132704,generation_3,16,7,0.5874858501683775,202,0.4375,medium,many,275,False
qwen3_4b,train,2422478,generation_1,4,3,0.32167515764012933,137,0.75,short,few,187,False
qwen3_4b,train,2422478,generation_2,4,1,0.7299942509271204,149,0.25,short,few,198,False
qwen3_4b,train,2422478,generation_3,4,1,0.7406271388754249,157,0.25,short,few,204,False
qwen3_4b,train,24309294,generation_1,10,5,0.48474323430564253,221,0.5,long,medium,299,False
qwen3_4b,train,24309294,generation_2,10,6,0.44229593843920156,248,0.6,long,medium,337,False
qwen3_4b,train,24309294,generation_3,10,1,0.9115574270486831,236,0.1,long,medium,307,False
qwen3_4b,train,24341598,generation_1,6,1,0.8133218176662922,180,0.16666666666666666,medium,medium,227,False
qwen3_4b,train,24341598,generation_2,6,0,0.9781124691168467,210,0.0,medium,medium,270,False
qwen3_4b,train,24341598,generation_3,6,0,0.9600229561328888,125,0.0,short,medium,149,False
qwen3_4b,train,24477591,generation_1,10,1,0.8878189772367477,203,0.1,medium,medium,248,False
qwen3_4b,train,24477591,generation_2,10,1,0.8928940996527672,181,0.1,medium,medium,227,False
qwen3_4b,train,24477591,generation_3,10,1,0.8920581318438053,234,0.1,long,medium,295,False
qwen3_4b,train,24535067,generation_1,7,1,0.8502217062882015,177,0.14285714285714285,medium,medium,235,False
qwen3_4b,train,24535067,generation_2,7,3,0.5107563912336316,158,0.42857142857142855,short,medium,201,False
qwen3_4b,train,24535067,generation_3,7,2,0.7352006573762212,198,0.2857142857142857,medium,medium,263,False
qwen3_4b,train,24587916,generation_1,8,2,0.7729531749791931,173,0.25,medium,medium,227,False
qwen3_4b,train,24587916,generation_2,8,0,0.9819655939936638,156,0.0,short,medium,212,False
qwen3_4b,train,24587916,generation_3,8,0,0.9654201120138168,151,0.0,short,medium,219,False
qwen3_4b,train,24588023,generation_1,1,1,0.0074004917405545,154,1.0,short,few,197,False
qwen3_4b,train,24588023,generation_2,1,1,0.0068412073887884,178,1.0,medium,few,228,False
qwen3_4b,train,24588023,generation_3,1,1,0.0068446979857981,133,1.0,short,few,166,False
qwen3_4b,train,24623966,generation_1,12,5,0.5705271330079995,199,0.4166666666666667,medium,many,248,False
qwen3_4b,train,24623966,generation_2,12,5,0.5695300112674886,207,0.4166666666666667,medium,many,256,False
qwen3_4b,train,24623966,generation_3,12,3,0.6979622531216592,210,0.25,medium,many,257,False
qwen3_4b,train,24632946,generation_1,13,5,0.5933033683003697,162,0.38461538461538464,short,many,207,False
qwen3_4b,train,24632946,generation_2,13,4,0.7223071435023135,225,0.3076923076923077,long,many,332,False
qwen3_4b,train,24632946,generation_3,13,5,0.6194636385995321,258,0.38461538461538464,long,many,328,False
qwen3_4b,train,24709919,generation_1,6,3,0.47617836638043315,206,0.5,medium,medium,252,False
qwen3_4b,train,24709919,generation_2,6,1,0.8023319551721215,125,0.16666666666666666,short,medium,163,False
qwen3_4b,train,24709919,generation_3,6,2,0.624756844403843,227,0.3333333333333333,long,medium,285,False
qwen3_4b,train,24742750,generation_1,2,0,0.9806250929832458,153,0.0,short,few,200,False
qwen3_4b,train,24742750,generation_2,2,0,0.9763360619544983,146,0.0,short,few,191,False
qwen3_4b,train,24742750,generation_3,2,0,0.975168764591217,148,0.0,short,few,188,False
qwen3_4b,train,24743235,generation_1,8,1,0.7818631366826594,164,0.125,short,medium,227,False
qwen3_4b,train,24743235,generation_2,8,4,0.5302272169155913,160,0.5,short,medium,226,False
qwen3_4b,train,24743235,generation_3,8,3,0.6363634411682142,158,0.375,short,medium,238,False
qwen3_4b,train,24768818,generation_1,19,1,0.9213706127652825,212,0.05263157894736842,medium,many,274,False
qwen3_4b,train,24768818,generation_2,19,1,0.9291323041979922,257,0.05263157894736842,long,many,320,False
qwen3_4b,train,24768818,generation_3,19,3,0.8424718837302766,225,0.15789473684210525,long,many,270,False
qwen3_4b,train,24842192,generation_1,20,4,0.8180095799267292,244,0.2,long,many,318,False
qwen3_4b,train,24842192,generation_2,20,2,0.8883552458137274,242,0.1,long,many,323,False
qwen3_4b,train,24842192,generation_3,20,4,0.7856865371621098,227,0.2,long,many,296,False
qwen3_4b,train,24853300,generation_1,12,3,0.6787035688854909,260,0.25,long,many,325,False
qwen3_4b,train,24853300,generation_2,12,4,0.6600690647319425,203,0.3333333333333333,medium,many,267,False
qwen3_4b,train,24853300,generation_3,12,3,0.7345517730306407,198,0.25,medium,many,259,False
qwen3_4b,train,24902786,generation_1,13,8,0.3399429817039233,244,0.6153846153846154,long,many,296,False
qwen3_4b,train,24902786,generation_2,13,8,0.43686788654527986,265,0.6153846153846154,long,many,321,False
qwen3_4b,train,24902786,generation_3,13,6,0.5116959863270705,304,0.46153846153846156,long,many,360,False
qwen3_4b,train,24911645,generation_1,15,3,0.7527683841685454,237,0.2,long,many,318,False
qwen3_4b,train,24911645,generation_2,15,4,0.7811068832874298,253,0.26666666666666666,long,many,347,False
qwen3_4b,train,24911645,generation_3,15,3,0.7299493491649628,172,0.2,medium,many,239,False
qwen3_4b,train,24914936,generation_1,10,5,0.5517188586032716,190,0.5,medium,medium,249,False
qwen3_4b,train,24914936,generation_2,10,5,0.5013042816251982,231,0.5,long,medium,280,False
qwen3_4b,train,24914936,generation_3,10,4,0.6313561221264535,206,0.4,medium,medium,247,False
qwen3_4b,train,24927617,generation_1,8,1,0.8188074473291636,282,0.125,long,medium,349,False
qwen3_4b,train,24927617,generation_2,8,2,0.7690092070261016,227,0.25,long,medium,298,False
qwen3_4b,train,24927617,generation_3,8,1,0.8355508390814066,216,0.125,medium,medium,278,False
qwen3_4b,train,24971338,generation_1,23,13,0.4402076575662131,210,0.5652173913043478,medium,many,275,False
qwen3_4b,train,24971338,generation_2,23,14,0.3790278641105903,241,0.6086956521739131,long,many,317,False
qwen3_4b,train,24971338,generation_3,23,10,0.5579628505112614,229,0.43478260869565216,long,many,300,False
qwen3_4b,train,25054547,generation_1,13,3,0.6985832974851991,172,0.23076923076923078,medium,many,255,False
qwen3_4b,train,25054547,generation_2,13,3,0.7204779797119465,160,0.23076923076923078,short,many,242,False
qwen3_4b,train,25054547,generation_3,13,5,0.636006547541071,202,0.38461538461538464,medium,many,300,False
qwen3_4b,train,25218136,generation_1,15,7,0.5126696767198154,200,0.4666666666666667,medium,many,242,False
qwen3_4b,train,25218136,generation_2,15,7,0.5164192258642288,232,0.4666666666666667,long,many,327,False
qwen3_4b,train,25218136,generation_3,15,6,0.5891960611741525,231,0.4,long,many,276,False
qwen3_4b,train,25263533,generation_1,26,24,0.09759997007887035,218,0.9230769230769231,long,many,290,False
qwen3_4b,train,25263533,generation_2,26,18,0.33543675192049704,258,0.6923076923076923,long,many,373,False
qwen3_4b,train,25263533,generation_3,26,17,0.37581732241680854,217,0.6538461538461539,long,many,291,False
qwen3_4b,train,25305591,generation_1,27,16,0.4384291758706914,271,0.5925925925925926,long,many,360,False
qwen3_4b,train,25305591,generation_2,27,15,0.45105198827675647,191,0.5555555555555556,medium,many,252,False
qwen3_4b,train,25305591,generation_3,27,16,0.4090381845485858,216,0.5925925925925926,medium,many,308,False
qwen3_4b,train,25622904,generation_1,26,12,0.545225555570841,300,0.46153846153846156,long,many,353,False
qwen3_4b,train,25622904,generation_2,26,15,0.4549311987844143,304,0.5769230769230769,long,many,415,False
qwen3_4b,train,25622904,generation_3,26,10,0.619106836660089,279,0.38461538461538464,long,many,341,False
qwen3_4b,train,25946186,generation_1,13,2,0.7648396609494319,199,0.15384615384615385,medium,many,256,False
qwen3_4b,train,25946186,generation_2,13,2,0.8291122573069655,235,0.15384615384615385,long,many,323,False
qwen3_4b,train,25946186,generation_3,13,2,0.7960126038927299,185,0.15384615384615385,medium,many,244,False
qwen3_4b,train,25979836,generation_1,53,25,0.5304974177901695,281,0.4716981132075472,long,many,362,False
qwen3_4b,train,25979836,generation_2,53,26,0.5071598694515349,242,0.49056603773584906,long,many,301,False
qwen3_4b,train,25979836,generation_3,53,29,0.44558588774789143,251,0.5471698113207547,long,many,317,False
qwen3_4b,train,25983002,generation_1,9,1,0.8494728470428122,185,0.1111111111111111,medium,medium,224,False
qwen3_4b,train,25983002,generation_2,9,0,0.9582164486249288,159,0.0,short,medium,205,False
qwen3_4b,train,25983002,generation_3,9,1,0.8671937206139168,204,0.1111111111111111,medium,medium,262,False
qwen3_4b,train,25986755,generation_1,16,4,0.737693091694382,253,0.25,long,many,310,False
qwen3_4b,train,25986755,generation_2,16,6,0.6120502082267194,224,0.375,long,many,277,False
qwen3_4b,train,25986755,generation_3,16,2,0.8431662764924113,261,0.125,long,many,329,False
qwen3_4b,train,26027517,generation_1,31,20,0.3819338943703182,204,0.6451612903225806,medium,many,270,False
qwen3_4b,train,26027517,generation_2,31,13,0.5766449998242728,343,0.41935483870967744,long,many,444,False
qwen3_4b,train,26027517,generation_3,31,19,0.36623009130210354,222,0.6129032258064516,long,many,279,False
qwen3_4b,train,26102294,generation_1,14,3,0.7635051953142725,168,0.21428571428571427,short,many,211,False
qwen3_4b,train,26102294,generation_2,14,4,0.7343462084650777,227,0.2857142857142857,long,many,292,False
qwen3_4b,train,26102294,generation_3,14,2,0.8291640297019123,215,0.14285714285714285,medium,many,267,False
qwen3_4b,train,26115410,generation_1,1,0,0.9763715267181396,110,0.0,short,few,127,False
qwen3_4b,train,26115410,generation_2,1,0,0.9795469641685486,114,0.0,short,few,130,False
qwen3_4b,train,26115410,generation_3,1,0,0.9766995906829834,135,0.0,short,few,157,False
qwen3_4b,train,26270232,generation_1,25,3,0.8621999211772345,198,0.12,medium,many,260,False
qwen3_4b,train,26270232,generation_2,25,4,0.8292854749719845,195,0.16,medium,many,257,False
qwen3_4b,train,26270232,generation_3,25,10,0.5794312482490205,211,0.4,medium,many,284,False
qwen3_4b,train,26411452,generation_1,7,0,0.9637179970741272,243,0.0,long,medium,301,False
qwen3_4b,train,26411452,generation_2,7,1,0.9061713857310159,219,0.14285714285714285,long,medium,286,False
qwen3_4b,train,26411452,generation_3,7,0,0.9708716954503741,191,0.0,medium,medium,244,False
qwen3_4b,train,26516699,generation_1,59,9,0.826669133945824,174,0.15254237288135594,medium,many,242,False
qwen3_4b,train,26516699,generation_2,59,4,0.9291330796429174,189,0.06779661016949153,medium,many,308,False
qwen3_4b,train,26516699,generation_3,59,7,0.87847525879205,164,0.11864406779661017,short,many,254,False
qwen3_4b,train,26731607,generation_1,1,1,0.3318412005901336,206,1.0,medium,few,246,False
qwen3_4b,train,26731607,generation_2,1,1,0.0154008045792579,169,1.0,short,few,203,False
qwen3_4b,train,26731607,generation_3,1,1,0.0605524405837059,148,1.0,short,few,173,False
qwen3_4b,train,27014915,generation_1,21,2,0.8421915912158078,267,0.09523809523809523,long,many,331,False
qwen3_4b,train,27014915,generation_2,21,7,0.6789224422238822,267,0.3333333333333333,long,many,338,False
qwen3_4b,train,27014915,generation_3,21,4,0.8182695916371553,306,0.19047619047619047,long,many,380,False
qwen3_4b,train,27084744,generation_1,30,5,0.8345059656344044,289,0.16666666666666666,long,many,369,False
qwen3_4b,train,27084744,generation_2,30,8,0.7388137198548066,298,0.26666666666666666,long,many,372,False
qwen3_4b,train,27084744,generation_3,30,5,0.8196276570112483,297,0.16666666666666666,long,many,376,False
qwen3_4b,train,27134166,generation_1,14,7,0.5076994882796758,234,0.5,long,many,287,False
qwen3_4b,train,27134166,generation_2,14,3,0.7867814006915849,249,0.21428571428571427,long,many,304,False
qwen3_4b,train,27134166,generation_3,14,7,0.49814574026926745,248,0.5,long,many,294,False
qwen3_4b,train,27172902,generation_1,17,7,0.5991248624743415,278,0.4117647058823529,long,many,374,False
qwen3_4b,train,27172902,generation_2,17,6,0.636016793015776,230,0.35294117647058826,long,many,299,False
qwen3_4b,train,27172902,generation_3,17,7,0.614088564817554,230,0.4117647058823529,long,many,301,False
qwen3_4b,train,27184800,generation_1,5,0,0.905988085269928,151,0.0,short,few,186,False
qwen3_4b,train,27184800,generation_2,5,0,0.9559437155723571,160,0.0,short,few,193,False
qwen3_4b,train,27184800,generation_3,5,0,0.9786314606666565,157,0.0,short,few,197,False
qwen3_4b,train,27248656,generation_1,37,14,0.5875329361482039,194,0.3783783783783784,medium,many,274,False
qwen3_4b,train,27248656,generation_2,37,13,0.6672770603594521,250,0.35135135135135137,long,many,336,False
qwen3_4b,train,27248656,generation_3,37,19,0.5011161625942977,262,0.5135135135135135,long,many,356,False
qwen3_4b,train,27292643,generation_1,6,0,0.9789063235123953,176,0.0,medium,medium,205,False
qwen3_4b,train,27292643,generation_2,6,0,0.9476501941680908,148,0.0,short,medium,169,False
qwen3_4b,train,27292643,generation_3,6,1,0.8222094010561705,194,0.16666666666666666,medium,medium,220,False
qwen3_4b,train,27630165,generation_1,14,3,0.7539406586812609,185,0.21428571428571427,medium,many,266,False
qwen3_4b,train,27630165,generation_2,14,5,0.6676914852578193,184,0.35714285714285715,medium,many,260,False
qwen3_4b,train,27630165,generation_3,14,1,0.9068237734692437,176,0.07142857142857142,medium,many,233,False
qwen3_4b,train,27640183,generation_1,6,0,0.9932205975055695,116,0.0,short,medium,158,False
qwen3_4b,train,27640183,generation_2,6,1,0.8462028329571089,168,0.16666666666666666,short,medium,210,False
qwen3_4b,train,27640183,generation_3,6,0,0.8583713968594869,189,0.0,medium,medium,242,False
qwen3_4b,train,27643404,generation_1,9,0,0.9802905254893832,242,0.0,long,medium,297,False
qwen3_4b,train,27643404,generation_2,9,1,0.8809637739840481,195,0.1111111111111111,medium,medium,242,False
qwen3_4b,train,27643404,generation_3,9,1,0.8905990338987775,211,0.1111111111111111,medium,medium,261,False
qwen3_4b,train,27779699,generation_1,10,0,0.9866595208644867,180,0.0,medium,medium,221,False
qwen3_4b,train,27779699,generation_2,10,0,0.9640334486961365,190,0.0,medium,medium,243,False
qwen3_4b,train,27779699,generation_3,10,0,0.9875504016876221,166,0.0,short,medium,211,False
qwen3_4b,train,27825100,generation_1,10,5,0.5254922993481159,241,0.5,long,medium,299,False
qwen3_4b,train,27825100,generation_2,10,3,0.6749641064554452,264,0.3,long,medium,314,False
qwen3_4b,train,27825100,generation_3,10,1,0.8002361856400967,237,0.1,long,medium,290,False
qwen3_4b,train,27860244,generation_1,19,7,0.6366805117087144,270,0.3684210526315789,long,many,386,False
qwen3_4b,train,27860244,generation_2,19,6,0.6676392107956896,223,0.3157894736842105,long,many,314,False
qwen3_4b,train,27860244,generation_3,19,8,0.5761810122057796,201,0.42105263157894735,medium,many,297,False
qwen3_4b,train,27930654,generation_1,7,0,0.9962143812860761,168,0.0,short,medium,234,False
qwen3_4b,train,27930654,generation_2,7,0,0.9958130376679557,157,0.0,short,medium,216,False
qwen3_4b,train,27930654,generation_3,7,0,0.9935851437704903,177,0.0,medium,medium,233,False
qwen3_4b,train,27941998,generation_1,16,10,0.37867474787344685,157,0.625,short,many,191,False
qwen3_4b,train,27941998,generation_2,16,6,0.5977091442218807,208,0.375,medium,many,274,False
qwen3_4b,train,27941998,generation_3,16,10,0.35485041958600044,181,0.625,medium,many,227,False
qwen3_4b,train,27959382,generation_1,8,3,0.5354407349623216,208,0.375,medium,medium,250,False
qwen3_4b,train,27959382,generation_2,8,3,0.5597623991197906,178,0.375,medium,medium,231,False
qwen3_4b,train,27959382,generation_3,8,5,0.40134909952757875,258,0.625,long,medium,329,False
qwen3_4b,train,27974047,generation_1,24,3,0.8742399956087562,231,0.125,long,many,299,False
qwen3_4b,train,27974047,generation_2,24,5,0.7990624140560006,202,0.20833333333333334,medium,many,263,False
qwen3_4b,train,27974047,generation_3,24,4,0.8270822987348462,224,0.16666666666666666,long,many,306,False
qwen3_4b,train,27999109,generation_1,10,3,0.6892037186597009,217,0.3,long,medium,268,False
qwen3_4b,train,27999109,generation_2,10,3,0.6966926182300085,267,0.3,long,medium,328,False
qwen3_4b,train,27999109,generation_3,10,3,0.735915389447473,212,0.3,medium,medium,269,False
qwen3_4b,train,28075473,generation_1,13,5,0.626340214731709,184,0.38461538461538464,medium,many,256,False
qwen3_4b,train,28075473,generation_2,13,3,0.7410470634886923,200,0.23076923076923078,medium,many,277,False
qwen3_4b,train,28075473,generation_3,13,2,0.8080803591090864,251,0.15384615384615385,long,many,343,False
qwen3_4b,train,28098423,generation_1,10,2,0.808586573600769,200,0.2,medium,medium,234,False
qwen3_4b,train,28098423,generation_2,10,2,0.8201763987541199,174,0.2,medium,medium,221,False
qwen3_4b,train,28098423,generation_3,10,2,0.8081196755170822,221,0.2,long,medium,278,False
qwen3_4b,train,28101574,generation_1,7,3,0.6240830109288383,159,0.42857142857142855,short,medium,194,False
qwen3_4b,train,28101574,generation_2,7,3,0.6572289790908273,216,0.42857142857142855,medium,medium,273,False
qwen3_4b,train,28101574,generation_3,7,4,0.5504543365012589,144,0.5714285714285714,short,medium,181,False
qwen3_4b,train,28148288,generation_1,9,2,0.7080636685455425,167,0.2222222222222222,short,medium,231,False
qwen3_4b,train,28148288,generation_2,9,3,0.6195398009020008,180,0.3333333333333333,medium,medium,250,False
qwen3_4b,train,28148288,generation_3,9,2,0.7299850831429163,224,0.2222222222222222,long,medium,320,False
qwen3_4b,train,28151486,generation_1,8,4,0.5601583985844627,195,0.5,medium,medium,242,False
qwen3_4b,train,28151486,generation_2,8,3,0.5817079970875056,189,0.375,medium,medium,251,False
qwen3_4b,train,28151486,generation_3,8,3,0.6180263615460717,209,0.375,medium,medium,261,False
qwen3_4b,train,28204828,generation_1,16,5,0.6421805593945464,190,0.3125,medium,many,235,False
qwen3_4b,train,28204828,generation_2,16,5,0.6863648019534594,257,0.3125,long,many,316,False
qwen3_4b,train,28204828,generation_3,16,5,0.6552836298506008,226,0.3125,long,many,284,False
qwen3_4b,train,28260056,generation_1,16,4,0.7207515400223201,220,0.25,long,many,297,False
qwen3_4b,train,28260056,generation_2,16,4,0.7145452051190659,174,0.25,medium,many,236,False
qwen3_4b,train,28260056,generation_3,16,8,0.47500803454386187,193,0.5,medium,many,254,False
qwen3_4b,train,28260077,generation_1,16,5,0.6808897186019749,208,0.3125,medium,many,295,False
qwen3_4b,train,28260077,generation_2,16,5,0.6677116099017439,192,0.3125,medium,many,274,False
qwen3_4b,train,28260077,generation_3,16,6,0.6252913159114541,191,0.375,medium,many,270,False
qwen3_4b,train,28260110,generation_1,20,6,0.7392376107512973,236,0.3,long,many,305,False
qwen3_4b,train,28260110,generation_2,20,6,0.6774864464256097,184,0.3,medium,many,248,False
qwen3_4b,train,28260110,generation_3,20,8,0.6387961672116944,247,0.4,long,many,330,False
qwen3_4b,train,28279980,generation_1,17,5,0.6894107960602817,221,0.29411764705882354,long,many,288,False
qwen3_4b,train,28279980,generation_2,17,5,0.6991149049033137,254,0.29411764705882354,long,many,327,False
qwen3_4b,train,28279980,generation_3,17,5,0.7194456945666495,219,0.29411764705882354,long,many,297,False
qwen3_4b,train,28346429,generation_1,7,3,0.5925885908904353,180,0.42857142857142855,medium,medium,213,False
qwen3_4b,train,28346429,generation_2,7,5,0.31603591817214954,184,0.7142857142857143,medium,medium,225,False
qwen3_4b,train,28346429,generation_3,7,4,0.4220891579295442,192,0.5714285714285714,medium,medium,243,False
qwen3_4b,train,28348168,generation_1,3,0,0.9919504721959432,124,0.0,short,few,147,False
qwen3_4b,train,28348168,generation_2,3,0,0.8378130793571472,148,0.0,short,few,171,False
qwen3_4b,train,28348168,generation_3,3,0,0.9936517675717672,167,0.0,short,few,187,False
qwen3_4b,train,28368423,generation_1,18,5,0.6894953646874961,245,0.2777777777777778,long,many,328,False
qwen3_4b,train,28368423,generation_2,18,6,0.6461116345502281,269,0.3333333333333333,long,many,355,False
qwen3_4b,train,28368423,generation_3,18,12,0.3518085772326837,200,0.6666666666666666,medium,many,269,False
qwen3_4b,train,28368537,generation_1,7,1,0.8536733434136424,198,0.14285714285714285,medium,medium,246,False
qwen3_4b,train,28368537,generation_2,7,1,0.857204115816525,188,0.14285714285714285,medium,medium,234,False
qwen3_4b,train,28368537,generation_3,7,0,0.9273356795310974,185,0.0,medium,medium,230,False
qwen3_4b,train,28398555,generation_1,10,2,0.7642528586089611,259,0.2,long,medium,334,False
qwen3_4b,train,28398555,generation_2,10,3,0.7119059512158856,165,0.3,short,medium,217,False
qwen3_4b,train,28398555,generation_3,10,2,0.7900397222489118,215,0.2,medium,medium,288,False
qwen3_4b,train,28411266,generation_1,10,4,0.6059936942532659,187,0.4,medium,medium,241,False
qwen3_4b,train,28411266,generation_2,10,3,0.681399580836296,202,0.3,medium,medium,267,False
qwen3_4b,train,28411266,generation_3,10,6,0.4982663821429014,164,0.6,short,medium,201,False
qwen3_4b,train,28416580,generation_1,16,1,0.8914601209107786,240,0.0625,long,many,318,False
qwen3_4b,train,28416580,generation_2,16,1,0.8795059467665851,255,0.0625,long,many,322,False
qwen3_4b,train,28416580,generation_3,16,4,0.745146272238344,256,0.25,long,many,338,False
qwen3_4b,train,28428256,generation_1,17,6,0.6483378972325762,171,0.35294117647058826,short,many,219,False
qwen3_4b,train,28428256,generation_2,17,9,0.46324510067728725,175,0.5294117647058824,medium,many,227,False
qwen3_4b,train,28428256,generation_3,17,6,0.6437259706307326,252,0.35294117647058826,long,many,318,False
qwen3_4b,train,28468941,generation_1,25,20,0.1972081071475986,242,0.8,long,many,293,False
qwen3_4b,train,28468941,generation_2,25,17,0.3175883450056426,254,0.68,long,many,321,False
qwen3_4b,train,28468941,generation_3,25,19,0.23550745725457087,206,0.76,medium,many,264,False
qwen3_4b,train,28472177,generation_1,36,6,0.8378354258590358,194,0.16666666666666666,medium,many,252,False
qwen3_4b,train,28472177,generation_2,36,5,0.8551621302018854,186,0.1388888888888889,medium,many,256,False
qwen3_4b,train,28472177,generation_3,36,5,0.8560168562030918,202,0.1388888888888889,medium,many,268,False
qwen3_4b,train,28487437,generation_1,13,6,0.5417674296253469,264,0.46153846153846156,long,many,315,False
qwen3_4b,train,28487437,generation_2,13,5,0.6129498962030854,277,0.38461538461538464,long,many,321,False
qwen3_4b,train,28487437,generation_3,13,6,0.5359492527271729,190,0.46153846153846156,medium,many,218,False
qwen3_4b,train,28512644,generation_1,27,11,0.5894999600277515,175,0.4074074074074074,medium,many,249,False
qwen3_4b,train,28512644,generation_2,27,10,0.6281552789894502,257,0.37037037037037035,long,many,356,False
qwen3_4b,train,28512644,generation_3,27,10,0.6262316409319518,180,0.37037037037037035,medium,many,270,False
qwen3_4b,train,28584052,generation_1,5,1,0.8645694196224213,165,0.2,short,few,228,False
qwen3_4b,train,28584052,generation_2,5,1,0.8038681112229824,164,0.2,short,few,228,False
qwen3_4b,train,28584052,generation_3,5,0,0.9934560656547546,184,0.0,medium,few,257,False
qwen3_4b,train,28604678,generation_1,10,10,0.00221200967498586,175,1.0,medium,medium,216,False
qwen3_4b,train,28604678,generation_2,10,9,0.12234443312045182,125,0.9,short,medium,164,False
qwen3_4b,train,28604678,generation_3,10,8,0.19521432491019364,127,0.8,short,medium,165,False
qwen3_4b,train,28650467,generation_1,13,4,0.6987640687170474,233,0.3076923076923077,long,many,313,False
qwen3_4b,train,28650467,generation_2,13,3,0.7845216990950016,244,0.23076923076923078,long,many,343,False
qwen3_4b,train,28650467,generation_3,13,3,0.6981113717461435,238,0.23076923076923078,long,many,303,False
qwen3_4b,train,28660748,generation_1,14,2,0.8245667483923691,254,0.14285714285714285,long,many,325,False
qwen3_4b,train,28660748,generation_2,14,3,0.7607833641315145,209,0.21428571428571427,medium,many,262,False
qwen3_4b,train,28660748,generation_3,14,3,0.7904197706707886,215,0.21428571428571427,medium,many,274,False
qwen3_4b,train,28687665,generation_1,3,0,0.992977519830068,143,0.0,short,few,175,False
qwen3_4b,train,28687665,generation_2,3,0,0.9945203065872192,169,0.0,short,few,212,False
qwen3_4b,train,28687665,generation_3,3,0,0.9943903883298238,143,0.0,short,few,172,False
qwen3_4b,train,28747658,generation_1,27,3,0.8975634253017941,167,0.1111111111111111,short,many,232,False
qwen3_4b,train,28747658,generation_2,27,1,0.9600333603394339,200,0.037037037037037035,medium,many,276,False
qwen3_4b,train,28747658,generation_3,27,1,0.9575873148299892,163,0.037037037037037035,short,many,228,False
qwen3_4b,train,28777492,generation_1,11,1,0.8628511339087378,249,0.09090909090909091,long,many,327,False
qwen3_4b,train,28777492,generation_2,11,2,0.8032112571447876,191,0.18181818181818182,medium,many,254,False
qwen3_4b,train,28777492,generation_3,11,1,0.8928009139966558,209,0.09090909090909091,medium,many,283,False
qwen3_4b,train,28851297,generation_1,16,3,0.779174837138271,236,0.1875,long,many,314,False
qwen3_4b,train,28851297,generation_2,16,4,0.803336556913564,155,0.25,short,many,219,False
qwen3_4b,train,28851297,generation_3,16,3,0.785803962033242,214,0.1875,medium,many,294,False
qwen3_4b,train,28883039,generation_1,10,1,0.9132529526948929,235,0.1,long,medium,298,False
qwen3_4b,train,28883039,generation_2,10,2,0.7690426306799054,172,0.2,medium,medium,221,False
qwen3_4b,train,28883039,generation_3,10,2,0.8049685060977936,174,0.2,medium,medium,224,False
qwen3_4b,train,29045486,generation_1,25,6,0.7486389709822834,197,0.24,medium,many,256,False
qwen3_4b,train,29045486,generation_2,25,6,0.7216957390867174,174,0.24,medium,many,231,False
qwen3_4b,train,29045486,generation_3,25,9,0.6515400810330175,200,0.36,medium,many,255,False
qwen3_4b,train,29222418,generation_1,11,9,0.1801943468533202,218,0.8181818181818182,long,many,340,False
qwen3_4b,train,29222418,generation_2,11,7,0.32875430411579804,264,0.6363636363636364,long,many,420,False
qwen3_4b,train,29222418,generation_3,11,7,0.38688994675943494,183,0.6363636363636364,medium,many,241,False
qwen3_4b,train,30442153,generation_1,38,14,0.6253013437526533,229,0.3684210526315789,long,many,318,False
qwen3_4b,train,30442153,generation_2,38,20,0.46951441126063737,221,0.5263157894736842,long,many,314,False
qwen3_4b,train,30442153,generation_3,38,14,0.6086292603703394,209,0.3684210526315789,medium,many,294,False
qwen3_4b,train,30836660,generation_1,51,33,0.34744678567507187,271,0.6470588235294118,long,many,343,False
qwen3_4b,train,30836660,generation_2,51,47,0.07763679947289771,183,0.9215686274509803,medium,many,226,False
qwen3_4b,train,30836660,generation_3,51,46,0.09319200613804149,180,0.9019607843137255,medium,many,232,False
qwen3_4b,train,7018927,generation_1,4,0,0.9578382372856139,169,0.0,short,few,228,False
qwen3_4b,train,7018927,generation_2,4,1,0.791559275239706,113,0.25,short,few,149,False
qwen3_4b,train,7018927,generation_3,4,0,0.9828245490789413,143,0.0,short,few,187,False
qwen3_4b,train,7468724,generation_1,5,4,0.15885096397250886,270,0.8,long,few,333,False
qwen3_4b,train,7468724,generation_2,5,2,0.49283509608358145,176,0.4,medium,few,215,False
qwen3_4b,train,7468724,generation_3,5,3,0.3956768820062279,173,0.6,medium,few,211,False
qwen3_4b,train,7668252,generation_1,4,3,0.2927741027669981,163,0.75,short,few,231,False
qwen3_4b,train,7668252,generation_2,4,2,0.5082017467357218,157,0.5,short,few,222,False
qwen3_4b,train,7668252,generation_3,4,2,0.4921279060654341,148,0.5,short,few,216,False
qwen3_4b,train,7905839,generation_1,6,0,0.9925423264503479,153,0.0,short,medium,175,False
qwen3_4b,train,7905839,generation_2,6,0,0.9939110477765402,161,0.0,short,medium,184,False
qwen3_4b,train,7905839,generation_3,6,0,0.9875928262869517,175,0.0,medium,medium,207,False
qwen3_4b,train,8002973,generation_1,1,0,0.9977235198020936,172,0.0,medium,few,235,False
qwen3_4b,train,8002973,generation_2,1,0,0.997546374797821,175,0.0,medium,few,228,False
qwen3_4b,train,8002973,generation_3,1,0,0.9976254105567932,160,0.0,short,few,214,False
qwen3_4b,train,8755918,generation_1,2,0,0.9964059293270111,152,0.0,short,few,194,False
qwen3_4b,train,8755918,generation_2,2,0,0.9956412315368652,124,0.0,short,few,155,False
qwen3_4b,train,8755918,generation_3,2,0,0.9950183629989624,164,0.0,short,few,198,False
qwen3_4b,train,9294109,generation_1,2,1,0.5275436341762542,168,0.5,short,few,215,False
qwen3_4b,train,9294109,generation_2,2,1,0.5240583773702383,136,0.5,short,few,166,False
qwen3_4b,train,9294109,generation_3,2,1,0.51026576384902,159,0.5,short,few,194,False
qwen3_4b,train,9647766,generation_1,6,0,0.9873367746671041,240,0.0,long,medium,314,False
qwen3_4b,train,9647766,generation_2,6,1,0.8383376648028692,259,0.16666666666666666,long,medium,337,False
qwen3_4b,train,9647766,generation_3,6,1,0.890596960981687,198,0.16666666666666666,medium,medium,264,False
qwen3_4b,train,9746003,generation_1,6,2,0.6683114895907541,182,0.3333333333333333,medium,medium,258,False
qwen3_4b,train,9746003,generation_2,6,3,0.5080503427113096,199,0.5,medium,medium,254,False
qwen3_4b,train,9746003,generation_3,6,2,0.644692715567847,193,0.3333333333333333,medium,medium,257,False
qwen3_8b,dev,14510914,generation_1,7,3,0.5649794118445632,339,0.42857142857142855,long,medium,409,False
qwen3_8b,dev,14510914,generation_2,7,3,0.5883464861794242,231,0.42857142857142855,long,medium,273,False
qwen3_8b,dev,14510914,generation_3,7,3,0.5280545713446502,262,0.42857142857142855,long,medium,302,False
qwen3_8b,dev,15018851,generation_1,7,3,0.5613446032096233,147,0.42857142857142855,short,medium,198,False
qwen3_8b,dev,15018851,generation_2,7,3,0.5620508547207074,230,0.42857142857142855,long,medium,295,False
qwen3_8b,dev,15018851,generation_3,7,3,0.5455449562785881,194,0.42857142857142855,medium,medium,250,False
qwen3_8b,dev,15041272,generation_1,8,3,0.5352922140154986,210,0.375,medium,medium,266,False
qwen3_8b,dev,15041272,generation_2,8,5,0.3466708057203505,210,0.625,medium,medium,272,False
qwen3_8b,dev,15041272,generation_3,8,4,0.40075364562653704,206,0.5,medium,medium,262,False
qwen3_8b,dev,15069170,generation_1,6,1,0.8134547381196171,150,0.16666666666666666,short,medium,247,False
qwen3_8b,dev,15069170,generation_2,6,1,0.8040596304732995,219,0.16666666666666666,long,medium,319,False
qwen3_8b,dev,15069170,generation_3,6,1,0.8055533868609928,141,0.16666666666666666,short,medium,227,False
qwen3_8b,dev,15086325,generation_1,1,0,0.9961349964141846,172,0.0,medium,few,201,False
qwen3_8b,dev,15086325,generation_2,1,0,0.9959900975227356,161,0.0,short,few,186,False
qwen3_8b,dev,15086325,generation_3,1,0,0.9956753849983216,175,0.0,medium,few,199,False
qwen3_8b,dev,15096016,generation_1,1,0,0.980539083480835,160,0.0,short,few,197,False
qwen3_8b,dev,15096016,generation_2,1,0,0.9811754822731018,193,0.0,medium,few,250,False
qwen3_8b,dev,15096016,generation_3,1,0,0.981713891029358,217,0.0,long,few,272,False
qwen3_8b,dev,15579441,generation_1,5,2,0.6876934066414833,133,0.4,short,few,157,False
qwen3_8b,dev,15579441,generation_2,5,1,0.8034992977976799,152,0.2,short,few,185,False
qwen3_8b,dev,15579441,generation_3,5,2,0.5966702861711382,214,0.4,medium,few,258,False
qwen3_8b,dev,15754732,generation_1,9,1,0.8574263527989388,234,0.1111111111111111,long,medium,295,False
qwen3_8b,dev,15754732,generation_2,9,1,0.8839579483287202,230,0.1111111111111111,long,medium,298,False
qwen3_8b,dev,15754732,generation_3,9,1,0.883799641448099,207,0.1111111111111111,medium,medium,255,False
qwen3_8b,dev,15867855,generation_1,4,0,0.9885765463113785,315,0.0,long,few,451,False
qwen3_8b,dev,15867855,generation_2,4,0,0.950462132692337,171,0.0,short,few,222,False
qwen3_8b,dev,15867855,generation_3,4,0,0.9876449555158615,256,0.0,long,few,331,False
qwen3_8b,dev,15951966,generation_1,2,0,0.9928666353225708,209,0.0,medium,few,253,False
qwen3_8b,dev,15951966,generation_2,2,0,0.9926698505878448,167,0.0,short,few,206,False
qwen3_8b,dev,15951966,generation_3,2,0,0.992696613073349,178,0.0,medium,few,226,False
qwen3_8b,dev,15991002,generation_1,4,1,0.8412180915474892,133,0.25,short,few,164,False
qwen3_8b,dev,15991002,generation_2,4,0,0.8970652371644974,137,0.0,short,few,169,False
qwen3_8b,dev,15991002,generation_3,4,0,0.9608816653490067,148,0.0,short,few,192,False
qwen3_8b,dev,16000134,generation_1,5,2,0.6051988318562508,316,0.4,long,few,440,False
qwen3_8b,dev,16000134,generation_2,5,2,0.662157417088747,198,0.4,medium,few,280,False
qwen3_8b,dev,16000134,generation_3,5,2,0.6371610008180142,254,0.4,long,few,350,False
qwen3_8b,dev,16018252,generation_1,1,0,0.9965134263038636,232,0.0,long,few,284,False
qwen3_8b,dev,16018252,generation_2,1,0,0.9976915121078492,268,0.0,long,few,332,False
qwen3_8b,dev,16018252,generation_3,1,0,0.996917486190796,230,0.0,long,few,283,False
qwen3_8b,dev,16051693,generation_1,5,2,0.5864049658179283,157,0.4,short,few,203,False
qwen3_8b,dev,16051693,generation_2,5,3,0.40973906887229533,149,0.6,short,few,202,False
qwen3_8b,dev,16051693,generation_3,5,3,0.39849036957020867,178,0.6,medium,few,229,False
qwen3_8b,dev,16152606,generation_1,4,0,0.9910016357898712,140,0.0,short,few,174,False
qwen3_8b,dev,16152606,generation_2,4,0,0.9907578825950623,144,0.0,short,few,178,False
qwen3_8b,dev,16152606,generation_3,4,0,0.9895789176225662,161,0.0,short,few,201,False
qwen3_8b,dev,16181814,generation_1,3,1,0.6327463133881489,174,0.3333333333333333,medium,few,216,False
qwen3_8b,dev,16181814,generation_2,3,1,0.6647420407583317,170,0.3333333333333333,short,few,218,False
qwen3_8b,dev,16181814,generation_3,3,1,0.6955224499106407,196,0.3333333333333333,medium,few,248,False
qwen3_8b,dev,16225977,generation_1,8,0,0.9586610794067383,195,0.0,medium,medium,254,False
qwen3_8b,dev,16225977,generation_2,8,1,0.8548308513127267,220,0.125,long,medium,284,False
qwen3_8b,dev,16225977,generation_3,8,1,0.9071471244096756,206,0.125,medium,medium,271,False
qwen3_8b,dev,16277682,generation_1,4,1,0.7464481446659192,159,0.25,short,few,215,False
qwen3_8b,dev,16277682,generation_2,4,1,0.7498844573274255,151,0.25,short,few,192,False
qwen3_8b,dev,16277682,generation_3,4,1,0.7490437128581107,184,0.25,medium,few,243,False
qwen3_8b,dev,16419642,generation_1,4,1,0.7445240784436464,208,0.25,medium,few,263,False
qwen3_8b,dev,16419642,generation_2,4,1,0.7277173334732652,162,0.25,short,few,209,False
qwen3_8b,dev,16419642,generation_3,4,2,0.5526225429493933,171,0.5,short,few,202,False
qwen3_8b,dev,16565833,generation_1,9,2,0.8117206533335977,187,0.2222222222222222,medium,medium,224,False
qwen3_8b,dev,16565833,generation_2,9,1,0.8573154379846527,264,0.1111111111111111,long,medium,328,False
qwen3_8b,dev,16565833,generation_3,9,2,0.7369401767694702,246,0.2222222222222222,long,medium,306,False
qwen3_8b,dev,16611040,generation_1,1,0,0.9944968819618224,220,0.0,long,few,258,False
qwen3_8b,dev,16611040,generation_2,1,0,0.995305836200714,239,0.0,long,few,282,False
qwen3_8b,dev,16611040,generation_3,1,0,0.995271623134613,170,0.0,short,few,195,False
qwen3_8b,dev,16680561,generation_1,5,1,0.7847507087513804,159,0.2,short,few,193,False
qwen3_8b,dev,16680561,generation_2,5,1,0.7873551574535667,207,0.2,medium,few,266,False
qwen3_8b,dev,16680561,generation_3,5,1,0.8053543642163277,158,0.2,short,few,198,False
qwen3_8b,dev,1671881,generation_1,6,3,0.524002902326174,224,0.5,long,medium,305,False
qwen3_8b,dev,1671881,generation_2,6,3,0.4867287057859357,213,0.5,medium,medium,279,False
qwen3_8b,dev,1671881,generation_3,6,1,0.8081376495247241,165,0.16666666666666666,short,medium,227,False
qwen3_8b,dev,16838170,generation_1,14,8,0.42787583383531974,235,0.5714285714285714,long,many,331,False
qwen3_8b,dev,16838170,generation_2,14,9,0.383284933923278,242,0.6428571428571429,long,many,332,False
qwen3_8b,dev,16838170,generation_3,14,11,0.2969887588239674,200,0.7857142857142857,medium,many,272,False
qwen3_8b,dev,16867021,generation_1,12,6,0.5265166612807661,223,0.5,long,many,304,False
qwen3_8b,dev,16867021,generation_2,12,4,0.6549819758317122,267,0.3333333333333333,long,many,387,False
qwen3_8b,dev,16867021,generation_3,12,3,0.75403629654708,280,0.25,long,many,382,False
qwen3_8b,dev,16867246,generation_1,6,3,0.5073045230625818,162,0.5,short,medium,215,False
qwen3_8b,dev,16867246,generation_2,6,3,0.5432828206879398,197,0.5,medium,medium,255,False
qwen3_8b,dev,16867246,generation_3,6,2,0.7019314393401146,189,0.3333333333333333,medium,medium,244,False
qwen3_8b,dev,17033974,generation_1,6,1,0.8277344803015391,185,0.16666666666666666,medium,medium,235,False
qwen3_8b,dev,17033974,generation_2,6,0,0.9285351832707723,209,0.0,medium,medium,286,False
qwen3_8b,dev,17033974,generation_3,6,1,0.8207502995307246,220,0.16666666666666666,long,medium,296,False
qwen3_8b,dev,17042884,generation_1,5,3,0.4053654379211366,147,0.6,short,few,182,False
qwen3_8b,dev,17042884,generation_2,5,0,0.9538165688514709,128,0.0,short,few,165,False
qwen3_8b,dev,17042884,generation_3,5,1,0.7666844398248941,213,0.2,medium,few,281,False
qwen3_8b,dev,17151160,generation_1,8,6,0.2988050754647702,272,0.75,long,medium,345,False
qwen3_8b,dev,17151160,generation_2,8,7,0.19967422523768613,196,0.875,medium,medium,239,False
qwen3_8b,dev,17151160,generation_3,8,5,0.36626600928138936,216,0.625,medium,medium,255,False
qwen3_8b,dev,17255138,generation_1,18,16,0.11198360468147757,244,0.8888888888888888,long,many,307,False
qwen3_8b,dev,17255138,generation_2,18,16,0.11261512178720695,311,0.8888888888888888,long,many,390,False
qwen3_8b,dev,17255138,generation_3,18,16,0.1144111746543785,248,0.8888888888888888,long,many,308,False
qwen3_8b,dev,17297207,generation_1,8,7,0.15453003387665373,172,0.875,medium,medium,210,False
qwen3_8b,dev,17297207,generation_2,8,7,0.13335896370699624,197,0.875,medium,medium,242,False
qwen3_8b,dev,17297207,generation_3,8,7,0.12982640051632185,170,0.875,short,medium,217,False
qwen3_8b,dev,17345627,generation_1,16,8,0.49830484496123967,235,0.5,long,many,293,False
qwen3_8b,dev,17345627,generation_2,16,8,0.4981003641860297,200,0.5,medium,many,245,False
qwen3_8b,dev,17345627,generation_3,16,8,0.5046582261811636,235,0.5,long,many,310,False
qwen3_8b,dev,17384765,generation_1,9,6,0.34968231520421494,268,0.6666666666666666,long,medium,319,False
qwen3_8b,dev,17384765,generation_2,9,5,0.4544728026925845,260,0.5555555555555556,long,medium,324,False
qwen3_8b,dev,17384765,generation_3,9,5,0.44184521921043696,224,0.5555555555555556,long,medium,280,False
qwen3_8b,dev,17395743,generation_1,7,2,0.7058125628973357,213,0.2857142857142857,medium,medium,270,False
qwen3_8b,dev,17395743,generation_2,7,4,0.47648959287575304,205,0.5714285714285714,medium,medium,271,False
qwen3_8b,dev,17395743,generation_3,7,2,0.6766732276550361,156,0.2857142857142857,short,medium,226,False
qwen3_8b,dev,17397547,generation_1,66,37,0.4382777203515588,309,0.5606060606060606,long,many,469,False
qwen3_8b,dev,17397547,generation_2,66,36,0.45789609407603904,259,0.5454545454545454,long,many,415,False
qwen3_8b,dev,17397547,generation_3,66,35,0.4758312463895753,321,0.5303030303030303,long,many,510,True
qwen3_8b,dev,17445520,generation_1,2,2,0.0045598788419737996,266,1.0,long,few,328,False
qwen3_8b,dev,17445520,generation_2,2,2,0.000598861312028,207,1.0,medium,few,235,False
qwen3_8b,dev,17445520,generation_3,2,2,0.00237671926151955,226,1.0,long,few,259,False
qwen3_8b,dev,17549393,generation_1,1,0,0.9925432205200196,166,0.0,short,few,208,False
qwen3_8b,dev,17549393,generation_2,1,0,0.9941158294677734,165,0.0,short,few,208,False
qwen3_8b,dev,17549393,generation_3,1,0,0.9044390320777892,167,0.0,short,few,206,False
qwen3_8b,dev,17600377,generation_1,13,6,0.564177632204239,255,0.46153846153846156,long,many,344,False
qwen3_8b,dev,17600377,generation_2,13,6,0.5370438070430492,211,0.46153846153846156,medium,many,294,False
qwen3_8b,dev,17600377,generation_3,13,5,0.6028855194812283,262,0.38461538461538464,long,many,369,False
qwen3_8b,dev,17608141,generation_1,11,7,0.4101550407199697,234,0.6363636363636364,long,many,285,False
qwen3_8b,dev,17608141,generation_2,11,8,0.2755262697438328,188,0.7272727272727273,medium,many,240,False
qwen3_8b,dev,17608141,generation_3,11,7,0.36242712500759144,195,0.6363636363636364,medium,many,253,False
qwen3_8b,dev,17671735,generation_1,2,0,0.963538259267807,204,0.0,medium,few,268,False
qwen3_8b,dev,17671735,generation_2,2,0,0.9828404784202576,137,0.0,short,few,177,False
qwen3_8b,dev,17671735,generation_3,2,0,0.986733466386795,157,0.0,short,few,205,False
qwen3_8b,dev,17943461,generation_1,19,6,0.7038118806705921,278,0.3157894736842105,long,many,320,False
qwen3_8b,dev,17943461,generation_2,19,3,0.8367220878947257,278,0.15789473684210525,long,many,337,False
qwen3_8b,dev,17943461,generation_3,19,12,0.39260503496839905,244,0.631578947368421,long,many,288,False
qwen3_8b,dev,17962394,generation_1,2,1,0.532272644340992,159,0.5,short,few,232,False
qwen3_8b,dev,17962394,generation_2,2,0,0.9874296486377716,166,0.0,short,few,233,False
qwen3_8b,dev,17962394,generation_3,2,0,0.9862147867679596,160,0.0,short,few,222,False
qwen3_8b,dev,17968299,generation_1,1,0,0.990276336669922,263,0.0,long,few,323,False
qwen3_8b,dev,17968299,generation_2,1,0,0.9863358736038208,160,0.0,short,few,215,False
qwen3_8b,dev,17968299,generation_3,1,0,0.9913978576660156,243,0.0,long,few,298,False
qwen3_8b,dev,18046082,generation_1,1,0,0.9951883554458618,225,0.0,long,few,262,False
qwen3_8b,dev,18046082,generation_2,1,0,0.9943071007728576,210,0.0,medium,few,257,False
qwen3_8b,dev,18046082,generation_3,1,0,0.994558334350586,133,0.0,short,few,157,False
qwen3_8b,dev,18162529,generation_1,21,16,0.2676651795128626,251,0.7619047619047619,long,many,335,False
qwen3_8b,dev,18162529,generation_2,21,12,0.43190997573020423,278,0.5714285714285714,long,many,364,False
qwen3_8b,dev,18162529,generation_3,21,12,0.4179110348368773,235,0.5714285714285714,long,many,303,False
qwen3_8b,dev,18308784,generation_1,6,4,0.356958337360993,167,0.6666666666666666,short,medium,213,False
qwen3_8b,dev,18308784,generation_2,6,3,0.435572340390839,187,0.5,medium,medium,238,False
qwen3_8b,dev,18308784,generation_3,6,4,0.3549859469252017,191,0.6666666666666666,medium,medium,252,False
qwen3_8b,dev,18385794,generation_1,14,6,0.5750765064814394,246,0.42857142857142855,long,many,356,False
qwen3_8b,dev,18385794,generation_2,14,9,0.3326399617695382,185,0.6428571428571429,medium,many,255,False
qwen3_8b,dev,18385794,generation_3,14,6,0.5764963950828782,194,0.42857142857142855,medium,many,287,False
qwen3_8b,dev,18951540,generation_1,1,0,0.9808492064476012,179,0.0,medium,few,228,False
qwen3_8b,dev,18951540,generation_2,1,0,0.9800793528556824,231,0.0,long,few,288,False
qwen3_8b,dev,18951540,generation_3,1,0,0.9698628783226012,162,0.0,short,few,202,False
qwen3_8b,dev,19300402,generation_1,36,25,0.3150316743776784,285,0.6944444444444444,long,many,414,False
qwen3_8b,dev,19300402,generation_2,36,26,0.27687242336145973,348,0.7222222222222222,long,many,469,False
qwen3_8b,dev,19300402,generation_3,36,26,0.29153515799933094,311,0.7222222222222222,long,many,428,False
qwen3_8b,dev,19759529,generation_1,15,8,0.4613221921259537,216,0.5333333333333333,medium,many,270,False
qwen3_8b,dev,19759529,generation_2,15,5,0.6523625902831555,226,0.3333333333333333,long,many,292,False
qwen3_8b,dev,19759529,generation_3,15,7,0.5374592381063849,224,0.4666666666666667,long,many,278,False
qwen3_8b,dev,19880293,generation_1,2,0,0.9903558790683746,166,0.0,short,few,191,False
qwen3_8b,dev,19880293,generation_2,2,0,0.992207795381546,191,0.0,medium,few,225,False
qwen3_8b,dev,19880293,generation_3,2,0,0.9914325177669525,260,0.0,long,few,301,False
qwen3_8b,dev,19914299,generation_1,4,1,0.7904427498579025,178,0.25,medium,few,216,False
qwen3_8b,dev,19914299,generation_2,4,1,0.7865610048174858,139,0.25,short,few,175,False
qwen3_8b,dev,19914299,generation_3,4,2,0.6232432965189219,145,0.5,short,few,187,False
qwen3_8b,dev,20126413,generation_1,1,0,0.988375186920166,226,0.0,long,few,258,False
qwen3_8b,dev,20126413,generation_2,1,0,0.9935218691825868,165,0.0,short,few,224,False
qwen3_8b,dev,20126413,generation_3,1,0,0.9937465190887452,172,0.0,medium,few,222,False
qwen3_8b,dev,20143913,generation_1,1,0,0.988295555114746,230,0.0,long,few,293,False
qwen3_8b,dev,20143913,generation_2,1,0,0.9889230728149414,168,0.0,short,few,224,False
qwen3_8b,dev,20143913,generation_3,1,0,0.990236222743988,192,0.0,medium,few,254,False
qwen3_8b,dev,20195852,generation_1,6,2,0.6510222188274687,189,0.3333333333333333,medium,medium,227,False
qwen3_8b,dev,20195852,generation_2,6,1,0.8193145953118801,203,0.16666666666666666,medium,medium,259,False
qwen3_8b,dev,20195852,generation_3,6,3,0.5372360895077387,209,0.5,medium,medium,251,False
qwen3_8b,dev,20540798,generation_1,5,2,0.5941031646361807,159,0.4,short,few,196,False
qwen3_8b,dev,20540798,generation_2,5,1,0.7948320514522493,166,0.2,short,few,204,False
qwen3_8b,dev,20540798,generation_3,5,1,0.7925788080261554,254,0.2,long,few,323,False
qwen3_8b,dev,20621845,generation_1,10,4,0.5671991075767437,215,0.4,medium,medium,273,False
qwen3_8b,dev,20621845,generation_2,10,4,0.5908337322282022,193,0.4,medium,medium,242,False
qwen3_8b,dev,20621845,generation_3,10,4,0.5884997165994719,162,0.4,short,medium,212,False
qwen3_8b,dev,20682662,generation_1,2,1,0.4975232433062046,162,0.5,short,few,190,False
qwen3_8b,dev,20682662,generation_2,2,1,0.49841506581287837,168,0.5,short,few,189,False
qwen3_8b,dev,20682662,generation_3,2,1,0.4984330856241285,224,0.5,long,few,264,False
qwen3_8b,dev,20801540,generation_1,14,9,0.4128189203661999,244,0.6428571428571429,long,many,317,False
qwen3_8b,dev,20801540,generation_2,14,6,0.5753197766462108,232,0.42857142857142855,long,many,320,False
qwen3_8b,dev,20801540,generation_3,14,7,0.49040104993452716,260,0.5,long,many,337,False
qwen3_8b,dev,20859899,generation_1,13,8,0.40301941915486866,276,0.6153846153846154,long,many,375,False
qwen3_8b,dev,20859899,generation_2,13,8,0.37448566989041865,232,0.6153846153846154,long,many,313,False
qwen3_8b,dev,20859899,generation_3,13,9,0.3155065595817107,233,0.6923076923076923,long,many,316,False
qwen3_8b,dev,20959502,generation_1,14,10,0.30646466615975704,335,0.7142857142857143,long,many,434,False
qwen3_8b,dev,20959502,generation_2,14,3,0.7379216609655747,263,0.21428571428571427,long,many,332,False
qwen3_8b,dev,20959502,generation_3,14,3,0.7783872708678246,237,0.21428571428571427,long,many,316,False
qwen3_8b,dev,21042587,generation_1,21,9,0.5753309588291726,290,0.42857142857142855,long,many,404,False
qwen3_8b,dev,21042587,generation_2,21,8,0.6141483700928456,261,0.38095238095238093,long,many,339,False
qwen3_8b,dev,21042587,generation_3,21,10,0.5587274869377281,262,0.47619047619047616,long,many,354,False
qwen3_8b,dev,21054465,generation_1,2,0,0.9881831109523773,160,0.0,short,few,183,False
qwen3_8b,dev,21054465,generation_2,2,0,0.9908581078052521,221,0.0,long,few,261,False
qwen3_8b,dev,21054465,generation_3,2,0,0.9864122271537781,172,0.0,medium,few,193,False
qwen3_8b,dev,21130517,generation_1,6,0,0.9908306499322256,213,0.0,medium,medium,273,False
qwen3_8b,dev,21130517,generation_2,6,0,0.9898103574911753,155,0.0,short,medium,187,False
qwen3_8b,dev,21130517,generation_3,6,0,0.9925191203753153,237,0.0,long,medium,326,False
qwen3_8b,dev,21799811,generation_1,4,0,0.986370950937271,150,0.0,short,few,192,False
qwen3_8b,dev,21799811,generation_2,4,0,0.984010711312294,130,0.0,short,few,162,False
qwen3_8b,dev,21799811,generation_3,4,0,0.9824819415807724,209,0.0,medium,few,259,False
qwen3_8b,dev,21903317,generation_1,6,0,0.9505751530329386,225,0.0,long,medium,272,False
qwen3_8b,dev,21903317,generation_2,6,1,0.7868452264616886,154,0.16666666666666666,short,medium,195,False
qwen3_8b,dev,21903317,generation_3,6,2,0.6706660566851497,235,0.3333333333333333,long,medium,293,False
qwen3_8b,dev,22711886,generation_1,15,9,0.4894995958486106,243,0.6,long,many,301,False
qwen3_8b,dev,22711886,generation_2,15,11,0.26395246039610354,257,0.7333333333333333,long,many,325,False
qwen3_8b,dev,22711886,generation_3,15,5,0.6192945678039299,209,0.3333333333333333,medium,many,266,False
qwen3_8b,dev,23285048,generation_1,16,6,0.6390251293996698,223,0.375,long,many,287,False
qwen3_8b,dev,23285048,generation_2,16,6,0.5896606255846564,261,0.375,long,many,341,False
qwen3_8b,dev,23285048,generation_3,16,9,0.42708842728461605,252,0.5625,long,many,358,False
qwen3_8b,dev,23651211,generation_1,42,39,0.11089382786615581,217,0.9285714285714286,long,many,321,False
qwen3_8b,dev,23651211,generation_2,42,38,0.09927853240619043,242,0.9047619047619048,long,many,370,False
qwen3_8b,dev,23651211,generation_3,42,26,0.3972410083751172,250,0.6190476190476191,long,many,363,False
qwen3_8b,dev,23872883,generation_1,17,3,0.8398153904606315,197,0.17647058823529413,medium,many,261,False
qwen3_8b,dev,23872883,generation_2,17,6,0.6523638455306783,219,0.35294117647058826,long,many,306,False
qwen3_8b,dev,23872883,generation_3,17,6,0.6720561987775213,252,0.35294117647058826,long,many,331,False
qwen3_8b,dev,24014394,generation_1,16,5,0.6807874781534338,227,0.3125,long,many,298,False
qwen3_8b,dev,24014394,generation_2,16,5,0.6809557728738582,253,0.3125,long,many,322,False
qwen3_8b,dev,24014394,generation_3,16,6,0.6198312261476531,229,0.375,long,many,292,False
qwen3_8b,dev,24036311,generation_1,16,12,0.2576015454396838,231,0.75,long,many,294,False
qwen3_8b,dev,24036311,generation_2,16,11,0.3202257331222427,253,0.6875,long,many,328,False
qwen3_8b,dev,24036311,generation_3,16,12,0.25011324883234914,250,0.75,long,many,325,False
qwen3_8b,dev,24288432,generation_1,10,3,0.7002358894329518,267,0.3,long,medium,346,False
qwen3_8b,dev,24288432,generation_2,10,1,0.9244349002838135,231,0.1,long,medium,294,False
qwen3_8b,dev,24288432,generation_3,10,1,0.9085971623659134,240,0.1,long,medium,316,False
qwen3_8b,dev,24333387,generation_1,16,3,0.8108354807209253,192,0.1875,medium,many,245,False
qwen3_8b,dev,24333387,generation_2,16,3,0.7789958958137504,254,0.1875,long,many,332,False
qwen3_8b,dev,24333387,generation_3,16,1,0.9069281974807382,238,0.0625,long,many,311,False
qwen3_8b,dev,24438483,generation_1,12,5,0.5921690611673208,289,0.4166666666666667,long,many,363,False
qwen3_8b,dev,24438483,generation_2,12,9,0.2626795869534059,368,0.75,long,many,446,False
qwen3_8b,dev,24438483,generation_3,12,5,0.5826798274356406,284,0.4166666666666667,long,many,358,False
qwen3_8b,dev,25080425,generation_1,12,5,0.6006016479611086,227,0.4166666666666667,long,many,283,False
qwen3_8b,dev,25080425,generation_2,12,4,0.6688357506063767,246,0.3333333333333333,long,many,312,False
qwen3_8b,dev,25080425,generation_3,12,4,0.6604649222960385,253,0.3333333333333333,long,many,311,False
qwen3_8b,dev,25119790,generation_1,17,8,0.5315964821202215,264,0.47058823529411764,long,many,333,False
qwen3_8b,dev,25119790,generation_2,17,6,0.620185476667864,269,0.35294117647058826,long,many,336,False
qwen3_8b,dev,25119790,generation_3,17,10,0.4040699189191561,310,0.5882352941176471,long,many,392,False
qwen3_8b,dev,25550469,generation_1,12,7,0.389575064376307,231,0.5833333333333334,long,many,267,False
qwen3_8b,dev,25550469,generation_2,12,10,0.19745242236240293,273,0.8333333333333334,long,many,332,False
qwen3_8b,dev,25550469,generation_3,12,9,0.2631765294645447,229,0.75,long,many,269,False
qwen3_8b,dev,25589620,generation_1,9,4,0.6115676968668898,308,0.4444444444444444,long,medium,489,True
qwen3_8b,dev,25589620,generation_2,9,3,0.6736833123852395,243,0.3333333333333333,long,medium,364,False
qwen3_8b,dev,25589620,generation_3,9,2,0.7261604554951191,268,0.2222222222222222,long,medium,368,False
qwen3_8b,dev,26684240,generation_1,51,4,0.9074440161302667,318,0.0784313725490196,long,many,479,False
qwen3_8b,dev,26684240,generation_2,51,24,0.5275704273785689,288,0.47058823529411764,long,many,375,False
qwen3_8b,dev,26684240,generation_3,51,7,0.8503123701518109,250,0.13725490196078433,long,many,332,False
qwen3_8b,dev,27090298,generation_1,7,5,0.3288530297909996,155,0.7142857142857143,short,medium,190,False
qwen3_8b,dev,27090298,generation_2,7,3,0.5215184422475951,158,0.42857142857142855,short,medium,202,False
qwen3_8b,dev,27090298,generation_3,7,5,0.34347614472998034,160,0.7142857142857143,short,medium,207,False
qwen3_8b,dev,27103577,generation_1,7,7,0.048230047121510924,247,1.0,long,medium,290,False
qwen3_8b,dev,27103577,generation_2,7,5,0.308930195227731,203,0.7142857142857143,medium,medium,251,False
qwen3_8b,dev,27103577,generation_3,7,5,0.26420345038474935,256,0.7142857142857143,long,medium,316,False
qwen3_8b,dev,27491646,generation_1,15,7,0.5197282669415775,275,0.4666666666666667,long,many,347,False
qwen3_8b,dev,27491646,generation_2,15,9,0.440006024055765,261,0.6,long,many,374,False
qwen3_8b,dev,27491646,generation_3,15,6,0.5841071831334071,235,0.4,long,many,302,False
qwen3_8b,dev,27509880,generation_1,16,11,0.32459444717096625,230,0.6875,long,many,315,False
qwen3_8b,dev,27509880,generation_2,16,11,0.3141047732733568,260,0.6875,long,many,357,False
qwen3_8b,dev,27509880,generation_3,16,9,0.43161424738082127,333,0.5625,long,many,452,False
qwen3_8b,dev,27663860,generation_1,8,5,0.422155522450339,203,0.625,medium,medium,270,False
qwen3_8b,dev,27663860,generation_2,8,3,0.6192056272047921,168,0.375,short,medium,236,False
qwen3_8b,dev,27663860,generation_3,8,2,0.7225811244279612,160,0.25,short,medium,225,False
qwen3_8b,dev,27707793,generation_1,5,2,0.5686568230390548,194,0.4,medium,few,259,False
qwen3_8b,dev,27707793,generation_2,5,3,0.4138524256180972,176,0.6,medium,few,233,False
qwen3_8b,dev,27707793,generation_3,5,3,0.47349396739155053,263,0.6,long,few,337,False
qwen3_8b,dev,27729412,generation_1,15,14,0.07416230137944993,253,0.9333333333333333,long,many,302,False
qwen3_8b,dev,27729412,generation_2,15,15,0.016726129170274315,243,1.0,long,many,293,False
qwen3_8b,dev,27729412,generation_3,15,14,0.0793856072540317,239,0.9333333333333333,long,many,288,False
qwen3_8b,dev,27807193,generation_1,8,3,0.5904722471823334,196,0.375,medium,medium,259,False
qwen3_8b,dev,27807193,generation_2,8,3,0.6221408597994014,207,0.375,medium,medium,283,False
qwen3_8b,dev,27807193,generation_3,8,2,0.7381325032838504,184,0.25,medium,medium,254,False
qwen3_8b,dev,27840894,generation_1,2,1,0.49872560426592827,168,0.5,short,few,242,False
qwen3_8b,dev,27840894,generation_2,2,1,0.498700651107356,129,0.5,short,few,204,False
qwen3_8b,dev,27840894,generation_3,2,1,0.49873274454148486,171,0.5,short,few,251,False
qwen3_8b,dev,27860185,generation_1,8,2,0.7433415885316208,157,0.25,short,medium,193,False
qwen3_8b,dev,27860185,generation_2,8,2,0.7479006554931402,153,0.25,short,medium,181,False
qwen3_8b,dev,27860185,generation_3,8,2,0.7401110917562619,214,0.25,medium,medium,253,False
qwen3_8b,dev,27866394,generation_1,19,16,0.1631345104971459,247,0.8421052631578947,long,many,318,False
qwen3_8b,dev,27866394,generation_2,19,11,0.42608365563577727,282,0.5789473684210527,long,many,368,False
qwen3_8b,dev,27866394,generation_3,19,15,0.2186146358940995,236,0.7894736842105263,long,many,306,False
qwen3_8b,dev,28259923,generation_1,12,10,0.18458193803962783,232,0.8333333333333334,long,many,359,False
qwen3_8b,dev,28259923,generation_2,12,8,0.3238583692982501,226,0.6666666666666666,long,many,292,False
qwen3_8b,dev,28259923,generation_3,12,9,0.30220488765432185,230,0.75,long,many,339,False
qwen3_8b,dev,28393239,generation_1,7,3,0.5297751072295276,273,0.42857142857142855,long,medium,349,False
qwen3_8b,dev,28393239,generation_2,7,3,0.6212021227942647,177,0.42857142857142855,medium,medium,219,False
qwen3_8b,dev,28393239,generation_3,7,1,0.753616127085739,173,0.14285714285714285,medium,medium,216,False
qwen3_8b,dev,28518143,generation_1,31,17,0.46548079649519714,292,0.5483870967741935,long,many,371,False
qwen3_8b,dev,28518143,generation_2,31,22,0.28747666398093347,349,0.7096774193548387,long,many,447,False
qwen3_8b,dev,28518143,generation_3,31,22,0.3054754180747324,291,0.7096774193548387,long,many,376,False
qwen3_8b,dev,29049388,generation_1,9,2,0.775396213038928,166,0.2222222222222222,short,medium,209,False
qwen3_8b,dev,29049388,generation_2,9,2,0.7730880906132774,180,0.2222222222222222,medium,medium,241,False
qwen3_8b,dev,29049388,generation_3,9,2,0.7753924686565168,175,0.2222222222222222,medium,medium,212,False
qwen3_8b,dev,29183288,generation_1,33,21,0.36442972752521385,245,0.6363636363636364,long,many,347,False
qwen3_8b,dev,29183288,generation_2,33,21,0.37598160574755934,305,0.6363636363636364,long,many,450,False
qwen3_8b,dev,29183288,generation_3,33,24,0.2840487349727261,261,0.7272727272727273,long,many,396,False
qwen3_8b,dev,6086495,generation_1,1,1,0.0047836666926741,178,1.0,medium,few,205,False
qwen3_8b,dev,6086495,generation_2,1,1,0.0091696791350841,171,1.0,short,few,223,False
qwen3_8b,dev,6086495,generation_3,1,1,0.0207183677703142,145,1.0,short,few,181,False
qwen3_8b,dev,7811247,generation_1,4,1,0.6796468833927065,171,0.25,short,few,239,False
qwen3_8b,dev,7811247,generation_2,4,3,0.20997027489647732,158,0.75,short,few,226,False
qwen3_8b,dev,7811247,generation_3,4,3,0.30162175065197516,161,0.75,short,few,224,False
qwen3_8b,test,15000256,generation_1,6,0,0.9748513400554657,179,0.0,medium,medium,236,False
qwen3_8b,test,15000256,generation_2,6,1,0.8581473752856255,139,0.16666666666666666,short,medium,168,False
qwen3_8b,test,15000256,generation_3,6,2,0.7638164162635803,156,0.3333333333333333,short,medium,199,False
qwen3_8b,test,15036754,generation_1,19,13,0.32829205260465016,221,0.6842105263157895,long,many,332,False
qwen3_8b,test,15036754,generation_2,19,10,0.44258155952526357,263,0.5263157894736842,long,many,386,False
qwen3_8b,test,15036754,generation_3,19,16,0.18348937836095786,262,0.8421052631578947,long,many,408,False
qwen3_8b,test,15111599,generation_1,2,0,0.99612095952034,144,0.0,short,few,190,False
qwen3_8b,test,15111599,generation_2,2,0,0.9954548180103302,183,0.0,medium,few,246,False
qwen3_8b,test,15111599,generation_3,2,0,0.9957107603549957,130,0.0,short,few,188,False
qwen3_8b,test,15130900,generation_1,2,1,0.49792516417801386,186,0.5,medium,few,224,False
qwen3_8b,test,15130900,generation_2,2,1,0.49619119334965944,193,0.5,medium,few,233,False
qwen3_8b,test,15130900,generation_3,2,1,0.4962075413204729,203,0.5,medium,few,247,False
qwen3_8b,test,15233872,generation_1,7,2,0.6750279249224279,191,0.2857142857142857,medium,medium,248,False
qwen3_8b,test,15233872,generation_2,7,4,0.5267600375560245,216,0.5714285714285714,medium,medium,293,False
qwen3_8b,test,15233872,generation_3,7,4,0.5037277178905372,173,0.5714285714285714,medium,medium,243,False
qwen3_8b,test,15459975,generation_1,1,0,0.9941065311431884,194,0.0,medium,few,246,False
qwen3_8b,test,15459975,generation_2,1,0,0.995144248008728,172,0.0,medium,few,228,False
qwen3_8b,test,15459975,generation_3,1,0,0.994925022125244,170,0.0,short,few,224,False
qwen3_8b,test,15464247,generation_1,1,0,0.9952998161315918,182,0.0,medium,few,208,False
qwen3_8b,test,15464247,generation_2,1,1,0.0812298879027366,176,1.0,medium,few,197,False
qwen3_8b,test,15464247,generation_3,1,1,0.4225134551525116,229,1.0,long,few,267,False
qwen3_8b,test,15485686,generation_1,12,1,0.8684314815909602,279,0.08333333333333333,long,many,373,False
qwen3_8b,test,15485686,generation_2,12,1,0.898528858126762,271,0.08333333333333333,long,many,343,False
qwen3_8b,test,15485686,generation_3,12,0,0.9806407988071442,254,0.0,long,many,321,False
qwen3_8b,test,15668505,generation_1,6,2,0.7070930417006215,137,0.3333333333333333,short,medium,183,False
qwen3_8b,test,15668505,generation_2,6,2,0.6610203723733624,139,0.3333333333333333,short,medium,162,False
qwen3_8b,test,15668505,generation_3,6,2,0.6539169158786535,177,0.3333333333333333,medium,medium,208,False
qwen3_8b,test,15673851,generation_1,12,5,0.6019924692033479,252,0.4166666666666667,long,many,308,False
qwen3_8b,test,15673851,generation_2,12,5,0.5930546098388731,263,0.4166666666666667,long,many,331,False
qwen3_8b,test,15673851,generation_3,12,4,0.6863147747547677,257,0.3333333333333333,long,many,323,False
qwen3_8b,test,15811908,generation_1,15,8,0.478213317381839,254,0.5333333333333333,long,many,338,False
qwen3_8b,test,15811908,generation_2,15,6,0.6037800027367969,223,0.4,long,many,306,False
qwen3_8b,test,15811908,generation_3,15,9,0.3931327158119529,194,0.6,medium,many,257,False
qwen3_8b,test,15818664,generation_1,4,1,0.7425063692498952,145,0.25,short,few,181,False
qwen3_8b,test,15818664,generation_2,4,4,0.06777833930391347,267,1.0,long,few,339,False
qwen3_8b,test,15818664,generation_3,4,1,0.8266096636652946,149,0.25,short,few,206,False
qwen3_8b,test,15820770,generation_1,6,1,0.7716260878369212,283,0.16666666666666666,long,medium,395,False
qwen3_8b,test,15820770,generation_2,6,3,0.5684365391959242,214,0.5,medium,medium,258,False
qwen3_8b,test,15820770,generation_3,6,3,0.5673063571254412,186,0.5,medium,medium,228,False
qwen3_8b,test,15824163,generation_1,1,0,0.987281858921051,205,0.0,medium,few,234,False
qwen3_8b,test,15824163,generation_2,1,0,0.977976143360138,236,0.0,long,few,270,False
qwen3_8b,test,15824163,generation_3,1,0,0.9758728742599488,159,0.0,short,few,178,False
qwen3_8b,test,15987266,generation_1,5,4,0.26312961466610424,188,0.8,medium,few,252,False
qwen3_8b,test,15987266,generation_2,5,4,0.20950772108044471,182,0.8,medium,few,241,False
qwen3_8b,test,15987266,generation_3,5,4,0.21002758938120678,162,0.8,short,few,210,False
qwen3_8b,test,16046395,generation_1,3,0,0.9908467928568522,163,0.0,short,few,190,False
qwen3_8b,test,16046395,generation_2,3,1,0.6812741160392761,182,0.3333333333333333,medium,few,219,False
qwen3_8b,test,16046395,generation_3,3,0,0.9958585302035013,199,0.0,medium,few,236,False
qwen3_8b,test,16112787,generation_1,15,5,0.655944821415081,284,0.3333333333333333,long,many,374,False
qwen3_8b,test,16112787,generation_2,15,6,0.6104253251105547,197,0.4,medium,many,270,False
qwen3_8b,test,16112787,generation_3,15,6,0.5941457325864273,249,0.4,long,many,333,False
qwen3_8b,test,16116131,generation_1,2,0,0.9801232218742371,154,0.0,short,few,207,False
qwen3_8b,test,16116131,generation_2,2,0,0.9806207418441772,168,0.0,short,few,226,False
qwen3_8b,test,16116131,generation_3,2,0,0.9787037968635558,133,0.0,short,few,176,False
qwen3_8b,test,16186368,generation_1,3,2,0.340870871519049,153,0.6666666666666666,short,few,208,False
qwen3_8b,test,16186368,generation_2,3,2,0.3387808301486075,144,0.6666666666666666,short,few,184,False
qwen3_8b,test,16186368,generation_3,3,2,0.3422780664016803,150,0.6666666666666666,short,few,189,False
qwen3_8b,test,16252083,generation_1,6,3,0.511035768276391,172,0.5,medium,medium,214,False
qwen3_8b,test,16252083,generation_2,6,3,0.5012299524872409,208,0.5,medium,medium,280,False
qwen3_8b,test,16252083,generation_3,6,3,0.5070845405571163,147,0.5,short,medium,176,False
qwen3_8b,test,16330669,generation_1,7,0,0.9906218307358878,216,0.0,medium,medium,308,False
qwen3_8b,test,16330669,generation_2,7,0,0.9972850169454303,176,0.0,medium,medium,242,False
qwen3_8b,test,16330669,generation_3,7,0,0.9963970099176679,136,0.0,short,medium,180,False
qwen3_8b,test,16428827,generation_1,9,1,0.8053047607342402,196,0.1111111111111111,medium,medium,260,False
qwen3_8b,test,16428827,generation_2,9,3,0.6855201025803884,297,0.3333333333333333,long,medium,399,False
qwen3_8b,test,16428827,generation_3,9,1,0.8731294727573792,260,0.1111111111111111,long,medium,335,False
qwen3_8b,test,16629641,generation_1,13,7,0.4929988560839914,241,0.5384615384615384,long,many,353,False
qwen3_8b,test,16629641,generation_2,13,8,0.39065695407155615,247,0.6153846153846154,long,many,348,False
qwen3_8b,test,16629641,generation_3,13,8,0.3900691085280134,224,0.6153846153846154,long,many,270,False
qwen3_8b,test,16731636,generation_1,11,5,0.5620040069122545,281,0.45454545454545453,long,many,363,False
qwen3_8b,test,16731636,generation_2,11,1,0.8539275283163245,158,0.09090909090909091,short,many,208,False
qwen3_8b,test,16731636,generation_3,11,3,0.7529514445499941,260,0.2727272727272727,long,many,327,False
qwen3_8b,test,16820346,generation_1,7,4,0.420448693621438,136,0.5714285714285714,short,medium,164,False
qwen3_8b,test,16820346,generation_2,7,4,0.42190733992070556,134,0.5714285714285714,short,medium,167,False
qwen3_8b,test,16820346,generation_3,7,3,0.5758035198918411,160,0.42857142857142855,short,medium,189,False
qwen3_8b,test,16840830,generation_1,1,0,0.9956721067428588,147,0.0,short,few,187,False
qwen3_8b,test,16840830,generation_2,1,0,0.9961379170417786,233,0.0,long,few,328,False
qwen3_8b,test,16840830,generation_3,1,0,0.9959996938705444,199,0.0,medium,few,255,False
qwen3_8b,test,16844102,generation_1,24,11,0.5209690461409385,257,0.4583333333333333,long,many,336,False
qwen3_8b,test,16844102,generation_2,24,12,0.5065261884592474,273,0.5,long,many,338,False
qwen3_8b,test,16844102,generation_3,24,12,0.4941037830988837,258,0.5,long,many,325,False
qwen3_8b,test,16849419,generation_1,3,1,0.6583667521675428,228,0.3333333333333333,long,few,307,False
qwen3_8b,test,16849419,generation_2,3,2,0.3684100856383641,158,0.6666666666666666,short,few,232,False
qwen3_8b,test,16849419,generation_3,3,1,0.5647279111047586,147,0.3333333333333333,short,few,217,False
qwen3_8b,test,16970763,generation_1,3,0,0.9945945342381796,149,0.0,short,few,182,False
qwen3_8b,test,16970763,generation_2,3,0,0.9950640797615051,151,0.0,short,few,187,False
qwen3_8b,test,16970763,generation_3,3,0,0.9948176940282186,171,0.0,short,few,220,False
qwen3_8b,test,17003923,generation_1,15,4,0.6945924601828058,259,0.26666666666666666,long,many,396,False
qwen3_8b,test,17003923,generation_2,15,4,0.7650565705883007,262,0.26666666666666666,long,many,342,False
qwen3_8b,test,17003923,generation_3,15,7,0.5165906523354351,219,0.4666666666666667,long,many,370,False
qwen3_8b,test,17059986,generation_1,6,3,0.46359259889868554,181,0.5,medium,medium,246,False
qwen3_8b,test,17059986,generation_2,6,3,0.48324757504936616,169,0.5,short,medium,250,False
qwen3_8b,test,17059986,generation_3,6,3,0.49727505585178733,145,0.5,short,medium,196,False
qwen3_8b,test,17166870,generation_1,3,0,0.9947195649147034,185,0.0,medium,few,232,False
qwen3_8b,test,17166870,generation_2,3,0,0.9905925989151001,190,0.0,medium,few,247,False
qwen3_8b,test,17166870,generation_3,3,0,0.9940188725789388,198,0.0,medium,few,258,False
qwen3_8b,test,17491223,generation_1,2,1,0.49532039416953927,213,0.5,medium,few,249,False
qwen3_8b,test,17491223,generation_2,2,1,0.49578522704541683,222,0.5,long,few,265,False
qwen3_8b,test,17491223,generation_3,2,1,0.49523537419736374,231,0.5,long,few,278,False
qwen3_8b,test,17511042,generation_1,6,4,0.33575884439051146,229,0.6666666666666666,long,medium,279,False
qwen3_8b,test,17511042,generation_2,6,1,0.8026069073627392,190,0.16666666666666666,medium,medium,243,False
qwen3_8b,test,17511042,generation_3,6,3,0.533835645765066,208,0.5,medium,medium,252,False
qwen3_8b,test,17562951,generation_1,5,3,0.3703344121575355,164,0.6,short,few,206,False
qwen3_8b,test,17562951,generation_2,5,4,0.346968924254179,267,0.8,long,few,335,False
qwen3_8b,test,17562951,generation_3,5,2,0.5988348571583628,226,0.4,long,few,287,False
qwen3_8b,test,17879945,generation_1,10,5,0.509997241012752,247,0.5,long,medium,334,False
qwen3_8b,test,17879945,generation_2,10,4,0.5771357759891543,262,0.4,long,medium,329,False
qwen3_8b,test,17879945,generation_3,10,4,0.5743638901680241,232,0.4,long,medium,290,False
qwen3_8b,test,17935240,generation_1,1,0,0.9961626529693604,154,0.0,short,few,186,False
qwen3_8b,test,17935240,generation_2,1,0,0.9960817694664,143,0.0,short,few,170,False
qwen3_8b,test,17935240,generation_3,1,0,0.9964305758476256,143,0.0,short,few,182,False
qwen3_8b,test,18179903,generation_1,3,2,0.33288952044676984,181,0.6666666666666666,medium,few,230,False
qwen3_8b,test,18179903,generation_2,3,2,0.3348006509089221,217,0.6666666666666666,long,few,262,False
qwen3_8b,test,18179903,generation_3,3,2,0.33153023252574104,163,0.6666666666666666,short,few,204,False
qwen3_8b,test,18257781,generation_1,3,0,0.9515565832455953,191,0.0,medium,few,257,False
qwen3_8b,test,18257781,generation_2,3,0,0.9431787729263306,159,0.0,short,few,197,False
qwen3_8b,test,18257781,generation_3,3,0,0.9708875020345052,137,0.0,short,few,172,False
qwen3_8b,test,18399341,generation_1,1,1,0.0023622675798833,166,1.0,short,few,192,False
qwen3_8b,test,18399341,generation_2,1,1,0.0033153519034385,243,1.0,long,few,284,False
qwen3_8b,test,18399341,generation_3,1,1,0.0028745376039296,245,1.0,long,few,275,False
qwen3_8b,test,18439803,generation_1,13,4,0.7523737368532099,198,0.3076923076923077,medium,many,272,False
qwen3_8b,test,18439803,generation_2,13,4,0.6837836699560285,190,0.3076923076923077,medium,many,276,False
qwen3_8b,test,18439803,generation_3,13,3,0.7169039418491033,260,0.23076923076923078,long,many,349,False
qwen3_8b,test,18441470,generation_1,4,2,0.5049864053726196,191,0.5,medium,few,228,False
qwen3_8b,test,18441470,generation_2,4,2,0.4927187205757946,179,0.5,medium,few,218,False
qwen3_8b,test,18441470,generation_3,4,2,0.49770823819562793,239,0.5,long,few,288,False
qwen3_8b,test,18457324,generation_1,15,5,0.6939370833492527,281,0.3333333333333333,long,many,357,False
qwen3_8b,test,18457324,generation_2,15,5,0.6471963122099017,326,0.3333333333333333,long,many,416,False
qwen3_8b,test,18457324,generation_3,15,6,0.6110464705367727,272,0.4,long,many,342,False
qwen3_8b,test,1848636,generation_1,7,5,0.3674880520307591,229,0.7142857142857143,long,medium,314,False
qwen3_8b,test,1848636,generation_2,7,4,0.44966058792280295,216,0.5714285714285714,medium,medium,293,False
qwen3_8b,test,1848636,generation_3,7,5,0.34717047028243536,180,0.7142857142857143,medium,medium,247,False
qwen3_8b,test,18503483,generation_1,5,2,0.5918020964832976,216,0.4,medium,few,259,False
qwen3_8b,test,18503483,generation_2,5,3,0.3941784537164494,179,0.6,medium,few,221,False
qwen3_8b,test,18503483,generation_3,5,2,0.5952530657872558,218,0.4,long,few,257,False
qwen3_8b,test,18507837,generation_1,11,4,0.6499010691556826,198,0.36363636363636365,medium,many,268,False
qwen3_8b,test,18507837,generation_2,11,1,0.8421543700625823,219,0.09090909090909091,long,many,287,False
qwen3_8b,test,18507837,generation_3,11,1,0.897655860579107,270,0.09090909090909091,long,many,347,False
qwen3_8b,test,18991055,generation_1,11,2,0.8791013549674641,171,0.18181818181818182,short,many,236,False
qwen3_8b,test,18991055,generation_2,11,1,0.8569947801191699,177,0.09090909090909091,medium,many,231,False
qwen3_8b,test,18991055,generation_3,11,2,0.8080330541865393,220,0.18181818181818182,long,many,296,False
qwen3_8b,test,19207031,generation_1,2,2,0.0031553148292005,192,1.0,medium,few,241,False
qwen3_8b,test,19207031,generation_2,2,2,0.01929218159057195,205,1.0,medium,few,261,False
qwen3_8b,test,19207031,generation_3,2,2,0.23737225192598993,152,1.0,short,few,196,False
qwen3_8b,test,19208385,generation_1,5,0,0.9951255202293396,200,0.0,medium,few,245,False
qwen3_8b,test,19208385,generation_2,5,0,0.9952946782112122,171,0.0,short,few,217,False
qwen3_8b,test,19208385,generation_3,5,0,0.9958131194114686,232,0.0,long,few,287,False
qwen3_8b,test,19276632,generation_1,11,6,0.5157315834340724,162,0.5454545454545454,short,many,223,False
qwen3_8b,test,19276632,generation_2,11,4,0.6481213278391145,189,0.36363636363636365,medium,many,253,False
qwen3_8b,test,19276632,generation_3,11,3,0.6706854355606165,201,0.2727272727272727,medium,many,276,False
qwen3_8b,test,19353688,generation_1,2,0,0.9980237185955048,196,0.0,medium,few,253,False
qwen3_8b,test,19353688,generation_2,2,0,0.9977830350399017,206,0.0,medium,few,259,False
qwen3_8b,test,19353688,generation_3,2,0,0.9977591335773468,171,0.0,short,few,220,False
qwen3_8b,test,19394258,generation_1,2,0,0.9940723776817322,156,0.0,short,few,189,False
qwen3_8b,test,19394258,generation_2,2,0,0.9957358241081238,163,0.0,short,few,195,False
qwen3_8b,test,19394258,generation_3,2,0,0.9895212054252625,158,0.0,short,few,183,False
qwen3_8b,test,19484664,generation_1,1,0,0.9976438879966736,182,0.0,medium,few,205,False
qwen3_8b,test,19484664,generation_2,1,0,0.9980835914611816,159,0.0,short,few,195,False
qwen3_8b,test,19484664,generation_3,1,0,0.997257649898529,228,0.0,long,few,254,False
qwen3_8b,test,19531695,generation_1,7,3,0.5000979960896075,161,0.42857142857142855,short,medium,202,False
qwen3_8b,test,19531695,generation_2,7,3,0.5732766961944955,160,0.42857142857142855,short,medium,197,False
qwen3_8b,test,19531695,generation_3,7,4,0.4641177047576223,181,0.5714285714285714,medium,medium,227,False
qwen3_8b,test,19565319,generation_1,11,3,0.7188011383934115,204,0.2727272727272727,medium,many,273,False
qwen3_8b,test,19565319,generation_2,11,4,0.630218640059783,201,0.36363636363636365,medium,many,276,False
qwen3_8b,test,19565319,generation_3,11,3,0.7202822179533541,195,0.2727272727272727,medium,many,267,False
qwen3_8b,test,19681452,generation_1,13,1,0.9059604717633472,201,0.07692307692307693,medium,many,260,False
qwen3_8b,test,19681452,generation_2,13,2,0.8280167049602963,241,0.15384615384615385,long,many,314,False
qwen3_8b,test,19681452,generation_3,13,3,0.7565958324569062,210,0.23076923076923078,medium,many,270,False
qwen3_8b,test,19789368,generation_1,10,9,0.12092711870209308,282,0.9,long,medium,341,False
qwen3_8b,test,19789368,generation_2,10,6,0.35818547469098116,230,0.6,long,medium,277,False
qwen3_8b,test,19789368,generation_3,10,9,0.1601711225492181,228,0.9,long,medium,313,False
qwen3_8b,test,19957053,generation_1,4,2,0.4918846648652106,248,0.5,long,few,298,False
qwen3_8b,test,19957053,generation_2,4,1,0.750117402523756,192,0.25,medium,few,231,False
qwen3_8b,test,19957053,generation_3,4,1,0.7178460583090782,168,0.25,short,few,199,False
qwen3_8b,test,20534762,generation_1,2,1,0.6503612697124481,142,0.5,short,few,180,False
qwen3_8b,test,20534762,generation_2,2,0,0.9950968027114868,125,0.0,short,few,153,False
qwen3_8b,test,20534762,generation_3,2,0,0.9937492311000824,162,0.0,short,few,198,False
qwen3_8b,test,20648600,generation_1,14,7,0.4886003341193178,279,0.5,long,many,357,False
qwen3_8b,test,20648600,generation_2,14,8,0.4316553671129181,204,0.5714285714285714,medium,many,246,False
qwen3_8b,test,20648600,generation_3,14,7,0.5325109324995927,192,0.5,medium,many,253,False
qwen3_8b,test,20705401,generation_1,19,8,0.6387090148698342,220,0.42105263157894735,long,many,285,False
qwen3_8b,test,20705401,generation_2,19,2,0.8127158827295429,246,0.10526315789473684,long,many,315,False
qwen3_8b,test,20705401,generation_3,19,6,0.6507345484079499,180,0.3157894736842105,medium,many,234,False
qwen3_8b,test,20709368,generation_1,4,2,0.5036724417004734,164,0.5,short,few,201,False
qwen3_8b,test,20709368,generation_2,4,2,0.5062001170590519,132,0.5,short,few,154,False
qwen3_8b,test,20709368,generation_3,4,2,0.5050553344190121,165,0.5,short,few,207,False
qwen3_8b,test,21126715,generation_1,4,0,0.9953303188085556,198,0.0,medium,few,267,False
qwen3_8b,test,21126715,generation_2,4,0,0.9752447307109833,161,0.0,short,few,204,False
qwen3_8b,test,21126715,generation_3,4,0,0.9956392943859099,166,0.0,short,few,220,False
qwen3_8b,test,21219851,generation_1,4,3,0.25594947091303766,164,0.75,short,few,222,False
qwen3_8b,test,21219851,generation_2,4,3,0.25031166427652346,135,0.75,short,few,189,False
qwen3_8b,test,21219851,generation_3,4,3,0.2493783296195033,146,0.75,short,few,201,False
qwen3_8b,test,21405999,generation_1,14,6,0.5678144385081915,242,0.42857142857142855,long,many,328,False
qwen3_8b,test,21405999,generation_2,14,6,0.5639204315417113,215,0.42857142857142855,medium,many,281,False
qwen3_8b,test,21405999,generation_3,14,6,0.5697408651010066,210,0.42857142857142855,medium,many,286,False
qwen3_8b,test,21684788,generation_1,4,0,0.9897594600915908,125,0.0,short,few,152,False
qwen3_8b,test,21684788,generation_2,4,0,0.9801632016897202,167,0.0,short,few,222,False
qwen3_8b,test,21684788,generation_3,4,0,0.9956244379281998,135,0.0,short,few,189,False
qwen3_8b,test,21750150,generation_1,8,4,0.5140025254804641,191,0.5,medium,medium,229,False
qwen3_8b,test,21750150,generation_2,8,4,0.49556340428534895,212,0.5,medium,medium,255,False
qwen3_8b,test,21750150,generation_3,8,2,0.7594519042759202,186,0.25,medium,medium,223,False
qwen3_8b,test,21879313,generation_1,20,11,0.488321415464452,228,0.55,long,many,317,False
qwen3_8b,test,21879313,generation_2,20,7,0.6726825165125774,278,0.35,long,many,362,False
qwen3_8b,test,21879313,generation_3,20,7,0.67387898228626,233,0.35,long,many,310,False
qwen3_8b,test,21976953,generation_1,1,0,0.9963167905807496,163,0.0,short,few,212,False
qwen3_8b,test,21976953,generation_2,1,0,0.9963294863700868,129,0.0,short,few,167,False
qwen3_8b,test,21976953,generation_3,1,0,0.9962366223335266,182,0.0,medium,few,239,False
qwen3_8b,test,22369755,generation_1,32,24,0.2532762463888502,230,0.75,long,many,306,False
qwen3_8b,test,22369755,generation_2,32,23,0.28195301154710245,263,0.71875,long,many,412,False
qwen3_8b,test,22369755,generation_3,32,22,0.31059074738777775,277,0.6875,long,many,422,False
qwen3_8b,test,22729903,generation_1,6,1,0.8229821342101786,186,0.16666666666666666,medium,medium,246,False
qwen3_8b,test,22729903,generation_2,6,0,0.9863918920358022,164,0.0,short,medium,208,False
qwen3_8b,test,22729903,generation_3,6,1,0.8235568539239466,202,0.16666666666666666,medium,medium,254,False
qwen3_8b,test,23069675,generation_1,15,10,0.3435130239095694,234,0.6666666666666666,long,many,295,False
qwen3_8b,test,23069675,generation_2,15,10,0.3341723681194707,237,0.6666666666666666,long,many,307,False
qwen3_8b,test,23069675,generation_3,15,10,0.3491154894640204,211,0.6666666666666666,medium,many,269,False
qwen3_8b,test,24114426,generation_1,4,0,0.9810091555118561,171,0.0,short,few,225,False
qwen3_8b,test,24114426,generation_2,4,0,0.9829565435647964,220,0.0,long,few,273,False
qwen3_8b,test,24114426,generation_3,4,0,0.9817159473896026,182,0.0,medium,few,240,False
qwen3_8b,test,24442316,generation_1,21,8,0.6028562937142505,285,0.38095238095238093,long,many,381,False
qwen3_8b,test,24442316,generation_2,21,9,0.5691287504790429,247,0.42857142857142855,long,many,340,False
qwen3_8b,test,24442316,generation_3,21,10,0.5131124394538347,246,0.47619047619047616,long,many,336,False
qwen3_8b,test,24671324,generation_1,9,2,0.7250108779925439,184,0.2222222222222222,medium,medium,237,False
qwen3_8b,test,24671324,generation_2,9,4,0.5674865043515133,157,0.4444444444444444,short,medium,208,False
qwen3_8b,test,24671324,generation_3,9,4,0.5632209768777506,279,0.4444444444444444,long,medium,411,False
qwen3_8b,test,24717468,generation_1,4,1,0.7600837610661983,152,0.25,short,few,175,False
qwen3_8b,test,24717468,generation_2,4,0,0.981286957859993,270,0.0,long,few,303,False
qwen3_8b,test,24717468,generation_3,4,0,0.9800676852464676,188,0.0,medium,few,217,False
qwen3_8b,test,24739405,generation_1,5,0,0.8858866095542908,192,0.0,medium,few,228,False
qwen3_8b,test,24739405,generation_2,5,0,0.9585158348083496,185,0.0,medium,few,219,False
qwen3_8b,test,24739405,generation_3,5,1,0.7541617736220358,167,0.2,short,few,210,False
qwen3_8b,test,24840785,generation_1,8,1,0.7561293273465708,267,0.125,long,medium,336,False
qwen3_8b,test,24840785,generation_2,8,2,0.7327163489535451,225,0.25,long,medium,304,False
qwen3_8b,test,24840785,generation_3,8,3,0.599595759762451,276,0.375,long,medium,369,False
qwen3_8b,test,2491010,generation_1,1,1,0.2351846098899841,160,1.0,short,few,186,False
qwen3_8b,test,2491010,generation_2,1,1,0.0083345081657171,235,1.0,long,few,287,False
qwen3_8b,test,2491010,generation_3,1,1,0.028405986726284,156,1.0,short,few,189,False
qwen3_8b,test,25006961,generation_1,12,10,0.26044217734791647,231,0.8333333333333334,long,many,292,False
qwen3_8b,test,25006961,generation_2,12,8,0.3118734589661471,250,0.6666666666666666,long,many,338,False
qwen3_8b,test,25006961,generation_3,12,9,0.2968198611755118,225,0.75,long,many,295,False
qwen3_8b,test,25277705,generation_1,45,41,0.09340705702812147,307,0.9111111111111111,long,many,476,False
qwen3_8b,test,25277705,generation_2,45,40,0.13626019285519655,351,0.8888888888888888,long,many,517,True
qwen3_8b,test,25277705,generation_3,45,40,0.11319038069858729,300,0.8888888888888888,long,many,395,False
qwen3_8b,test,25874935,generation_1,10,8,0.19003295569273174,299,0.8,long,medium,384,False
qwen3_8b,test,25874935,generation_2,10,9,0.15256098975951313,218,0.9,long,medium,288,False
qwen3_8b,test,25874935,generation_3,10,9,0.14922501944092798,248,0.9,long,medium,322,False
qwen3_8b,test,26110643,generation_1,23,9,0.6093470076302765,267,0.391304347826087,long,many,388,False
qwen3_8b,test,26110643,generation_2,23,9,0.6114655625791309,273,0.391304347826087,long,many,419,False
qwen3_8b,test,26110643,generation_3,23,9,0.6080811170844675,246,0.391304347826087,long,many,389,False
qwen3_8b,test,26449539,generation_1,41,30,0.28585166142537916,253,0.7317073170731707,long,many,377,False
qwen3_8b,test,26449539,generation_2,41,25,0.35257194276292886,265,0.6097560975609756,long,many,351,False
qwen3_8b,test,26449539,generation_3,41,30,0.26714167939555805,264,0.7317073170731707,long,many,362,False
qwen3_8b,test,26615423,generation_1,6,4,0.3344578989005336,189,0.6666666666666666,medium,medium,232,False
qwen3_8b,test,26615423,generation_2,6,2,0.6349407439120114,146,0.3333333333333333,short,medium,177,False
qwen3_8b,test,26615423,generation_3,6,4,0.3443678717594594,182,0.6666666666666666,medium,medium,220,False
qwen3_8b,test,26847345,generation_1,11,7,0.3673525106542828,185,0.6363636363636364,medium,many,242,False
qwen3_8b,test,26847345,generation_2,11,7,0.398934170349755,151,0.6363636363636364,short,many,201,False
qwen3_8b,test,26847345,generation_3,11,5,0.6150119423188947,201,0.45454545454545453,medium,many,269,False
qwen3_8b,test,26900322,generation_1,5,2,0.600420921575278,134,0.4,short,few,181,False
qwen3_8b,test,26900322,generation_2,5,2,0.6021463015116751,173,0.4,medium,few,230,False
qwen3_8b,test,26900322,generation_3,5,2,0.5994840726256371,193,0.4,medium,few,261,False
qwen3_8b,test,26937641,generation_1,107,103,0.03733372918839309,224,0.9626168224299065,long,many,277,False
qwen3_8b,test,26937641,generation_2,107,103,0.03732686602074221,184,0.9626168224299065,medium,many,220,False
qwen3_8b,test,26937641,generation_3,107,103,0.03732905818993182,278,0.9626168224299065,long,many,357,False
qwen3_8b,test,26991973,generation_1,3,3,0.023219711768130435,179,1.0,medium,few,243,False
qwen3_8b,test,26991973,generation_2,3,3,0.015130662941373834,170,1.0,short,few,244,False
qwen3_8b,test,26991973,generation_3,3,3,0.10585569341977434,169,1.0,short,few,210,False
qwen3_8b,test,27384305,generation_1,11,7,0.4138478623314189,245,0.6363636363636364,long,many,317,False
qwen3_8b,test,27384305,generation_2,11,4,0.6236020317883231,312,0.36363636363636365,long,many,411,False
qwen3_8b,test,27384305,generation_3,11,5,0.5210279616294429,292,0.45454545454545453,long,many,365,False
qwen3_8b,test,27464336,generation_1,14,5,0.5147653071741972,234,0.35714285714285715,long,many,330,False
qwen3_8b,test,27464336,generation_2,14,5,0.6595204214266103,225,0.35714285714285715,long,many,288,False
qwen3_8b,test,27464336,generation_3,14,11,0.22996954491827634,222,0.7857142857142857,long,many,323,False
qwen3_8b,test,27798239,generation_1,15,3,0.7638130560517311,229,0.2,long,many,328,False
qwen3_8b,test,27798239,generation_2,15,3,0.8130597829818725,230,0.2,long,many,327,False
qwen3_8b,test,27798239,generation_3,15,4,0.7284790367819369,227,0.26666666666666666,long,many,319,False
qwen3_8b,test,27959387,generation_1,31,12,0.5785680114884951,244,0.3870967741935484,long,many,316,False
qwen3_8b,test,27959387,generation_2,31,21,0.35775295648894706,233,0.6774193548387096,long,many,336,False
qwen3_8b,test,27959387,generation_3,31,19,0.3736705136637488,315,0.6129032258064516,long,many,392,False
qwen3_8b,test,27993978,generation_1,5,3,0.27049723511445334,149,0.6,short,few,185,False
qwen3_8b,test,27993978,generation_2,5,3,0.4176487674412782,220,0.6,long,few,278,False
qwen3_8b,test,27993978,generation_3,5,1,0.7702007656916976,174,0.2,medium,few,209,False
qwen3_8b,test,28068934,generation_1,4,0,0.9747593700885773,116,0.0,short,few,151,False
qwen3_8b,test,28068934,generation_2,4,0,0.9937417358160019,237,0.0,long,few,307,False
qwen3_8b,test,28068934,generation_3,4,0,0.9735693037509918,163,0.0,short,few,210,False
qwen3_8b,test,28481876,generation_1,7,2,0.7038098988040085,220,0.2857142857142857,long,medium,256,False
qwen3_8b,test,28481876,generation_2,7,2,0.7099113105962586,232,0.2857142857142857,long,medium,303,False
qwen3_8b,test,28481876,generation_3,7,1,0.836184360286487,246,0.14285714285714285,long,medium,298,False
qwen3_8b,test,28684635,generation_1,8,2,0.6670567851397209,173,0.25,medium,medium,211,False
qwen3_8b,test,28684635,generation_2,8,4,0.5326172694476554,206,0.5,medium,medium,284,False
qwen3_8b,test,28684635,generation_3,8,3,0.6195444152399432,247,0.375,long,medium,310,False
qwen3_8b,test,28846666,generation_1,43,17,0.6121069094596625,286,0.3953488372093023,long,many,408,False
qwen3_8b,test,28846666,generation_2,43,15,0.6325954856174364,272,0.3488372093023256,long,many,374,False
qwen3_8b,test,28846666,generation_3,43,17,0.5859939334474147,266,0.3953488372093023,long,many,388,False
qwen3_8b,test,8829135,generation_1,8,3,0.6413374235853553,222,0.375,long,medium,285,False
qwen3_8b,test,8829135,generation_2,8,1,0.8591039553284644,197,0.125,medium,medium,255,False
qwen3_8b,test,8829135,generation_3,8,0,0.9667603373527527,225,0.0,long,medium,293,False
qwen3_8b,test,9672936,generation_1,2,1,0.4977797297760843,145,0.5,short,few,175,False
qwen3_8b,test,9672936,generation_2,2,1,0.498238769825548,168,0.5,short,few,208,False
qwen3_8b,test,9672936,generation_3,2,1,0.4975101428572088,268,0.5,long,few,326,False
qwen3_8b,train,10491763,generation_1,3,0,0.9766359726587931,196,0.0,medium,few,233,False
qwen3_8b,train,10491763,generation_2,3,0,0.973194936911265,175,0.0,medium,few,204,False
qwen3_8b,train,10491763,generation_3,3,0,0.9642954667409261,164,0.0,short,few,198,False
qwen3_8b,train,10788334,generation_1,8,3,0.6185875051887706,289,0.375,long,medium,343,False
qwen3_8b,train,10788334,generation_2,8,3,0.6232044554199092,194,0.375,medium,medium,238,False
qwen3_8b,train,10788334,generation_3,8,1,0.8319478388875723,199,0.125,medium,medium,237,False
qwen3_8b,train,11009181,generation_1,4,0,0.9807225912809372,146,0.0,short,few,207,False
qwen3_8b,train,11009181,generation_2,4,0,0.9822350293397902,156,0.0,short,few,209,False
qwen3_8b,train,11009181,generation_3,4,0,0.9664424955844879,159,0.0,short,few,217,False
qwen3_8b,train,11054569,generation_1,5,0,0.9864860057830811,135,0.0,short,few,164,False
qwen3_8b,train,11054569,generation_2,5,0,0.9744806289672852,146,0.0,short,few,179,False
qwen3_8b,train,11054569,generation_3,5,0,0.8448328852653504,140,0.0,short,few,167,False
qwen3_8b,train,11773892,generation_1,6,2,0.6990460647890965,281,0.3333333333333333,long,medium,330,False
qwen3_8b,train,11773892,generation_2,6,1,0.8177101040879885,236,0.16666666666666666,long,medium,277,False
qwen3_8b,train,11773892,generation_3,6,2,0.640817062308391,280,0.3333333333333333,long,medium,342,False
qwen3_8b,train,12442272,generation_1,2,0,0.9817771911621094,154,0.0,short,few,193,False
qwen3_8b,train,12442272,generation_2,2,0,0.8764409422874451,158,0.0,short,few,195,False
qwen3_8b,train,12442272,generation_3,2,1,0.5123943351209163,171,0.5,short,few,203,False
qwen3_8b,train,1353340,generation_1,2,1,0.49954118742607534,169,0.5,short,few,224,False
qwen3_8b,train,1353340,generation_2,2,1,0.49993637809529895,205,0.5,medium,few,262,False
qwen3_8b,train,1353340,generation_3,2,1,0.49891713092802087,216,0.5,medium,few,281,False
qwen3_8b,train,14722929,generation_1,1,0,0.9948933124542236,167,0.0,short,few,205,False
qwen3_8b,train,14722929,generation_2,1,0,0.996121108531952,161,0.0,short,few,206,False
qwen3_8b,train,14722929,generation_3,1,0,0.9963954091072084,176,0.0,medium,few,210,False
qwen3_8b,train,15033202,generation_1,1,0,0.997538924217224,145,0.0,short,few,202,False
qwen3_8b,train,15033202,generation_2,1,0,0.9974677562713624,145,0.0,short,few,184,False
qwen3_8b,train,15033202,generation_3,1,0,0.9974752068519592,154,0.0,short,few,202,False
qwen3_8b,train,15042318,generation_1,5,3,0.3966886720852926,183,0.6,medium,few,224,False
qwen3_8b,train,15042318,generation_2,5,3,0.39331176791456524,173,0.6,medium,few,208,False
qwen3_8b,train,15042318,generation_3,5,3,0.3929779465950559,217,0.6,long,few,258,False
qwen3_8b,train,15064320,generation_1,3,0,0.9938002030054728,179,0.0,medium,few,229,False
qwen3_8b,train,15064320,generation_2,3,0,0.9929734071095785,255,0.0,long,few,380,False
qwen3_8b,train,15064320,generation_3,3,0,0.97721399863561,226,0.0,long,few,299,False
qwen3_8b,train,15075188,generation_1,19,3,0.8339019425605473,251,0.15789473684210525,long,many,395,False
qwen3_8b,train,15075188,generation_2,19,4,0.8039623492544419,215,0.21052631578947367,medium,many,331,False
qwen3_8b,train,15075188,generation_3,19,5,0.6900588833500239,213,0.2631578947368421,medium,many,315,False
qwen3_8b,train,15099351,generation_1,6,2,0.669722561724484,135,0.3333333333333333,short,medium,165,False
qwen3_8b,train,15099351,generation_2,6,2,0.6647408441640437,199,0.3333333333333333,medium,medium,242,False
qwen3_8b,train,15099351,generation_3,6,3,0.5203472874903431,216,0.5,medium,medium,261,False
qwen3_8b,train,15122708,generation_1,6,0,0.9958483080069224,203,0.0,medium,medium,288,False
qwen3_8b,train,15122708,generation_2,6,0,0.9963889122009277,226,0.0,long,medium,318,False
qwen3_8b,train,15122708,generation_3,6,0,0.9946306844552358,164,0.0,short,medium,204,False
qwen3_8b,train,15122711,generation_1,9,1,0.8547883446638783,162,0.1111111111111111,short,medium,209,False
qwen3_8b,train,15122711,generation_2,9,0,0.9390117658509148,237,0.0,long,medium,299,False
qwen3_8b,train,15122711,generation_3,9,0,0.9806527892748514,226,0.0,long,medium,295,False
qwen3_8b,train,15145918,generation_1,16,3,0.8137222883524373,233,0.1875,long,many,304,False
qwen3_8b,train,15145918,generation_2,16,4,0.7283509660628624,255,0.25,long,many,332,False
qwen3_8b,train,15145918,generation_3,16,5,0.71223452873528,263,0.3125,long,many,340,False
qwen3_8b,train,15177686,generation_1,1,1,0.0003165105299558,163,1.0,short,few,213,False
qwen3_8b,train,15177686,generation_2,1,1,0.0002217632863903,167,1.0,short,few,227,False
qwen3_8b,train,15177686,generation_3,1,1,0.0002041067782556,195,1.0,medium,few,257,False
qwen3_8b,train,15184369,generation_1,4,2,0.46207904536277056,161,0.5,short,few,203,False
qwen3_8b,train,15184369,generation_2,4,3,0.258877282962203,177,0.75,medium,few,242,False
qwen3_8b,train,15184369,generation_3,4,3,0.24778453950420948,144,0.75,short,few,193,False
qwen3_8b,train,15188772,generation_1,4,1,0.7374355199281126,160,0.25,short,few,184,False
qwen3_8b,train,15188772,generation_2,4,1,0.7530784625560045,247,0.25,long,few,285,False
qwen3_8b,train,15188772,generation_3,4,2,0.5180199164897203,154,0.5,short,few,181,False
qwen3_8b,train,15191352,generation_1,6,1,0.8929492980241776,199,0.16666666666666666,medium,medium,242,False
qwen3_8b,train,15191352,generation_2,6,2,0.7131829373344468,141,0.3333333333333333,short,medium,171,False
qwen3_8b,train,15191352,generation_3,6,1,0.7960956285241991,172,0.16666666666666666,medium,medium,229,False
qwen3_8b,train,15198485,generation_1,4,0,0.9862953871488571,153,0.0,short,few,188,False
qwen3_8b,train,15198485,generation_2,4,0,0.9845152795314789,227,0.0,long,few,286,False
qwen3_8b,train,15198485,generation_3,4,0,0.9827130138874055,172,0.0,medium,few,212,False
qwen3_8b,train,15200408,generation_1,6,0,0.9948646624883016,162,0.0,short,medium,215,False
qwen3_8b,train,15200408,generation_2,6,0,0.993291954199473,241,0.0,long,medium,315,False
qwen3_8b,train,15200408,generation_3,6,0,0.9931665857632955,182,0.0,medium,medium,231,False
qwen3_8b,train,15241482,generation_1,2,0,0.9953059554100037,152,0.0,short,few,182,False
qwen3_8b,train,15241482,generation_2,2,0,0.9957410991191864,187,0.0,medium,few,224,False
qwen3_8b,train,15241482,generation_3,2,0,0.9947032928466798,208,0.0,medium,few,246,False
qwen3_8b,train,15266215,generation_1,5,1,0.8016291260719299,223,0.2,long,few,306,False
qwen3_8b,train,15266215,generation_2,5,1,0.7878812149632722,191,0.2,medium,few,259,False
qwen3_8b,train,15266215,generation_3,5,1,0.8038493409752846,246,0.2,long,few,333,False
qwen3_8b,train,15278670,generation_1,8,4,0.4299834272242151,190,0.5,medium,medium,235,False
qwen3_8b,train,15278670,generation_2,8,4,0.5396440992481075,246,0.5,long,medium,299,False
qwen3_8b,train,15278670,generation_3,8,6,0.3317557406553533,165,0.75,short,medium,207,False
qwen3_8b,train,15459183,generation_1,6,1,0.8295286802264551,173,0.16666666666666666,medium,medium,214,False
qwen3_8b,train,15459183,generation_2,6,1,0.8327976611132423,195,0.16666666666666666,medium,medium,252,False
qwen3_8b,train,15459183,generation_3,6,1,0.8528361842036247,176,0.16666666666666666,medium,medium,210,False
qwen3_8b,train,15523499,generation_1,12,6,0.501442066549013,185,0.5,medium,many,229,False
qwen3_8b,train,15523499,generation_2,12,6,0.5011472358989219,126,0.5,short,many,161,False
qwen3_8b,train,15523499,generation_3,12,9,0.25754103172221215,179,0.75,medium,many,225,False
qwen3_8b,train,15599941,generation_1,4,0,0.9946783185005188,146,0.0,short,few,179,False
qwen3_8b,train,15599941,generation_2,4,0,0.9942550361156464,134,0.0,short,few,156,False
qwen3_8b,train,15599941,generation_3,4,0,0.9918933510780333,216,0.0,medium,few,256,False
qwen3_8b,train,15602202,generation_1,4,0,0.9393944144248962,175,0.0,medium,few,206,False
qwen3_8b,train,15602202,generation_2,4,1,0.764698751270771,190,0.25,medium,few,214,False
qwen3_8b,train,15602202,generation_3,4,0,0.9609354734420776,207,0.0,medium,few,229,False
qwen3_8b,train,15609295,generation_1,5,0,0.9901285886764526,248,0.0,long,few,314,False
qwen3_8b,train,15609295,generation_2,5,1,0.8562841355800629,219,0.2,long,few,273,False
qwen3_8b,train,15609295,generation_3,5,0,0.985753309726715,224,0.0,long,few,280,False
qwen3_8b,train,15614572,generation_1,15,1,0.9088393876949946,204,0.06666666666666667,medium,many,274,False
qwen3_8b,train,15614572,generation_2,15,2,0.8548480813701947,241,0.13333333333333333,long,many,330,False
qwen3_8b,train,15614572,generation_3,15,1,0.9196454659104347,276,0.06666666666666667,long,many,388,False
qwen3_8b,train,15623763,generation_1,11,4,0.6336999149908397,197,0.36363636363636365,medium,many,275,False
qwen3_8b,train,15623763,generation_2,11,2,0.7488532201810316,274,0.18181818181818182,long,many,374,False
qwen3_8b,train,15623763,generation_3,11,2,0.8131808977658775,225,0.18181818181818182,long,many,327,False
qwen3_8b,train,15630069,generation_1,14,4,0.7264576523032572,250,0.2857142857142857,long,many,300,False
qwen3_8b,train,15630069,generation_2,14,4,0.7410448539469924,282,0.2857142857142857,long,many,330,False
qwen3_8b,train,15630069,generation_3,14,7,0.4906194984713303,251,0.5,long,many,296,False
qwen3_8b,train,15649253,generation_1,4,0,0.9321175366640091,161,0.0,short,few,178,False
qwen3_8b,train,15649253,generation_2,4,2,0.4878954922314732,172,0.5,medium,few,198,False
qwen3_8b,train,15649253,generation_3,4,2,0.6392490640282631,132,0.5,short,few,147,False
qwen3_8b,train,15686794,generation_1,3,0,0.8550770084063212,289,0.0,long,few,365,False
qwen3_8b,train,15686794,generation_2,3,0,0.9547938505808512,170,0.0,short,few,205,False
qwen3_8b,train,15686794,generation_3,3,1,0.7845308780670166,303,0.3333333333333333,long,few,385,False
qwen3_8b,train,15748645,generation_1,3,1,0.6258773443599542,151,0.3333333333333333,short,few,177,False
qwen3_8b,train,15748645,generation_2,3,3,0.13060927453140414,164,1.0,short,few,178,False
qwen3_8b,train,15748645,generation_3,3,2,0.28664698296537,178,0.6666666666666666,medium,few,196,False
qwen3_8b,train,15749661,generation_1,14,1,0.9023597782943398,268,0.07142857142857142,long,many,328,False
qwen3_8b,train,15749661,generation_2,14,4,0.6872172795410734,225,0.2857142857142857,long,many,285,False
qwen3_8b,train,15749661,generation_3,14,3,0.779575682471789,271,0.21428571428571427,long,many,360,False
qwen3_8b,train,15755837,generation_1,5,0,0.9847769856452941,224,0.0,long,few,264,False
qwen3_8b,train,15755837,generation_2,5,1,0.8626026690006257,158,0.2,short,few,188,False
qwen3_8b,train,15755837,generation_3,5,0,0.9821710109710693,190,0.0,medium,few,228,False
qwen3_8b,train,15770495,generation_1,8,0,0.973073422908783,151,0.0,short,medium,213,False
qwen3_8b,train,15770495,generation_2,8,5,0.388203052803874,136,0.625,short,medium,190,False
qwen3_8b,train,15770495,generation_3,8,5,0.4626118624582886,160,0.625,short,medium,221,False
qwen3_8b,train,15807692,generation_1,1,0,0.991051435470581,161,0.0,short,few,197,False
qwen3_8b,train,15807692,generation_2,1,0,0.993777632713318,201,0.0,medium,few,232,False
qwen3_8b,train,15807692,generation_3,1,0,0.9935182929039,134,0.0,short,few,166,False
qwen3_8b,train,15814629,generation_1,4,0,0.9931789040565491,160,0.0,short,few,183,False
qwen3_8b,train,15814629,generation_2,4,0,0.9746493697166443,136,0.0,short,few,157,False
qwen3_8b,train,15814629,generation_3,4,0,0.9953433871269225,237,0.0,long,few,277,False
qwen3_8b,train,15817013,generation_1,3,2,0.35083990606168897,206,0.6666666666666666,medium,few,230,False
qwen3_8b,train,15817013,generation_2,3,3,0.07284928206354377,161,1.0,short,few,185,False
qwen3_8b,train,15817013,generation_3,3,2,0.30591661265740794,280,0.6666666666666666,long,few,330,False
qwen3_8b,train,15851735,generation_1,2,0,0.9880040287971497,192,0.0,medium,few,274,False
qwen3_8b,train,15851735,generation_2,2,0,0.9886131882667542,147,0.0,short,few,192,False
qwen3_8b,train,15851735,generation_3,2,0,0.9867883324623108,160,0.0,short,few,196,False
qwen3_8b,train,15858223,generation_1,9,7,0.24762186863356161,244,0.7777777777777778,long,medium,318,False
qwen3_8b,train,15858223,generation_2,9,7,0.2954245388326752,242,0.7777777777777778,long,medium,312,False
qwen3_8b,train,15858223,generation_3,9,7,0.2564799802946961,230,0.7777777777777778,long,medium,308,False
qwen3_8b,train,15859361,generation_1,7,1,0.8184675528401775,240,0.14285714285714285,long,medium,304,False
qwen3_8b,train,15859361,generation_2,7,2,0.7054181004558424,175,0.2857142857142857,medium,medium,232,False
qwen3_8b,train,15859361,generation_3,7,1,0.8424669491609426,164,0.14285714285714285,short,medium,207,False
qwen3_8b,train,15893386,generation_1,1,0,0.9820652604103088,241,0.0,long,few,288,False
qwen3_8b,train,15893386,generation_2,1,0,0.9807631969451904,233,0.0,long,few,288,False
qwen3_8b,train,15893386,generation_3,1,0,0.9810404181480408,254,0.0,long,few,309,False
qwen3_8b,train,15897593,generation_1,21,0,0.9828803539276123,294,0.0,long,many,394,False
qwen3_8b,train,15897593,generation_2,21,0,0.9698181322642735,281,0.0,long,many,378,False
qwen3_8b,train,15897593,generation_3,21,0,0.9789436714989799,246,0.0,long,many,335,False
qwen3_8b,train,15957009,generation_1,12,5,0.6172932373980681,262,0.4166666666666667,long,many,366,False
qwen3_8b,train,15957009,generation_2,12,6,0.5308020886344215,229,0.5,long,many,310,False
qwen3_8b,train,15957009,generation_3,12,4,0.6616615102393553,234,0.3333333333333333,long,many,310,False
qwen3_8b,train,15970799,generation_1,13,0,0.9934367399949294,218,0.0,long,many,322,False
qwen3_8b,train,15970799,generation_2,13,0,0.9919567750050471,247,0.0,long,many,339,False
qwen3_8b,train,15970799,generation_3,13,1,0.9430201237018292,181,0.07692307692307693,medium,many,260,False
qwen3_8b,train,15983230,generation_1,14,0,0.9585019094603402,208,0.0,medium,many,343,False
qwen3_8b,train,15983230,generation_2,14,2,0.8706659094916956,258,0.14285714285714285,long,many,322,False
qwen3_8b,train,15983230,generation_3,14,2,0.8875956269247192,259,0.14285714285714285,long,many,343,False
qwen3_8b,train,16001362,generation_1,4,0,0.9949734061956406,167,0.0,short,few,214,False
qwen3_8b,train,16001362,generation_2,4,2,0.6207496230490506,218,0.5,long,few,317,False
qwen3_8b,train,16001362,generation_3,4,1,0.7503921017050743,190,0.25,medium,few,246,False
qwen3_8b,train,16005363,generation_1,1,0,0.995712161064148,155,0.0,short,few,196,False
qwen3_8b,train,16005363,generation_2,1,0,0.9961554408073424,136,0.0,short,few,183,False
qwen3_8b,train,16005363,generation_3,1,0,0.9929929971694946,215,0.0,medium,few,262,False
qwen3_8b,train,16120104,generation_1,1,0,0.9925049543380736,167,0.0,short,few,211,False
qwen3_8b,train,16120104,generation_2,1,0,0.9934707880020142,174,0.0,medium,few,214,False
qwen3_8b,train,16120104,generation_3,1,0,0.9942856431007384,143,0.0,short,few,184,False
qwen3_8b,train,16157158,generation_1,2,0,0.9918521344661713,161,0.0,short,few,199,False
qwen3_8b,train,16157158,generation_2,2,0,0.9915979504585266,159,0.0,short,few,183,False
qwen3_8b,train,16157158,generation_3,2,0,0.9928126335144042,215,0.0,medium,few,292,False
qwen3_8b,train,16158428,generation_1,3,0,0.996616780757904,149,0.0,short,few,200,False
qwen3_8b,train,16158428,generation_2,3,0,0.9966938694318136,164,0.0,short,few,222,False
qwen3_8b,train,16158428,generation_3,3,0,0.9967332681020101,148,0.0,short,few,187,False
qwen3_8b,train,16160878,generation_1,7,2,0.6961276785004884,152,0.2857142857142857,short,medium,197,False
qwen3_8b,train,16160878,generation_2,7,1,0.7952503561973572,170,0.14285714285714285,short,medium,225,False
qwen3_8b,train,16160878,generation_3,7,1,0.8235483786889485,155,0.14285714285714285,short,medium,203,False
qwen3_8b,train,16167916,generation_1,7,2,0.7016551648931844,162,0.2857142857142857,short,medium,220,False
qwen3_8b,train,16167916,generation_2,7,4,0.434158213349292,191,0.5714285714285714,medium,medium,256,False
qwen3_8b,train,16167916,generation_3,7,4,0.4832976597411159,155,0.5714285714285714,short,medium,203,False
qwen3_8b,train,16200390,generation_1,1,1,0.3979169428348541,162,1.0,short,few,196,False
qwen3_8b,train,16200390,generation_2,1,0,0.5337216854095459,141,0.0,short,few,171,False
qwen3_8b,train,16200390,generation_3,1,0,0.8753225207328796,161,0.0,short,few,183,False
qwen3_8b,train,16288197,generation_1,10,2,0.7974040204659104,175,0.2,medium,medium,261,False
qwen3_8b,train,16288197,generation_2,10,0,0.9939790010452271,212,0.0,medium,medium,279,False
qwen3_8b,train,16288197,generation_3,10,1,0.8935933772474527,235,0.1,long,medium,351,False
qwen3_8b,train,16288199,generation_1,4,0,0.9500716030597687,201,0.0,medium,few,283,False
qwen3_8b,train,16288199,generation_2,4,0,0.9927299171686172,177,0.0,medium,few,207,False
qwen3_8b,train,16288199,generation_3,4,0,0.9911628663539886,205,0.0,medium,few,247,False
qwen3_8b,train,16309808,generation_1,6,2,0.5932166986167431,256,0.3333333333333333,long,medium,317,False
qwen3_8b,train,16309808,generation_2,6,5,0.23346634558402,225,0.8333333333333334,long,medium,277,False
qwen3_8b,train,16309808,generation_3,6,2,0.6265354574037095,227,0.3333333333333333,long,medium,274,False
qwen3_8b,train,16321363,generation_1,3,0,0.8958959182103475,197,0.0,medium,few,276,False
qwen3_8b,train,16321363,generation_2,3,0,0.9088850418726603,154,0.0,short,few,209,False
qwen3_8b,train,16321363,generation_3,3,1,0.7751701573530833,174,0.3333333333333333,medium,few,233,False
qwen3_8b,train,16364460,generation_1,5,1,0.7877959690988063,169,0.2,short,few,217,False
qwen3_8b,train,16364460,generation_2,5,1,0.8120416671037674,173,0.2,medium,few,229,False
qwen3_8b,train,16364460,generation_3,5,1,0.8062988564372062,200,0.2,medium,few,251,False
qwen3_8b,train,16369751,generation_1,11,7,0.3753072909206491,208,0.6363636363636364,medium,many,295,False
qwen3_8b,train,16369751,generation_2,11,6,0.46052750530229375,227,0.5454545454545454,long,many,310,False
qwen3_8b,train,16369751,generation_3,11,4,0.6314910991032693,189,0.36363636363636365,medium,many,263,False
qwen3_8b,train,16391785,generation_1,7,3,0.5284832560615281,216,0.42857142857142855,medium,medium,297,False
qwen3_8b,train,16391785,generation_2,7,3,0.5605059744058443,236,0.42857142857142855,long,medium,300,False
qwen3_8b,train,16391785,generation_3,7,5,0.29149360495752513,204,0.7142857142857143,medium,medium,264,False
qwen3_8b,train,16410744,generation_1,5,2,0.6730312205851078,160,0.4,short,few,234,False
qwen3_8b,train,16410744,generation_2,5,1,0.7357369408011436,162,0.2,short,few,218,False
qwen3_8b,train,16410744,generation_3,5,2,0.6346072256565094,149,0.4,short,few,205,False
qwen3_8b,train,16412238,generation_1,5,2,0.619987003132701,154,0.4,short,few,193,False
qwen3_8b,train,16412238,generation_2,5,1,0.7980140272527934,182,0.2,medium,few,234,False
qwen3_8b,train,16412238,generation_3,5,2,0.6985774587839841,159,0.4,short,few,203,False
qwen3_8b,train,16418600,generation_1,1,0,0.9959279894828796,110,0.0,short,few,134,False
qwen3_8b,train,16418600,generation_2,1,0,0.988952100276947,150,0.0,short,few,180,False
qwen3_8b,train,16418600,generation_3,1,0,0.9972123503684998,178,0.0,medium,few,224,False
qwen3_8b,train,16506214,generation_1,8,1,0.8662422259803861,208,0.125,medium,medium,260,False
qwen3_8b,train,16506214,generation_2,8,1,0.8655997632304206,227,0.125,long,medium,279,False
qwen3_8b,train,16506214,generation_3,8,1,0.8664521551690996,185,0.125,medium,medium,231,False
qwen3_8b,train,16541406,generation_1,2,0,0.9948582649230957,147,0.0,short,few,181,False
qwen3_8b,train,16541406,generation_2,2,0,0.9951332211494446,219,0.0,long,few,240,False
qwen3_8b,train,16541406,generation_3,2,0,0.9943833649158478,159,0.0,short,few,180,False
qwen3_8b,train,16543197,generation_1,6,0,0.9885037243366241,140,0.0,short,medium,181,False
qwen3_8b,train,16543197,generation_2,6,0,0.9952621757984161,146,0.0,short,medium,204,False
qwen3_8b,train,16543197,generation_3,6,0,0.990736186504364,187,0.0,medium,medium,235,False
qwen3_8b,train,16574712,generation_1,2,2,0.010570452082902151,202,1.0,medium,few,238,False
qwen3_8b,train,16574712,generation_2,2,2,0.030532531440258,168,1.0,short,few,190,False
qwen3_8b,train,16574712,generation_3,2,2,0.00344356970163055,150,1.0,short,few,175,False
qwen3_8b,train,16574713,generation_1,6,1,0.8412506754199663,176,0.16666666666666666,medium,medium,221,False
qwen3_8b,train,16574713,generation_2,6,0,0.922684371471405,178,0.0,medium,medium,236,False
qwen3_8b,train,16574713,generation_3,6,1,0.8825880090395609,158,0.16666666666666666,short,medium,202,False
qwen3_8b,train,16575011,generation_1,6,0,0.9836220145225525,234,0.0,long,medium,289,False
qwen3_8b,train,16575011,generation_2,6,1,0.8815577775239944,187,0.16666666666666666,medium,medium,234,False
qwen3_8b,train,16575011,generation_3,6,0,0.9829571942488352,186,0.0,medium,medium,237,False
qwen3_8b,train,16584858,generation_1,41,0,0.9839085689405116,313,0.0,long,many,391,False
qwen3_8b,train,16584858,generation_2,41,2,0.9541370476164469,249,0.04878048780487805,long,many,318,False
qwen3_8b,train,16584858,generation_3,41,5,0.8823317603929332,279,0.12195121951219512,long,many,364,False
qwen3_8b,train,16586083,generation_1,7,0,0.9627511756760734,271,0.0,long,medium,330,False
qwen3_8b,train,16586083,generation_2,7,0,0.9789774588176182,202,0.0,medium,medium,254,False
qwen3_8b,train,16586083,generation_3,7,0,0.9829712510108948,241,0.0,long,medium,300,False
qwen3_8b,train,16596970,generation_1,3,0,0.9802475770314535,165,0.0,short,few,204,False
qwen3_8b,train,16596970,generation_2,3,0,0.9818793137868246,186,0.0,medium,few,239,False
qwen3_8b,train,16596970,generation_3,3,0,0.98039710521698,203,0.0,medium,few,259,False
qwen3_8b,train,16634859,generation_1,1,0,0.9805456399917604,158,0.0,short,few,186,False
qwen3_8b,train,16634859,generation_2,1,0,0.9337744116783142,173,0.0,medium,few,206,False
qwen3_8b,train,16634859,generation_3,1,0,0.977957546710968,187,0.0,medium,few,212,False
qwen3_8b,train,16720068,generation_1,38,19,0.5150590383135224,300,0.5,long,many,393,False
qwen3_8b,train,16720068,generation_2,38,26,0.30333969707288283,294,0.6842105263157895,long,many,404,False
qwen3_8b,train,16720068,generation_3,38,29,0.24746955495548284,247,0.7631578947368421,long,many,337,False
qwen3_8b,train,16725121,generation_1,19,8,0.5762702153128645,287,0.42105263157894735,long,many,377,False
qwen3_8b,train,16725121,generation_2,19,8,0.5751970925814117,298,0.42105263157894735,long,many,391,False
qwen3_8b,train,16725121,generation_3,19,10,0.514950499779508,270,0.5263157894736842,long,many,353,False
qwen3_8b,train,16737910,generation_1,2,0,0.9958948791027069,172,0.0,medium,few,238,False
qwen3_8b,train,16737910,generation_2,2,0,0.9934371709823608,172,0.0,medium,few,209,False
qwen3_8b,train,16737910,generation_3,2,0,0.9943273365497589,242,0.0,long,few,345,False
qwen3_8b,train,16755009,generation_1,9,1,0.8756499660925733,243,0.1111111111111111,long,medium,314,False
qwen3_8b,train,16755009,generation_2,9,1,0.8707770576002076,218,0.1111111111111111,long,medium,283,False
qwen3_8b,train,16755009,generation_3,9,1,0.8739682800239987,223,0.1111111111111111,long,medium,281,False
qwen3_8b,train,16781314,generation_1,3,0,0.9967871308326721,187,0.0,medium,few,244,False
qwen3_8b,train,16781314,generation_2,3,0,0.9963900844256083,235,0.0,long,few,307,False
qwen3_8b,train,16781314,generation_3,3,0,0.9965284665425619,203,0.0,medium,few,292,False
qwen3_8b,train,16786513,generation_1,7,4,0.4338796144750501,261,0.5714285714285714,long,medium,360,False
qwen3_8b,train,16786513,generation_2,7,2,0.7111581742896566,197,0.2857142857142857,medium,medium,261,False
qwen3_8b,train,16786513,generation_3,7,4,0.4344351124351046,239,0.5714285714285714,long,medium,340,False
qwen3_8b,train,16801510,generation_1,5,3,0.3895883178338408,198,0.6,medium,few,240,False
qwen3_8b,train,16801510,generation_2,5,3,0.3832628102973103,225,0.6,long,few,277,False
qwen3_8b,train,16801510,generation_3,5,3,0.39861816428601743,287,0.6,long,few,346,False
qwen3_8b,train,16810074,generation_1,12,6,0.5070714086759835,246,0.5,long,many,333,False
qwen3_8b,train,16810074,generation_2,12,7,0.44450118734190863,288,0.5833333333333334,long,many,376,False
qwen3_8b,train,16810074,generation_3,12,8,0.34638801380060613,282,0.6666666666666666,long,many,373,False
qwen3_8b,train,16822828,generation_1,1,0,0.996307134628296,185,0.0,medium,few,262,False
qwen3_8b,train,16822828,generation_2,1,0,0.99003404378891,142,0.0,short,few,184,False
qwen3_8b,train,16822828,generation_3,1,0,0.9964693784713744,164,0.0,short,few,232,False
qwen3_8b,train,16843501,generation_1,2,0,0.99417644739151,150,0.0,short,few,169,False
qwen3_8b,train,16843501,generation_2,2,0,0.9958281517028809,173,0.0,medium,few,220,False
qwen3_8b,train,16843501,generation_3,2,0,0.9957599937915802,132,0.0,short,few,158,False
qwen3_8b,train,16904497,generation_1,11,6,0.4882496640784666,270,0.5454545454545454,long,many,343,False
qwen3_8b,train,16904497,generation_2,11,6,0.46267377570356155,267,0.5454545454545454,long,many,332,False
qwen3_8b,train,16904497,generation_3,11,6,0.46647577824346215,229,0.5454545454545454,long,many,285,False
qwen3_8b,train,16920333,generation_1,3,1,0.68248101323843,144,0.3333333333333333,short,few,190,False
qwen3_8b,train,16920333,generation_2,3,0,0.9477386871973673,131,0.0,short,few,173,False
qwen3_8b,train,16920333,generation_3,3,0,0.8630603353182474,202,0.0,medium,few,266,False
qwen3_8b,train,17000021,generation_1,7,0,0.9458361864089966,168,0.0,short,medium,221,False
qwen3_8b,train,17000021,generation_2,7,1,0.845692235045135,207,0.14285714285714285,medium,medium,286,False
qwen3_8b,train,17000021,generation_3,7,0,0.9500264184815543,140,0.0,short,medium,193,False
qwen3_8b,train,17003357,generation_1,3,0,0.9842466711997986,174,0.0,medium,few,211,False
qwen3_8b,train,17003357,generation_2,3,0,0.9701998035113016,198,0.0,medium,few,254,False
qwen3_8b,train,17003357,generation_3,3,0,0.9820396502812704,152,0.0,short,few,195,False
qwen3_8b,train,17006606,generation_1,7,2,0.6795320129022002,209,0.2857142857142857,medium,medium,252,False
qwen3_8b,train,17006606,generation_2,7,3,0.6070728813938331,199,0.42857142857142855,medium,medium,252,False
qwen3_8b,train,17006606,generation_3,7,2,0.8175974317959377,224,0.2857142857142857,long,medium,308,False
qwen3_8b,train,17033686,generation_1,9,1,0.9038131866190169,194,0.1111111111111111,medium,medium,310,False
qwen3_8b,train,17033686,generation_2,9,1,0.9262979527314504,210,0.1111111111111111,medium,medium,300,False
qwen3_8b,train,17033686,generation_3,9,0,0.9768831531206766,196,0.0,medium,medium,298,False
qwen3_8b,train,17035713,generation_1,11,8,0.2598426243136849,185,0.7272727272727273,medium,many,254,False
qwen3_8b,train,17035713,generation_2,11,5,0.5369982687671754,282,0.45454545454545453,long,many,360,False
qwen3_8b,train,17035713,generation_3,11,8,0.27764585516838863,155,0.7272727272727273,short,many,207,False
qwen3_8b,train,17042910,generation_1,11,2,0.7106270695274527,255,0.18181818181818182,long,many,308,False
qwen3_8b,train,17042910,generation_2,11,3,0.7064655900678851,233,0.2727272727272727,long,many,283,False
qwen3_8b,train,17042910,generation_3,11,4,0.6100769619542089,244,0.36363636363636365,long,many,289,False
qwen3_8b,train,17065198,generation_1,3,0,0.9939296841621399,138,0.0,short,few,168,False
qwen3_8b,train,17065198,generation_2,3,0,0.9871515432993571,185,0.0,medium,few,225,False
qwen3_8b,train,17065198,generation_3,3,0,0.9930097659428915,153,0.0,short,few,182,False
qwen3_8b,train,17074608,generation_1,3,0,0.9736584623654684,146,0.0,short,few,181,False
qwen3_8b,train,17074608,generation_2,3,1,0.5513563379645348,155,0.3333333333333333,short,few,194,False
qwen3_8b,train,17074608,generation_3,3,0,0.9743273854255676,159,0.0,short,few,199,False
qwen3_8b,train,17083016,generation_1,6,0,0.9909229675928751,210,0.0,medium,medium,260,False
qwen3_8b,train,17083016,generation_2,6,0,0.9678667883078257,242,0.0,long,medium,323,False
qwen3_8b,train,17083016,generation_3,6,0,0.9898019731044769,234,0.0,long,medium,304,False
qwen3_8b,train,1711760,generation_1,1,0,0.9772523641586304,247,0.0,long,few,285,False
qwen3_8b,train,1711760,generation_2,1,0,0.9804062843322754,246,0.0,long,few,284,False
qwen3_8b,train,1711760,generation_3,1,0,0.973793625831604,270,0.0,long,few,309,False
qwen3_8b,train,17177139,generation_1,8,2,0.7387885064817965,188,0.25,medium,medium,243,False
qwen3_8b,train,17177139,generation_2,8,2,0.7113261312479153,147,0.25,short,medium,202,False
qwen3_8b,train,17177139,generation_3,8,5,0.40194837760645896,206,0.625,medium,medium,258,False
qwen3_8b,train,17185386,generation_1,3,1,0.6658079576057693,180,0.3333333333333333,medium,few,244,False
qwen3_8b,train,17185386,generation_2,3,1,0.6616362281298885,197,0.3333333333333333,medium,few,253,False
qwen3_8b,train,17185386,generation_3,3,1,0.7337103337049484,177,0.3333333333333333,medium,few,232,False
qwen3_8b,train,17192049,generation_1,2,0,0.9571069180965424,222,0.0,long,few,265,False
qwen3_8b,train,17192049,generation_2,2,1,0.5979250892996788,257,0.5,long,few,292,False
qwen3_8b,train,17192049,generation_3,2,0,0.9816678762435914,136,0.0,short,few,158,False
qwen3_8b,train,17194457,generation_1,10,3,0.6615833401679992,291,0.3,long,medium,380,False
qwen3_8b,train,17194457,generation_2,10,4,0.6179673112928867,222,0.4,long,medium,304,False
qwen3_8b,train,17194457,generation_3,10,5,0.5147950152226258,265,0.5,long,medium,337,False
qwen3_8b,train,17221831,generation_1,6,1,0.8368320595473051,265,0.16666666666666666,long,medium,321,False
qwen3_8b,train,17221831,generation_2,6,1,0.7758518935491642,197,0.16666666666666666,medium,medium,235,False
qwen3_8b,train,17221831,generation_3,6,1,0.8990085472663244,144,0.16666666666666666,short,medium,186,False
qwen3_8b,train,17244258,generation_1,8,3,0.6320869977353141,253,0.375,long,medium,325,False
qwen3_8b,train,17244258,generation_2,8,1,0.8256460758857429,246,0.125,long,medium,329,False
qwen3_8b,train,17244258,generation_3,8,2,0.6924087917432189,198,0.25,medium,medium,257,False
qwen3_8b,train,17250663,generation_1,2,0,0.9874444305896758,153,0.0,short,few,199,False
qwen3_8b,train,17250663,generation_2,2,0,0.9880259931087494,131,0.0,short,few,163,False
qwen3_8b,train,17250663,generation_3,2,0,0.9883260130882262,133,0.0,short,few,168,False
qwen3_8b,train,17273972,generation_1,2,1,0.48260734649375076,151,0.5,short,few,200,False
qwen3_8b,train,17273972,generation_2,2,1,0.3459179019555449,142,0.5,short,few,188,False
qwen3_8b,train,17273972,generation_3,2,2,0.030372446519322648,160,1.0,short,few,211,False
qwen3_8b,train,17286451,generation_1,2,0,0.9951502084732056,193,0.0,medium,few,242,False
qwen3_8b,train,17286451,generation_2,2,0,0.9953136742115021,140,0.0,short,few,177,False
qwen3_8b,train,17286451,generation_3,2,0,0.993936836719513,155,0.0,short,few,176,False
qwen3_8b,train,17304550,generation_1,6,0,0.9942107995351156,153,0.0,short,medium,202,False
qwen3_8b,train,17304550,generation_2,6,0,0.9954208234945933,177,0.0,medium,medium,231,False
qwen3_8b,train,17304550,generation_3,6,0,0.9946272472540537,207,0.0,medium,medium,273,False
qwen3_8b,train,17318851,generation_1,25,10,0.5793890465318691,267,0.4,long,many,377,False
qwen3_8b,train,17318851,generation_2,25,10,0.5968472834920976,249,0.4,long,many,357,False
qwen3_8b,train,17318851,generation_3,25,10,0.5951817976136227,205,0.4,medium,many,306,False
qwen3_8b,train,17327131,generation_1,1,0,0.9897654056549072,174,0.0,medium,few,204,False
qwen3_8b,train,17327131,generation_2,1,0,0.9941686391830444,246,0.0,long,few,312,False
qwen3_8b,train,17327131,generation_3,1,0,0.9765923619270324,138,0.0,short,few,159,False
qwen3_8b,train,17344330,generation_1,6,1,0.8209799705073237,170,0.16666666666666666,short,medium,199,False
qwen3_8b,train,17344330,generation_2,6,1,0.8253786650796732,170,0.16666666666666666,short,medium,202,False
qwen3_8b,train,17344330,generation_3,6,1,0.8257369815061489,194,0.16666666666666666,medium,medium,230,False
qwen3_8b,train,17351238,generation_1,4,1,0.7353246659040451,167,0.25,short,few,197,False
qwen3_8b,train,17351238,generation_2,4,2,0.49145849101478234,226,0.5,long,few,279,False
qwen3_8b,train,17351238,generation_3,4,1,0.6961395777761936,202,0.25,medium,few,240,False
qwen3_8b,train,17379047,generation_1,6,2,0.6623342237435281,234,0.3333333333333333,long,medium,317,False
qwen3_8b,train,17379047,generation_2,6,3,0.6561262657245001,151,0.5,short,medium,198,False
qwen3_8b,train,17379047,generation_3,6,2,0.6188060004884998,187,0.3333333333333333,medium,medium,251,False
qwen3_8b,train,17391797,generation_1,4,1,0.7152361501939595,186,0.25,medium,few,241,False
qwen3_8b,train,17391797,generation_2,4,1,0.7303261945489794,200,0.25,medium,few,266,False
qwen3_8b,train,17391797,generation_3,4,1,0.7472571148537099,195,0.25,medium,few,246,False
qwen3_8b,train,17439425,generation_1,8,4,0.4749133743462152,158,0.5,short,medium,207,False
qwen3_8b,train,17439425,generation_2,8,3,0.609272520057857,213,0.375,medium,medium,266,False
qwen3_8b,train,17439425,generation_3,8,4,0.4880629326216876,201,0.5,medium,medium,242,False
qwen3_8b,train,17495183,generation_1,17,4,0.780025035930414,226,0.23529411764705882,long,many,330,False
qwen3_8b,train,17495183,generation_2,17,2,0.862580957084634,210,0.11764705882352941,medium,many,306,False
qwen3_8b,train,17495183,generation_3,17,7,0.6483505310256185,210,0.4117647058823529,medium,many,277,False
qwen3_8b,train,17572393,generation_1,10,4,0.6093758136034012,231,0.4,long,medium,294,False
qwen3_8b,train,17572393,generation_2,10,4,0.6293456416577101,253,0.4,long,medium,304,False
qwen3_8b,train,17572393,generation_3,10,3,0.6648848563432692,235,0.3,long,medium,295,False
qwen3_8b,train,17595233,generation_1,6,0,0.9920157094796499,197,0.0,medium,medium,236,False
qwen3_8b,train,17595233,generation_2,6,2,0.6466241860180162,213,0.3333333333333333,medium,medium,265,False
qwen3_8b,train,17595233,generation_3,6,0,0.9892968535423279,183,0.0,medium,medium,249,False
qwen3_8b,train,17615423,generation_1,12,6,0.5331623029002609,228,0.5,long,many,326,False
qwen3_8b,train,17615423,generation_2,12,6,0.5160706019135735,246,0.5,long,many,340,False
qwen3_8b,train,17615423,generation_3,12,3,0.7529591258329068,269,0.25,long,many,367,False
qwen3_8b,train,17628794,generation_1,2,0,0.9960471987724304,163,0.0,short,few,192,False
qwen3_8b,train,17628794,generation_2,2,0,0.9909513890743256,177,0.0,medium,few,210,False
qwen3_8b,train,17628794,generation_3,2,0,0.9951152503490448,179,0.0,medium,few,211,False
qwen3_8b,train,17634480,generation_1,6,3,0.5115766429031888,179,0.5,medium,medium,221,False
qwen3_8b,train,17634480,generation_2,6,3,0.5201927906212707,227,0.5,long,medium,276,False
qwen3_8b,train,17634480,generation_3,6,3,0.5280366061876217,206,0.5,medium,medium,256,False
qwen3_8b,train,17639754,generation_1,3,0,0.9621011217435201,144,0.0,short,few,170,False
qwen3_8b,train,17639754,generation_2,3,0,0.9654827117919922,144,0.0,short,few,172,False
qwen3_8b,train,17639754,generation_3,3,0,0.968655506769816,198,0.0,medium,few,232,False
qwen3_8b,train,17683901,generation_1,2,1,0.5006906469352543,223,0.5,long,few,286,False
qwen3_8b,train,17683901,generation_2,2,1,0.6337098032236099,121,0.5,short,few,172,False
qwen3_8b,train,17683901,generation_3,2,1,0.5011529063340275,139,0.5,short,few,176,False
qwen3_8b,train,17854040,generation_1,2,1,0.5885109901428223,235,0.5,long,few,287,False
qwen3_8b,train,17854040,generation_2,2,1,0.49887328548356885,162,0.5,short,few,198,False
qwen3_8b,train,17854040,generation_3,2,1,0.713450476527214,181,0.5,medium,few,215,False
qwen3_8b,train,17877751,generation_1,5,0,0.9882667422294616,233,0.0,long,few,349,False
qwen3_8b,train,17877751,generation_2,5,0,0.986605191230774,224,0.0,long,few,302,False
qwen3_8b,train,17877751,generation_3,5,2,0.6746588587760926,173,0.4,medium,few,241,False
qwen3_8b,train,17910065,generation_1,3,1,0.6663583751457433,178,0.3333333333333333,medium,few,234,False
qwen3_8b,train,17910065,generation_2,3,1,0.6665846298759183,145,0.3333333333333333,short,few,189,False
qwen3_8b,train,17910065,generation_3,3,1,0.6677255757773916,189,0.3333333333333333,medium,few,242,False
qwen3_8b,train,17951029,generation_1,1,0,0.996908724308014,142,0.0,short,few,183,False
qwen3_8b,train,17951029,generation_2,1,0,0.9971774816513062,168,0.0,short,few,213,False
qwen3_8b,train,17951029,generation_3,1,0,0.9974714517593384,138,0.0,short,few,181,False
qwen3_8b,train,17959715,generation_1,8,2,0.7585052149370313,155,0.25,short,medium,187,False
qwen3_8b,train,17959715,generation_2,8,3,0.6304716325830668,139,0.375,short,medium,173,False
qwen3_8b,train,17959715,generation_3,8,1,0.8983176089823246,197,0.125,medium,medium,256,False
qwen3_8b,train,17965424,generation_1,9,6,0.37321346861103344,269,0.6666666666666666,long,medium,339,False
qwen3_8b,train,17965424,generation_2,9,6,0.35922648713070277,262,0.6666666666666666,long,medium,326,False
qwen3_8b,train,17965424,generation_3,9,3,0.5686127891401864,313,0.3333333333333333,long,medium,384,False
qwen3_8b,train,17975693,generation_1,3,1,0.6591430750365058,149,0.3333333333333333,short,few,179,False
qwen3_8b,train,17975693,generation_2,3,1,0.6608738042414188,186,0.3333333333333333,medium,few,226,False
qwen3_8b,train,17975693,generation_3,3,1,0.6626024749130011,187,0.3333333333333333,medium,few,237,False
qwen3_8b,train,18050247,generation_1,6,0,0.986729085445404,211,0.0,medium,medium,279,False
qwen3_8b,train,18050247,generation_2,6,0,0.9695288936297098,214,0.0,medium,medium,300,False
qwen3_8b,train,18050247,generation_3,6,0,0.9908925493558248,214,0.0,medium,medium,278,False
qwen3_8b,train,18083142,generation_1,16,2,0.8089828484407917,323,0.125,long,many,415,False
qwen3_8b,train,18083142,generation_2,16,5,0.6514018914022017,313,0.3125,long,many,407,False
qwen3_8b,train,18083142,generation_3,16,5,0.692201361827756,241,0.3125,long,many,320,False
qwen3_8b,train,18165598,generation_1,13,5,0.6549863297348986,271,0.38461538461538464,long,many,351,False
qwen3_8b,train,18165598,generation_2,13,2,0.8292814579147559,248,0.15384615384615385,long,many,331,False
qwen3_8b,train,18165598,generation_3,13,2,0.7800860384909006,320,0.15384615384615385,long,many,408,False
qwen3_8b,train,18166824,generation_1,8,3,0.6535437310812995,234,0.375,long,medium,287,False
qwen3_8b,train,18166824,generation_2,8,1,0.8876271471381187,207,0.125,medium,medium,247,False
qwen3_8b,train,18166824,generation_3,8,0,0.9950283244252205,215,0.0,medium,medium,278,False
qwen3_8b,train,18182964,generation_1,4,0,0.9532365798950195,155,0.0,short,few,198,False
qwen3_8b,train,18182964,generation_2,4,0,0.9720288217067719,165,0.0,short,few,205,False
qwen3_8b,train,18182964,generation_3,4,0,0.9677660167217255,182,0.0,medium,few,234,False
qwen3_8b,train,18189233,generation_1,5,1,0.7940979312290437,168,0.2,short,few,217,False
qwen3_8b,train,18189233,generation_2,5,2,0.6178487874567509,150,0.4,short,few,197,False
qwen3_8b,train,18189233,generation_3,5,1,0.7907980177551508,225,0.2,long,few,269,False
qwen3_8b,train,18235024,generation_1,2,0,0.9975429773330688,163,0.0,short,few,224,False
qwen3_8b,train,18235024,generation_2,2,0,0.9972980916500092,159,0.0,short,few,226,False
qwen3_8b,train,18235024,generation_3,2,0,0.9975889921188354,203,0.0,medium,few,257,False
qwen3_8b,train,18262054,generation_1,2,0,0.9943330585956573,227,0.0,long,few,299,False
qwen3_8b,train,18262054,generation_2,2,0,0.9954352974891661,160,0.0,short,few,192,False
qwen3_8b,train,18262054,generation_3,2,0,0.9947910308837891,224,0.0,long,few,296,False
qwen3_8b,train,18270997,generation_1,4,0,0.9780588746070862,188,0.0,medium,few,216,False
qwen3_8b,train,18270997,generation_2,4,0,0.9682274013757706,147,0.0,short,few,181,False
qwen3_8b,train,18270997,generation_3,4,0,0.9767986834049225,164,0.0,short,few,200,False
qwen3_8b,train,18310445,generation_1,36,28,0.2145075286603565,239,0.7777777777777778,long,many,322,False
qwen3_8b,train,18310445,generation_2,36,29,0.21581757351102873,289,0.8055555555555556,long,many,381,False
qwen3_8b,train,18310445,generation_3,36,31,0.1765759832350239,290,0.8611111111111112,long,many,402,False
qwen3_8b,train,18340638,generation_1,7,3,0.5666816173387424,212,0.42857142857142855,medium,medium,262,False
qwen3_8b,train,18340638,generation_2,7,2,0.7045887612870761,220,0.2857142857142857,long,medium,272,False
qwen3_8b,train,18340638,generation_3,7,2,0.7046041817936514,281,0.2857142857142857,long,medium,355,False
qwen3_8b,train,18356633,generation_1,8,4,0.5297789461910725,169,0.5,short,medium,219,False
qwen3_8b,train,18356633,generation_2,8,0,0.9276681318879128,234,0.0,long,medium,306,False
qwen3_8b,train,18356633,generation_3,8,4,0.4999302157666534,217,0.5,long,medium,277,False
qwen3_8b,train,18366737,generation_1,5,0,0.9927145719528199,171,0.0,short,few,214,False
qwen3_8b,train,18366737,generation_2,5,0,0.9573311805725098,168,0.0,short,few,199,False
qwen3_8b,train,18366737,generation_3,5,0,0.9838597297668457,169,0.0,short,few,211,False
qwen3_8b,train,18397285,generation_1,3,0,0.994401216506958,161,0.0,short,few,207,False
qwen3_8b,train,18397285,generation_2,3,0,0.9919203718503317,162,0.0,short,few,203,False
qwen3_8b,train,18397285,generation_3,3,0,0.9941239356994629,208,0.0,medium,few,258,False
qwen3_8b,train,18408250,generation_1,3,1,0.5507296187182268,189,0.3333333333333333,medium,few,229,False
qwen3_8b,train,18408250,generation_2,3,1,0.6578515124080392,192,0.3333333333333333,medium,few,234,False
qwen3_8b,train,18408250,generation_3,3,1,0.6417190594947897,198,0.3333333333333333,medium,few,249,False
qwen3_8b,train,18410508,generation_1,12,4,0.6707814498028407,279,0.3333333333333333,long,many,357,False
qwen3_8b,train,18410508,generation_2,12,3,0.7461611410447707,267,0.25,long,many,344,False
qwen3_8b,train,18410508,generation_3,12,3,0.7641403263357157,251,0.25,long,many,322,False
qwen3_8b,train,18410548,generation_1,3,0,0.9961981376012167,200,0.0,medium,few,248,False
qwen3_8b,train,18410548,generation_2,3,0,0.9961513876914978,149,0.0,short,few,209,False
qwen3_8b,train,18410548,generation_3,3,0,0.9964733123779297,165,0.0,short,few,223,False
qwen3_8b,train,18422462,generation_1,8,1,0.8584969238690974,219,0.125,long,medium,294,False
qwen3_8b,train,18422462,generation_2,8,0,0.9776431918144226,202,0.0,medium,medium,281,False
qwen3_8b,train,18422462,generation_3,8,0,0.9779893308877945,198,0.0,medium,medium,280,False
qwen3_8b,train,18439317,generation_1,2,1,0.498841180029558,244,0.5,long,few,286,False
qwen3_8b,train,18439317,generation_2,2,0,0.9958303272724152,210,0.0,medium,few,246,False
qwen3_8b,train,18439317,generation_3,2,0,0.9955112636089326,215,0.0,medium,few,256,False
qwen3_8b,train,18442015,generation_1,14,4,0.7442508023232222,290,0.2857142857142857,long,many,349,False
qwen3_8b,train,18442015,generation_2,14,5,0.6401664530193167,235,0.35714285714285715,long,many,285,False
qwen3_8b,train,18442015,generation_3,14,8,0.4487484979409991,259,0.5714285714285714,long,many,298,False
qwen3_8b,train,18470323,generation_1,2,0,0.9930427670478821,147,0.0,short,few,182,False
qwen3_8b,train,18470323,generation_2,2,0,0.9943986535072327,258,0.0,long,few,327,False
qwen3_8b,train,18470323,generation_3,2,0,0.9934319257736206,175,0.0,medium,few,213,False
qwen3_8b,train,18483878,generation_1,7,2,0.7133232341813189,237,0.2857142857142857,long,medium,287,False
qwen3_8b,train,18483878,generation_2,7,1,0.8320232879902635,169,0.14285714285714285,short,medium,208,False
qwen3_8b,train,18483878,generation_3,7,1,0.7857182778950248,167,0.14285714285714285,short,medium,209,False
qwen3_8b,train,18487244,generation_1,2,0,0.996728390455246,201,0.0,medium,few,269,False
qwen3_8b,train,18487244,generation_2,2,0,0.9965205788612366,199,0.0,medium,few,260,False
qwen3_8b,train,18487244,generation_3,2,0,0.9962369799613953,173,0.0,medium,few,209,False
qwen3_8b,train,18541230,generation_1,13,1,0.9049061720187848,216,0.07692307692307693,medium,many,281,False
qwen3_8b,train,18541230,generation_2,13,4,0.7268667797056528,224,0.3076923076923077,long,many,291,False
qwen3_8b,train,18541230,generation_3,13,1,0.9200030175539163,221,0.07692307692307693,long,many,286,False
qwen3_8b,train,18544179,generation_1,8,2,0.7469810377806425,227,0.25,long,medium,270,False
qwen3_8b,train,18544179,generation_2,8,2,0.750805074814707,172,0.25,medium,medium,203,False
qwen3_8b,train,18544179,generation_3,8,0,0.9230418503284454,198,0.0,medium,medium,232,False
qwen3_8b,train,18593936,generation_1,51,14,0.7099865261755208,306,0.27450980392156865,long,many,393,False
qwen3_8b,train,18593936,generation_2,51,11,0.7750567655933921,262,0.21568627450980393,long,many,340,False
qwen3_8b,train,18593936,generation_3,51,13,0.7488575494966889,303,0.2549019607843137,long,many,403,False
qwen3_8b,train,18631865,generation_1,6,3,0.4921277121951182,237,0.5,long,medium,282,False
qwen3_8b,train,18631865,generation_2,6,3,0.46475858179231483,216,0.5,medium,medium,262,False
qwen3_8b,train,18631865,generation_3,6,3,0.5070367325097321,233,0.5,long,medium,279,False
qwen3_8b,train,18657397,generation_1,2,1,0.33675022516399616,209,0.5,medium,few,251,False
qwen3_8b,train,18657397,generation_2,2,0,0.8179571628570557,144,0.0,short,few,178,False
qwen3_8b,train,18657397,generation_3,2,1,0.3988459184765816,188,0.5,medium,few,226,False
qwen3_8b,train,18672102,generation_1,24,3,0.8610969991617216,150,0.125,short,many,197,False
qwen3_8b,train,18672102,generation_2,24,1,0.9463784804102033,235,0.041666666666666664,long,many,290,False
qwen3_8b,train,18672102,generation_3,24,3,0.871421221566076,171,0.125,short,many,215,False
qwen3_8b,train,18674790,generation_1,19,9,0.5188377539575173,243,0.47368421052631576,long,many,298,False
qwen3_8b,train,18674790,generation_2,19,10,0.47361078089038766,270,0.5263157894736842,long,many,324,False
qwen3_8b,train,18674790,generation_3,19,9,0.5707765111062479,284,0.47368421052631576,long,many,337,False
qwen3_8b,train,18681856,generation_1,6,2,0.660138758054624,142,0.3333333333333333,short,medium,189,False
qwen3_8b,train,18681856,generation_2,6,2,0.6742833129440745,142,0.3333333333333333,short,medium,181,False
qwen3_8b,train,18681856,generation_3,6,2,0.6285611176863313,185,0.3333333333333333,medium,medium,245,False
qwen3_8b,train,18699851,generation_1,5,0,0.9975739479064941,221,0.0,long,few,280,False
qwen3_8b,train,18699851,generation_2,5,0,0.9979636907577515,203,0.0,medium,few,256,False
qwen3_8b,train,18699851,generation_3,5,0,0.9978639245033264,232,0.0,long,few,289,False
qwen3_8b,train,18752389,generation_1,16,7,0.5608491916809726,290,0.4375,long,many,380,False
qwen3_8b,train,18752389,generation_2,16,7,0.5589177264191676,325,0.4375,long,many,419,False
qwen3_8b,train,18752389,generation_3,16,6,0.6639120427425951,280,0.375,long,many,368,False
qwen3_8b,train,18754075,generation_1,9,2,0.6945351333253913,189,0.2222222222222222,medium,medium,231,False
qwen3_8b,train,18754075,generation_2,9,1,0.8620464031895002,230,0.1111111111111111,long,medium,270,False
qwen3_8b,train,18754075,generation_3,9,4,0.5697543066408899,223,0.4444444444444444,long,medium,258,False
qwen3_8b,train,18768591,generation_1,24,13,0.4691832955377322,273,0.5416666666666666,long,many,334,False
qwen3_8b,train,18768591,generation_2,24,8,0.6484820960437597,230,0.3333333333333333,long,many,300,False
qwen3_8b,train,18768591,generation_3,24,8,0.6637058156472145,278,0.3333333333333333,long,many,348,False
qwen3_8b,train,18772193,generation_1,14,3,0.7148954043430942,206,0.21428571428571427,medium,many,277,False
qwen3_8b,train,18772193,generation_2,14,7,0.501735933890034,245,0.5,long,many,344,False
qwen3_8b,train,18772193,generation_3,14,8,0.42608408293952893,259,0.5714285714285714,long,many,350,False
qwen3_8b,train,18779591,generation_1,8,1,0.8706322274483681,231,0.125,long,medium,326,False
qwen3_8b,train,18779591,generation_2,8,1,0.871553596429294,242,0.125,long,medium,290,False
qwen3_8b,train,18779591,generation_3,8,1,0.8709062772177276,196,0.125,medium,medium,244,False
qwen3_8b,train,18790087,generation_1,2,0,0.9942954480648041,171,0.0,short,few,209,False
qwen3_8b,train,18790087,generation_2,2,0,0.9944741725921632,178,0.0,medium,few,210,False
qwen3_8b,train,18790087,generation_3,2,0,0.9946167171001434,143,0.0,short,few,171,False
qwen3_8b,train,18791947,generation_1,1,1,0.0132123492658138,168,1.0,short,few,208,False
qwen3_8b,train,18791947,generation_2,1,1,0.0064627304673194,272,1.0,long,few,346,False
qwen3_8b,train,18791947,generation_3,1,1,0.0063414578326046,210,1.0,medium,few,267,False
qwen3_8b,train,18808529,generation_1,12,1,0.8478360986337066,210,0.08333333333333333,medium,many,253,False
qwen3_8b,train,18808529,generation_2,12,2,0.8176123492182038,171,0.16666666666666666,short,many,213,False
qwen3_8b,train,18808529,generation_3,12,2,0.7823496134709179,222,0.16666666666666666,long,many,265,False
qwen3_8b,train,18809400,generation_1,12,2,0.801270186357821,203,0.16666666666666666,medium,many,246,False
qwen3_8b,train,18809400,generation_2,12,2,0.8249168068480989,210,0.16666666666666666,medium,many,251,False
qwen3_8b,train,18809400,generation_3,12,1,0.8819867983305206,211,0.08333333333333333,medium,many,266,False
qwen3_8b,train,18827003,generation_1,9,1,0.8519268681605657,234,0.1111111111111111,long,medium,280,False
qwen3_8b,train,18827003,generation_2,9,2,0.7479762472212315,232,0.2222222222222222,long,medium,274,False
qwen3_8b,train,18827003,generation_3,9,3,0.7399295437563624,261,0.3333333333333333,long,medium,308,False
qwen3_8b,train,18945288,generation_1,2,0,0.995130330324173,154,0.0,short,few,215,False
qwen3_8b,train,18945288,generation_2,2,1,0.5059339059516788,184,0.5,medium,few,242,False
qwen3_8b,train,18945288,generation_3,2,0,0.9632991552352905,191,0.0,medium,few,270,False
qwen3_8b,train,18945509,generation_1,8,3,0.6876267430488952,195,0.375,medium,medium,267,False
qwen3_8b,train,18945509,generation_2,8,5,0.3830599206849001,264,0.625,long,medium,362,False
qwen3_8b,train,18945509,generation_3,8,4,0.5029587371973321,228,0.5,long,medium,322,False
qwen3_8b,train,18987260,generation_1,14,1,0.9395158269575664,238,0.07142857142857142,long,many,300,False
qwen3_8b,train,18987260,generation_2,14,0,0.9775882874216352,218,0.0,long,many,275,False
qwen3_8b,train,18987260,generation_3,14,0,0.9658176217760358,292,0.0,long,many,359,False
qwen3_8b,train,19037252,generation_1,1,0,0.9976563453674316,138,0.0,short,few,172,False
qwen3_8b,train,19037252,generation_2,1,0,0.9968664050102234,203,0.0,medium,few,247,False
qwen3_8b,train,19037252,generation_3,1,0,0.9977496266365052,193,0.0,medium,few,230,False
qwen3_8b,train,19048115,generation_1,11,1,0.9052758292210373,330,0.09090909090909091,long,many,381,False
qwen3_8b,train,19048115,generation_2,11,0,0.9946266683665189,236,0.0,long,many,287,False
qwen3_8b,train,19048115,generation_3,11,1,0.9331344230608507,240,0.09090909090909091,long,many,295,False
qwen3_8b,train,19058010,generation_1,20,10,0.5229226771742106,221,0.5,long,many,269,False
qwen3_8b,train,19058010,generation_2,20,5,0.7167681537568569,219,0.25,long,many,273,False
qwen3_8b,train,19058010,generation_3,20,11,0.4891685664188117,267,0.55,long,many,331,False
qwen3_8b,train,19067809,generation_1,6,2,0.6703891170521578,145,0.3333333333333333,short,medium,178,False
qwen3_8b,train,19067809,generation_2,6,2,0.6697927533338467,144,0.3333333333333333,short,medium,179,False
qwen3_8b,train,19067809,generation_3,6,1,0.8326213558514913,208,0.16666666666666666,medium,medium,258,False
qwen3_8b,train,19082493,generation_1,5,1,0.789266137033701,224,0.2,long,few,278,False
qwen3_8b,train,19082493,generation_2,5,0,0.9193252444267273,214,0.0,medium,few,262,False
qwen3_8b,train,19082493,generation_3,5,1,0.8435503363609314,160,0.2,short,few,192,False
qwen3_8b,train,19101703,generation_1,3,1,0.6682269582524896,206,0.3333333333333333,medium,few,270,False
qwen3_8b,train,19101703,generation_2,3,1,0.6666805918018023,164,0.3333333333333333,short,few,221,False
qwen3_8b,train,19101703,generation_3,3,1,0.6668736163216332,198,0.3333333333333333,medium,few,266,False
qwen3_8b,train,19108278,generation_1,12,2,0.8168152644211659,271,0.16666666666666666,long,many,336,False
qwen3_8b,train,19108278,generation_2,12,2,0.8242204735676447,165,0.16666666666666666,short,many,212,False
qwen3_8b,train,19108278,generation_3,12,3,0.7389301316967855,187,0.25,medium,many,236,False
qwen3_8b,train,19110214,generation_1,6,2,0.6532942498646055,218,0.3333333333333333,long,medium,310,False
qwen3_8b,train,19110214,generation_2,6,2,0.6613747601950308,197,0.3333333333333333,medium,medium,242,False
qwen3_8b,train,19110214,generation_3,6,1,0.8084961417625891,162,0.16666666666666666,short,medium,217,False
qwen3_8b,train,19160446,generation_1,2,0,0.9948839545249939,242,0.0,long,few,295,False
qwen3_8b,train,19160446,generation_2,2,0,0.9937768876552582,148,0.0,short,few,195,False
qwen3_8b,train,19160446,generation_3,2,0,0.9926308393478394,153,0.0,short,few,188,False
qwen3_8b,train,19218574,generation_1,11,0,0.9446615901860324,252,0.0,long,many,355,False
qwen3_8b,train,19218574,generation_2,11,1,0.8980196608145806,240,0.09090909090909091,long,many,334,False
qwen3_8b,train,19218574,generation_3,11,2,0.820763779126785,222,0.18181818181818182,long,many,291,False
qwen3_8b,train,19234905,generation_1,1,0,0.9798981547355652,166,0.0,short,few,199,False
qwen3_8b,train,19234905,generation_2,1,0,0.979116141796112,179,0.0,medium,few,225,False
qwen3_8b,train,19234905,generation_3,1,0,0.980985462665558,258,0.0,long,few,320,False
qwen3_8b,train,19306381,generation_1,38,25,0.3305168919292842,284,0.6578947368421053,long,many,372,False
qwen3_8b,train,19306381,generation_2,38,28,0.2536980631052038,266,0.7368421052631579,long,many,352,False
qwen3_8b,train,19306381,generation_3,38,27,0.2765546633197932,228,0.7105263157894737,long,many,307,False
qwen3_8b,train,19319147,generation_1,5,2,0.5976856777444481,173,0.4,medium,few,205,False
qwen3_8b,train,19319147,generation_2,5,2,0.6470348265022039,162,0.4,short,few,189,False
qwen3_8b,train,19319147,generation_3,5,2,0.6022817490622401,175,0.4,medium,few,208,False
qwen3_8b,train,19346865,generation_1,2,0,0.9816561937332153,137,0.0,short,few,157,False
qwen3_8b,train,19346865,generation_2,2,0,0.9803137183189392,177,0.0,medium,few,204,False
qwen3_8b,train,19346865,generation_3,2,0,0.9767766296863556,217,0.0,long,few,268,False
qwen3_8b,train,19365571,generation_1,3,0,0.9963642557462057,245,0.0,long,few,334,False
qwen3_8b,train,19365571,generation_2,3,0,0.9958969354629517,176,0.0,medium,few,230,False
qwen3_8b,train,19365571,generation_3,3,0,0.9958017071088155,188,0.0,medium,few,250,False
qwen3_8b,train,19370764,generation_1,7,1,0.8428173598035106,173,0.14285714285714285,medium,medium,255,False
qwen3_8b,train,19370764,generation_2,7,1,0.8174747611795153,182,0.14285714285714285,medium,medium,277,False
qwen3_8b,train,19370764,generation_3,7,2,0.6779022639592378,159,0.2857142857142857,short,medium,248,False
qwen3_8b,train,19445921,generation_1,16,2,0.8612339246374177,292,0.125,long,many,360,False
qwen3_8b,train,19445921,generation_2,16,2,0.8785305019991938,256,0.125,long,many,324,False
qwen3_8b,train,19445921,generation_3,16,2,0.8625111161800305,203,0.125,medium,many,246,False
qwen3_8b,train,19463742,generation_1,45,28,0.3666368540722437,332,0.6222222222222222,long,many,445,False
qwen3_8b,train,19463742,generation_2,45,28,0.3832803674630768,332,0.6222222222222222,long,many,432,False
qwen3_8b,train,19463742,generation_3,45,28,0.39680977070982204,275,0.6222222222222222,long,many,360,False
qwen3_8b,train,19508969,generation_1,28,0,0.9816511124372482,193,0.0,medium,many,283,False
qwen3_8b,train,19508969,generation_2,28,7,0.7122974515493427,291,0.25,long,many,423,False
qwen3_8b,train,19508969,generation_3,28,3,0.8961932428979448,244,0.10714285714285714,long,many,373,False
qwen3_8b,train,19521089,generation_1,1,0,0.9930819869041444,163,0.0,short,few,199,False
qwen3_8b,train,19521089,generation_2,1,0,0.9943041205406188,153,0.0,short,few,183,False
qwen3_8b,train,19521089,generation_3,1,0,0.994001805782318,145,0.0,short,few,179,False
qwen3_8b,train,19536134,generation_1,29,11,0.6277499305403487,245,0.3793103448275862,long,many,321,False
qwen3_8b,train,19536134,generation_2,29,11,0.5942536327177016,228,0.3793103448275862,long,many,302,False
qwen3_8b,train,19536134,generation_3,29,10,0.6472983670793273,204,0.3448275862068966,medium,many,247,False
qwen3_8b,train,19549709,generation_1,5,0,0.9861214756965637,203,0.0,medium,few,248,False
qwen3_8b,train,19549709,generation_2,5,0,0.9862427830696106,181,0.0,medium,few,219,False
qwen3_8b,train,19549709,generation_3,5,0,0.9877941727638244,207,0.0,medium,few,248,False
qwen3_8b,train,19592582,generation_1,5,0,0.9874866485595704,167,0.0,short,few,215,False
qwen3_8b,train,19592582,generation_2,5,0,0.9868163228034973,204,0.0,medium,few,259,False
qwen3_8b,train,19592582,generation_3,5,0,0.9836095333099365,266,0.0,long,few,371,False
qwen3_8b,train,19631624,generation_1,8,7,0.13387333013088204,162,0.875,short,medium,221,False
qwen3_8b,train,19631624,generation_2,8,5,0.3746097405528417,224,0.625,long,medium,293,False
qwen3_8b,train,19631624,generation_3,8,5,0.3766601676179562,180,0.625,medium,medium,230,False
qwen3_8b,train,19642243,generation_1,5,0,0.9768705487251281,188,0.0,medium,few,224,False
qwen3_8b,train,19642243,generation_2,5,0,0.9806476593017578,195,0.0,medium,few,232,False
qwen3_8b,train,19642243,generation_3,5,0,0.9792156457901001,294,0.0,long,few,342,False
qwen3_8b,train,19672862,generation_1,22,3,0.8668032748074356,235,0.13636363636363635,long,many,302,False
qwen3_8b,train,19672862,generation_2,22,4,0.7904176795081267,233,0.18181818181818182,long,many,291,False
qwen3_8b,train,19672862,generation_3,22,2,0.8720188043424225,248,0.09090909090909091,long,many,306,False
qwen3_8b,train,19692487,generation_1,14,9,0.4153568545194243,309,0.6428571428571429,long,many,398,False
qwen3_8b,train,19692487,generation_2,14,5,0.66166939280395,263,0.35714285714285715,long,many,387,False
qwen3_8b,train,19692487,generation_3,14,7,0.4877225156441064,229,0.5,long,many,315,False
qwen3_8b,train,19696792,generation_1,8,2,0.7392600346611289,180,0.25,medium,medium,234,False
qwen3_8b,train,19696792,generation_2,8,2,0.7128341670140799,189,0.25,medium,medium,246,False
qwen3_8b,train,19696792,generation_3,8,2,0.7386744061877835,161,0.25,short,medium,221,False
qwen3_8b,train,19707748,generation_1,2,1,0.5523800253868102,191,0.5,medium,few,233,False
qwen3_8b,train,19707748,generation_2,2,1,0.49741815938614303,195,0.5,medium,few,234,False
qwen3_8b,train,19707748,generation_3,2,0,0.983821451663971,171,0.0,short,few,217,False
qwen3_8b,train,19719056,generation_1,2,0,0.9269005656242371,221,0.0,long,few,279,False
qwen3_8b,train,19719056,generation_2,2,1,0.5765711963176727,243,0.5,long,few,303,False
qwen3_8b,train,19719056,generation_3,2,1,0.7169317305088043,197,0.5,medium,few,250,False
qwen3_8b,train,19721134,generation_1,19,11,0.43369692049332353,249,0.5789473684210527,long,many,352,False
qwen3_8b,train,19721134,generation_2,19,16,0.21129006584707985,269,0.8421052631578947,long,many,379,False
qwen3_8b,train,19721134,generation_3,19,13,0.31381877516335066,277,0.6842105263157895,long,many,398,False
qwen3_8b,train,19728177,generation_1,3,0,0.983411947886149,244,0.0,long,few,277,False
qwen3_8b,train,19728177,generation_2,3,0,0.983714242776235,220,0.0,long,few,250,False
qwen3_8b,train,19728177,generation_3,3,0,0.9816043774286906,188,0.0,medium,few,220,False
qwen3_8b,train,19779499,generation_1,5,1,0.7056227354332805,179,0.2,medium,few,229,False
qwen3_8b,train,19779499,generation_2,5,1,0.7840174899436534,165,0.2,short,few,223,False
qwen3_8b,train,19779499,generation_3,5,1,0.7871464462950826,180,0.2,medium,few,235,False
qwen3_8b,train,19811499,generation_1,20,4,0.7844369553728029,233,0.2,long,many,303,False
qwen3_8b,train,19811499,generation_2,20,6,0.6739548140889383,208,0.3,medium,many,282,False
qwen3_8b,train,19811499,generation_3,20,7,0.65243088491261,218,0.35,long,many,313,False
qwen3_8b,train,19825989,generation_1,23,14,0.4082902820525266,296,0.6086956521739131,long,many,452,False
qwen3_8b,train,19825989,generation_2,23,11,0.5413160040865794,305,0.4782608695652174,long,many,427,False
qwen3_8b,train,19825989,generation_3,23,11,0.5358225358827242,254,0.4782608695652174,long,many,366,False
qwen3_8b,train,19841052,generation_1,2,1,0.5076172389090061,178,0.5,medium,few,196,False
qwen3_8b,train,19841052,generation_2,2,1,0.49437178764492273,149,0.5,short,few,167,False
qwen3_8b,train,19841052,generation_3,2,1,0.5058355629444122,215,0.5,medium,few,240,False
qwen3_8b,train,19881468,generation_1,13,10,0.23217124014067492,236,0.7692307692307693,long,many,305,False
qwen3_8b,train,19881468,generation_2,13,9,0.3132339456978326,229,0.6923076923076923,long,many,300,False
qwen3_8b,train,19881468,generation_3,13,10,0.22988353768484485,208,0.7692307692307693,medium,many,272,False
qwen3_8b,train,19889778,generation_1,4,2,0.5381453479640186,205,0.5,medium,few,240,False
qwen3_8b,train,19889778,generation_2,4,3,0.3452138009015471,208,0.75,medium,few,244,False
qwen3_8b,train,19889778,generation_3,4,2,0.4456839098129421,162,0.5,short,few,188,False
qwen3_8b,train,19891556,generation_1,2,0,0.9906773567199707,255,0.0,long,few,296,False
qwen3_8b,train,19891556,generation_2,2,0,0.984971433877945,231,0.0,long,few,269,False
qwen3_8b,train,19891556,generation_3,2,0,0.9889471530914308,130,0.0,short,few,147,False
qwen3_8b,train,19918264,generation_1,2,0,0.9830822348594666,172,0.0,medium,few,215,False
qwen3_8b,train,19918264,generation_2,2,0,0.800808846950531,151,0.0,short,few,178,False
qwen3_8b,train,19918264,generation_3,2,0,0.9770103991031647,124,0.0,short,few,152,False
qwen3_8b,train,19923525,generation_1,6,3,0.5070255037086705,239,0.5,long,medium,309,False
qwen3_8b,train,19923525,generation_2,6,2,0.6496226388650636,288,0.3333333333333333,long,medium,371,False
qwen3_8b,train,19923525,generation_3,6,2,0.6597134281570712,144,0.3333333333333333,short,medium,175,False
qwen3_8b,train,19996135,generation_1,1,0,0.9664584398269652,194,0.0,medium,few,237,False
qwen3_8b,train,19996135,generation_2,1,0,0.9767516851425172,264,0.0,long,few,318,False
qwen3_8b,train,19996135,generation_3,1,0,0.9695284962654114,237,0.0,long,few,303,False
qwen3_8b,train,20005218,generation_1,4,0,0.9902430921792984,134,0.0,short,few,165,False
qwen3_8b,train,20005218,generation_2,4,0,0.985301360487938,142,0.0,short,few,194,False
qwen3_8b,train,20005218,generation_3,4,0,0.9896387904882431,251,0.0,long,few,356,False
qwen3_8b,train,20034406,generation_1,7,1,0.9004815007959094,213,0.14285714285714285,medium,medium,265,False
qwen3_8b,train,20034406,generation_2,7,1,0.8988889753818512,236,0.14285714285714285,long,medium,290,False
qwen3_8b,train,20034406,generation_3,7,1,0.8671087729079383,182,0.14285714285714285,medium,medium,230,False
qwen3_8b,train,20046642,generation_1,21,14,0.33941290902882987,259,0.6666666666666666,long,many,364,False
qwen3_8b,train,20046642,generation_2,21,12,0.46397365069216384,268,0.5714285714285714,long,many,363,False
qwen3_8b,train,20046642,generation_3,21,16,0.2753415350480714,235,0.7619047619047619,long,many,324,False
qwen3_8b,train,20080916,generation_1,3,2,0.3724990241850416,156,0.6666666666666666,short,few,191,False
qwen3_8b,train,20080916,generation_2,3,2,0.37312342242027324,198,0.6666666666666666,medium,few,242,False
qwen3_8b,train,20080916,generation_3,3,2,0.45537639820637793,156,0.6666666666666666,short,few,198,False
qwen3_8b,train,20080983,generation_1,3,1,0.6678034191330272,152,0.3333333333333333,short,few,191,False
qwen3_8b,train,20080983,generation_2,3,1,0.6637186221778393,125,0.3333333333333333,short,few,166,False
qwen3_8b,train,20080983,generation_3,3,1,0.6616827150185902,162,0.3333333333333333,short,few,203,False
qwen3_8b,train,20086182,generation_1,6,1,0.7550117347855121,241,0.16666666666666666,long,medium,306,False
qwen3_8b,train,20086182,generation_2,6,1,0.9052016238371531,130,0.16666666666666666,short,medium,162,False
qwen3_8b,train,20086182,generation_3,6,0,0.9853629469871521,164,0.0,short,medium,229,False
qwen3_8b,train,20105280,generation_1,17,12,0.32649979351759506,235,0.7058823529411765,long,many,305,False
qwen3_8b,train,20105280,generation_2,17,9,0.45616130311699477,251,0.5294117647058824,long,many,323,False
qwen3_8b,train,20105280,generation_3,17,8,0.5528681992060122,312,0.47058823529411764,long,many,372,False
qwen3_8b,train,20105310,generation_1,30,4,0.8672724821954034,286,0.13333333333333333,long,many,369,False
qwen3_8b,train,20105310,generation_2,30,3,0.8935784878616687,281,0.1,long,many,355,False
qwen3_8b,train,20105310,generation_3,30,4,0.863796175151947,251,0.13333333333333333,long,many,383,False
qwen3_8b,train,20129423,generation_1,2,0,0.9809893369674683,257,0.0,long,few,297,False
qwen3_8b,train,20129423,generation_2,2,0,0.9848865866661072,242,0.0,long,few,281,False
qwen3_8b,train,20129423,generation_3,2,0,0.9831303358078004,152,0.0,short,few,190,False
qwen3_8b,train,20226780,generation_1,6,0,0.9380100270112356,235,0.0,long,medium,317,False
qwen3_8b,train,20226780,generation_2,6,1,0.8039116007518411,186,0.16666666666666666,medium,medium,237,False
qwen3_8b,train,20226780,generation_3,6,2,0.6189836348154737,184,0.3333333333333333,medium,medium,245,False
qwen3_8b,train,20331935,generation_1,3,1,0.6798982520898184,181,0.3333333333333333,medium,few,221,False
qwen3_8b,train,20331935,generation_2,3,0,0.9661869009335836,309,0.0,long,few,373,False
qwen3_8b,train,20331935,generation_3,3,0,0.9807891647020975,233,0.0,long,few,279,False
qwen3_8b,train,20335448,generation_1,12,1,0.8817904638126493,225,0.08333333333333333,long,many,269,False
qwen3_8b,train,20335448,generation_2,12,0,0.9787483364343643,253,0.0,long,many,315,False
qwen3_8b,train,20335448,generation_3,12,2,0.8546160540233055,232,0.16666666666666666,long,many,283,False
qwen3_8b,train,20367983,generation_1,4,1,0.7505185741465539,136,0.25,short,few,170,False
qwen3_8b,train,20367983,generation_2,4,1,0.7501149093732238,185,0.25,medium,few,216,False
qwen3_8b,train,20367983,generation_3,4,1,0.7509476020932198,157,0.25,short,few,199,False
qwen3_8b,train,20401977,generation_1,3,0,0.9941880106925965,145,0.0,short,few,193,False
qwen3_8b,train,20401977,generation_2,3,0,0.9940802852312723,154,0.0,short,few,199,False
qwen3_8b,train,20401977,generation_3,3,0,0.9935877124468485,142,0.0,short,few,193,False
qwen3_8b,train,20415560,generation_1,7,0,0.9357406667300633,216,0.0,medium,medium,267,False
qwen3_8b,train,20415560,generation_2,7,0,0.9829951524734497,307,0.0,long,medium,369,False
qwen3_8b,train,20415560,generation_3,7,0,0.987083911895752,261,0.0,long,medium,323,False
qwen3_8b,train,20428796,generation_1,9,7,0.21950057331640788,256,0.7777777777777778,long,medium,355,False
qwen3_8b,train,20428796,generation_2,9,8,0.1415667827321966,271,0.8888888888888888,long,medium,382,False
qwen3_8b,train,20428796,generation_3,9,6,0.3292212728427128,257,0.6666666666666666,long,medium,373,False
qwen3_8b,train,20431083,generation_1,2,1,0.4878560139331966,238,0.5,long,few,287,False
qwen3_8b,train,20431083,generation_2,2,1,0.4911713700275867,167,0.5,short,few,198,False
qwen3_8b,train,20431083,generation_3,2,1,0.48753497074358165,169,0.5,short,few,197,False
qwen3_8b,train,20447294,generation_1,8,0,0.984971173107624,211,0.0,medium,medium,262,False
qwen3_8b,train,20447294,generation_2,8,0,0.9846862107515335,194,0.0,medium,medium,242,False
qwen3_8b,train,20447294,generation_3,8,0,0.9791559278964996,190,0.0,medium,medium,233,False
qwen3_8b,train,20477932,generation_1,14,7,0.47068931145414744,213,0.5,medium,many,255,False
qwen3_8b,train,20477932,generation_2,14,9,0.366658034250057,302,0.6428571428571429,long,many,376,False
qwen3_8b,train,20477932,generation_3,14,8,0.40055465278315483,269,0.5714285714285714,long,many,336,False
qwen3_8b,train,20510337,generation_1,26,3,0.8670472276325409,231,0.11538461538461539,long,many,300,False
qwen3_8b,train,20510337,generation_2,26,5,0.7920706319251062,257,0.19230769230769232,long,many,342,False
qwen3_8b,train,20510337,generation_3,26,4,0.8306713852451559,240,0.15384615384615385,long,many,303,False
qwen3_8b,train,20520283,generation_1,6,3,0.5384600943264862,169,0.5,short,medium,209,False
qwen3_8b,train,20520283,generation_2,6,1,0.8472905382514,190,0.16666666666666666,medium,medium,245,False
qwen3_8b,train,20520283,generation_3,6,1,0.8428439746300379,148,0.16666666666666666,short,medium,189,False
qwen3_8b,train,20523265,generation_1,8,0,0.9716078788042068,147,0.0,short,medium,197,False
qwen3_8b,train,20523265,generation_2,8,0,0.9659466668963432,203,0.0,medium,medium,252,False
qwen3_8b,train,20523265,generation_3,8,0,0.9839803948998451,196,0.0,medium,medium,250,False
qwen3_8b,train,20528871,generation_1,3,0,0.9823558926582336,170,0.0,short,few,218,False
qwen3_8b,train,20528871,generation_2,3,0,0.981537938117981,258,0.0,long,few,337,False
qwen3_8b,train,20528871,generation_3,3,0,0.9838144779205321,243,0.0,long,few,335,False
qwen3_8b,train,20533999,generation_1,9,5,0.48353607120871955,311,0.5555555555555556,long,medium,390,False
qwen3_8b,train,20533999,generation_2,9,5,0.4942770157423284,201,0.5555555555555556,medium,medium,257,False
qwen3_8b,train,20533999,generation_3,9,3,0.6649370450112555,246,0.3333333333333333,long,medium,322,False
qwen3_8b,train,20534142,generation_1,14,3,0.7815087245960187,194,0.21428571428571427,medium,many,237,False
qwen3_8b,train,20534142,generation_2,14,2,0.8746075342309528,223,0.14285714285714285,long,many,268,False
qwen3_8b,train,20534142,generation_3,14,3,0.7936249161139131,261,0.21428571428571427,long,many,380,False
qwen3_8b,train,20558148,generation_1,12,4,0.6548195181724926,257,0.3333333333333333,long,many,333,False
qwen3_8b,train,20558148,generation_2,12,3,0.7404335670168317,273,0.25,long,many,347,False
qwen3_8b,train,20558148,generation_3,12,4,0.6534830313175917,276,0.3333333333333333,long,many,360,False
qwen3_8b,train,20579626,generation_1,5,0,0.9899669766426087,188,0.0,medium,few,225,False
qwen3_8b,train,20579626,generation_2,5,0,0.9736364364624024,199,0.0,medium,few,243,False
qwen3_8b,train,20579626,generation_3,5,0,0.9905959606170655,179,0.0,medium,few,228,False
qwen3_8b,train,20583543,generation_1,5,0,0.9678854584693909,181,0.0,medium,few,287,False
qwen3_8b,train,20583543,generation_2,5,1,0.7993890576064586,171,0.2,short,few,244,False
qwen3_8b,train,20583543,generation_3,5,0,0.9852853536605835,131,0.0,short,few,182,False
qwen3_8b,train,20588063,generation_1,7,0,0.9947725364140102,214,0.0,medium,medium,267,False
qwen3_8b,train,20588063,generation_2,7,0,0.9951568756784711,212,0.0,medium,medium,275,False
qwen3_8b,train,20588063,generation_3,7,0,0.995235971042088,172,0.0,medium,medium,224,False
qwen3_8b,train,20606392,generation_1,2,0,0.9919289648532867,147,0.0,short,few,177,False
qwen3_8b,train,20606392,generation_2,2,0,0.9960136413574219,158,0.0,short,few,183,False
qwen3_8b,train,20606392,generation_3,2,0,0.99416384100914,136,0.0,short,few,174,False
qwen3_8b,train,20667451,generation_1,7,0,0.9844306111335754,201,0.0,medium,medium,229,False
qwen3_8b,train,20667451,generation_2,7,0,0.985709011554718,291,0.0,long,medium,350,False
qwen3_8b,train,20667451,generation_3,7,0,0.9842856441225324,165,0.0,short,medium,199,False
qwen3_8b,train,20683499,generation_1,8,2,0.7274492562501109,219,0.25,long,medium,272,False
qwen3_8b,train,20683499,generation_2,8,2,0.7396598330669804,227,0.25,long,medium,278,False
qwen3_8b,train,20683499,generation_3,8,4,0.5119488802010892,223,0.5,long,medium,293,False
qwen3_8b,train,20708777,generation_1,12,0,0.9933738559484482,199,0.0,medium,many,273,False
qwen3_8b,train,20708777,generation_2,12,0,0.9929007391134897,156,0.0,short,many,217,False
qwen3_8b,train,20708777,generation_3,12,0,0.9914066890875498,216,0.0,medium,many,301,False
qwen3_8b,train,20722491,generation_1,20,19,0.07995515479415186,247,0.95,long,many,330,False
qwen3_8b,train,20722491,generation_2,20,14,0.2954075604138779,301,0.7,long,many,420,False
qwen3_8b,train,20722491,generation_3,20,14,0.25748738082475026,229,0.7,long,many,319,False
qwen3_8b,train,20801104,generation_1,4,0,0.9902174025774002,201,0.0,medium,few,247,False
qwen3_8b,train,20801104,generation_2,4,0,0.9876852035522461,170,0.0,short,few,219,False
qwen3_8b,train,20801104,generation_3,4,0,0.9835271388292313,181,0.0,medium,few,228,False
qwen3_8b,train,20806042,generation_1,3,0,0.9961957335472107,183,0.0,medium,few,248,False
qwen3_8b,train,20806042,generation_2,3,0,0.9962202707926432,212,0.0,medium,few,281,False
qwen3_8b,train,20806042,generation_3,3,0,0.9960822463035583,154,0.0,short,few,203,False
qwen3_8b,train,20828385,generation_1,5,2,0.5667189545929431,166,0.4,short,few,202,False
qwen3_8b,train,20828385,generation_2,5,0,0.8721835017204285,161,0.0,short,few,195,False
qwen3_8b,train,20828385,generation_3,5,2,0.596826468128711,190,0.4,medium,few,232,False
qwen3_8b,train,20846357,generation_1,6,4,0.3381493096239865,233,0.6666666666666666,long,medium,304,False
qwen3_8b,train,20846357,generation_2,6,3,0.45571379363536835,218,0.5,long,medium,280,False
qwen3_8b,train,20846357,generation_3,6,0,0.9685644110043844,218,0.0,long,medium,273,False
qwen3_8b,train,20854438,generation_1,7,4,0.47950584614799086,282,0.5714285714285714,long,medium,435,False
qwen3_8b,train,20854438,generation_2,7,4,0.4433223121283975,208,0.5714285714285714,medium,medium,258,False
qwen3_8b,train,20854438,generation_3,7,4,0.42860893872732825,253,0.5714285714285714,long,medium,339,False
qwen3_8b,train,20949073,generation_1,2,1,0.501908163074404,210,0.5,medium,few,247,False
qwen3_8b,train,20949073,generation_2,2,1,0.5017219979781657,206,0.5,medium,few,265,False
qwen3_8b,train,20949073,generation_3,2,1,0.5007607667939737,185,0.5,medium,few,230,False
qwen3_8b,train,20973483,generation_1,7,4,0.395078921357968,203,0.5714285714285714,medium,medium,278,False
qwen3_8b,train,20973483,generation_2,7,5,0.3025798110757023,185,0.7142857142857143,medium,medium,254,False
qwen3_8b,train,20973483,generation_3,7,4,0.41979415262384073,234,0.5714285714285714,long,medium,310,False
qwen3_8b,train,21059483,generation_1,2,1,0.634038895368576,188,0.5,medium,few,241,False
qwen3_8b,train,21059483,generation_2,2,0,0.9823472499847412,198,0.0,medium,few,260,False
qwen3_8b,train,21059483,generation_3,2,0,0.9935860633850098,187,0.0,medium,few,240,False
qwen3_8b,train,21070631,generation_1,14,0,0.9456933992249625,222,0.0,long,many,280,False
qwen3_8b,train,21070631,generation_2,14,1,0.918214229334678,280,0.07142857142857142,long,many,362,False
qwen3_8b,train,21070631,generation_3,14,0,0.9794486548219409,232,0.0,long,many,283,False
qwen3_8b,train,21080147,generation_1,9,0,0.9571004509925842,263,0.0,long,medium,343,False
qwen3_8b,train,21080147,generation_2,9,1,0.9181495408217112,236,0.1111111111111111,long,medium,311,False
qwen3_8b,train,21080147,generation_3,9,0,0.9344586730003357,241,0.0,long,medium,301,False
qwen3_8b,train,21135151,generation_1,1,0,0.9949892163276672,158,0.0,short,few,200,False
qwen3_8b,train,21135151,generation_2,1,0,0.9944120049476624,217,0.0,long,few,272,False
qwen3_8b,train,21135151,generation_3,1,0,0.9937642812728882,155,0.0,short,few,190,False
qwen3_8b,train,21163864,generation_1,2,1,0.5026178793050349,112,0.5,short,few,130,False
qwen3_8b,train,21163864,generation_2,2,1,0.5003339899703859,123,0.5,short,few,157,False
qwen3_8b,train,21163864,generation_3,2,1,0.502078890800476,216,0.5,medium,few,262,False
qwen3_8b,train,21195121,generation_1,12,1,0.8892786962290605,251,0.08333333333333333,long,many,318,False
qwen3_8b,train,21195121,generation_2,12,3,0.736770071904175,225,0.25,long,many,297,False
qwen3_8b,train,21195121,generation_3,12,4,0.689501853659749,256,0.3333333333333333,long,many,339,False
qwen3_8b,train,21238926,generation_1,7,5,0.36476442331747544,200,0.7142857142857143,medium,medium,280,False
qwen3_8b,train,21238926,generation_2,7,5,0.32745381554455627,150,0.7142857142857143,short,medium,233,False
qwen3_8b,train,21238926,generation_3,7,2,0.6609976342463467,166,0.2857142857142857,short,medium,255,False
qwen3_8b,train,21325775,generation_1,2,1,0.501369284465909,215,0.5,medium,few,253,False
qwen3_8b,train,21325775,generation_2,2,0,0.9808312356472015,144,0.0,short,few,168,False
qwen3_8b,train,21325775,generation_3,2,0,0.916899561882019,164,0.0,short,few,193,False
qwen3_8b,train,21496008,generation_1,2,0,0.994264930486679,139,0.0,short,few,173,False
qwen3_8b,train,21496008,generation_2,2,0,0.9947402477264404,141,0.0,short,few,175,False
qwen3_8b,train,21496008,generation_3,2,0,0.9944974780082703,136,0.0,short,few,162,False
qwen3_8b,train,21533187,generation_1,3,0,0.9953177372614542,191,0.0,medium,few,264,False
qwen3_8b,train,21533187,generation_2,3,0,0.9948976238568624,221,0.0,long,few,282,False
qwen3_8b,train,21533187,generation_3,3,0,0.9945061604181925,148,0.0,short,few,198,False
qwen3_8b,train,21615796,generation_1,5,0,0.9811730146408081,167,0.0,short,few,227,False
qwen3_8b,train,21615796,generation_2,5,0,0.9204643249511719,159,0.0,short,few,219,False
qwen3_8b,train,21615796,generation_3,5,1,0.8307567238807678,162,0.2,short,few,219,False
qwen3_8b,train,21666969,generation_1,6,0,0.992929071187973,218,0.0,long,medium,263,False
qwen3_8b,train,21666969,generation_2,6,0,0.9889712731043497,150,0.0,short,medium,173,False
qwen3_8b,train,21666969,generation_3,6,0,0.9908989667892456,209,0.0,medium,medium,266,False
qwen3_8b,train,21682595,generation_1,4,1,0.7337498106062412,215,0.25,medium,few,273,False
qwen3_8b,train,21682595,generation_2,4,1,0.7323116464540362,213,0.25,medium,few,257,False
qwen3_8b,train,21682595,generation_3,4,1,0.7488599419593811,157,0.25,short,few,194,False
qwen3_8b,train,21695597,generation_1,6,0,0.9607941110928854,228,0.0,long,medium,289,False
qwen3_8b,train,21695597,generation_2,6,0,0.8912558356920878,228,0.0,long,medium,282,False
qwen3_8b,train,21695597,generation_3,6,0,0.9685168067614237,204,0.0,medium,medium,255,False
qwen3_8b,train,21699520,generation_1,3,1,0.6718857263525327,156,0.3333333333333333,short,few,198,False
qwen3_8b,train,21699520,generation_2,3,1,0.6699232220028838,155,0.3333333333333333,short,few,207,False
qwen3_8b,train,21699520,generation_3,3,1,0.6691558932264646,160,0.3333333333333333,short,few,207,False
qwen3_8b,train,21771880,generation_1,3,0,0.9497555295626322,205,0.0,medium,few,254,False
qwen3_8b,train,21771880,generation_2,3,1,0.7920630077521006,271,0.3333333333333333,long,few,346,False
qwen3_8b,train,21771880,generation_3,3,0,0.978351910909017,124,0.0,short,few,160,False
qwen3_8b,train,21810259,generation_1,25,9,0.6249468891153811,293,0.36,long,many,423,False
qwen3_8b,train,21810259,generation_2,25,12,0.5299039457913023,294,0.48,long,many,444,False
qwen3_8b,train,21810259,generation_3,25,9,0.6396857291046762,285,0.36,long,many,379,False
qwen3_8b,train,21904390,generation_1,3,0,0.9938032825787863,164,0.0,short,few,188,False
qwen3_8b,train,21904390,generation_2,3,0,0.9964694380760193,176,0.0,medium,few,216,False
qwen3_8b,train,21904390,generation_3,3,1,0.6645351815968751,161,0.3333333333333333,short,few,183,False
qwen3_8b,train,21911891,generation_1,2,0,0.9745570123195648,198,0.0,medium,few,246,False
qwen3_8b,train,21911891,generation_2,2,0,0.9813138544559479,184,0.0,medium,few,223,False
qwen3_8b,train,21911891,generation_3,2,0,0.9496490359306335,190,0.0,medium,few,225,False
qwen3_8b,train,22048266,generation_1,5,0,0.9852738857269288,200,0.0,medium,few,246,False
qwen3_8b,train,22048266,generation_2,5,0,0.9874831557273864,137,0.0,short,few,174,False
qwen3_8b,train,22048266,generation_3,5,0,0.9745782732963562,210,0.0,medium,few,265,False
qwen3_8b,train,22051099,generation_1,6,0,0.9912652472654978,323,0.0,long,medium,407,False
qwen3_8b,train,22051099,generation_2,6,0,0.9925328195095062,178,0.0,medium,medium,221,False
qwen3_8b,train,22051099,generation_3,6,0,0.9914529720942179,264,0.0,long,medium,356,False
qwen3_8b,train,22104738,generation_1,3,0,0.9886592427889506,173,0.0,medium,few,227,False
qwen3_8b,train,22104738,generation_2,3,1,0.6698213741183281,203,0.3333333333333333,medium,few,263,False
qwen3_8b,train,22104738,generation_3,3,0,0.9729537765185038,193,0.0,medium,few,253,False
qwen3_8b,train,22180037,generation_1,4,1,0.7536816149950027,158,0.25,short,few,192,False
qwen3_8b,train,22180037,generation_2,4,0,0.9833388775587082,164,0.0,short,few,206,False
qwen3_8b,train,22180037,generation_3,4,0,0.9513216316699982,156,0.0,short,few,204,False
qwen3_8b,train,22303482,generation_1,30,7,0.7692227732254348,242,0.23333333333333334,long,many,347,False
qwen3_8b,train,22303482,generation_2,30,11,0.6278287182862793,260,0.36666666666666664,long,many,372,False
qwen3_8b,train,22303482,generation_3,30,2,0.9115703458606731,242,0.06666666666666667,long,many,338,False
qwen3_8b,train,22808010,generation_1,32,6,0.8150436002702008,256,0.1875,long,many,367,False
qwen3_8b,train,22808010,generation_2,32,1,0.9521936578676105,218,0.03125,long,many,312,False
qwen3_8b,train,22808010,generation_3,32,0,0.9825576264411211,255,0.0,long,many,353,False
qwen3_8b,train,22836123,generation_1,6,2,0.6712976569930712,243,0.3333333333333333,long,medium,299,False
qwen3_8b,train,22836123,generation_2,6,4,0.3347942816714446,250,0.6666666666666666,long,medium,301,False
qwen3_8b,train,22836123,generation_3,6,2,0.6811778228729963,261,0.3333333333333333,long,medium,328,False
qwen3_8b,train,22859398,generation_1,7,1,0.8826122028487069,198,0.14285714285714285,medium,medium,245,False
qwen3_8b,train,22859398,generation_2,7,1,0.8488504354442868,166,0.14285714285714285,short,medium,208,False
qwen3_8b,train,22859398,generation_3,7,1,0.8522069079003164,200,0.14285714285714285,medium,medium,281,False
qwen3_8b,train,23791840,generation_1,15,4,0.7505428946577013,215,0.26666666666666666,medium,many,282,False
qwen3_8b,train,23791840,generation_2,15,4,0.7322804945501654,273,0.26666666666666666,long,many,359,False
qwen3_8b,train,23791840,generation_3,15,4,0.7316999133676291,254,0.26666666666666666,long,many,325,False
qwen3_8b,train,23864035,generation_1,4,0,0.978029429912567,161,0.0,short,few,192,False
qwen3_8b,train,23864035,generation_2,4,0,0.9830541908740997,203,0.0,medium,few,240,False
qwen3_8b,train,23864035,generation_3,4,0,0.9849415123462677,299,0.0,long,few,365,False
qwen3_8b,train,23949582,generation_1,5,0,0.9843582153320313,145,0.0,short,few,205,False
qwen3_8b,train,23949582,generation_2,5,0,0.9838811039924622,148,0.0,short,few,206,False
qwen3_8b,train,23949582,generation_3,5,0,0.9840262532234192,150,0.0,short,few,205,False
qwen3_8b,train,23952588,generation_1,2,0,0.9839084446430206,176,0.0,medium,few,210,False
qwen3_8b,train,23952588,generation_2,2,0,0.9812136292457581,233,0.0,long,few,284,False
qwen3_8b,train,23952588,generation_3,2,0,0.9807906746864319,222,0.0,long,few,272,False
qwen3_8b,train,24055495,generation_1,14,4,0.6992213688790798,291,0.2857142857142857,long,many,352,False
qwen3_8b,train,24055495,generation_2,14,6,0.5818891775727805,231,0.42857142857142855,long,many,286,False
qwen3_8b,train,24055495,generation_3,14,6,0.5958197503350675,270,0.42857142857142855,long,many,350,False
qwen3_8b,train,24100257,generation_1,3,2,0.3316589330788701,150,0.6666666666666666,short,few,205,False
qwen3_8b,train,24100257,generation_2,3,2,0.33372066092366975,269,0.6666666666666666,long,few,378,False
qwen3_8b,train,24100257,generation_3,3,2,0.3452931580444177,201,0.6666666666666666,medium,few,282,False
qwen3_8b,train,24126708,generation_1,10,0,0.9847563922405242,302,0.0,long,medium,397,False
qwen3_8b,train,24126708,generation_2,10,1,0.9286078631877899,218,0.1,long,medium,270,False
qwen3_8b,train,24126708,generation_3,10,1,0.8744066417217254,218,0.1,long,medium,295,False
qwen3_8b,train,24132704,generation_1,16,10,0.39385179392411374,260,0.625,long,many,353,False
qwen3_8b,train,24132704,generation_2,16,6,0.6198164567613276,278,0.375,long,many,373,False
qwen3_8b,train,24132704,generation_3,16,7,0.5454595421369959,230,0.4375,long,many,303,False
qwen3_8b,train,2422478,generation_1,4,1,0.7321398667991161,126,0.25,short,few,163,False
qwen3_8b,train,2422478,generation_2,4,1,0.7348593380302191,197,0.25,medium,few,244,False
qwen3_8b,train,2422478,generation_3,4,2,0.5018716731574386,128,0.5,short,few,161,False
qwen3_8b,train,24309294,generation_1,10,2,0.8045800544321537,238,0.2,long,medium,315,False
qwen3_8b,train,24309294,generation_2,10,5,0.5467762415297329,241,0.5,long,medium,330,False
qwen3_8b,train,24309294,generation_3,10,4,0.6433932173997163,239,0.4,long,medium,321,False
qwen3_8b,train,24341598,generation_1,6,0,0.9574511349201202,215,0.0,medium,medium,262,False
qwen3_8b,train,24341598,generation_2,6,0,0.9786204099655151,179,0.0,medium,medium,223,False
qwen3_8b,train,24341598,generation_3,6,0,0.9781216084957123,189,0.0,medium,medium,237,False
qwen3_8b,train,24477591,generation_1,10,1,0.8754819445312023,201,0.1,medium,medium,241,False
qwen3_8b,train,24477591,generation_2,10,1,0.892625379562378,190,0.1,medium,medium,245,False
qwen3_8b,train,24477591,generation_3,10,1,0.8555324418935925,161,0.1,short,medium,200,False
qwen3_8b,train,24535067,generation_1,7,5,0.4001669990248046,180,0.7142857142857143,medium,medium,231,False
qwen3_8b,train,24535067,generation_2,7,4,0.4035959117380636,141,0.5714285714285714,short,medium,185,False
qwen3_8b,train,24535067,generation_3,7,5,0.2939500552269497,155,0.7142857142857143,short,medium,206,False
qwen3_8b,train,24587916,generation_1,8,2,0.7401156573032495,214,0.25,medium,medium,276,False
qwen3_8b,train,24587916,generation_2,8,0,0.9824012517929077,181,0.0,medium,medium,243,False
qwen3_8b,train,24587916,generation_3,8,0,0.9826141968369484,192,0.0,medium,medium,244,False
qwen3_8b,train,24588023,generation_1,1,1,0.0060750572010874,250,1.0,long,few,305,False
qwen3_8b,train,24588023,generation_2,1,1,0.0071177072823047,250,1.0,long,few,314,False
qwen3_8b,train,24588023,generation_3,1,1,0.0060003362596035,267,1.0,long,few,328,False
qwen3_8b,train,24623966,generation_1,12,4,0.6036330930267771,194,0.3333333333333333,medium,many,237,False
qwen3_8b,train,24623966,generation_2,12,2,0.7997836951787273,188,0.16666666666666666,medium,many,236,False
qwen3_8b,train,24623966,generation_3,12,5,0.5606501814909279,316,0.4166666666666667,long,many,394,False
qwen3_8b,train,24632946,generation_1,13,4,0.690483881696799,218,0.3076923076923077,long,many,316,False
qwen3_8b,train,24632946,generation_2,13,5,0.5731435844209045,222,0.38461538461538464,long,many,327,False
qwen3_8b,train,24632946,generation_3,13,5,0.6264283907254978,235,0.38461538461538464,long,many,323,False
qwen3_8b,train,24709919,generation_1,6,3,0.5192232538635532,149,0.5,short,medium,180,False
qwen3_8b,train,24709919,generation_2,6,3,0.49348735025463003,259,0.5,long,medium,318,False
qwen3_8b,train,24709919,generation_3,6,1,0.7042140450018147,177,0.16666666666666666,medium,medium,216,False
qwen3_8b,train,24742750,generation_1,2,1,0.5408780053257942,196,0.5,medium,few,262,False
qwen3_8b,train,24742750,generation_2,2,0,0.9789077639579772,201,0.0,medium,few,258,False
qwen3_8b,train,24742750,generation_3,2,1,0.4897275862749666,174,0.5,medium,few,227,False
qwen3_8b,train,24743235,generation_1,8,4,0.5059257742650516,290,0.5,long,medium,410,False
qwen3_8b,train,24743235,generation_2,8,4,0.4875416004579165,225,0.5,long,medium,316,False
qwen3_8b,train,24743235,generation_3,8,6,0.28178044231026433,207,0.75,medium,medium,340,False
qwen3_8b,train,24768818,generation_1,19,3,0.8338261750583402,238,0.15789473684210525,long,many,296,False
qwen3_8b,train,24768818,generation_2,19,4,0.8099836437215441,335,0.21052631578947367,long,many,421,False
qwen3_8b,train,24768818,generation_3,19,2,0.8375248168832561,237,0.10526315789473684,long,many,285,False
qwen3_8b,train,24842192,generation_1,20,3,0.8337957464282226,247,0.15,long,many,326,False
qwen3_8b,train,24842192,generation_2,20,2,0.8728811731562018,229,0.1,long,many,306,False
qwen3_8b,train,24842192,generation_3,20,3,0.8647871978580952,243,0.15,long,many,328,False
qwen3_8b,train,24853300,generation_1,12,4,0.6428118776566407,261,0.3333333333333333,long,many,366,False
qwen3_8b,train,24853300,generation_2,12,3,0.7213327412634195,231,0.25,long,many,335,False
qwen3_8b,train,24853300,generation_3,12,3,0.693636124410356,193,0.25,medium,many,294,False
qwen3_8b,train,24902786,generation_1,13,3,0.7262939535654508,251,0.23076923076923078,long,many,298,False
qwen3_8b,train,24902786,generation_2,13,5,0.5976331380840677,238,0.38461538461538464,long,many,284,False
qwen3_8b,train,24902786,generation_3,13,3,0.7239153824854069,329,0.23076923076923078,long,many,477,False
qwen3_8b,train,24911645,generation_1,15,5,0.6637631036962072,254,0.3333333333333333,long,many,362,False
qwen3_8b,train,24911645,generation_2,15,6,0.5858398305193987,246,0.4,long,many,322,False
qwen3_8b,train,24911645,generation_3,15,6,0.649599870108068,223,0.4,long,many,293,False
qwen3_8b,train,24914936,generation_1,10,6,0.4021321225038264,221,0.6,long,medium,269,False
qwen3_8b,train,24914936,generation_2,10,6,0.4082759210723452,210,0.6,medium,medium,255,False
qwen3_8b,train,24914936,generation_3,10,6,0.44729582625441255,233,0.6,long,medium,288,False
qwen3_8b,train,24927617,generation_1,8,0,0.9726570919156075,302,0.0,long,medium,370,False
qwen3_8b,train,24927617,generation_2,8,1,0.894596204161644,232,0.125,long,medium,294,False
qwen3_8b,train,24927617,generation_3,8,0,0.9820777773857117,311,0.0,long,medium,387,False
qwen3_8b,train,24971338,generation_1,23,10,0.5658254892889248,264,0.43478260869565216,long,many,323,False
qwen3_8b,train,24971338,generation_2,23,9,0.6023679623461288,216,0.391304347826087,medium,many,276,False
qwen3_8b,train,24971338,generation_3,23,17,0.27299918334566703,188,0.7391304347826086,medium,many,235,False
qwen3_8b,train,25054547,generation_1,13,4,0.6571753463224292,181,0.3076923076923077,medium,many,282,False
qwen3_8b,train,25054547,generation_2,13,5,0.6173343417176511,199,0.38461538461538464,medium,many,314,False
qwen3_8b,train,25054547,generation_3,13,5,0.6549576778555862,254,0.38461538461538464,long,many,372,False
qwen3_8b,train,25218136,generation_1,15,6,0.568186439887116,245,0.4,long,many,300,False
qwen3_8b,train,25218136,generation_2,15,5,0.6827666686750793,262,0.3333333333333333,long,many,328,False
qwen3_8b,train,25218136,generation_3,15,8,0.44029691821682104,262,0.5333333333333333,long,many,307,False
qwen3_8b,train,25263533,generation_1,26,12,0.5386516286732961,253,0.46153846153846156,long,many,354,False
qwen3_8b,train,25263533,generation_2,26,17,0.3308677553745488,312,0.6538461538461539,long,many,453,False
qwen3_8b,train,25263533,generation_3,26,17,0.3662755966825688,273,0.6538461538461539,long,many,383,False
qwen3_8b,train,25305591,generation_1,27,22,0.19745514245867657,269,0.8148148148148148,long,many,367,False
qwen3_8b,train,25305591,generation_2,27,21,0.23226504000626,265,0.7777777777777778,long,many,418,False
qwen3_8b,train,25305591,generation_3,27,21,0.2290301959874341,233,0.7777777777777778,long,many,322,False
qwen3_8b,train,25622904,generation_1,26,15,0.44846098093358494,245,0.5769230769230769,long,many,384,False
qwen3_8b,train,25622904,generation_2,26,12,0.5244201015492973,339,0.46153846153846156,long,many,469,False
qwen3_8b,train,25622904,generation_3,26,10,0.6093996372426493,332,0.38461538461538464,long,many,394,False
qwen3_8b,train,25946186,generation_1,13,1,0.9017532709269569,287,0.07692307692307693,long,many,340,False
qwen3_8b,train,25946186,generation_2,13,2,0.8520135097205639,225,0.15384615384615385,long,many,288,False
qwen3_8b,train,25946186,generation_3,13,1,0.8849288288933727,196,0.07692307692307693,medium,many,252,False
qwen3_8b,train,25979836,generation_1,53,28,0.47924469623556537,367,0.5283018867924528,long,many,461,False
qwen3_8b,train,25979836,generation_2,53,27,0.5081522316715289,311,0.5094339622641509,long,many,403,False
qwen3_8b,train,25979836,generation_3,53,33,0.3865082890595933,302,0.6226415094339622,long,many,383,False
qwen3_8b,train,25983002,generation_1,9,1,0.8356961380276415,179,0.1111111111111111,medium,medium,231,False
qwen3_8b,train,25983002,generation_2,9,1,0.8774147733218141,189,0.1111111111111111,medium,medium,226,False
qwen3_8b,train,25983002,generation_3,9,1,0.8938248521751828,155,0.1111111111111111,short,medium,190,False
qwen3_8b,train,25986755,generation_1,16,4,0.7417879384302069,260,0.25,long,many,324,False
qwen3_8b,train,25986755,generation_2,16,4,0.7534863243345171,252,0.25,long,many,309,False
qwen3_8b,train,25986755,generation_3,16,3,0.7993084187037311,361,0.1875,long,many,440,False
qwen3_8b,train,26027517,generation_1,31,18,0.46002289828667864,281,0.5806451612903226,long,many,382,False
qwen3_8b,train,26027517,generation_2,31,16,0.5121900971890653,297,0.5161290322580645,long,many,391,False
qwen3_8b,train,26027517,generation_3,31,14,0.5093975770906846,299,0.45161290322580644,long,many,384,False
qwen3_8b,train,26102294,generation_1,14,5,0.6493725863464144,275,0.35714285714285715,long,many,342,False
qwen3_8b,train,26102294,generation_2,14,3,0.7206107418127691,259,0.21428571428571427,long,many,319,False
qwen3_8b,train,26102294,generation_3,14,3,0.7781035872799943,259,0.21428571428571427,long,many,322,False
qwen3_8b,train,26115410,generation_1,1,0,0.9793906211853028,157,0.0,short,few,177,False
qwen3_8b,train,26115410,generation_2,1,0,0.9748082160949708,132,0.0,short,few,154,False
qwen3_8b,train,26115410,generation_3,1,0,0.9730383157730104,185,0.0,medium,few,217,False
qwen3_8b,train,26270232,generation_1,25,8,0.6909050525492058,252,0.32,long,many,363,False
qwen3_8b,train,26270232,generation_2,25,10,0.6430972965061664,257,0.4,long,many,358,False
qwen3_8b,train,26270232,generation_3,25,1,0.9281422598101199,242,0.04,long,many,319,False
qwen3_8b,train,26411452,generation_1,7,0,0.983674670968737,215,0.0,medium,medium,280,False
qwen3_8b,train,26411452,generation_2,7,0,0.9348189660481044,213,0.0,medium,medium,262,False
qwen3_8b,train,26411452,generation_3,7,0,0.9886719584465027,207,0.0,medium,medium,263,False
qwen3_8b,train,26516699,generation_1,59,6,0.8961961200831742,257,0.1016949152542373,long,many,376,False
qwen3_8b,train,26516699,generation_2,59,3,0.950222996617983,207,0.05084745762711865,medium,many,319,False
qwen3_8b,train,26516699,generation_3,59,4,0.9313077845803552,219,0.06779661016949153,long,many,408,False
qwen3_8b,train,26731607,generation_1,1,0,0.9409096240997314,187,0.0,medium,few,227,False
qwen3_8b,train,26731607,generation_2,1,1,0.2236542403697967,161,1.0,short,few,190,False
qwen3_8b,train,26731607,generation_3,1,0,0.6231862306594849,156,0.0,short,few,185,False
qwen3_8b,train,27014915,generation_1,21,4,0.8060766575418667,234,0.19047619047619047,long,many,312,False
qwen3_8b,train,27014915,generation_2,21,4,0.8102425003848371,234,0.19047619047619047,long,many,315,False
qwen3_8b,train,27014915,generation_3,21,2,0.8664129055326893,317,0.09523809523809523,long,many,394,False
qwen3_8b,train,27084744,generation_1,30,6,0.8175308049578841,282,0.2,long,many,368,False
qwen3_8b,train,27084744,generation_2,30,3,0.8736342556153734,290,0.1,long,many,369,False
qwen3_8b,train,27084744,generation_3,30,11,0.6073280246477225,255,0.36666666666666664,long,many,317,False
qwen3_8b,train,27134166,generation_1,14,7,0.4907967569555954,250,0.5,long,many,296,False
qwen3_8b,train,27134166,generation_2,14,6,0.5714098415503811,274,0.42857142857142855,long,many,334,False
qwen3_8b,train,27134166,generation_3,14,4,0.7373321360376265,287,0.2857142857142857,long,many,342,False
qwen3_8b,train,27172902,generation_1,17,8,0.5138314994418418,262,0.47058823529411764,long,many,334,False
qwen3_8b,train,27172902,generation_2,17,6,0.6254147804181284,222,0.35294117647058826,long,many,290,False
qwen3_8b,train,27172902,generation_3,17,8,0.4726532560923849,294,0.47058823529411764,long,many,388,False
qwen3_8b,train,27184800,generation_1,5,0,0.8889646053314209,148,0.0,short,few,179,False
qwen3_8b,train,27184800,generation_2,5,0,0.9795212864875793,265,0.0,long,few,309,False
qwen3_8b,train,27184800,generation_3,5,0,0.9414510607719422,233,0.0,long,few,276,False
qwen3_8b,train,27248656,generation_1,37,15,0.6039150881374922,233,0.40540540540540543,long,many,301,False
qwen3_8b,train,27248656,generation_2,37,13,0.6375215722144129,323,0.35135135135135137,long,many,433,False
qwen3_8b,train,27248656,generation_3,37,14,0.6402192279091576,311,0.3783783783783784,long,many,409,False
qwen3_8b,train,27292643,generation_1,6,2,0.6686032532403866,172,0.3333333333333333,medium,medium,199,False
qwen3_8b,train,27292643,generation_2,6,1,0.8599357455968857,176,0.16666666666666666,medium,medium,202,False
qwen3_8b,train,27292643,generation_3,6,2,0.8217389037211736,159,0.3333333333333333,short,medium,189,False
qwen3_8b,train,27630165,generation_1,14,4,0.6783072660909966,200,0.2857142857142857,medium,many,278,False
qwen3_8b,train,27630165,generation_2,14,0,0.9783165029117039,301,0.0,long,many,404,False
qwen3_8b,train,27630165,generation_3,14,3,0.751312456892005,233,0.21428571428571427,long,many,325,False
qwen3_8b,train,27640183,generation_1,6,2,0.7134307492524385,152,0.3333333333333333,short,medium,196,False
qwen3_8b,train,27640183,generation_2,6,1,0.7890656929618368,185,0.16666666666666666,medium,medium,236,False
qwen3_8b,train,27640183,generation_3,6,0,0.9859689374764761,187,0.0,medium,medium,243,False
qwen3_8b,train,27643404,generation_1,9,0,0.9823662175072564,191,0.0,medium,medium,244,False
qwen3_8b,train,27643404,generation_2,9,1,0.8892794880602095,199,0.1111111111111111,medium,medium,253,False
qwen3_8b,train,27643404,generation_3,9,0,0.944751865333981,216,0.0,medium,medium,278,False
qwen3_8b,train,27779699,generation_1,10,1,0.90981465280056,179,0.1,medium,medium,225,False
qwen3_8b,train,27779699,generation_2,10,2,0.8167392455041409,235,0.2,long,medium,280,False
qwen3_8b,train,27779699,generation_3,10,4,0.615821433160454,278,0.4,long,medium,401,False
qwen3_8b,train,27825100,generation_1,10,1,0.746785107254982,227,0.1,long,medium,269,False
qwen3_8b,train,27825100,generation_2,10,2,0.7652202882803977,207,0.2,medium,medium,259,False
qwen3_8b,train,27825100,generation_3,10,4,0.6146011440083384,199,0.4,medium,medium,268,False
qwen3_8b,train,27860244,generation_1,19,5,0.6943322846567944,239,0.2631578947368421,long,many,335,False
qwen3_8b,train,27860244,generation_2,19,6,0.6944751229480302,237,0.3157894736842105,long,many,345,False
qwen3_8b,train,27860244,generation_3,19,7,0.5768753876419443,266,0.3684210526315789,long,many,365,False
qwen3_8b,train,27930654,generation_1,7,0,0.9884028094155448,219,0.0,long,medium,294,False
qwen3_8b,train,27930654,generation_2,7,0,0.995365560054779,208,0.0,medium,medium,273,False
qwen3_8b,train,27930654,generation_3,7,0,0.983881047793797,181,0.0,medium,medium,243,False
qwen3_8b,train,27941998,generation_1,16,2,0.8978849984705448,168,0.125,short,many,229,False
qwen3_8b,train,27941998,generation_2,16,0,0.9861070588231087,254,0.0,long,many,324,False
qwen3_8b,train,27941998,generation_3,16,10,0.3838985415059142,166,0.625,short,many,214,False
qwen3_8b,train,27959382,generation_1,8,4,0.5174936983385123,267,0.5,long,medium,341,False
qwen3_8b,train,27959382,generation_2,8,5,0.3898916121106595,309,0.625,long,medium,424,False
qwen3_8b,train,27959382,generation_3,8,3,0.6443981269840151,254,0.375,long,medium,325,False
qwen3_8b,train,27974047,generation_1,24,5,0.8047732635131979,252,0.20833333333333334,long,many,336,False
qwen3_8b,train,27974047,generation_2,24,5,0.8042728314224709,240,0.20833333333333334,long,many,362,False
qwen3_8b,train,27974047,generation_3,24,3,0.8567306551255266,223,0.125,long,many,337,False
qwen3_8b,train,27999109,generation_1,10,2,0.8031437788158655,286,0.2,long,medium,364,False
qwen3_8b,train,27999109,generation_2,10,3,0.7008789340907242,335,0.3,long,medium,421,False
qwen3_8b,train,27999109,generation_3,10,1,0.8583128265105188,256,0.1,long,medium,321,False
qwen3_8b,train,28075473,generation_1,13,3,0.7480727557278721,208,0.23076923076923078,medium,many,272,False
qwen3_8b,train,28075473,generation_2,13,5,0.6035623452144836,222,0.38461538461538464,long,many,292,False
qwen3_8b,train,28075473,generation_3,13,5,0.6227011213486549,253,0.38461538461538464,long,many,333,False
qwen3_8b,train,28098423,generation_1,10,2,0.7440499632328283,225,0.2,long,medium,282,False
qwen3_8b,train,28098423,generation_2,10,2,0.7705766258761286,215,0.2,medium,medium,259,False
qwen3_8b,train,28098423,generation_3,10,1,0.801240636408329,243,0.1,long,medium,302,False
qwen3_8b,train,28101574,generation_1,7,0,0.9263875910214016,151,0.0,short,medium,194,False
qwen3_8b,train,28101574,generation_2,7,1,0.7839935668245224,154,0.14285714285714285,short,medium,194,False
qwen3_8b,train,28101574,generation_3,7,2,0.6632348192132278,272,0.2857142857142857,long,medium,335,False
qwen3_8b,train,28148288,generation_1,9,4,0.5911711174218603,188,0.4444444444444444,medium,medium,262,False
qwen3_8b,train,28148288,generation_2,9,4,0.6087135864266505,220,0.4444444444444444,long,medium,278,False
qwen3_8b,train,28148288,generation_3,9,3,0.6849472682353936,244,0.3333333333333333,long,medium,323,False
qwen3_8b,train,28151486,generation_1,8,4,0.5085788239666726,209,0.5,medium,medium,314,False
qwen3_8b,train,28151486,generation_2,8,3,0.6165720458811847,191,0.375,medium,medium,236,False
qwen3_8b,train,28151486,generation_3,8,4,0.5195289339171723,208,0.5,medium,medium,279,False
qwen3_8b,train,28204828,generation_1,16,4,0.7461515753766434,193,0.25,medium,many,239,False
qwen3_8b,train,28204828,generation_2,16,4,0.7340747453854419,269,0.25,long,many,331,False
qwen3_8b,train,28204828,generation_3,16,3,0.7997293231965159,232,0.1875,long,many,328,False
qwen3_8b,train,28260056,generation_1,16,3,0.815558327594772,257,0.1875,long,many,348,False
qwen3_8b,train,28260056,generation_2,16,6,0.6628456085563812,218,0.375,long,many,274,False
qwen3_8b,train,28260056,generation_3,16,2,0.8750839165877551,219,0.125,long,many,285,False
qwen3_8b,train,28260077,generation_1,16,7,0.5812397500958468,225,0.4375,long,many,313,False
qwen3_8b,train,28260077,generation_2,16,6,0.6441241922439076,281,0.375,long,many,368,False
qwen3_8b,train,28260077,generation_3,16,6,0.6147560573554074,259,0.375,long,many,332,False
qwen3_8b,train,28260110,generation_1,20,6,0.69534682949743,287,0.3,long,many,352,False
qwen3_8b,train,28260110,generation_2,20,6,0.6913483415773953,270,0.3,long,many,363,False
qwen3_8b,train,28260110,generation_3,20,7,0.6270578873089108,268,0.35,long,many,341,False
qwen3_8b,train,28279980,generation_1,17,5,0.7130114076768651,238,0.29411764705882354,long,many,306,False
qwen3_8b,train,28279980,generation_2,17,5,0.705401694511666,252,0.29411764705882354,long,many,323,False
qwen3_8b,train,28279980,generation_3,17,5,0.6965990310041782,259,0.29411764705882354,long,many,345,False
qwen3_8b,train,28346429,generation_1,7,2,0.7088338991369321,233,0.2857142857142857,long,medium,297,False
qwen3_8b,train,28346429,generation_2,7,2,0.7133862962281066,177,0.2857142857142857,medium,medium,220,False
qwen3_8b,train,28346429,generation_3,7,4,0.4218757475318853,221,0.5714285714285714,long,medium,277,False
qwen3_8b,train,28348168,generation_1,3,0,0.9950787425041199,149,0.0,short,few,169,False
qwen3_8b,train,28348168,generation_2,3,0,0.9943459431330363,153,0.0,short,few,175,False
qwen3_8b,train,28348168,generation_3,3,0,0.9956395824750265,185,0.0,medium,few,209,False
qwen3_8b,train,28368423,generation_1,18,7,0.6012958449379463,255,0.3888888888888889,long,many,339,False
qwen3_8b,train,28368423,generation_2,18,5,0.699372890484584,286,0.2777777777777778,long,many,383,False
qwen3_8b,train,28368423,generation_3,18,6,0.63799229545273,293,0.3333333333333333,long,many,391,False
qwen3_8b,train,28368537,generation_1,7,1,0.8556828719696828,194,0.14285714285714285,medium,medium,248,False
qwen3_8b,train,28368537,generation_2,7,0,0.9924955708639962,191,0.0,medium,medium,232,False
qwen3_8b,train,28368537,generation_3,7,1,0.868393497807639,199,0.14285714285714285,medium,medium,234,False
qwen3_8b,train,28398555,generation_1,10,1,0.8531955122947693,237,0.1,long,medium,310,False
qwen3_8b,train,28398555,generation_2,10,1,0.8628610787913203,223,0.1,long,medium,286,False
qwen3_8b,train,28398555,generation_3,10,2,0.835003225505352,218,0.2,long,medium,284,False
qwen3_8b,train,28411266,generation_1,10,2,0.7640915925614535,218,0.2,long,medium,277,False
qwen3_8b,train,28411266,generation_2,10,2,0.7559989017434419,226,0.2,long,medium,286,False
qwen3_8b,train,28411266,generation_3,10,4,0.6167972356081008,245,0.4,long,medium,304,False
qwen3_8b,train,28416580,generation_1,16,3,0.7867906455649063,237,0.1875,long,many,305,False
qwen3_8b,train,28416580,generation_2,16,4,0.7410914085048717,225,0.25,long,many,287,False
qwen3_8b,train,28416580,generation_3,16,4,0.742352643108461,284,0.25,long,many,362,False
qwen3_8b,train,28428256,generation_1,17,7,0.5920937349857174,280,0.4117647058823529,long,many,342,False
qwen3_8b,train,28428256,generation_2,17,8,0.5086441892113619,263,0.47058823529411764,long,many,335,False
qwen3_8b,train,28428256,generation_3,17,7,0.5898954344524742,265,0.4117647058823529,long,many,326,False
qwen3_8b,train,28468941,generation_1,25,17,0.3307170647638849,223,0.68,long,many,287,False
qwen3_8b,train,28468941,generation_2,25,15,0.39720199214993046,207,0.6,medium,many,266,False
qwen3_8b,train,28468941,generation_3,25,15,0.39823676429805344,219,0.6,long,many,282,False
qwen3_8b,train,28472177,generation_1,36,1,0.9596190885608343,246,0.027777777777777776,long,many,338,False
qwen3_8b,train,28472177,generation_2,36,2,0.9414288803721623,348,0.05555555555555555,long,many,438,False
qwen3_8b,train,28472177,generation_3,36,11,0.6863025838279605,321,0.3055555555555556,long,many,470,False
qwen3_8b,train,28487437,generation_1,13,7,0.4226495669527839,269,0.5384615384615384,long,many,322,False
qwen3_8b,train,28487437,generation_2,13,5,0.611569427885115,271,0.38461538461538464,long,many,325,False
qwen3_8b,train,28487437,generation_3,13,5,0.5948003527636712,252,0.38461538461538464,long,many,384,False
qwen3_8b,train,28512644,generation_1,27,8,0.6881276130799152,215,0.2962962962962963,medium,many,327,False
qwen3_8b,train,28512644,generation_2,27,9,0.664006527252409,281,0.3333333333333333,long,many,433,False
qwen3_8b,train,28512644,generation_3,27,10,0.6415144347998581,257,0.37037037037037035,long,many,375,False
qwen3_8b,train,28584052,generation_1,5,0,0.9821470499038696,177,0.0,medium,few,243,False
qwen3_8b,train,28584052,generation_2,5,1,0.7990423660725355,152,0.2,short,few,216,False
qwen3_8b,train,28584052,generation_3,5,1,0.799577484279871,196,0.2,medium,few,259,False
qwen3_8b,train,28604678,generation_1,10,9,0.09916019429510921,211,0.9,medium,medium,282,False
qwen3_8b,train,28604678,generation_2,10,6,0.4247028450627113,147,0.6,short,medium,180,False
qwen3_8b,train,28604678,generation_3,10,10,0.00040693290648046,196,1.0,medium,medium,280,False
qwen3_8b,train,28650467,generation_1,13,5,0.6164179478252593,260,0.38461538461538464,long,many,323,False
qwen3_8b,train,28650467,generation_2,13,5,0.5484532944817777,248,0.38461538461538464,long,many,317,False
qwen3_8b,train,28650467,generation_3,13,5,0.6175554520271432,292,0.38461538461538464,long,many,367,False
qwen3_8b,train,28660748,generation_1,14,3,0.7858864333746689,213,0.21428571428571427,medium,many,270,False
qwen3_8b,train,28660748,generation_2,14,4,0.7744315734931401,235,0.2857142857142857,long,many,303,False
qwen3_8b,train,28660748,generation_3,14,4,0.7206162399213228,208,0.2857142857142857,medium,many,265,False
qwen3_8b,train,28687665,generation_1,3,0,0.9937890768051147,145,0.0,short,few,183,False
qwen3_8b,train,28687665,generation_2,3,0,0.9950098594029745,185,0.0,medium,few,248,False
qwen3_8b,train,28687665,generation_3,3,0,0.9939996004104614,216,0.0,medium,few,274,False
qwen3_8b,train,28747658,generation_1,27,0,0.9965835103282222,309,0.0,long,many,469,False
qwen3_8b,train,28747658,generation_2,27,4,0.8481011500175724,258,0.14814814814814814,long,many,375,False
qwen3_8b,train,28747658,generation_3,27,0,0.9963550876688074,217,0.0,long,many,300,False
qwen3_8b,train,28777492,generation_1,11,1,0.8808833171020855,215,0.09090909090909091,medium,many,296,False
qwen3_8b,train,28777492,generation_2,11,2,0.796632762575014,139,0.18181818181818182,short,many,182,False
qwen3_8b,train,28777492,generation_3,11,1,0.8716774129054763,205,0.09090909090909091,medium,many,277,False
qwen3_8b,train,28851297,generation_1,16,4,0.7474033169564791,250,0.25,long,many,387,False
qwen3_8b,train,28851297,generation_2,16,4,0.7436115822492866,230,0.25,long,many,302,False
qwen3_8b,train,28851297,generation_3,16,7,0.5644737635630008,231,0.4375,long,many,344,False
qwen3_8b,train,28883039,generation_1,10,2,0.8272294033318758,202,0.2,medium,medium,249,False
qwen3_8b,train,28883039,generation_2,10,2,0.7989225037395954,204,0.2,medium,medium,247,False
qwen3_8b,train,28883039,generation_3,10,3,0.7141776207368821,157,0.3,short,medium,190,False
qwen3_8b,train,29045486,generation_1,25,8,0.685629743434256,270,0.32,long,many,349,False
qwen3_8b,train,29045486,generation_2,25,8,0.6551166839571669,260,0.32,long,many,335,False
qwen3_8b,train,29045486,generation_3,25,7,0.738326015996281,255,0.28,long,many,317,False
qwen3_8b,train,29222418,generation_1,11,10,0.17544319051243784,202,0.9090909090909091,medium,many,325,False
qwen3_8b,train,29222418,generation_2,11,11,0.05180408982480658,228,1.0,long,many,364,False
qwen3_8b,train,29222418,generation_3,11,4,0.5822351369041082,176,0.36363636363636365,medium,many,292,False
qwen3_8b,train,30442153,generation_1,38,12,0.6663205876435601,293,0.3157894736842105,long,many,403,False
qwen3_8b,train,30442153,generation_2,38,13,0.6750692212379746,300,0.34210526315789475,long,many,406,False
qwen3_8b,train,30442153,generation_3,38,10,0.7232767806107356,268,0.2631578947368421,long,many,383,False
qwen3_8b,train,30836660,generation_1,51,46,0.09725168467169468,342,0.9019607843137255,long,many,428,False
qwen3_8b,train,30836660,generation_2,51,47,0.07763100930406279,308,0.9215686274509803,long,many,391,False
qwen3_8b,train,30836660,generation_3,51,47,0.0777887091589589,237,0.9215686274509803,long,many,297,False
qwen3_8b,train,7018927,generation_1,4,1,0.7592986822128296,138,0.25,short,few,193,False
qwen3_8b,train,7018927,generation_2,4,2,0.5163967413827776,204,0.5,medium,few,271,False
qwen3_8b,train,7018927,generation_3,4,0,0.9468092620372772,146,0.0,short,few,195,False
qwen3_8b,train,7468724,generation_1,5,3,0.3922438850626349,184,0.6,medium,few,221,False
qwen3_8b,train,7468724,generation_2,5,3,0.3864415373653173,160,0.6,short,few,195,False
qwen3_8b,train,7468724,generation_3,5,3,0.3683142041787505,158,0.6,short,few,189,False
qwen3_8b,train,7668252,generation_1,4,2,0.47869171667844057,137,0.5,short,few,189,False
qwen3_8b,train,7668252,generation_2,4,2,0.5116025153547525,164,0.5,short,few,216,False
qwen3_8b,train,7668252,generation_3,4,2,0.564800938591361,178,0.5,medium,few,242,False
qwen3_8b,train,7905839,generation_1,6,0,0.9946613907814026,181,0.0,medium,medium,205,False
qwen3_8b,train,7905839,generation_2,6,0,0.9915130436420441,148,0.0,short,medium,166,False
qwen3_8b,train,7905839,generation_3,6,0,0.9948209226131439,191,0.0,medium,medium,222,False
qwen3_8b,train,8002973,generation_1,1,0,0.9978680610656738,175,0.0,medium,few,246,False
qwen3_8b,train,8002973,generation_2,1,0,0.9967441558837892,236,0.0,long,few,320,False
qwen3_8b,train,8002973,generation_3,1,0,0.9970454573631288,197,0.0,medium,few,292,False
qwen3_8b,train,8755918,generation_1,2,0,0.9928036034107208,208,0.0,medium,few,250,False
qwen3_8b,train,8755918,generation_2,2,0,0.9960264265537262,139,0.0,short,few,181,False
qwen3_8b,train,8755918,generation_3,2,0,0.9960600137710571,174,0.0,medium,few,223,False
qwen3_8b,train,9294109,generation_1,2,0,0.9688853621482849,141,0.0,short,few,179,False
qwen3_8b,train,9294109,generation_2,2,1,0.5915296971797943,145,0.5,short,few,189,False
qwen3_8b,train,9294109,generation_3,2,0,0.9313498437404633,155,0.0,short,few,207,False
qwen3_8b,train,9647766,generation_1,6,2,0.7105834372341633,201,0.3333333333333333,medium,medium,256,False
qwen3_8b,train,9647766,generation_2,6,0,0.9853364924589793,204,0.0,medium,medium,259,False
qwen3_8b,train,9647766,generation_3,6,0,0.990040143330892,169,0.0,short,medium,207,False
qwen3_8b,train,9746003,generation_1,6,1,0.791259326118355,204,0.16666666666666666,medium,medium,268,False
qwen3_8b,train,9746003,generation_2,6,4,0.3666399613333245,285,0.6666666666666666,long,medium,385,False
qwen3_8b,train,9746003,generation_3,6,3,0.4845274131124218,253,0.5,long,medium,343,False
