model,split,paper_id,generation,failed_stated,n_stated,failed_implicit,n_implicit,failed_total,keep_stated_only,keep_norel_aware
qwen3_4b,dev,14510914,generation_1,4,7,5,14,9,False,False
qwen3_4b,dev,14510914,generation_2,4,7,4,14,8,False,False
qwen3_4b,dev,14510914,generation_3,5,7,4,14,9,False,False
qwen3_4b,dev,15018851,generation_1,3,7,4,8,7,False,False
qwen3_4b,dev,15018851,generation_2,3,7,4,8,7,False,False
qwen3_4b,dev,15018851,generation_3,3,7,4,8,7,False,False
qwen3_4b,dev,15041272,generation_1,6,8,5,13,11,False,False
qwen3_4b,dev,15041272,generation_2,5,8,4,13,9,False,False
qwen3_4b,dev,15041272,generation_3,4,8,4,13,8,False,False
qwen3_4b,dev,15069170,generation_1,1,6,4,15,5,False,False
qwen3_4b,dev,15069170,generation_2,1,6,4,15,5,False,False
qwen3_4b,dev,15069170,generation_3,1,6,4,15,5,False,False
qwen3_4b,dev,15086325,generation_1,0,1,0,0,0,True,True
qwen3_4b,dev,15086325,generation_2,0,1,0,0,0,True,True
qwen3_4b,dev,15086325,generation_3,0,1,0,0,0,True,True
qwen3_4b,dev,15096016,generation_1,0,1,0,0,0,True,True
qwen3_4b,dev,15096016,generation_2,0,1,0,0,0,True,True
qwen3_4b,dev,15096016,generation_3,0,1,0,0,0,True,True
qwen3_4b,dev,15579441,generation_1,3,5,6,10,9,False,False
qwen3_4b,dev,15579441,generation_2,1,5,6,10,7,False,False
qwen3_4b,dev,15579441,generation_3,4,5,4,10,8,False,False
qwen3_4b,dev,15754732,generation_1,2,9,4,19,6,False,False
qwen3_4b,dev,15754732,generation_2,1,9,3,19,4,False,False
qwen3_4b,dev,15754732,generation_3,0,9,3,19,3,True,False
qwen3_4b,dev,15867855,generation_1,0,4,1,6,1,True,False
qwen3_4b,dev,15867855,generation_2,0,4,1,6,1,True,False
qwen3_4b,dev,15867855,generation_3,0,4,1,6,1,True,False
qwen3_4b,dev,15951966,generation_1,0,2,0,1,0,True,True
qwen3_4b,dev,15951966,generation_2,0,2,0,1,0,True,True
qwen3_4b,dev,15951966,generation_3,0,2,0,1,0,True,True
qwen3_4b,dev,15991002,generation_1,0,4,1,2,1,True,False
qwen3_4b,dev,15991002,generation_2,0,4,1,2,1,True,False
qwen3_4b,dev,15991002,generation_3,1,4,1,2,2,False,False
qwen3_4b,dev,16000134,generation_1,1,5,1,10,2,False,False
qwen3_4b,dev,16000134,generation_2,1,5,7,10,8,False,False
qwen3_4b,dev,16000134,generation_3,1,5,6,10,7,False,False
qwen3_4b,dev,16018252,generation_1,0,1,0,0,0,True,True
qwen3_4b,dev,16018252,generation_2,0,1,0,0,0,True,True
qwen3_4b,dev,16018252,generation_3,1,1,0,0,1,False,False
qwen3_4b,dev,16051693,generation_1,1,5,2,6,3,False,False
qwen3_4b,dev,16051693,generation_2,1,5,2,6,3,False,False
qwen3_4b,dev,16051693,generation_3,1,5,3,6,4,False,False
qwen3_4b,dev,16152606,generation_1,0,4,0,6,0,True,True
qwen3_4b,dev,16152606,generation_2,0,4,0,6,0,True,True
qwen3_4b,dev,16152606,generation_3,0,4,0,6,0,True,True
qwen3_4b,dev,16181814,generation_1,0,3,0,3,0,True,True
qwen3_4b,dev,16181814,generation_2,1,3,0,3,1,False,False
qwen3_4b,dev,16181814,generation_3,0,3,0,3,0,True,True
qwen3_4b,dev,16225977,generation_1,0,8,14,36,14,True,False
qwen3_4b,dev,16225977,generation_2,0,8,14,36,14,True,False
qwen3_4b,dev,16225977,generation_3,0,8,12,36,12,True,False
qwen3_4b,dev,16277682,generation_1,1,4,0,2,1,False,False
qwen3_4b,dev,16277682,generation_2,1,4,0,2,1,False,False
qwen3_4b,dev,16277682,generation_3,1,4,0,2,1,False,False
qwen3_4b,dev,16419642,generation_1,2,4,3,11,5,False,False
qwen3_4b,dev,16419642,generation_2,1,4,4,11,5,False,False
qwen3_4b,dev,16419642,generation_3,2,4,4,11,6,False,False
qwen3_4b,dev,16565833,generation_1,2,9,3,6,5,False,False
qwen3_4b,dev,16565833,generation_2,2,9,3,6,5,False,False
qwen3_4b,dev,16565833,generation_3,1,9,3,6,4,False,False
qwen3_4b,dev,16611040,generation_1,0,1,0,0,0,True,True
qwen3_4b,dev,16611040,generation_2,0,1,0,0,0,True,True
qwen3_4b,dev,16611040,generation_3,0,1,0,0,0,True,True
qwen3_4b,dev,16680561,generation_1,1,5,3,4,4,False,False
qwen3_4b,dev,16680561,generation_2,1,5,2,4,3,False,False
qwen3_4b,dev,16680561,generation_3,1,5,2,4,3,False,False
qwen3_4b,dev,1671881,generation_1,2,6,0,4,2,False,False
qwen3_4b,dev,1671881,generation_2,2,6,0,4,2,False,False
qwen3_4b,dev,1671881,generation_3,2,6,0,4,2,False,False
qwen3_4b,dev,16838170,generation_1,8,14,5,31,13,False,False
qwen3_4b,dev,16838170,generation_2,10,14,9,31,19,False,False
qwen3_4b,dev,16838170,generation_3,10,14,7,31,17,False,False
qwen3_4b,dev,16867021,generation_1,5,12,14,43,19,False,False
qwen3_4b,dev,16867021,generation_2,4,12,12,43,16,False,False
qwen3_4b,dev,16867021,generation_3,4,12,14,43,18,False,False
qwen3_4b,dev,16867246,generation_1,1,6,2,4,3,False,False
qwen3_4b,dev,16867246,generation_2,2,6,2,4,4,False,False
qwen3_4b,dev,16867246,generation_3,0,6,2,4,2,True,False
qwen3_4b,dev,17033974,generation_1,1,6,6,9,7,False,False
qwen3_4b,dev,17033974,generation_2,1,6,6,9,7,False,False
qwen3_4b,dev,17033974,generation_3,1,6,6,9,7,False,False
qwen3_4b,dev,17042884,generation_1,2,5,1,5,3,False,False
qwen3_4b,dev,17042884,generation_2,0,5,1,5,1,True,False
qwen3_4b,dev,17042884,generation_3,0,5,1,5,1,True,False
qwen3_4b,dev,17151160,generation_1,2,8,0,6,2,False,False
qwen3_4b,dev,17151160,generation_2,7,8,0,6,7,False,False
qwen3_4b,dev,17151160,generation_3,3,8,0,6,3,False,False
qwen3_4b,dev,17255138,generation_1,16,18,6,24,22,False,False
qwen3_4b,dev,17255138,generation_2,16,18,5,24,21,False,False
qwen3_4b,dev,17255138,generation_3,17,18,6,24,23,False,False
qwen3_4b,dev,17297207,generation_1,6,8,10,28,16,False,False
qwen3_4b,dev,17297207,generation_2,5,8,10,28,15,False,False
qwen3_4b,dev,17297207,generation_3,7,8,9,28,16,False,False
qwen3_4b,dev,17345627,generation_1,8,16,4,29,12,False,False
qwen3_4b,dev,17345627,generation_2,8,16,4,29,12,False,False
qwen3_4b,dev,17345627,generation_3,8,16,4,29,12,False,False
qwen3_4b,dev,17384765,generation_1,6,9,0,12,6,False,False
qwen3_4b,dev,17384765,generation_2,6,9,0,12,6,False,False
qwen3_4b,dev,17384765,generation_3,5,9,0,12,5,False,False
qwen3_4b,dev,17395743,generation_1,2,7,2,8,4,False,False
qwen3_4b,dev,17395743,generation_2,4,7,0,8,4,False,False
qwen3_4b,dev,17395743,generation_3,4,7,2,8,6,False,False
qwen3_4b,dev,17397547,generation_1,54,66,34,399,88,False,False
qwen3_4b,dev,17397547,generation_2,38,66,20,399,58,False,False
qwen3_4b,dev,17397547,generation_3,22,66,23,399,45,False,False
qwen3_4b,dev,17445520,generation_1,2,2,0,1,2,False,False
qwen3_4b,dev,17445520,generation_2,2,2,0,1,2,False,False
qwen3_4b,dev,17445520,generation_3,2,2,0,1,2,False,False
qwen3_4b,dev,17549393,generation_1,0,1,1,1,1,True,False
qwen3_4b,dev,17549393,generation_2,0,1,1,1,1,True,False
qwen3_4b,dev,17549393,generation_3,0,1,1,1,1,True,False
qwen3_4b,dev,17600377,generation_1,6,13,32,53,38,False,False
qwen3_4b,dev,17600377,generation_2,7,13,37,53,44,False,False
qwen3_4b,dev,17600377,generation_3,6,13,34,53,40,False,False
qwen3_4b,dev,17608141,generation_1,8,11,4,17,12,False,False
qwen3_4b,dev,17608141,generation_2,6,11,1,17,7,False,False
qwen3_4b,dev,17608141,generation_3,8,11,7,17,15,False,False
qwen3_4b,dev,17671735,generation_1,0,2,0,1,0,True,True
qwen3_4b,dev,17671735,generation_2,0,2,0,1,0,True,True
qwen3_4b,dev,17671735,generation_3,0,2,0,1,0,True,True
qwen3_4b,dev,17943461,generation_1,5,19,6,26,11,False,False
qwen3_4b,dev,17943461,generation_2,5,19,8,26,13,False,False
qwen3_4b,dev,17943461,generation_3,2,19,8,26,10,False,False
qwen3_4b,dev,17962394,generation_1,0,2,0,1,0,True,True
qwen3_4b,dev,17962394,generation_2,0,2,0,1,0,True,True
qwen3_4b,dev,17962394,generation_3,0,2,0,1,0,True,True
qwen3_4b,dev,17968299,generation_1,0,1,0,0,0,True,True
qwen3_4b,dev,17968299,generation_2,0,1,0,0,0,True,True
qwen3_4b,dev,17968299,generation_3,0,1,0,0,0,True,True
qwen3_4b,dev,18046082,generation_1,0,1,0,1,0,True,True
qwen3_4b,dev,18046082,generation_2,0,1,0,1,0,True,True
qwen3_4b,dev,18046082,generation_3,0,1,0,1,0,True,True
qwen3_4b,dev,18162529,generation_1,8,21,26,57,34,False,False
qwen3_4b,dev,18162529,generation_2,8,21,22,57,30,False,False
qwen3_4b,dev,18162529,generation_3,9,21,28,57,37,False,False
qwen3_4b,dev,18308784,generation_1,4,6,4,4,8,False,False
qwen3_4b,dev,18308784,generation_2,3,6,4,4,7,False,False
qwen3_4b,dev,18308784,generation_3,4,6,4,4,8,False,False
qwen3_4b,dev,18385794,generation_1,6,14,1,14,7,False,False
qwen3_4b,dev,18385794,generation_2,5,14,1,14,6,False,False
qwen3_4b,dev,18385794,generation_3,8,14,1,14,9,False,False
qwen3_4b,dev,18951540,generation_1,0,1,0,0,0,True,True
qwen3_4b,dev,18951540,generation_2,0,1,0,0,0,True,True
qwen3_4b,dev,18951540,generation_3,0,1,0,0,0,True,True
qwen3_4b,dev,19300402,generation_1,24,36,55,135,79,False,False
qwen3_4b,dev,19300402,generation_2,23,36,41,135,64,False,False
qwen3_4b,dev,19300402,generation_3,24,36,46,135,70,False,False
qwen3_4b,dev,19759529,generation_1,6,15,36,51,42,False,False
qwen3_4b,dev,19759529,generation_2,6,15,35,51,41,False,False
qwen3_4b,dev,19759529,generation_3,5,15,34,51,39,False,False
qwen3_4b,dev,19880293,generation_1,0,2,0,1,0,True,True
qwen3_4b,dev,19880293,generation_2,0,2,0,1,0,True,True
qwen3_4b,dev,19880293,generation_3,0,2,0,1,0,True,True
qwen3_4b,dev,19914299,generation_1,0,4,1,2,1,True,False
qwen3_4b,dev,19914299,generation_2,0,4,1,2,1,True,False
qwen3_4b,dev,19914299,generation_3,0,4,2,2,2,True,False
qwen3_4b,dev,20126413,generation_1,0,1,0,0,0,True,True
qwen3_4b,dev,20126413,generation_2,0,1,0,0,0,True,True
qwen3_4b,dev,20126413,generation_3,0,1,0,0,0,True,True
qwen3_4b,dev,20143913,generation_1,0,1,0,0,0,True,True
qwen3_4b,dev,20143913,generation_2,0,1,0,0,0,True,True
qwen3_4b,dev,20143913,generation_3,0,1,0,0,0,True,True
qwen3_4b,dev,20195852,generation_1,3,6,1,9,4,False,False
qwen3_4b,dev,20195852,generation_2,1,6,1,9,2,False,False
qwen3_4b,dev,20195852,generation_3,3,6,1,9,4,False,False
qwen3_4b,dev,20540798,generation_1,1,5,0,5,1,False,False
qwen3_4b,dev,20540798,generation_2,2,5,0,5,2,False,False
qwen3_4b,dev,20540798,generation_3,1,5,0,5,1,False,False
qwen3_4b,dev,20621845,generation_1,5,10,4,11,9,False,False
qwen3_4b,dev,20621845,generation_2,4,10,3,11,7,False,False
qwen3_4b,dev,20621845,generation_3,6,10,4,11,10,False,False
qwen3_4b,dev,20682662,generation_1,1,2,0,1,1,False,False
qwen3_4b,dev,20682662,generation_2,1,2,0,1,1,False,False
qwen3_4b,dev,20682662,generation_3,1,2,0,1,1,False,False
qwen3_4b,dev,20801540,generation_1,7,14,19,39,26,False,False
qwen3_4b,dev,20801540,generation_2,8,14,16,39,24,False,False
qwen3_4b,dev,20801540,generation_3,6,14,14,39,20,False,False
qwen3_4b,dev,20859899,generation_1,8,13,12,28,20,False,False
qwen3_4b,dev,20859899,generation_2,9,13,13,28,22,False,False
qwen3_4b,dev,20859899,generation_3,10,13,14,28,24,False,False
qwen3_4b,dev,20959502,generation_1,4,14,31,74,35,False,False
qwen3_4b,dev,20959502,generation_2,3,14,34,74,37,False,False
qwen3_4b,dev,20959502,generation_3,4,14,31,74,35,False,False
qwen3_4b,dev,21042587,generation_1,9,21,44,98,53,False,False
qwen3_4b,dev,21042587,generation_2,6,21,58,98,64,False,False
qwen3_4b,dev,21042587,generation_3,6,21,46,98,52,False,False
qwen3_4b,dev,21054465,generation_1,0,2,1,1,1,True,False
qwen3_4b,dev,21054465,generation_2,0,2,1,1,1,True,False
qwen3_4b,dev,21054465,generation_3,0,2,1,1,1,True,False
qwen3_4b,dev,21130517,generation_1,0,6,2,4,2,True,False
qwen3_4b,dev,21130517,generation_2,0,6,2,4,2,True,False
qwen3_4b,dev,21130517,generation_3,1,6,2,4,3,False,False
qwen3_4b,dev,21799811,generation_1,0,4,2,6,2,True,False
qwen3_4b,dev,21799811,generation_2,0,4,3,6,3,True,False
qwen3_4b,dev,21799811,generation_3,0,4,3,6,3,True,False
qwen3_4b,dev,21903317,generation_1,2,6,7,22,9,False,False
qwen3_4b,dev,21903317,generation_2,2,6,8,22,10,False,False
qwen3_4b,dev,21903317,generation_3,2,6,7,22,9,False,False
qwen3_4b,dev,22711886,generation_1,7,15,13,30,20,False,False
qwen3_4b,dev,22711886,generation_2,8,15,10,30,18,False,False
qwen3_4b,dev,22711886,generation_3,10,15,16,30,26,False,False
qwen3_4b,dev,23285048,generation_1,7,16,2,120,9,False,False
qwen3_4b,dev,23285048,generation_2,2,16,5,120,7,False,False
qwen3_4b,dev,23285048,generation_3,5,16,7,120,12,False,False
qwen3_4b,dev,23651211,generation_1,26,42,12,168,38,False,False
qwen3_4b,dev,23651211,generation_2,27,42,19,168,46,False,False
qwen3_4b,dev,23651211,generation_3,26,42,12,168,38,False,False
qwen3_4b,dev,23872883,generation_1,0,17,7,103,7,True,False
qwen3_4b,dev,23872883,generation_2,1,17,6,103,7,False,False
qwen3_4b,dev,23872883,generation_3,0,17,6,103,6,True,False
qwen3_4b,dev,24014394,generation_1,5,16,19,39,24,False,False
qwen3_4b,dev,24014394,generation_2,5,16,16,39,21,False,False
qwen3_4b,dev,24014394,generation_3,4,16,18,39,22,False,False
qwen3_4b,dev,24036311,generation_1,14,16,7,118,21,False,False
qwen3_4b,dev,24036311,generation_2,13,16,2,118,15,False,False
qwen3_4b,dev,24036311,generation_3,10,16,3,118,13,False,False
qwen3_4b,dev,24288432,generation_1,3,10,16,58,19,False,False
qwen3_4b,dev,24288432,generation_2,3,10,12,58,15,False,False
qwen3_4b,dev,24288432,generation_3,3,10,8,58,11,False,False
qwen3_4b,dev,24333387,generation_1,4,16,16,89,20,False,False
qwen3_4b,dev,24333387,generation_2,3,16,7,89,10,False,False
qwen3_4b,dev,24333387,generation_3,3,16,16,89,19,False,False
qwen3_4b,dev,24438483,generation_1,2,12,3,8,5,False,False
qwen3_4b,dev,24438483,generation_2,8,12,3,8,11,False,False
qwen3_4b,dev,24438483,generation_3,5,12,4,8,9,False,False
qwen3_4b,dev,25080425,generation_1,4,12,5,16,9,False,False
qwen3_4b,dev,25080425,generation_2,4,12,3,16,7,False,False
qwen3_4b,dev,25080425,generation_3,4,12,2,16,6,False,False
qwen3_4b,dev,25119790,generation_1,7,17,6,49,13,False,False
qwen3_4b,dev,25119790,generation_2,11,17,4,49,15,False,False
qwen3_4b,dev,25119790,generation_3,10,17,7,49,17,False,False
qwen3_4b,dev,25550469,generation_1,8,12,15,32,23,False,False
qwen3_4b,dev,25550469,generation_2,7,12,10,32,17,False,False
qwen3_4b,dev,25550469,generation_3,8,12,12,32,20,False,False
qwen3_4b,dev,25589620,generation_1,5,9,8,27,13,False,False
qwen3_4b,dev,25589620,generation_2,2,9,8,27,10,False,False
qwen3_4b,dev,25589620,generation_3,3,9,7,27,10,False,False
qwen3_4b,dev,26684240,generation_1,15,51,42,300,57,False,False
qwen3_4b,dev,26684240,generation_2,6,51,38,300,44,False,False
qwen3_4b,dev,26684240,generation_3,7,51,32,300,39,False,False
qwen3_4b,dev,27090298,generation_1,5,7,6,29,11,False,False
qwen3_4b,dev,27090298,generation_2,4,7,2,29,6,False,False
qwen3_4b,dev,27090298,generation_3,4,7,7,29,11,False,False
qwen3_4b,dev,27103577,generation_1,6,7,1,3,7,False,False
qwen3_4b,dev,27103577,generation_2,3,7,2,3,5,False,False
qwen3_4b,dev,27103577,generation_3,6,7,1,3,7,False,False
qwen3_4b,dev,27491646,generation_1,7,15,27,105,34,False,False
qwen3_4b,dev,27491646,generation_2,5,15,25,105,30,False,False
qwen3_4b,dev,27491646,generation_3,6,15,15,105,21,False,False
qwen3_4b,dev,27509880,generation_1,12,16,17,49,29,False,False
qwen3_4b,dev,27509880,generation_2,13,16,15,49,28,False,False
qwen3_4b,dev,27509880,generation_3,11,16,14,49,25,False,False
qwen3_4b,dev,27663860,generation_1,3,8,4,7,7,False,False
qwen3_4b,dev,27663860,generation_2,2,8,5,7,7,False,False
qwen3_4b,dev,27663860,generation_3,5,8,5,7,10,False,False
qwen3_4b,dev,27707793,generation_1,3,5,3,10,6,False,False
qwen3_4b,dev,27707793,generation_2,3,5,3,10,6,False,False
qwen3_4b,dev,27707793,generation_3,2,5,4,10,6,False,False
qwen3_4b,dev,27729412,generation_1,14,15,7,13,21,False,False
qwen3_4b,dev,27729412,generation_2,14,15,10,13,24,False,False
qwen3_4b,dev,27729412,generation_3,13,15,9,13,22,False,False
qwen3_4b,dev,27807193,generation_1,2,8,4,37,6,False,False
qwen3_4b,dev,27807193,generation_2,2,8,9,37,11,False,False
qwen3_4b,dev,27807193,generation_3,2,8,7,37,9,False,False
qwen3_4b,dev,27840894,generation_1,1,2,0,1,1,False,False
qwen3_4b,dev,27840894,generation_2,1,2,0,1,1,False,False
qwen3_4b,dev,27840894,generation_3,1,2,0,1,1,False,False
qwen3_4b,dev,27860185,generation_1,2,8,9,28,11,False,False
qwen3_4b,dev,27860185,generation_2,3,8,11,28,14,False,False
qwen3_4b,dev,27860185,generation_3,2,8,8,28,10,False,False
qwen3_4b,dev,27866394,generation_1,15,19,24,101,39,False,False
qwen3_4b,dev,27866394,generation_2,16,19,11,101,27,False,False
qwen3_4b,dev,27866394,generation_3,16,19,15,101,31,False,False
qwen3_4b,dev,28259923,generation_1,2,12,7,24,9,False,False
qwen3_4b,dev,28259923,generation_2,2,12,12,24,14,False,False
qwen3_4b,dev,28259923,generation_3,2,12,5,24,7,False,False
qwen3_4b,dev,28393239,generation_1,3,7,1,8,4,False,False
qwen3_4b,dev,28393239,generation_2,3,7,1,8,4,False,False
qwen3_4b,dev,28393239,generation_3,3,7,2,8,5,False,False
qwen3_4b,dev,28518143,generation_1,22,31,24,74,46,False,False
qwen3_4b,dev,28518143,generation_2,20,31,15,74,35,False,False
qwen3_4b,dev,28518143,generation_3,23,31,17,74,40,False,False
qwen3_4b,dev,29049388,generation_1,2,9,4,12,6,False,False
qwen3_4b,dev,29049388,generation_2,3,9,4,12,7,False,False
qwen3_4b,dev,29049388,generation_3,2,9,4,12,6,False,False
qwen3_4b,dev,29183288,generation_1,26,33,34,157,60,False,False
qwen3_4b,dev,29183288,generation_2,26,33,30,157,56,False,False
qwen3_4b,dev,29183288,generation_3,18,33,33,157,51,False,False
qwen3_4b,dev,6086495,generation_1,1,1,0,0,1,False,False
qwen3_4b,dev,6086495,generation_2,0,1,0,0,0,True,True
qwen3_4b,dev,6086495,generation_3,1,1,0,0,1,False,False
qwen3_4b,dev,7811247,generation_1,2,4,0,0,2,False,False
qwen3_4b,dev,7811247,generation_2,2,4,0,0,2,False,False
qwen3_4b,dev,7811247,generation_3,3,4,0,0,3,False,False
qwen3_4b,test,15000256,generation_1,0,6,0,4,0,True,True
qwen3_4b,test,15000256,generation_2,1,6,0,4,1,False,False
qwen3_4b,test,15000256,generation_3,1,6,0,4,1,False,False
qwen3_4b,test,15036754,generation_1,13,19,23,95,36,False,False
qwen3_4b,test,15036754,generation_2,11,19,20,95,31,False,False
qwen3_4b,test,15036754,generation_3,11,19,29,95,40,False,False
qwen3_4b,test,15111599,generation_1,0,2,0,1,0,True,True
qwen3_4b,test,15111599,generation_2,0,2,0,1,0,True,True
qwen3_4b,test,15111599,generation_3,0,2,0,1,0,True,True
qwen3_4b,test,15130900,generation_1,1,2,0,1,1,False,False
qwen3_4b,test,15130900,generation_2,1,2,0,1,1,False,False
qwen3_4b,test,15130900,generation_3,1,2,0,1,1,False,False
qwen3_4b,test,15233872,generation_1,3,7,3,8,6,False,False
qwen3_4b,test,15233872,generation_2,3,7,2,8,5,False,False
qwen3_4b,test,15233872,generation_3,3,7,2,8,5,False,False
qwen3_4b,test,15459975,generation_1,0,1,0,0,0,True,True
qwen3_4b,test,15459975,generation_2,0,1,0,0,0,True,True
qwen3_4b,test,15459975,generation_3,0,1,0,0,0,True,True
qwen3_4b,test,15464247,generation_1,0,1,0,0,0,True,True
qwen3_4b,test,15464247,generation_2,0,1,0,0,0,True,True
qwen3_4b,test,15464247,generation_3,0,1,0,0,0,True,True
qwen3_4b,test,15485686,generation_1,3,12,6,24,9,False,False
qwen3_4b,test,15485686,generation_2,1,12,7,24,8,False,False
qwen3_4b,test,15485686,generation_3,0,12,6,24,6,True,False
qwen3_4b,test,15668505,generation_1,2,6,0,4,2,False,False
qwen3_4b,test,15668505,generation_2,2,6,0,4,2,False,False
qwen3_4b,test,15668505,generation_3,2,6,0,4,2,False,False
qwen3_4b,test,15673851,generation_1,5,12,11,16,16,False,False
qwen3_4b,test,15673851,generation_2,4,12,11,16,15,False,False
qwen3_4b,test,15673851,generation_3,5,12,11,16,16,False,False
qwen3_4b,test,15811908,generation_1,13,15,8,19,21,False,False
qwen3_4b,test,15811908,generation_2,10,15,8,19,18,False,False
qwen3_4b,test,15811908,generation_3,8,15,5,19,13,False,False
qwen3_4b,test,15818664,generation_1,2,4,1,2,3,False,False
qwen3_4b,test,15818664,generation_2,1,4,1,2,2,False,False
qwen3_4b,test,15818664,generation_3,1,4,1,2,2,False,False
qwen3_4b,test,15820770,generation_1,5,6,4,9,9,False,False
qwen3_4b,test,15820770,generation_2,6,6,4,9,10,False,False
qwen3_4b,test,15820770,generation_3,3,6,6,9,9,False,False
qwen3_4b,test,15824163,generation_1,0,1,0,0,0,True,True
qwen3_4b,test,15824163,generation_2,0,1,0,0,0,True,True
qwen3_4b,test,15824163,generation_3,0,1,0,0,0,True,True
qwen3_4b,test,15987266,generation_1,4,5,2,5,6,False,False
qwen3_4b,test,15987266,generation_2,4,5,2,5,6,False,False
qwen3_4b,test,15987266,generation_3,4,5,2,5,6,False,False
qwen3_4b,test,16046395,generation_1,1,3,1,3,2,False,False
qwen3_4b,test,16046395,generation_2,1,3,0,3,1,False,False
qwen3_4b,test,16046395,generation_3,1,3,1,3,2,False,False
qwen3_4b,test,16112787,generation_1,5,15,9,40,14,False,False
qwen3_4b,test,16112787,generation_2,6,15,9,40,15,False,False
qwen3_4b,test,16112787,generation_3,5,15,9,40,14,False,False
qwen3_4b,test,16116131,generation_1,0,2,0,1,0,True,True
qwen3_4b,test,16116131,generation_2,0,2,0,1,0,True,True
qwen3_4b,test,16116131,generation_3,0,2,1,1,1,True,False
qwen3_4b,test,16186368,generation_1,2,3,0,3,2,False,False
qwen3_4b,test,16186368,generation_2,2,3,0,3,2,False,False
qwen3_4b,test,16186368,generation_3,2,3,0,3,2,False,False
qwen3_4b,test,16252083,generation_1,3,6,3,9,6,False,False
qwen3_4b,test,16252083,generation_2,3,6,3,9,6,False,False
qwen3_4b,test,16252083,generation_3,3,6,3,9,6,False,False
qwen3_4b,test,16330669,generation_1,0,7,12,29,12,True,False
qwen3_4b,test,16330669,generation_2,0,7,10,29,10,True,False
qwen3_4b,test,16330669,generation_3,0,7,7,29,7,True,False
qwen3_4b,test,16428827,generation_1,4,9,8,12,12,False,False
qwen3_4b,test,16428827,generation_2,3,9,9,12,12,False,False
qwen3_4b,test,16428827,generation_3,3,9,8,12,11,False,False
qwen3_4b,test,16629641,generation_1,9,13,20,31,29,False,False
qwen3_4b,test,16629641,generation_2,6,13,21,31,27,False,False
qwen3_4b,test,16629641,generation_3,5,13,22,31,27,False,False
qwen3_4b,test,16731636,generation_1,5,11,6,17,11,False,False
qwen3_4b,test,16731636,generation_2,5,11,6,17,11,False,False
qwen3_4b,test,16731636,generation_3,3,11,7,17,10,False,False
qwen3_4b,test,16820346,generation_1,6,7,9,14,15,False,False
qwen3_4b,test,16820346,generation_2,3,7,12,14,15,False,False
qwen3_4b,test,16820346,generation_3,4,7,9,14,13,False,False
qwen3_4b,test,16840830,generation_1,0,1,0,0,0,True,True
qwen3_4b,test,16840830,generation_2,0,1,0,0,0,True,True
qwen3_4b,test,16840830,generation_3,0,1,0,0,0,True,True
qwen3_4b,test,16844102,generation_1,11,24,11,42,22,False,False
qwen3_4b,test,16844102,generation_2,12,24,10,42,22,False,False
qwen3_4b,test,16844102,generation_3,13,24,12,42,25,False,False
qwen3_4b,test,16849419,generation_1,1,3,2,3,3,False,False
qwen3_4b,test,16849419,generation_2,2,3,2,3,4,False,False
qwen3_4b,test,16849419,generation_3,1,3,2,3,3,False,False
qwen3_4b,test,16970763,generation_1,0,3,0,3,0,True,True
qwen3_4b,test,16970763,generation_2,0,3,0,3,0,True,True
qwen3_4b,test,16970763,generation_3,0,3,0,3,0,True,True
qwen3_4b,test,17003923,generation_1,1,15,14,90,15,False,False
qwen3_4b,test,17003923,generation_2,2,15,14,90,16,False,False
qwen3_4b,test,17003923,generation_3,4,15,26,90,30,False,False
qwen3_4b,test,17059986,generation_1,3,6,6,8,9,False,False
qwen3_4b,test,17059986,generation_2,3,6,6,8,9,False,False
qwen3_4b,test,17059986,generation_3,3,6,4,8,7,False,False
qwen3_4b,test,17166870,generation_1,0,3,3,6,3,True,False
qwen3_4b,test,17166870,generation_2,0,3,3,6,3,True,False
qwen3_4b,test,17166870,generation_3,0,3,3,6,3,True,False
qwen3_4b,test,17491223,generation_1,1,2,0,1,1,False,False
qwen3_4b,test,17491223,generation_2,2,2,0,1,2,False,False
qwen3_4b,test,17491223,generation_3,1,2,0,1,1,False,False
qwen3_4b,test,17511042,generation_1,3,6,2,8,5,False,False
qwen3_4b,test,17511042,generation_2,2,6,3,8,5,False,False
qwen3_4b,test,17511042,generation_3,2,6,2,8,4,False,False
qwen3_4b,test,17562951,generation_1,2,5,1,4,3,False,False
qwen3_4b,test,17562951,generation_2,2,5,0,4,2,False,False
qwen3_4b,test,17562951,generation_3,2,5,0,4,2,False,False
qwen3_4b,test,17879945,generation_1,4,10,7,11,11,False,False
qwen3_4b,test,17879945,generation_2,6,10,6,11,12,False,False
qwen3_4b,test,17879945,generation_3,6,10,7,11,13,False,False
qwen3_4b,test,17935240,generation_1,0,1,0,0,0,True,True
qwen3_4b,test,17935240,generation_2,0,1,0,0,0,True,True
qwen3_4b,test,17935240,generation_3,0,1,0,0,0,True,True
qwen3_4b,test,18179903,generation_1,2,3,3,7,5,False,False
qwen3_4b,test,18179903,generation_2,2,3,2,7,4,False,False
qwen3_4b,test,18179903,generation_3,2,3,1,7,3,False,False
qwen3_4b,test,18257781,generation_1,0,3,0,3,0,True,True
qwen3_4b,test,18257781,generation_2,1,3,0,3,1,False,False
qwen3_4b,test,18257781,generation_3,0,3,0,3,0,True,True
qwen3_4b,test,18399341,generation_1,1,1,0,0,1,False,False
qwen3_4b,test,18399341,generation_2,1,1,0,0,1,False,False
qwen3_4b,test,18399341,generation_3,0,1,0,0,0,True,True
qwen3_4b,test,18439803,generation_1,2,13,1,14,3,False,False
qwen3_4b,test,18439803,generation_2,3,13,1,14,4,False,False
qwen3_4b,test,18439803,generation_3,3,13,3,14,6,False,False
qwen3_4b,test,18441470,generation_1,1,4,0,6,1,False,False
qwen3_4b,test,18441470,generation_2,2,4,0,6,2,False,False
qwen3_4b,test,18441470,generation_3,2,4,0,6,2,False,False
qwen3_4b,test,18457324,generation_1,5,15,5,13,10,False,False
qwen3_4b,test,18457324,generation_2,7,15,8,13,15,False,False
qwen3_4b,test,18457324,generation_3,5,15,6,13,11,False,False
qwen3_4b,test,1848636,generation_1,4,7,10,14,14,False,False
qwen3_4b,test,1848636,generation_2,5,7,8,14,13,False,False
qwen3_4b,test,1848636,generation_3,5,7,8,14,13,False,False
qwen3_4b,test,18503483,generation_1,3,5,1,4,4,False,False
qwen3_4b,test,18503483,generation_2,2,5,1,4,3,False,False
qwen3_4b,test,18503483,generation_3,2,5,1,4,3,False,False
qwen3_4b,test,18507837,generation_1,2,11,1,34,3,False,False
qwen3_4b,test,18507837,generation_2,2,11,6,34,8,False,False
qwen3_4b,test,18507837,generation_3,2,11,1,34,3,False,False
qwen3_4b,test,18991055,generation_1,2,11,0,55,2,False,False
qwen3_4b,test,18991055,generation_2,2,11,0,55,2,False,False
qwen3_4b,test,18991055,generation_3,2,11,0,55,2,False,False
qwen3_4b,test,19207031,generation_1,2,2,1,1,3,False,False
qwen3_4b,test,19207031,generation_2,2,2,1,1,3,False,False
qwen3_4b,test,19207031,generation_3,2,2,1,1,3,False,False
qwen3_4b,test,19208385,generation_1,0,5,1,10,1,True,False
qwen3_4b,test,19208385,generation_2,0,5,0,10,0,True,True
qwen3_4b,test,19208385,generation_3,0,5,1,10,1,True,False
qwen3_4b,test,19276632,generation_1,7,11,4,18,11,False,False
qwen3_4b,test,19276632,generation_2,1,11,9,18,10,False,False
qwen3_4b,test,19276632,generation_3,6,11,9,18,15,False,False
qwen3_4b,test,19353688,generation_1,0,2,0,1,0,True,True
qwen3_4b,test,19353688,generation_2,0,2,0,1,0,True,True
qwen3_4b,test,19353688,generation_3,1,2,0,1,1,False,False
qwen3_4b,test,19394258,generation_1,0,2,0,1,0,True,True
qwen3_4b,test,19394258,generation_2,0,2,0,1,0,True,True
qwen3_4b,test,19394258,generation_3,0,2,0,1,0,True,True
qwen3_4b,test,19484664,generation_1,0,1,0,0,0,True,True
qwen3_4b,test,19484664,generation_2,0,1,0,0,0,True,True
qwen3_4b,test,19484664,generation_3,0,1,0,0,0,True,True
qwen3_4b,test,19531695,generation_1,2,7,3,7,5,False,False
qwen3_4b,test,19531695,generation_2,1,7,5,7,6,False,False
qwen3_4b,test,19531695,generation_3,3,7,4,7,7,False,False
qwen3_4b,test,19565319,generation_1,4,11,4,25,8,False,False
qwen3_4b,test,19565319,generation_2,4,11,8,25,12,False,False
qwen3_4b,test,19565319,generation_3,4,11,4,25,8,False,False
qwen3_4b,test,19681452,generation_1,2,13,8,32,10,False,False
qwen3_4b,test,19681452,generation_2,2,13,4,32,6,False,False
qwen3_4b,test,19681452,generation_3,5,13,4,32,9,False,False
qwen3_4b,test,19789368,generation_1,9,10,1,17,10,False,False
qwen3_4b,test,19789368,generation_2,9,10,2,17,11,False,False
qwen3_4b,test,19789368,generation_3,9,10,1,17,10,False,False
qwen3_4b,test,19957053,generation_1,2,4,0,5,2,False,False
qwen3_4b,test,19957053,generation_2,0,4,1,5,1,True,False
qwen3_4b,test,19957053,generation_3,2,4,0,5,2,False,False
qwen3_4b,test,20534762,generation_1,0,2,0,1,0,True,True
qwen3_4b,test,20534762,generation_2,0,2,0,1,0,True,True
qwen3_4b,test,20534762,generation_3,0,2,0,1,0,True,True
qwen3_4b,test,20648600,generation_1,6,14,5,13,11,False,False
qwen3_4b,test,20648600,generation_2,5,14,5,13,10,False,False
qwen3_4b,test,20648600,generation_3,5,14,5,13,10,False,False
qwen3_4b,test,20705401,generation_1,8,19,21,72,29,False,False
qwen3_4b,test,20705401,generation_2,6,19,18,72,24,False,False
qwen3_4b,test,20705401,generation_3,5,19,14,72,19,False,False
qwen3_4b,test,20709368,generation_1,2,4,0,2,2,False,False
qwen3_4b,test,20709368,generation_2,2,4,0,2,2,False,False
qwen3_4b,test,20709368,generation_3,2,4,0,2,2,False,False
qwen3_4b,test,21126715,generation_1,0,4,0,6,0,True,True
qwen3_4b,test,21126715,generation_2,0,4,0,6,0,True,True
qwen3_4b,test,21126715,generation_3,0,4,1,6,1,True,False
qwen3_4b,test,21219851,generation_1,3,4,0,6,3,False,False
qwen3_4b,test,21219851,generation_2,3,4,0,6,3,False,False
qwen3_4b,test,21219851,generation_3,3,4,0,6,3,False,False
qwen3_4b,test,21405999,generation_1,6,14,16,40,22,False,False
qwen3_4b,test,21405999,generation_2,6,14,15,40,21,False,False
qwen3_4b,test,21405999,generation_3,6,14,18,40,24,False,False
qwen3_4b,test,21684788,generation_1,0,4,4,6,4,True,False
qwen3_4b,test,21684788,generation_2,0,4,4,6,4,True,False
qwen3_4b,test,21684788,generation_3,0,4,4,6,4,True,False
qwen3_4b,test,21750150,generation_1,3,8,5,13,8,False,False
qwen3_4b,test,21750150,generation_2,3,8,5,13,8,False,False
qwen3_4b,test,21750150,generation_3,3,8,6,13,9,False,False
qwen3_4b,test,21879313,generation_1,8,20,10,24,18,False,False
qwen3_4b,test,21879313,generation_2,8,20,10,24,18,False,False
qwen3_4b,test,21879313,generation_3,6,20,9,24,15,False,False
qwen3_4b,test,21976953,generation_1,0,1,0,0,0,True,True
qwen3_4b,test,21976953,generation_2,0,1,0,0,0,True,True
qwen3_4b,test,21976953,generation_3,0,1,0,0,0,True,True
qwen3_4b,test,22369755,generation_1,19,32,1,244,20,False,False
qwen3_4b,test,22369755,generation_2,23,32,10,244,33,False,False
qwen3_4b,test,22369755,generation_3,22,32,7,244,29,False,False
qwen3_4b,test,22729903,generation_1,2,6,3,9,5,False,False
qwen3_4b,test,22729903,generation_2,2,6,4,9,6,False,False
qwen3_4b,test,22729903,generation_3,1,6,3,9,4,False,False
qwen3_4b,test,23069675,generation_1,8,15,19,41,27,False,False
qwen3_4b,test,23069675,generation_2,7,15,20,41,27,False,False
qwen3_4b,test,23069675,generation_3,10,15,16,41,26,False,False
qwen3_4b,test,24114426,generation_1,0,4,0,6,0,True,True
qwen3_4b,test,24114426,generation_2,0,4,0,6,0,True,True
qwen3_4b,test,24114426,generation_3,0,4,0,6,0,True,True
qwen3_4b,test,24442316,generation_1,9,21,7,115,16,False,False
qwen3_4b,test,24442316,generation_2,12,21,6,115,18,False,False
qwen3_4b,test,24442316,generation_3,8,21,10,115,18,False,False
qwen3_4b,test,24671324,generation_1,2,9,3,9,5,False,False
qwen3_4b,test,24671324,generation_2,1,9,3,9,4,False,False
qwen3_4b,test,24671324,generation_3,3,9,3,9,6,False,False
qwen3_4b,test,24717468,generation_1,0,4,0,1,0,True,True
qwen3_4b,test,24717468,generation_2,0,4,0,1,0,True,True
qwen3_4b,test,24717468,generation_3,0,4,0,1,0,True,True
qwen3_4b,test,24739405,generation_1,0,5,3,9,3,True,False
qwen3_4b,test,24739405,generation_2,0,5,5,9,5,True,False
qwen3_4b,test,24739405,generation_3,0,5,5,9,5,True,False
qwen3_4b,test,24840785,generation_1,3,8,2,13,5,False,False
qwen3_4b,test,24840785,generation_2,5,8,3,13,8,False,False
qwen3_4b,test,24840785,generation_3,5,8,4,13,9,False,False
qwen3_4b,test,2491010,generation_1,1,1,0,0,1,False,False
qwen3_4b,test,2491010,generation_2,0,1,0,0,0,True,True
qwen3_4b,test,2491010,generation_3,1,1,0,0,1,False,False
qwen3_4b,test,25006961,generation_1,9,12,4,24,13,False,False
qwen3_4b,test,25006961,generation_2,7,12,3,24,10,False,False
qwen3_4b,test,25006961,generation_3,7,12,5,24,12,False,False
qwen3_4b,test,25277705,generation_1,36,45,20,280,56,False,False
qwen3_4b,test,25277705,generation_2,31,45,19,280,50,False,False
qwen3_4b,test,25277705,generation_3,33,45,28,280,61,False,False
qwen3_4b,test,25874935,generation_1,9,10,12,56,21,False,False
qwen3_4b,test,25874935,generation_2,8,10,16,56,24,False,False
qwen3_4b,test,25874935,generation_3,8,10,17,56,25,False,False
qwen3_4b,test,26110643,generation_1,8,23,4,130,12,False,False
qwen3_4b,test,26110643,generation_2,9,23,12,130,21,False,False
qwen3_4b,test,26110643,generation_3,9,23,4,130,13,False,False
qwen3_4b,test,26449539,generation_1,35,41,14,488,49,False,False
qwen3_4b,test,26449539,generation_2,33,41,9,488,42,False,False
qwen3_4b,test,26449539,generation_3,28,41,7,488,35,False,False
qwen3_4b,test,26615423,generation_1,4,6,3,15,7,False,False
qwen3_4b,test,26615423,generation_2,4,6,3,15,7,False,False
qwen3_4b,test,26615423,generation_3,4,6,3,15,7,False,False
qwen3_4b,test,26847345,generation_1,1,11,10,55,11,False,False
qwen3_4b,test,26847345,generation_2,7,11,5,55,12,False,False
qwen3_4b,test,26847345,generation_3,6,11,5,55,11,False,False
qwen3_4b,test,26900322,generation_1,2,5,0,5,2,False,False
qwen3_4b,test,26900322,generation_2,2,5,0,5,2,False,False
qwen3_4b,test,26900322,generation_3,2,5,0,5,2,False,False
qwen3_4b,test,26937641,generation_1,103,107,15,244,118,False,False
qwen3_4b,test,26937641,generation_2,103,107,13,244,116,False,False
qwen3_4b,test,26937641,generation_3,103,107,0,244,103,False,False
qwen3_4b,test,26991973,generation_1,2,3,10,11,12,False,False
qwen3_4b,test,26991973,generation_2,3,3,10,11,13,False,False
qwen3_4b,test,26991973,generation_3,2,3,8,11,10,False,False
qwen3_4b,test,27384305,generation_1,4,11,15,34,19,False,False
qwen3_4b,test,27384305,generation_2,4,11,15,34,19,False,False
qwen3_4b,test,27384305,generation_3,11,11,12,34,23,False,False
qwen3_4b,test,27464336,generation_1,6,14,2,91,8,False,False
qwen3_4b,test,27464336,generation_2,6,14,0,91,6,False,False
qwen3_4b,test,27464336,generation_3,6,14,2,91,8,False,False
qwen3_4b,test,27798239,generation_1,7,15,8,40,15,False,False
qwen3_4b,test,27798239,generation_2,3,15,8,40,11,False,False
qwen3_4b,test,27798239,generation_3,4,15,10,40,14,False,False
qwen3_4b,test,27959387,generation_1,16,31,7,122,23,False,False
qwen3_4b,test,27959387,generation_2,18,31,18,122,36,False,False
qwen3_4b,test,27959387,generation_3,20,31,35,122,55,False,False
qwen3_4b,test,27993978,generation_1,4,5,1,1,5,False,False
qwen3_4b,test,27993978,generation_2,2,5,1,1,3,False,False
qwen3_4b,test,27993978,generation_3,2,5,1,1,3,False,False
qwen3_4b,test,28068934,generation_1,0,4,0,6,0,True,True
qwen3_4b,test,28068934,generation_2,0,4,0,6,0,True,True
qwen3_4b,test,28068934,generation_3,0,4,0,6,0,True,True
qwen3_4b,test,28481876,generation_1,2,7,9,13,11,False,False
qwen3_4b,test,28481876,generation_2,2,7,8,13,10,False,False
qwen3_4b,test,28481876,generation_3,2,7,10,13,12,False,False
qwen3_4b,test,28684635,generation_1,3,8,7,13,10,False,False
qwen3_4b,test,28684635,generation_2,4,8,7,13,11,False,False
qwen3_4b,test,28684635,generation_3,2,8,7,13,9,False,False
qwen3_4b,test,28846666,generation_1,19,43,3,308,22,False,False
qwen3_4b,test,28846666,generation_2,22,43,4,308,26,False,False
qwen3_4b,test,28846666,generation_3,18,43,7,308,25,False,False
qwen3_4b,test,8829135,generation_1,1,8,22,33,23,False,False
qwen3_4b,test,8829135,generation_2,2,8,23,33,25,False,False
qwen3_4b,test,8829135,generation_3,1,8,14,33,15,False,False
qwen3_4b,test,9672936,generation_1,1,2,0,1,1,False,False
qwen3_4b,test,9672936,generation_2,1,2,0,1,1,False,False
qwen3_4b,test,9672936,generation_3,1,2,0,1,1,False,False
qwen3_4b,train,10491763,generation_1,0,3,2,3,2,True,False
qwen3_4b,train,10491763,generation_2,0,3,2,3,2,True,False
qwen3_4b,train,10491763,generation_3,0,3,2,3,2,True,False
qwen3_4b,train,10788334,generation_1,3,8,0,7,3,False,False
qwen3_4b,train,10788334,generation_2,1,8,1,7,2,False,False
qwen3_4b,train,10788334,generation_3,3,8,0,7,3,False,False
qwen3_4b,train,11009181,generation_1,0,4,1,2,1,True,False
qwen3_4b,train,11009181,generation_2,0,4,1,2,1,True,False
qwen3_4b,train,11009181,generation_3,0,4,1,2,1,True,False
qwen3_4b,train,11054569,generation_1,0,5,4,10,4,True,False
qwen3_4b,train,11054569,generation_2,0,5,4,10,4,True,False
qwen3_4b,train,11054569,generation_3,0,5,4,10,4,True,False
qwen3_4b,train,11773892,generation_1,0,6,9,15,9,True,False
qwen3_4b,train,11773892,generation_2,1,6,9,15,10,False,False
qwen3_4b,train,11773892,generation_3,0,6,9,15,9,True,False
qwen3_4b,train,12442272,generation_1,1,2,0,1,1,False,False
qwen3_4b,train,12442272,generation_2,1,2,0,1,1,False,False
qwen3_4b,train,12442272,generation_3,1,2,0,1,1,False,False
qwen3_4b,train,1353340,generation_1,1,2,0,1,1,False,False
qwen3_4b,train,1353340,generation_2,1,2,0,1,1,False,False
qwen3_4b,train,1353340,generation_3,1,2,0,1,1,False,False
qwen3_4b,train,14722929,generation_1,0,1,0,0,0,True,True
qwen3_4b,train,14722929,generation_2,0,1,0,0,0,True,True
qwen3_4b,train,14722929,generation_3,0,1,0,0,0,True,True
qwen3_4b,train,15033202,generation_1,0,1,0,0,0,True,True
qwen3_4b,train,15033202,generation_2,0,1,0,0,0,True,True
qwen3_4b,train,15033202,generation_3,0,1,0,0,0,True,True
qwen3_4b,train,15042318,generation_1,3,5,0,10,3,False,False
qwen3_4b,train,15042318,generation_2,3,5,0,10,3,False,False
qwen3_4b,train,15042318,generation_3,3,5,0,10,3,False,False
qwen3_4b,train,15064320,generation_1,1,3,2,7,3,False,False
qwen3_4b,train,15064320,generation_2,0,3,1,7,1,True,False
qwen3_4b,train,15064320,generation_3,0,3,3,7,3,True,False
qwen3_4b,train,15075188,generation_1,4,19,11,59,15,False,False
qwen3_4b,train,15075188,generation_2,7,19,7,59,14,False,False
qwen3_4b,train,15075188,generation_3,4,19,15,59,19,False,False
qwen3_4b,train,15099351,generation_1,3,6,3,9,6,False,False
qwen3_4b,train,15099351,generation_2,2,6,3,9,5,False,False
qwen3_4b,train,15099351,generation_3,3,6,3,9,6,False,False
qwen3_4b,train,15122708,generation_1,0,6,6,15,6,True,False
qwen3_4b,train,15122708,generation_2,0,6,6,15,6,True,False
qwen3_4b,train,15122708,generation_3,1,6,6,15,7,False,False
qwen3_4b,train,15122711,generation_1,0,9,3,19,3,True,False
qwen3_4b,train,15122711,generation_2,0,9,3,19,3,True,False
qwen3_4b,train,15122711,generation_3,0,9,3,19,3,True,False
qwen3_4b,train,15145918,generation_1,8,16,1,5,9,False,False
qwen3_4b,train,15145918,generation_2,6,16,0,5,6,False,False
qwen3_4b,train,15145918,generation_3,5,16,0,5,5,False,False
qwen3_4b,train,15177686,generation_1,1,1,0,0,1,False,False
qwen3_4b,train,15177686,generation_2,1,1,0,0,1,False,False
qwen3_4b,train,15177686,generation_3,1,1,0,0,1,False,False
qwen3_4b,train,15184369,generation_1,3,4,1,2,4,False,False
qwen3_4b,train,15184369,generation_2,2,4,1,2,3,False,False
qwen3_4b,train,15184369,generation_3,3,4,1,2,4,False,False
qwen3_4b,train,15188772,generation_1,1,4,2,6,3,False,False
qwen3_4b,train,15188772,generation_2,2,4,3,6,5,False,False
qwen3_4b,train,15188772,generation_3,0,4,2,6,2,True,False
qwen3_4b,train,15191352,generation_1,1,6,7,15,8,False,False
qwen3_4b,train,15191352,generation_2,2,6,8,15,10,False,False
qwen3_4b,train,15191352,generation_3,2,6,4,15,6,False,False
qwen3_4b,train,15198485,generation_1,0,4,0,2,0,True,True
qwen3_4b,train,15198485,generation_2,0,4,0,2,0,True,True
qwen3_4b,train,15198485,generation_3,0,4,0,2,0,True,True
qwen3_4b,train,15200408,generation_1,0,6,4,15,4,True,False
qwen3_4b,train,15200408,generation_2,0,6,6,15,6,True,False
qwen3_4b,train,15200408,generation_3,2,6,2,15,4,False,False
qwen3_4b,train,15241482,generation_1,0,2,0,1,0,True,True
qwen3_4b,train,15241482,generation_2,0,2,0,1,0,True,True
qwen3_4b,train,15241482,generation_3,0,2,0,1,0,True,True
qwen3_4b,train,15266215,generation_1,2,5,13,22,15,False,False
qwen3_4b,train,15266215,generation_2,2,5,12,22,14,False,False
qwen3_4b,train,15266215,generation_3,1,5,12,22,13,False,False
qwen3_4b,train,15278670,generation_1,1,8,11,13,12,False,False
qwen3_4b,train,15278670,generation_2,3,8,11,13,14,False,False
qwen3_4b,train,15278670,generation_3,6,8,11,13,17,False,False
qwen3_4b,train,15459183,generation_1,2,6,2,5,4,False,False
qwen3_4b,train,15459183,generation_2,1,6,2,5,3,False,False
qwen3_4b,train,15459183,generation_3,2,6,2,5,4,False,False
qwen3_4b,train,15523499,generation_1,1,12,2,9,3,False,False
qwen3_4b,train,15523499,generation_2,6,12,2,9,8,False,False
qwen3_4b,train,15523499,generation_3,0,12,2,9,2,True,False
qwen3_4b,train,15599941,generation_1,1,4,1,2,2,False,False
qwen3_4b,train,15599941,generation_2,1,4,1,2,2,False,False
qwen3_4b,train,15599941,generation_3,1,4,1,2,2,False,False
qwen3_4b,train,15602202,generation_1,0,4,4,6,4,True,False
qwen3_4b,train,15602202,generation_2,0,4,3,6,3,True,False
qwen3_4b,train,15602202,generation_3,0,4,3,6,3,True,False
qwen3_4b,train,15609295,generation_1,1,5,0,7,1,False,False
qwen3_4b,train,15609295,generation_2,0,5,0,7,0,True,True
qwen3_4b,train,15609295,generation_3,1,5,0,7,1,False,False
qwen3_4b,train,15614572,generation_1,1,15,20,51,21,False,False
qwen3_4b,train,15614572,generation_2,3,15,6,51,9,False,False
qwen3_4b,train,15614572,generation_3,2,15,13,51,15,False,False
qwen3_4b,train,15623763,generation_1,7,11,8,25,15,False,False
qwen3_4b,train,15623763,generation_2,2,11,9,25,11,False,False
qwen3_4b,train,15623763,generation_3,7,11,9,25,16,False,False
qwen3_4b,train,15630069,generation_1,1,14,7,19,8,False,False
qwen3_4b,train,15630069,generation_2,4,14,9,19,13,False,False
qwen3_4b,train,15630069,generation_3,1,14,8,19,9,False,False
qwen3_4b,train,15649253,generation_1,1,4,0,6,1,False,False
qwen3_4b,train,15649253,generation_2,2,4,0,6,2,False,False
qwen3_4b,train,15649253,generation_3,1,4,0,6,1,False,False
qwen3_4b,train,15686794,generation_1,1,3,1,3,2,False,False
qwen3_4b,train,15686794,generation_2,2,3,1,3,3,False,False
qwen3_4b,train,15686794,generation_3,2,3,1,3,3,False,False
qwen3_4b,train,15748645,generation_1,0,3,1,3,1,True,False
qwen3_4b,train,15748645,generation_2,2,3,1,3,3,False,False
qwen3_4b,train,15748645,generation_3,0,3,2,3,2,True,False
qwen3_4b,train,15749661,generation_1,1,14,16,41,17,False,False
qwen3_4b,train,15749661,generation_2,1,14,13,41,14,False,False
qwen3_4b,train,15749661,generation_3,2,14,11,41,13,False,False
qwen3_4b,train,15755837,generation_1,0,5,3,5,3,True,False
qwen3_4b,train,15755837,generation_2,0,5,4,5,4,True,False
qwen3_4b,train,15755837,generation_3,1,5,5,5,6,False,False
qwen3_4b,train,15770495,generation_1,0,8,0,28,0,True,True
qwen3_4b,train,15770495,generation_2,1,8,0,28,1,False,False
qwen3_4b,train,15770495,generation_3,0,8,0,28,0,True,True
qwen3_4b,train,15807692,generation_1,0,1,0,0,0,True,True
qwen3_4b,train,15807692,generation_2,0,1,0,0,0,True,True
qwen3_4b,train,15807692,generation_3,0,1,0,0,0,True,True
qwen3_4b,train,15814629,generation_1,0,4,2,6,2,True,False
qwen3_4b,train,15814629,generation_2,0,4,2,6,2,True,False
qwen3_4b,train,15814629,generation_3,0,4,2,6,2,True,False
qwen3_4b,train,15817013,generation_1,2,3,0,3,2,False,False
qwen3_4b,train,15817013,generation_2,2,3,0,3,2,False,False
qwen3_4b,train,15817013,generation_3,2,3,0,3,2,False,False
qwen3_4b,train,15851735,generation_1,0,2,0,1,0,True,True
qwen3_4b,train,15851735,generation_2,0,2,0,1,0,True,True
qwen3_4b,train,15851735,generation_3,0,2,0,1,0,True,True
qwen3_4b,train,15858223,generation_1,6,9,3,12,9,False,False
qwen3_4b,train,15858223,generation_2,6,9,4,12,10,False,False
qwen3_4b,train,15858223,generation_3,6,9,5,12,11,False,False
qwen3_4b,train,15859361,generation_1,1,7,5,19,6,False,False
qwen3_4b,train,15859361,generation_2,1,7,5,19,6,False,False
qwen3_4b,train,15859361,generation_3,2,7,5,19,7,False,False
qwen3_4b,train,15893386,generation_1,0,1,0,0,0,True,True
qwen3_4b,train,15893386,generation_2,0,1,0,0,0,True,True
qwen3_4b,train,15893386,generation_3,0,1,0,0,0,True,True
qwen3_4b,train,15897593,generation_1,1,21,7,32,8,False,False
qwen3_4b,train,15897593,generation_2,2,21,7,32,9,False,False
qwen3_4b,train,15897593,generation_3,3,21,7,32,10,False,False
qwen3_4b,train,15957009,generation_1,6,12,6,24,12,False,False
qwen3_4b,train,15957009,generation_2,2,12,2,24,4,False,False
qwen3_4b,train,15957009,generation_3,1,12,0,24,1,False,False
qwen3_4b,train,15970799,generation_1,0,13,10,32,10,True,False
qwen3_4b,train,15970799,generation_2,0,13,13,32,13,True,False
qwen3_4b,train,15970799,generation_3,3,13,10,32,13,False,False
qwen3_4b,train,15983230,generation_1,1,14,0,52,1,False,False
qwen3_4b,train,15983230,generation_2,0,14,1,52,1,True,False
qwen3_4b,train,15983230,generation_3,1,14,5,52,6,False,False
qwen3_4b,train,16001362,generation_1,0,4,5,6,5,True,False
qwen3_4b,train,16001362,generation_2,1,4,3,6,4,False,False
qwen3_4b,train,16001362,generation_3,2,4,5,6,7,False,False
qwen3_4b,train,16005363,generation_1,0,1,0,0,0,True,True
qwen3_4b,train,16005363,generation_2,0,1,0,0,0,True,True
qwen3_4b,train,16005363,generation_3,0,1,0,0,0,True,True
qwen3_4b,train,16120104,generation_1,0,1,0,0,0,True,True
qwen3_4b,train,16120104,generation_2,0,1,0,0,0,True,True
qwen3_4b,train,16120104,generation_3,0,1,0,0,0,True,True
qwen3_4b,train,16157158,generation_1,0,2,0,1,0,True,True
qwen3_4b,train,16157158,generation_2,0,2,0,1,0,True,True
qwen3_4b,train,16157158,generation_3,0,2,0,1,0,True,True
qwen3_4b,train,16158428,generation_1,0,3,0,3,0,True,True
qwen3_4b,train,16158428,generation_2,0,3,0,3,0,True,True
qwen3_4b,train,16158428,generation_3,0,3,0,3,0,True,True
qwen3_4b,train,16160878,generation_1,3,7,1,21,4,False,False
qwen3_4b,train,16160878,generation_2,3,7,2,21,5,False,False
qwen3_4b,train,16160878,generation_3,2,7,0,21,2,False,False
qwen3_4b,train,16167916,generation_1,0,7,7,14,7,True,False
qwen3_4b,train,16167916,generation_2,2,7,8,14,10,False,False
qwen3_4b,train,16167916,generation_3,3,7,8,14,11,False,False
qwen3_4b,train,16200390,generation_1,0,1,0,0,0,True,True
qwen3_4b,train,16200390,generation_2,0,1,0,0,0,True,True
qwen3_4b,train,16200390,generation_3,0,1,0,0,0,True,True
qwen3_4b,train,16288197,generation_1,2,10,6,26,8,False,False
qwen3_4b,train,16288197,generation_2,0,10,5,26,5,True,False
qwen3_4b,train,16288197,generation_3,2,10,8,26,10,False,False
qwen3_4b,train,16288199,generation_1,0,4,4,11,4,True,False
qwen3_4b,train,16288199,generation_2,0,4,2,11,2,True,False
qwen3_4b,train,16288199,generation_3,0,4,2,11,2,True,False
qwen3_4b,train,16309808,generation_1,5,6,7,14,12,False,False
qwen3_4b,train,16309808,generation_2,5,6,3,14,8,False,False
qwen3_4b,train,16309808,generation_3,5,6,6,14,11,False,False
qwen3_4b,train,16321363,generation_1,0,3,0,3,0,True,True
qwen3_4b,train,16321363,generation_2,0,3,0,3,0,True,True
qwen3_4b,train,16321363,generation_3,0,3,0,3,0,True,True
qwen3_4b,train,16364460,generation_1,2,5,5,5,7,False,False
qwen3_4b,train,16364460,generation_2,2,5,4,5,6,False,False
qwen3_4b,train,16364460,generation_3,2,5,5,5,7,False,False
qwen3_4b,train,16369751,generation_1,8,11,4,16,12,False,False
qwen3_4b,train,16369751,generation_2,7,11,4,16,11,False,False
qwen3_4b,train,16369751,generation_3,6,11,5,16,11,False,False
qwen3_4b,train,16391785,generation_1,4,7,2,8,6,False,False
qwen3_4b,train,16391785,generation_2,5,7,6,8,11,False,False
qwen3_4b,train,16391785,generation_3,4,7,4,8,8,False,False
qwen3_4b,train,16410744,generation_1,2,5,0,1,2,False,False
qwen3_4b,train,16410744,generation_2,2,5,0,1,2,False,False
qwen3_4b,train,16410744,generation_3,2,5,0,1,2,False,False
qwen3_4b,train,16412238,generation_1,1,5,0,10,1,False,False
qwen3_4b,train,16412238,generation_2,1,5,0,10,1,False,False
qwen3_4b,train,16412238,generation_3,1,5,2,10,3,False,False
qwen3_4b,train,16418600,generation_1,0,1,0,0,0,True,True
qwen3_4b,train,16418600,generation_2,0,1,0,0,0,True,True
qwen3_4b,train,16418600,generation_3,0,1,0,0,0,True,True
qwen3_4b,train,16506214,generation_1,1,8,4,12,5,False,False
qwen3_4b,train,16506214,generation_2,1,8,4,12,5,False,False
qwen3_4b,train,16506214,generation_3,1,8,6,12,7,False,False
qwen3_4b,train,16541406,generation_1,0,2,0,1,0,True,True
qwen3_4b,train,16541406,generation_2,0,2,0,1,0,True,True
qwen3_4b,train,16541406,generation_3,0,2,0,1,0,True,True
qwen3_4b,train,16543197,generation_1,0,6,0,4,0,True,True
qwen3_4b,train,16543197,generation_2,0,6,0,4,0,True,True
qwen3_4b,train,16543197,generation_3,0,6,0,4,0,True,True
qwen3_4b,train,16574712,generation_1,2,2,0,1,2,False,False
qwen3_4b,train,16574712,generation_2,2,2,0,1,2,False,False
qwen3_4b,train,16574712,generation_3,2,2,0,1,2,False,False
qwen3_4b,train,16574713,generation_1,2,6,1,4,3,False,False
qwen3_4b,train,16574713,generation_2,0,6,2,4,2,True,False
qwen3_4b,train,16574713,generation_3,1,6,3,4,4,False,False
qwen3_4b,train,16575011,generation_1,0,6,9,13,9,True,False
qwen3_4b,train,16575011,generation_2,2,6,9,13,11,False,False
qwen3_4b,train,16575011,generation_3,0,6,9,13,9,True,False
qwen3_4b,train,16584858,generation_1,1,41,18,149,19,False,False
qwen3_4b,train,16584858,generation_2,3,41,17,149,20,False,False
qwen3_4b,train,16584858,generation_3,2,41,20,149,22,False,False
qwen3_4b,train,16586083,generation_1,0,7,14,29,14,True,False
qwen3_4b,train,16586083,generation_2,0,7,13,29,13,True,False
qwen3_4b,train,16586083,generation_3,0,7,15,29,15,True,False
qwen3_4b,train,16596970,generation_1,0,3,0,3,0,True,True
qwen3_4b,train,16596970,generation_2,2,3,0,3,2,False,False
qwen3_4b,train,16596970,generation_3,0,3,0,3,0,True,True
qwen3_4b,train,16634859,generation_1,0,1,0,0,0,True,True
qwen3_4b,train,16634859,generation_2,0,1,0,0,0,True,True
qwen3_4b,train,16634859,generation_3,0,1,0,0,0,True,True
qwen3_4b,train,16720068,generation_1,10,38,11,97,21,False,False
qwen3_4b,train,16720068,generation_2,22,38,12,97,34,False,False
qwen3_4b,train,16720068,generation_3,21,38,20,97,41,False,False
qwen3_4b,train,16725121,generation_1,9,19,5,26,14,False,False
qwen3_4b,train,16725121,generation_2,7,19,7,26,14,False,False
qwen3_4b,train,16725121,generation_3,7,19,6,26,13,False,False
qwen3_4b,train,16737910,generation_1,0,2,1,1,1,True,False
qwen3_4b,train,16737910,generation_2,0,2,1,1,1,True,False
qwen3_4b,train,16737910,generation_3,0,2,1,1,1,True,False
qwen3_4b,train,16755009,generation_1,1,9,5,19,6,False,False
qwen3_4b,train,16755009,generation_2,1,9,4,19,5,False,False
qwen3_4b,train,16755009,generation_3,1,9,8,19,9,False,False
qwen3_4b,train,16781314,generation_1,0,3,0,3,0,True,True
qwen3_4b,train,16781314,generation_2,0,3,0,3,0,True,True
qwen3_4b,train,16781314,generation_3,0,3,0,3,0,True,True
qwen3_4b,train,16786513,generation_1,4,7,7,21,11,False,False
qwen3_4b,train,16786513,generation_2,4,7,10,21,14,False,False
qwen3_4b,train,16786513,generation_3,1,7,10,21,11,False,False
qwen3_4b,train,16801510,generation_1,3,5,7,10,10,False,False
qwen3_4b,train,16801510,generation_2,3,5,6,10,9,False,False
qwen3_4b,train,16801510,generation_3,3,5,6,10,9,False,False
qwen3_4b,train,16810074,generation_1,7,12,14,33,21,False,False
qwen3_4b,train,16810074,generation_2,8,12,13,33,21,False,False
qwen3_4b,train,16810074,generation_3,6,12,21,33,27,False,False
qwen3_4b,train,16822828,generation_1,0,1,0,0,0,True,True
qwen3_4b,train,16822828,generation_2,0,1,0,0,0,True,True
qwen3_4b,train,16822828,generation_3,0,1,0,0,0,True,True
qwen3_4b,train,16843501,generation_1,0,2,1,1,1,True,False
qwen3_4b,train,16843501,generation_2,0,2,1,1,1,True,False
qwen3_4b,train,16843501,generation_3,0,2,0,1,0,True,True
qwen3_4b,train,16904497,generation_1,7,11,9,44,16,False,False
qwen3_4b,train,16904497,generation_2,7,11,10,44,17,False,False
qwen3_4b,train,16904497,generation_3,7,11,11,44,18,False,False
qwen3_4b,train,16920333,generation_1,0,3,0,4,0,True,True
qwen3_4b,train,16920333,generation_2,1,3,2,4,3,False,False
qwen3_4b,train,16920333,generation_3,0,3,1,4,1,True,False
qwen3_4b,train,17000021,generation_1,0,7,0,14,0,True,True
qwen3_4b,train,17000021,generation_2,0,7,0,14,0,True,True
qwen3_4b,train,17000021,generation_3,0,7,0,14,0,True,True
qwen3_4b,train,17003357,generation_1,0,3,0,3,0,True,True
qwen3_4b,train,17003357,generation_2,0,3,0,3,0,True,True
qwen3_4b,train,17003357,generation_3,1,3,0,3,1,False,False
qwen3_4b,train,17006606,generation_1,1,7,3,8,4,False,False
qwen3_4b,train,17006606,generation_2,1,7,3,8,4,False,False
qwen3_4b,train,17006606,generation_3,1,7,3,8,4,False,False
qwen3_4b,train,17033686,generation_1,0,9,8,27,8,True,False
qwen3_4b,train,17033686,generation_2,1,9,8,27,9,False,False
qwen3_4b,train,17033686,generation_3,0,9,9,27,9,True,False
qwen3_4b,train,17035713,generation_1,5,11,12,34,17,False,False
qwen3_4b,train,17035713,generation_2,9,11,9,34,18,False,False
qwen3_4b,train,17035713,generation_3,9,11,11,34,20,False,False
qwen3_4b,train,17042910,generation_1,3,11,1,4,4,False,False
qwen3_4b,train,17042910,generation_2,3,11,2,4,5,False,False
qwen3_4b,train,17042910,generation_3,3,11,2,4,5,False,False
qwen3_4b,train,17065198,generation_1,0,3,1,3,1,True,False
qwen3_4b,train,17065198,generation_2,0,3,0,3,0,True,True
qwen3_4b,train,17065198,generation_3,0,3,0,3,0,True,True
qwen3_4b,train,17074608,generation_1,2,3,4,7,6,False,False
qwen3_4b,train,17074608,generation_2,2,3,3,7,5,False,False
qwen3_4b,train,17074608,generation_3,2,3,4,7,6,False,False
qwen3_4b,train,17083016,generation_1,1,6,7,19,8,False,False
qwen3_4b,train,17083016,generation_2,1,6,7,19,8,False,False
qwen3_4b,train,17083016,generation_3,1,6,7,19,8,False,False
qwen3_4b,train,1711760,generation_1,0,1,0,0,0,True,True
qwen3_4b,train,1711760,generation_2,0,1,0,0,0,True,True
qwen3_4b,train,1711760,generation_3,0,1,0,0,0,True,True
qwen3_4b,train,17177139,generation_1,2,8,0,7,2,False,False
qwen3_4b,train,17177139,generation_2,2,8,0,7,2,False,False
qwen3_4b,train,17177139,generation_3,4,8,0,7,4,False,False
qwen3_4b,train,17185386,generation_1,0,3,0,0,0,True,True
qwen3_4b,train,17185386,generation_2,1,3,0,0,1,False,False
qwen3_4b,train,17185386,generation_3,1,3,0,0,1,False,False
qwen3_4b,train,17192049,generation_1,1,2,0,1,1,False,False
qwen3_4b,train,17192049,generation_2,1,2,0,1,1,False,False
qwen3_4b,train,17192049,generation_3,1,2,0,1,1,False,False
qwen3_4b,train,17194457,generation_1,4,10,1,5,5,False,False
qwen3_4b,train,17194457,generation_2,3,10,1,5,4,False,False
qwen3_4b,train,17194457,generation_3,5,10,1,5,6,False,False
qwen3_4b,train,17221831,generation_1,0,6,0,4,0,True,True
qwen3_4b,train,17221831,generation_2,1,6,0,4,1,False,False
qwen3_4b,train,17221831,generation_3,0,6,0,4,0,True,True
qwen3_4b,train,17244258,generation_1,0,8,8,18,8,True,False
qwen3_4b,train,17244258,generation_2,0,8,9,18,9,True,False
qwen3_4b,train,17244258,generation_3,0,8,8,18,8,True,False
qwen3_4b,train,17250663,generation_1,0,2,0,1,0,True,True
qwen3_4b,train,17250663,generation_2,0,2,0,1,0,True,True
qwen3_4b,train,17250663,generation_3,0,2,0,1,0,True,True
qwen3_4b,train,17273972,generation_1,1,2,1,1,2,False,False
qwen3_4b,train,17273972,generation_2,1,2,0,1,1,False,False
qwen3_4b,train,17273972,generation_3,1,2,0,1,1,False,False
qwen3_4b,train,17286451,generation_1,0,2,1,1,1,True,False
qwen3_4b,train,17286451,generation_2,0,2,1,1,1,True,False
qwen3_4b,train,17286451,generation_3,0,2,1,1,1,True,False
qwen3_4b,train,17304550,generation_1,0,6,4,15,4,True,False
qwen3_4b,train,17304550,generation_2,0,6,4,15,4,True,False
qwen3_4b,train,17304550,generation_3,0,6,3,15,3,True,False
qwen3_4b,train,17318851,generation_1,10,25,16,53,26,False,False
qwen3_4b,train,17318851,generation_2,12,25,15,53,27,False,False
qwen3_4b,train,17318851,generation_3,10,25,15,53,25,False,False
qwen3_4b,train,17327131,generation_1,0,1,0,0,0,True,True
qwen3_4b,train,17327131,generation_2,0,1,0,0,0,True,True
qwen3_4b,train,17327131,generation_3,0,1,0,0,0,True,True
qwen3_4b,train,17344330,generation_1,1,6,5,14,6,False,False
qwen3_4b,train,17344330,generation_2,1,6,7,14,8,False,False
qwen3_4b,train,17344330,generation_3,1,6,8,14,9,False,False
qwen3_4b,train,17351238,generation_1,1,4,2,6,3,False,False
qwen3_4b,train,17351238,generation_2,2,4,1,6,3,False,False
qwen3_4b,train,17351238,generation_3,2,4,2,6,4,False,False
qwen3_4b,train,17379047,generation_1,2,6,0,3,2,False,False
qwen3_4b,train,17379047,generation_2,2,6,0,3,2,False,False
qwen3_4b,train,17379047,generation_3,2,6,0,3,2,False,False
qwen3_4b,train,17391797,generation_1,1,4,3,5,4,False,False
qwen3_4b,train,17391797,generation_2,1,4,4,5,5,False,False
qwen3_4b,train,17391797,generation_3,1,4,1,5,2,False,False
qwen3_4b,train,17439425,generation_1,5,8,12,28,17,False,False
qwen3_4b,train,17439425,generation_2,2,8,11,28,13,False,False
qwen3_4b,train,17439425,generation_3,3,8,11,28,14,False,False
qwen3_4b,train,17495183,generation_1,4,17,1,49,5,False,False
qwen3_4b,train,17495183,generation_2,5,17,1,49,6,False,False
qwen3_4b,train,17495183,generation_3,4,17,2,49,6,False,False
qwen3_4b,train,17572393,generation_1,1,10,5,11,6,False,False
qwen3_4b,train,17572393,generation_2,4,10,4,11,8,False,False
qwen3_4b,train,17572393,generation_3,3,10,4,11,7,False,False
qwen3_4b,train,17595233,generation_1,0,6,4,15,4,True,False
qwen3_4b,train,17595233,generation_2,1,6,4,15,5,False,False
qwen3_4b,train,17595233,generation_3,0,6,4,15,4,True,False
qwen3_4b,train,17615423,generation_1,4,12,4,21,8,False,False
qwen3_4b,train,17615423,generation_2,5,12,7,21,12,False,False
qwen3_4b,train,17615423,generation_3,5,12,6,21,11,False,False
qwen3_4b,train,17628794,generation_1,0,2,0,1,0,True,True
qwen3_4b,train,17628794,generation_2,0,2,0,1,0,True,True
qwen3_4b,train,17628794,generation_3,0,2,0,1,0,True,True
qwen3_4b,train,17634480,generation_1,3,6,7,15,10,False,False
qwen3_4b,train,17634480,generation_2,3,6,7,15,10,False,False
qwen3_4b,train,17634480,generation_3,3,6,7,15,10,False,False
qwen3_4b,train,17639754,generation_1,1,3,0,0,1,False,False
qwen3_4b,train,17639754,generation_2,0,3,0,0,0,True,True
qwen3_4b,train,17639754,generation_3,0,3,0,0,0,True,True
qwen3_4b,train,17683901,generation_1,1,2,0,1,1,False,False
qwen3_4b,train,17683901,generation_2,1,2,0,1,1,False,False
qwen3_4b,train,17683901,generation_3,1,2,0,1,1,False,False
qwen3_4b,train,17854040,generation_1,0,2,0,1,0,True,True
qwen3_4b,train,17854040,generation_2,0,2,0,1,0,True,True
qwen3_4b,train,17854040,generation_3,0,2,0,1,0,True,True
qwen3_4b,train,17877751,generation_1,1,5,1,5,2,False,False
qwen3_4b,train,17877751,generation_2,0,5,1,5,1,True,False
qwen3_4b,train,17877751,generation_3,0,5,1,5,1,True,False
qwen3_4b,train,17910065,generation_1,1,3,0,3,1,False,False
qwen3_4b,train,17910065,generation_2,1,3,0,3,1,False,False
qwen3_4b,train,17910065,generation_3,1,3,0,3,1,False,False
qwen3_4b,train,17951029,generation_1,0,1,0,0,0,True,True
qwen3_4b,train,17951029,generation_2,0,1,0,0,0,True,True
qwen3_4b,train,17951029,generation_3,0,1,0,0,0,True,True
qwen3_4b,train,17959715,generation_1,2,8,0,7,2,False,False
qwen3_4b,train,17959715,generation_2,2,8,0,7,2,False,False
qwen3_4b,train,17959715,generation_3,2,8,0,7,2,False,False
qwen3_4b,train,17965424,generation_1,5,9,3,11,8,False,False
qwen3_4b,train,17965424,generation_2,4,9,3,11,7,False,False
qwen3_4b,train,17965424,generation_3,0,9,3,11,3,True,False
qwen3_4b,train,17975693,generation_1,1,3,0,3,1,False,False
qwen3_4b,train,17975693,generation_2,1,3,0,3,1,False,False
qwen3_4b,train,17975693,generation_3,1,3,0,3,1,False,False
qwen3_4b,train,18050247,generation_1,0,6,0,15,0,True,True
qwen3_4b,train,18050247,generation_2,1,6,0,15,1,False,False
qwen3_4b,train,18050247,generation_3,0,6,0,15,0,True,True
qwen3_4b,train,18083142,generation_1,0,16,22,39,22,True,False
qwen3_4b,train,18083142,generation_2,2,16,27,39,29,False,False
qwen3_4b,train,18083142,generation_3,1,16,22,39,23,False,False
qwen3_4b,train,18165598,generation_1,2,13,12,30,14,False,False
qwen3_4b,train,18165598,generation_2,3,13,14,30,17,False,False
qwen3_4b,train,18165598,generation_3,3,13,19,30,22,False,False
qwen3_4b,train,18166824,generation_1,0,8,0,7,0,True,True
qwen3_4b,train,18166824,generation_2,0,8,0,7,0,True,True
qwen3_4b,train,18166824,generation_3,0,8,0,7,0,True,True
qwen3_4b,train,18182964,generation_1,0,4,2,5,2,True,False
qwen3_4b,train,18182964,generation_2,0,4,2,5,2,True,False
qwen3_4b,train,18182964,generation_3,0,4,2,5,2,True,False
qwen3_4b,train,18189233,generation_1,1,5,1,10,2,False,False
qwen3_4b,train,18189233,generation_2,1,5,1,10,2,False,False
qwen3_4b,train,18189233,generation_3,1,5,1,10,2,False,False
qwen3_4b,train,18235024,generation_1,0,2,0,1,0,True,True
qwen3_4b,train,18235024,generation_2,0,2,0,1,0,True,True
qwen3_4b,train,18235024,generation_3,0,2,0,1,0,True,True
qwen3_4b,train,18262054,generation_1,0,2,0,1,0,True,True
qwen3_4b,train,18262054,generation_2,0,2,0,1,0,True,True
qwen3_4b,train,18262054,generation_3,0,2,0,1,0,True,True
qwen3_4b,train,18270997,generation_1,0,4,2,6,2,True,False
qwen3_4b,train,18270997,generation_2,0,4,1,6,1,True,False
qwen3_4b,train,18270997,generation_3,0,4,3,6,3,True,False
qwen3_4b,train,18310445,generation_1,27,36,9,156,36,False,False
qwen3_4b,train,18310445,generation_2,26,36,10,156,36,False,False
qwen3_4b,train,18310445,generation_3,27,36,13,156,40,False,False
qwen3_4b,train,18340638,generation_1,3,7,3,8,6,False,False
qwen3_4b,train,18340638,generation_2,3,7,4,8,7,False,False
qwen3_4b,train,18340638,generation_3,3,7,3,8,6,False,False
qwen3_4b,train,18356633,generation_1,5,8,7,20,12,False,False
qwen3_4b,train,18356633,generation_2,4,8,5,20,9,False,False
qwen3_4b,train,18356633,generation_3,4,8,7,20,11,False,False
qwen3_4b,train,18366737,generation_1,0,5,1,10,1,True,False
qwen3_4b,train,18366737,generation_2,0,5,0,10,0,True,True
qwen3_4b,train,18366737,generation_3,0,5,2,10,2,True,False
qwen3_4b,train,18397285,generation_1,0,3,1,3,1,True,False
qwen3_4b,train,18397285,generation_2,0,3,1,3,1,True,False
qwen3_4b,train,18397285,generation_3,0,3,1,3,1,True,False
qwen3_4b,train,18408250,generation_1,1,3,0,3,1,False,False
qwen3_4b,train,18408250,generation_2,1,3,0,3,1,False,False
qwen3_4b,train,18408250,generation_3,1,3,0,3,1,False,False
qwen3_4b,train,18410508,generation_1,4,12,4,9,8,False,False
qwen3_4b,train,18410508,generation_2,3,12,6,9,9,False,False
qwen3_4b,train,18410508,generation_3,5,12,4,9,9,False,False
qwen3_4b,train,18410548,generation_1,0,3,1,3,1,True,False
qwen3_4b,train,18410548,generation_2,0,3,1,3,1,True,False
qwen3_4b,train,18410548,generation_3,0,3,1,3,1,True,False
qwen3_4b,train,18422462,generation_1,0,8,14,29,14,True,False
qwen3_4b,train,18422462,generation_2,0,8,13,29,13,True,False
qwen3_4b,train,18422462,generation_3,0,8,13,29,13,True,False
qwen3_4b,train,18439317,generation_1,0,2,0,1,0,True,True
qwen3_4b,train,18439317,generation_2,0,2,0,1,0,True,True
qwen3_4b,train,18439317,generation_3,0,2,0,1,0,True,True
qwen3_4b,train,18442015,generation_1,5,14,18,63,23,False,False
qwen3_4b,train,18442015,generation_2,5,14,19,63,24,False,False
qwen3_4b,train,18442015,generation_3,8,14,25,63,33,False,False
qwen3_4b,train,18470323,generation_1,0,2,0,1,0,True,True
qwen3_4b,train,18470323,generation_2,0,2,0,1,0,True,True
qwen3_4b,train,18470323,generation_3,0,2,0,1,0,True,True
qwen3_4b,train,18483878,generation_1,3,7,0,8,3,False,False
qwen3_4b,train,18483878,generation_2,1,7,0,8,1,False,False
qwen3_4b,train,18483878,generation_3,1,7,0,8,1,False,False
qwen3_4b,train,18487244,generation_1,0,2,0,1,0,True,True
qwen3_4b,train,18487244,generation_2,0,2,0,1,0,True,True
qwen3_4b,train,18487244,generation_3,0,2,0,1,0,True,True
qwen3_4b,train,18541230,generation_1,2,13,5,15,7,False,False
qwen3_4b,train,18541230,generation_2,1,13,4,15,5,False,False
qwen3_4b,train,18541230,generation_3,3,13,5,15,8,False,False
qwen3_4b,train,18544179,generation_1,1,8,8,35,9,False,False
qwen3_4b,train,18544179,generation_2,1,8,8,35,9,False,False
qwen3_4b,train,18544179,generation_3,1,8,8,35,9,False,False
qwen3_4b,train,18593936,generation_1,17,51,11,33,28,False,False
qwen3_4b,train,18593936,generation_2,13,51,6,33,19,False,False
qwen3_4b,train,18593936,generation_3,15,51,9,33,24,False,False
qwen3_4b,train,18631865,generation_1,2,6,5,8,7,False,False
qwen3_4b,train,18631865,generation_2,2,6,5,8,7,False,False
qwen3_4b,train,18631865,generation_3,3,6,5,8,8,False,False
qwen3_4b,train,18657397,generation_1,1,2,0,1,1,False,False
qwen3_4b,train,18657397,generation_2,1,2,0,1,1,False,False
qwen3_4b,train,18657397,generation_3,2,2,0,1,2,False,False
qwen3_4b,train,18672102,generation_1,0,24,0,21,0,True,True
qwen3_4b,train,18672102,generation_2,3,24,0,21,3,False,False
qwen3_4b,train,18672102,generation_3,4,24,0,21,4,False,False
qwen3_4b,train,18674790,generation_1,6,19,38,134,44,False,False
qwen3_4b,train,18674790,generation_2,9,19,35,134,44,False,False
qwen3_4b,train,18674790,generation_3,10,19,38,134,48,False,False
qwen3_4b,train,18681856,generation_1,1,6,0,4,1,False,False
qwen3_4b,train,18681856,generation_2,3,6,0,4,3,False,False
qwen3_4b,train,18681856,generation_3,3,6,0,4,3,False,False
qwen3_4b,train,18699851,generation_1,0,5,0,10,0,True,True
qwen3_4b,train,18699851,generation_2,0,5,1,10,1,True,False
qwen3_4b,train,18699851,generation_3,0,5,0,10,0,True,True
qwen3_4b,train,18752389,generation_1,7,16,15,49,22,False,False
qwen3_4b,train,18752389,generation_2,7,16,19,49,26,False,False
qwen3_4b,train,18752389,generation_3,6,16,24,49,30,False,False
qwen3_4b,train,18754075,generation_1,2,9,4,19,6,False,False
qwen3_4b,train,18754075,generation_2,1,9,4,19,5,False,False
qwen3_4b,train,18754075,generation_3,4,9,3,19,7,False,False
qwen3_4b,train,18768591,generation_1,3,24,43,112,46,False,False
qwen3_4b,train,18768591,generation_2,5,24,38,112,43,False,False
qwen3_4b,train,18768591,generation_3,9,24,38,112,47,False,False
qwen3_4b,train,18772193,generation_1,5,14,15,31,20,False,False
qwen3_4b,train,18772193,generation_2,6,14,17,31,23,False,False
qwen3_4b,train,18772193,generation_3,2,14,10,31,12,False,False
qwen3_4b,train,18779591,generation_1,1,8,5,12,6,False,False
qwen3_4b,train,18779591,generation_2,1,8,5,12,6,False,False
qwen3_4b,train,18779591,generation_3,2,8,5,12,7,False,False
qwen3_4b,train,18790087,generation_1,0,2,0,1,0,True,True
qwen3_4b,train,18790087,generation_2,0,2,0,1,0,True,True
qwen3_4b,train,18790087,generation_3,0,2,0,1,0,True,True
qwen3_4b,train,18791947,generation_1,1,1,0,0,1,False,False
qwen3_4b,train,18791947,generation_2,1,1,0,0,1,False,False
qwen3_4b,train,18791947,generation_3,1,1,0,0,1,False,False
qwen3_4b,train,18808529,generation_1,3,12,16,43,19,False,False
qwen3_4b,train,18808529,generation_2,4,12,8,43,12,False,False
qwen3_4b,train,18808529,generation_3,1,12,13,43,14,False,False
qwen3_4b,train,18809400,generation_1,2,12,12,24,14,False,False
qwen3_4b,train,18809400,generation_2,2,12,13,24,15,False,False
qwen3_4b,train,18809400,generation_3,1,12,12,24,13,False,False
qwen3_4b,train,18827003,generation_1,2,9,18,26,20,False,False
qwen3_4b,train,18827003,generation_2,2,9,18,26,20,False,False
qwen3_4b,train,18827003,generation_3,2,9,19,26,21,False,False
qwen3_4b,train,18945288,generation_1,0,2,1,1,1,True,False
qwen3_4b,train,18945288,generation_2,0,2,1,1,1,True,False
qwen3_4b,train,18945288,generation_3,0,2,1,1,1,True,False
qwen3_4b,train,18945509,generation_1,4,8,2,9,6,False,False
qwen3_4b,train,18945509,generation_2,4,8,2,9,6,False,False
qwen3_4b,train,18945509,generation_3,3,8,2,9,5,False,False
qwen3_4b,train,18987260,generation_1,0,14,8,64,8,True,False
qwen3_4b,train,18987260,generation_2,0,14,11,64,11,True,False
qwen3_4b,train,18987260,generation_3,0,14,12,64,12,True,False
qwen3_4b,train,19037252,generation_1,0,1,0,0,0,True,True
qwen3_4b,train,19037252,generation_2,0,1,0,0,0,True,True
qwen3_4b,train,19037252,generation_3,0,1,0,0,0,True,True
qwen3_4b,train,19048115,generation_1,0,11,9,24,9,True,False
qwen3_4b,train,19048115,generation_2,0,11,8,24,8,True,False
qwen3_4b,train,19048115,generation_3,0,11,8,24,8,True,False
qwen3_4b,train,19058010,generation_1,8,20,2,15,10,False,False
qwen3_4b,train,19058010,generation_2,10,20,1,15,11,False,False
qwen3_4b,train,19058010,generation_3,9,20,4,15,13,False,False
qwen3_4b,train,19067809,generation_1,2,6,0,4,2,False,False
qwen3_4b,train,19067809,generation_2,2,6,0,4,2,False,False
qwen3_4b,train,19067809,generation_3,1,6,0,4,1,False,False
qwen3_4b,train,19082493,generation_1,1,5,1,5,2,False,False
qwen3_4b,train,19082493,generation_2,2,5,2,5,4,False,False
qwen3_4b,train,19082493,generation_3,1,5,2,5,3,False,False
qwen3_4b,train,19101703,generation_1,1,3,0,0,1,False,False
qwen3_4b,train,19101703,generation_2,1,3,0,0,1,False,False
qwen3_4b,train,19101703,generation_3,0,3,0,0,0,True,True
qwen3_4b,train,19108278,generation_1,3,12,10,24,13,False,False
qwen3_4b,train,19108278,generation_2,3,12,12,24,15,False,False
qwen3_4b,train,19108278,generation_3,3,12,11,24,14,False,False
qwen3_4b,train,19110214,generation_1,0,6,5,9,5,True,False
qwen3_4b,train,19110214,generation_2,1,6,5,9,6,False,False
qwen3_4b,train,19110214,generation_3,0,6,4,9,4,True,False
qwen3_4b,train,19160446,generation_1,0,2,0,1,0,True,True
qwen3_4b,train,19160446,generation_2,0,2,0,1,0,True,True
qwen3_4b,train,19160446,generation_3,0,2,0,1,0,True,True
qwen3_4b,train,19218574,generation_1,2,11,4,10,6,False,False
qwen3_4b,train,19218574,generation_2,1,11,2,10,3,False,False
qwen3_4b,train,19218574,generation_3,2,11,2,10,4,False,False
qwen3_4b,train,19234905,generation_1,0,1,0,0,0,True,True
qwen3_4b,train,19234905,generation_2,0,1,0,0,0,True,True
qwen3_4b,train,19234905,generation_3,0,1,0,0,0,True,True
qwen3_4b,train,19306381,generation_1,33,38,5,392,38,False,False
qwen3_4b,train,19306381,generation_2,29,38,10,392,39,False,False
qwen3_4b,train,19306381,generation_3,30,38,10,392,40,False,False
qwen3_4b,train,19319147,generation_1,2,5,0,5,2,False,False
qwen3_4b,train,19319147,generation_2,2,5,0,5,2,False,False
qwen3_4b,train,19319147,generation_3,2,5,0,5,2,False,False
qwen3_4b,train,19346865,generation_1,0,2,0,1,0,True,True
qwen3_4b,train,19346865,generation_2,0,2,0,1,0,True,True
qwen3_4b,train,19346865,generation_3,0,2,0,1,0,True,True
qwen3_4b,train,19365571,generation_1,0,3,0,0,0,True,True
qwen3_4b,train,19365571,generation_2,0,3,0,0,0,True,True
qwen3_4b,train,19365571,generation_3,0,3,0,0,0,True,True
qwen3_4b,train,19370764,generation_1,1,7,5,21,6,False,False
qwen3_4b,train,19370764,generation_2,2,7,4,21,6,False,False
qwen3_4b,train,19370764,generation_3,1,7,5,21,6,False,False
qwen3_4b,train,19445921,generation_1,3,16,6,75,9,False,False
qwen3_4b,train,19445921,generation_2,1,16,4,75,5,False,False
qwen3_4b,train,19445921,generation_3,3,16,9,75,12,False,False
qwen3_4b,train,19463742,generation_1,26,45,11,59,37,False,False
qwen3_4b,train,19463742,generation_2,27,45,12,59,39,False,False
qwen3_4b,train,19463742,generation_3,24,45,12,59,36,False,False
qwen3_4b,train,19508969,generation_1,2,28,1,27,3,False,False
qwen3_4b,train,19508969,generation_2,0,28,5,27,5,True,False
qwen3_4b,train,19508969,generation_3,0,28,2,27,2,True,False
qwen3_4b,train,19521089,generation_1,0,1,0,0,0,True,True
qwen3_4b,train,19521089,generation_2,0,1,0,0,0,True,True
qwen3_4b,train,19521089,generation_3,0,1,0,0,0,True,True
qwen3_4b,train,19536134,generation_1,11,29,12,61,23,False,False
qwen3_4b,train,19536134,generation_2,11,29,15,61,26,False,False
qwen3_4b,train,19536134,generation_3,11,29,13,61,24,False,False
qwen3_4b,train,19549709,generation_1,0,5,1,5,1,True,False
qwen3_4b,train,19549709,generation_2,0,5,2,5,2,True,False
qwen3_4b,train,19549709,generation_3,0,5,1,5,1,True,False
qwen3_4b,train,19592582,generation_1,0,5,3,5,3,True,False
qwen3_4b,train,19592582,generation_2,1,5,2,5,3,False,False
qwen3_4b,train,19592582,generation_3,0,5,4,5,4,True,False
qwen3_4b,train,19631624,generation_1,5,8,0,7,5,False,False
qwen3_4b,train,19631624,generation_2,4,8,2,7,6,False,False
qwen3_4b,train,19631624,generation_3,4,8,1,7,5,False,False
qwen3_4b,train,19642243,generation_1,1,5,3,9,4,False,False
qwen3_4b,train,19642243,generation_2,0,5,3,9,3,True,False
qwen3_4b,train,19642243,generation_3,1,5,3,9,4,False,False
qwen3_4b,train,19672862,generation_1,2,22,12,23,14,False,False
qwen3_4b,train,19672862,generation_2,2,22,13,23,15,False,False
qwen3_4b,train,19672862,generation_3,3,22,12,23,15,False,False
qwen3_4b,train,19692487,generation_1,7,14,2,14,9,False,False
qwen3_4b,train,19692487,generation_2,6,14,4,14,10,False,False
qwen3_4b,train,19692487,generation_3,7,14,4,14,11,False,False
qwen3_4b,train,19696792,generation_1,2,8,2,13,4,False,False
qwen3_4b,train,19696792,generation_2,2,8,3,13,5,False,False
qwen3_4b,train,19696792,generation_3,2,8,4,13,6,False,False
qwen3_4b,train,19707748,generation_1,0,2,1,1,1,True,False
qwen3_4b,train,19707748,generation_2,0,2,1,1,1,True,False
qwen3_4b,train,19707748,generation_3,0,2,1,1,1,True,False
qwen3_4b,train,19719056,generation_1,1,2,2,4,3,False,False
qwen3_4b,train,19719056,generation_2,1,2,1,4,2,False,False
qwen3_4b,train,19719056,generation_3,1,2,2,4,3,False,False
qwen3_4b,train,19721134,generation_1,12,19,3,9,15,False,False
qwen3_4b,train,19721134,generation_2,16,19,5,9,21,False,False
qwen3_4b,train,19721134,generation_3,16,19,4,9,20,False,False
qwen3_4b,train,19728177,generation_1,0,3,0,3,0,True,True
qwen3_4b,train,19728177,generation_2,0,3,0,3,0,True,True
qwen3_4b,train,19728177,generation_3,0,3,0,3,0,True,True
qwen3_4b,train,19779499,generation_1,1,5,6,10,7,False,False
qwen3_4b,train,19779499,generation_2,1,5,6,10,7,False,False
qwen3_4b,train,19779499,generation_3,2,5,6,10,8,False,False
qwen3_4b,train,19811499,generation_1,7,20,6,60,13,False,False
qwen3_4b,train,19811499,generation_2,7,20,7,60,14,False,False
qwen3_4b,train,19811499,generation_3,11,20,8,60,19,False,False
qwen3_4b,train,19825989,generation_1,11,23,18,78,29,False,False
qwen3_4b,train,19825989,generation_2,16,23,16,78,32,False,False
qwen3_4b,train,19825989,generation_3,13,23,12,78,25,False,False
qwen3_4b,train,19841052,generation_1,1,2,0,1,1,False,False
qwen3_4b,train,19841052,generation_2,1,2,0,1,1,False,False
qwen3_4b,train,19841052,generation_3,1,2,0,1,1,False,False
qwen3_4b,train,19881468,generation_1,8,13,11,23,19,False,False
qwen3_4b,train,19881468,generation_2,6,13,7,23,13,False,False
qwen3_4b,train,19881468,generation_3,7,13,12,23,19,False,False
qwen3_4b,train,19889778,generation_1,3,4,0,2,3,False,False
qwen3_4b,train,19889778,generation_2,1,4,0,2,1,False,False
qwen3_4b,train,19889778,generation_3,3,4,0,2,3,False,False
qwen3_4b,train,19891556,generation_1,0,2,1,1,1,True,False
qwen3_4b,train,19891556,generation_2,0,2,1,1,1,True,False
qwen3_4b,train,19891556,generation_3,0,2,1,1,1,True,False
qwen3_4b,train,19918264,generation_1,0,2,0,1,0,True,True
qwen3_4b,train,19918264,generation_2,0,2,0,1,0,True,True
qwen3_4b,train,19918264,generation_3,0,2,0,1,0,True,True
qwen3_4b,train,19923525,generation_1,2,6,2,4,4,False,False
qwen3_4b,train,19923525,generation_2,2,6,2,4,4,False,False
qwen3_4b,train,19923525,generation_3,2,6,2,4,4,False,False
qwen3_4b,train,19996135,generation_1,1,1,0,0,1,False,False
qwen3_4b,train,19996135,generation_2,0,1,0,0,0,True,True
qwen3_4b,train,19996135,generation_3,1,1,0,0,1,False,False
qwen3_4b,train,20005218,generation_1,1,4,1,3,2,False,False
qwen3_4b,train,20005218,generation_2,0,4,1,3,1,True,False
qwen3_4b,train,20005218,generation_3,0,4,1,3,1,True,False
qwen3_4b,train,20034406,generation_1,1,7,4,7,5,False,False
qwen3_4b,train,20034406,generation_2,1,7,4,7,5,False,False
qwen3_4b,train,20034406,generation_3,2,7,3,7,5,False,False
qwen3_4b,train,20046642,generation_1,16,21,6,33,22,False,False
qwen3_4b,train,20046642,generation_2,12,21,7,33,19,False,False
qwen3_4b,train,20046642,generation_3,11,21,4,33,15,False,False
qwen3_4b,train,20080916,generation_1,2,3,1,3,3,False,False
qwen3_4b,train,20080916,generation_2,2,3,1,3,3,False,False
qwen3_4b,train,20080916,generation_3,2,3,1,3,3,False,False
qwen3_4b,train,20080983,generation_1,1,3,0,0,1,False,False
qwen3_4b,train,20080983,generation_2,1,3,0,0,1,False,False
qwen3_4b,train,20080983,generation_3,1,3,0,0,1,False,False
qwen3_4b,train,20086182,generation_1,0,6,6,9,6,True,False
qwen3_4b,train,20086182,generation_2,1,6,6,9,7,False,False
qwen3_4b,train,20086182,generation_3,2,6,5,9,7,False,False
qwen3_4b,train,20105280,generation_1,7,17,27,74,34,False,False
qwen3_4b,train,20105280,generation_2,13,17,20,74,33,False,False
qwen3_4b,train,20105280,generation_3,8,17,32,74,40,False,False
qwen3_4b,train,20105310,generation_1,3,30,69,465,72,False,False
qwen3_4b,train,20105310,generation_2,1,30,74,465,75,False,False
qwen3_4b,train,20105310,generation_3,5,30,99,465,104,False,False
qwen3_4b,train,20129423,generation_1,0,2,0,1,0,True,True
qwen3_4b,train,20129423,generation_2,0,2,0,1,0,True,True
qwen3_4b,train,20129423,generation_3,0,2,0,1,0,True,True
qwen3_4b,train,20226780,generation_1,2,6,0,10,2,False,False
qwen3_4b,train,20226780,generation_2,1,6,1,10,2,False,False
qwen3_4b,train,20226780,generation_3,1,6,0,10,1,False,False
qwen3_4b,train,20331935,generation_1,0,3,0,3,0,True,True
qwen3_4b,train,20331935,generation_2,0,3,0,3,0,True,True
qwen3_4b,train,20331935,generation_3,0,3,0,3,0,True,True
qwen3_4b,train,20335448,generation_1,0,12,12,24,12,True,False
qwen3_4b,train,20335448,generation_2,0,12,9,24,9,True,False
qwen3_4b,train,20335448,generation_3,1,12,10,24,11,False,False
qwen3_4b,train,20367983,generation_1,1,4,0,3,1,False,False
qwen3_4b,train,20367983,generation_2,1,4,0,3,1,False,False
qwen3_4b,train,20367983,generation_3,1,4,0,3,1,False,False
qwen3_4b,train,20401977,generation_1,0,3,0,0,0,True,True
qwen3_4b,train,20401977,generation_2,0,3,0,0,0,True,True
qwen3_4b,train,20401977,generation_3,0,3,0,0,0,True,True
qwen3_4b,train,20415560,generation_1,1,7,2,8,3,False,False
qwen3_4b,train,20415560,generation_2,0,7,1,8,1,True,False
qwen3_4b,train,20415560,generation_3,0,7,0,8,0,True,True
qwen3_4b,train,20428796,generation_1,7,9,3,13,10,False,False
qwen3_4b,train,20428796,generation_2,6,9,4,13,10,False,False
qwen3_4b,train,20428796,generation_3,7,9,4,13,11,False,False
qwen3_4b,train,20431083,generation_1,1,2,0,1,1,False,False
qwen3_4b,train,20431083,generation_2,1,2,0,1,1,False,False
qwen3_4b,train,20431083,generation_3,1,2,1,1,2,False,False
qwen3_4b,train,20447294,generation_1,0,8,5,19,5,True,False
qwen3_4b,train,20447294,generation_2,0,8,5,19,5,True,False
qwen3_4b,train,20447294,generation_3,0,8,5,19,5,True,False
qwen3_4b,train,20477932,generation_1,5,14,6,22,11,False,False
qwen3_4b,train,20477932,generation_2,6,14,12,22,18,False,False
qwen3_4b,train,20477932,generation_3,7,14,5,22,12,False,False
qwen3_4b,train,20510337,generation_1,6,26,12,127,18,False,False
qwen3_4b,train,20510337,generation_2,5,26,15,127,20,False,False
qwen3_4b,train,20510337,generation_3,8,26,11,127,19,False,False
qwen3_4b,train,20520283,generation_1,1,6,1,8,2,False,False
qwen3_4b,train,20520283,generation_2,2,6,1,8,3,False,False
qwen3_4b,train,20520283,generation_3,1,6,1,8,2,False,False
qwen3_4b,train,20523265,generation_1,0,8,0,28,0,True,True
qwen3_4b,train,20523265,generation_2,0,8,0,28,0,True,True
qwen3_4b,train,20523265,generation_3,0,8,0,28,0,True,True
qwen3_4b,train,20528871,generation_1,0,3,6,9,6,True,False
qwen3_4b,train,20528871,generation_2,1,3,6,9,7,False,False
qwen3_4b,train,20528871,generation_3,0,3,6,9,6,True,False
qwen3_4b,train,20533999,generation_1,4,9,4,5,8,False,False
qwen3_4b,train,20533999,generation_2,6,9,4,5,10,False,False
qwen3_4b,train,20533999,generation_3,3,9,4,5,7,False,False
qwen3_4b,train,20534142,generation_1,3,14,6,14,9,False,False
qwen3_4b,train,20534142,generation_2,2,14,1,14,3,False,False
qwen3_4b,train,20534142,generation_3,2,14,3,14,5,False,False
qwen3_4b,train,20558148,generation_1,4,12,8,16,12,False,False
qwen3_4b,train,20558148,generation_2,3,12,8,16,11,False,False
qwen3_4b,train,20558148,generation_3,6,12,8,16,14,False,False
qwen3_4b,train,20579626,generation_1,0,5,2,10,2,True,False
qwen3_4b,train,20579626,generation_2,0,5,2,10,2,True,False
qwen3_4b,train,20579626,generation_3,0,5,2,10,2,True,False
qwen3_4b,train,20583543,generation_1,1,5,5,10,6,False,False
qwen3_4b,train,20583543,generation_2,1,5,5,10,6,False,False
qwen3_4b,train,20583543,generation_3,1,5,5,10,6,False,False
qwen3_4b,train,20588063,generation_1,0,7,2,8,2,True,False
qwen3_4b,train,20588063,generation_2,0,7,0,8,0,True,True
qwen3_4b,train,20588063,generation_3,0,7,6,8,6,True,False
qwen3_4b,train,20606392,generation_1,0,2,0,1,0,True,True
qwen3_4b,train,20606392,generation_2,0,2,0,1,0,True,True
qwen3_4b,train,20606392,generation_3,0,2,0,1,0,True,True
qwen3_4b,train,20667451,generation_1,0,7,1,8,1,True,False
qwen3_4b,train,20667451,generation_2,0,7,1,8,1,True,False
qwen3_4b,train,20667451,generation_3,0,7,1,8,1,True,False
qwen3_4b,train,20683499,generation_1,3,8,4,13,7,False,False
qwen3_4b,train,20683499,generation_2,3,8,2,13,5,False,False
qwen3_4b,train,20683499,generation_3,3,8,6,13,9,False,False
qwen3_4b,train,20708777,generation_1,0,12,0,16,0,True,True
qwen3_4b,train,20708777,generation_2,0,12,0,16,0,True,True
qwen3_4b,train,20708777,generation_3,0,12,0,16,0,True,True
qwen3_4b,train,20722491,generation_1,14,20,6,100,20,False,False
qwen3_4b,train,20722491,generation_2,15,20,5,100,20,False,False
qwen3_4b,train,20722491,generation_3,15,20,5,100,20,False,False
qwen3_4b,train,20801104,generation_1,0,4,0,6,0,True,True
qwen3_4b,train,20801104,generation_2,0,4,2,6,2,True,False
qwen3_4b,train,20801104,generation_3,0,4,1,6,1,True,False
qwen3_4b,train,20806042,generation_1,0,3,0,3,0,True,True
qwen3_4b,train,20806042,generation_2,0,3,0,3,0,True,True
qwen3_4b,train,20806042,generation_3,0,3,0,3,0,True,True
qwen3_4b,train,20828385,generation_1,2,5,2,10,4,False,False
qwen3_4b,train,20828385,generation_2,2,5,2,10,4,False,False
qwen3_4b,train,20828385,generation_3,1,5,1,10,2,False,False
qwen3_4b,train,20846357,generation_1,0,6,8,15,8,True,False
qwen3_4b,train,20846357,generation_2,3,6,8,15,11,False,False
qwen3_4b,train,20846357,generation_3,4,6,7,15,11,False,False
qwen3_4b,train,20854438,generation_1,4,7,3,8,7,False,False
qwen3_4b,train,20854438,generation_2,2,7,3,8,5,False,False
qwen3_4b,train,20854438,generation_3,4,7,3,8,7,False,False
qwen3_4b,train,20949073,generation_1,1,2,0,1,1,False,False
qwen3_4b,train,20949073,generation_2,1,2,0,1,1,False,False
qwen3_4b,train,20949073,generation_3,1,2,0,1,1,False,False
qwen3_4b,train,20973483,generation_1,4,7,4,21,8,False,False
qwen3_4b,train,20973483,generation_2,5,7,3,21,8,False,False
qwen3_4b,train,20973483,generation_3,5,7,3,21,8,False,False
qwen3_4b,train,21059483,generation_1,0,2,1,1,1,True,False
qwen3_4b,train,21059483,generation_2,0,2,1,1,1,True,False
qwen3_4b,train,21059483,generation_3,1,2,1,1,2,False,False
qwen3_4b,train,21070631,generation_1,4,14,2,13,6,False,False
qwen3_4b,train,21070631,generation_2,2,14,2,13,4,False,False
qwen3_4b,train,21070631,generation_3,1,14,1,13,2,False,False
qwen3_4b,train,21080147,generation_1,1,9,5,11,6,False,False
qwen3_4b,train,21080147,generation_2,1,9,4,11,5,False,False
qwen3_4b,train,21080147,generation_3,1,9,4,11,5,False,False
qwen3_4b,train,21135151,generation_1,0,1,0,0,0,True,True
qwen3_4b,train,21135151,generation_2,0,1,0,0,0,True,True
qwen3_4b,train,21135151,generation_3,0,1,0,0,0,True,True
qwen3_4b,train,21163864,generation_1,1,2,0,1,1,False,False
qwen3_4b,train,21163864,generation_2,1,2,0,1,1,False,False
qwen3_4b,train,21163864,generation_3,1,2,0,1,1,False,False
qwen3_4b,train,21195121,generation_1,1,12,11,16,12,False,False
qwen3_4b,train,21195121,generation_2,1,12,11,16,12,False,False
qwen3_4b,train,21195121,generation_3,2,12,11,16,13,False,False
qwen3_4b,train,21238926,generation_1,2,7,0,8,2,False,False
qwen3_4b,train,21238926,generation_2,2,7,0,8,2,False,False
qwen3_4b,train,21238926,generation_3,2,7,1,8,3,False,False
qwen3_4b,train,21325775,generation_1,1,2,0,1,1,False,False
qwen3_4b,train,21325775,generation_2,1,2,0,1,1,False,False
qwen3_4b,train,21325775,generation_3,1,2,0,1,1,False,False
qwen3_4b,train,21496008,generation_1,0,2,0,1,0,True,True
qwen3_4b,train,21496008,generation_2,0,2,0,1,0,True,True
qwen3_4b,train,21496008,generation_3,0,2,1,1,1,True,False
qwen3_4b,train,21533187,generation_1,0,3,0,7,0,True,True
qwen3_4b,train,21533187,generation_2,0,3,3,7,3,True,False
qwen3_4b,train,21533187,generation_3,0,3,3,7,3,True,False
qwen3_4b,train,21615796,generation_1,1,5,0,5,1,False,False
qwen3_4b,train,21615796,generation_2,1,5,0,5,1,False,False
qwen3_4b,train,21615796,generation_3,1,5,0,5,1,False,False
qwen3_4b,train,21666969,generation_1,0,6,5,15,5,True,False
qwen3_4b,train,21666969,generation_2,0,6,3,15,3,True,False
qwen3_4b,train,21666969,generation_3,0,6,3,15,3,True,False
qwen3_4b,train,21682595,generation_1,1,4,0,2,1,False,False
qwen3_4b,train,21682595,generation_2,2,4,0,2,2,False,False
qwen3_4b,train,21682595,generation_3,1,4,0,2,1,False,False
qwen3_4b,train,21695597,generation_1,2,6,0,15,2,False,False
qwen3_4b,train,21695597,generation_2,2,6,0,15,2,False,False
qwen3_4b,train,21695597,generation_3,3,6,0,15,3,False,False
qwen3_4b,train,21699520,generation_1,1,3,0,3,1,False,False
qwen3_4b,train,21699520,generation_2,1,3,0,3,1,False,False
qwen3_4b,train,21699520,generation_3,1,3,0,3,1,False,False
qwen3_4b,train,21771880,generation_1,0,3,2,3,2,True,False
qwen3_4b,train,21771880,generation_2,0,3,2,3,2,True,False
qwen3_4b,train,21771880,generation_3,0,3,2,3,2,True,False
qwen3_4b,train,21810259,generation_1,7,25,10,42,17,False,False
qwen3_4b,train,21810259,generation_2,4,25,12,42,16,False,False
qwen3_4b,train,21810259,generation_3,1,25,16,42,17,False,False
qwen3_4b,train,21904390,generation_1,0,3,0,3,0,True,True
qwen3_4b,train,21904390,generation_2,0,3,0,3,0,True,True
qwen3_4b,train,21904390,generation_3,0,3,0,3,0,True,True
qwen3_4b,train,21911891,generation_1,1,2,0,1,1,False,False
qwen3_4b,train,21911891,generation_2,1,2,0,1,1,False,False
qwen3_4b,train,21911891,generation_3,1,2,1,1,2,False,False
qwen3_4b,train,22048266,generation_1,0,5,0,10,0,True,True
qwen3_4b,train,22048266,generation_2,0,5,0,10,0,True,True
qwen3_4b,train,22048266,generation_3,1,5,0,10,1,False,False
qwen3_4b,train,22051099,generation_1,0,6,6,14,6,True,False
qwen3_4b,train,22051099,generation_2,0,6,7,14,7,True,False
qwen3_4b,train,22051099,generation_3,0,6,6,14,6,True,False
qwen3_4b,train,22104738,generation_1,0,3,2,3,2,True,False
qwen3_4b,train,22104738,generation_2,0,3,2,3,2,True,False
qwen3_4b,train,22104738,generation_3,1,3,2,3,3,False,False
qwen3_4b,train,22180037,generation_1,1,4,0,2,1,False,False
qwen3_4b,train,22180037,generation_2,0,4,0,2,0,True,True
qwen3_4b,train,22180037,generation_3,0,4,0,2,0,True,True
qwen3_4b,train,22303482,generation_1,15,30,7,106,22,False,False
qwen3_4b,train,22303482,generation_2,18,30,6,106,24,False,False
qwen3_4b,train,22303482,generation_3,14,30,14,106,28,False,False
qwen3_4b,train,22808010,generation_1,5,32,42,292,47,False,False
qwen3_4b,train,22808010,generation_2,3,32,59,292,62,False,False
qwen3_4b,train,22808010,generation_3,3,32,43,292,46,False,False
qwen3_4b,train,22836123,generation_1,1,6,6,15,7,False,False
qwen3_4b,train,22836123,generation_2,2,6,6,15,8,False,False
qwen3_4b,train,22836123,generation_3,1,6,6,15,7,False,False
qwen3_4b,train,22859398,generation_1,1,7,0,21,1,False,False
qwen3_4b,train,22859398,generation_2,2,7,0,21,2,False,False
qwen3_4b,train,22859398,generation_3,1,7,0,21,1,False,False
qwen3_4b,train,23791840,generation_1,3,15,12,30,15,False,False
qwen3_4b,train,23791840,generation_2,2,15,13,30,15,False,False
qwen3_4b,train,23791840,generation_3,2,15,12,30,14,False,False
qwen3_4b,train,23864035,generation_1,0,4,0,1,0,True,True
qwen3_4b,train,23864035,generation_2,0,4,1,1,1,True,False
qwen3_4b,train,23864035,generation_3,0,4,0,1,0,True,True
qwen3_4b,train,23949582,generation_1,0,5,1,5,1,True,False
qwen3_4b,train,23949582,generation_2,0,5,1,5,1,True,False
qwen3_4b,train,23949582,generation_3,0,5,1,5,1,True,False
qwen3_4b,train,23952588,generation_1,0,2,0,1,0,True,True
qwen3_4b,train,23952588,generation_2,0,2,0,1,0,True,True
qwen3_4b,train,23952588,generation_3,0,2,0,1,0,True,True
qwen3_4b,train,24055495,generation_1,5,14,19,41,24,False,False
qwen3_4b,train,24055495,generation_2,5,14,19,41,24,False,False
qwen3_4b,train,24055495,generation_3,6,14,15,41,21,False,False
qwen3_4b,train,24100257,generation_1,1,3,0,3,1,False,False
qwen3_4b,train,24100257,generation_2,1,3,0,3,1,False,False
qwen3_4b,train,24100257,generation_3,2,3,0,3,2,False,False
qwen3_4b,train,24126708,generation_1,3,10,3,11,6,False,False
qwen3_4b,train,24126708,generation_2,4,10,5,11,9,False,False
qwen3_4b,train,24126708,generation_3,3,10,4,11,7,False,False
qwen3_4b,train,24132704,generation_1,7,16,3,29,10,False,False
qwen3_4b,train,24132704,generation_2,7,16,3,29,10,False,False
qwen3_4b,train,24132704,generation_3,7,16,3,29,10,False,False
qwen3_4b,train,2422478,generation_1,3,4,2,2,5,False,False
qwen3_4b,train,2422478,generation_2,1,4,0,2,1,False,False
qwen3_4b,train,2422478,generation_3,1,4,1,2,2,False,False
qwen3_4b,train,24309294,generation_1,5,10,9,18,14,False,False
qwen3_4b,train,24309294,generation_2,6,10,12,18,18,False,False
qwen3_4b,train,24309294,generation_3,1,10,13,18,14,False,False
qwen3_4b,train,24341598,generation_1,1,6,3,8,4,False,False
qwen3_4b,train,24341598,generation_2,0,6,2,8,2,True,False
qwen3_4b,train,24341598,generation_3,0,6,2,8,2,True,False
qwen3_4b,train,24477591,generation_1,1,10,8,18,9,False,False
qwen3_4b,train,24477591,generation_2,1,10,5,18,6,False,False
qwen3_4b,train,24477591,generation_3,1,10,6,18,7,False,False
qwen3_4b,train,24535067,generation_1,1,7,4,7,5,False,False
qwen3_4b,train,24535067,generation_2,3,7,4,7,7,False,False
qwen3_4b,train,24535067,generation_3,2,7,4,7,6,False,False
qwen3_4b,train,24587916,generation_1,2,8,6,13,8,False,False
qwen3_4b,train,24587916,generation_2,0,8,4,13,4,True,False
qwen3_4b,train,24587916,generation_3,0,8,7,13,7,True,False
qwen3_4b,train,24588023,generation_1,1,1,0,0,1,False,False
qwen3_4b,train,24588023,generation_2,1,1,0,0,1,False,False
qwen3_4b,train,24588023,generation_3,1,1,0,0,1,False,False
qwen3_4b,train,24623966,generation_1,5,12,10,34,15,False,False
qwen3_4b,train,24623966,generation_2,5,12,15,34,20,False,False
qwen3_4b,train,24623966,generation_3,3,12,18,34,21,False,False
qwen3_4b,train,24632946,generation_1,5,13,1,42,6,False,False
qwen3_4b,train,24632946,generation_2,4,13,4,42,8,False,False
qwen3_4b,train,24632946,generation_3,5,13,3,42,8,False,False
qwen3_4b,train,24709919,generation_1,3,6,1,4,4,False,False
qwen3_4b,train,24709919,generation_2,1,6,1,4,2,False,False
qwen3_4b,train,24709919,generation_3,2,6,1,4,3,False,False
qwen3_4b,train,24742750,generation_1,0,2,0,1,0,True,True
qwen3_4b,train,24742750,generation_2,0,2,0,1,0,True,True
qwen3_4b,train,24742750,generation_3,0,2,0,1,0,True,True
qwen3_4b,train,24743235,generation_1,1,8,2,12,3,False,False
qwen3_4b,train,24743235,generation_2,4,8,1,12,5,False,False
qwen3_4b,train,24743235,generation_3,3,8,2,12,5,False,False
qwen3_4b,train,24768818,generation_1,1,19,9,34,10,False,False
qwen3_4b,train,24768818,generation_2,1,19,9,34,10,False,False
qwen3_4b,train,24768818,generation_3,3,19,10,34,13,False,False
qwen3_4b,train,24842192,generation_1,4,20,4,35,8,False,False
qwen3_4b,train,24842192,generation_2,2,20,5,35,7,False,False
qwen3_4b,train,24842192,generation_3,4,20,4,35,8,False,False
qwen3_4b,train,24853300,generation_1,3,12,6,78,9,False,False
qwen3_4b,train,24853300,generation_2,4,12,10,78,14,False,False
qwen3_4b,train,24853300,generation_3,3,12,5,78,8,False,False
qwen3_4b,train,24902786,generation_1,8,13,21,42,29,False,False
qwen3_4b,train,24902786,generation_2,8,13,7,42,15,False,False
qwen3_4b,train,24902786,generation_3,6,13,22,42,28,False,False
qwen3_4b,train,24911645,generation_1,3,15,15,39,18,False,False
qwen3_4b,train,24911645,generation_2,4,15,13,39,17,False,False
qwen3_4b,train,24911645,generation_3,3,15,16,39,19,False,False
qwen3_4b,train,24914936,generation_1,5,10,8,45,13,False,False
qwen3_4b,train,24914936,generation_2,5,10,10,45,15,False,False
qwen3_4b,train,24914936,generation_3,4,10,10,45,14,False,False
qwen3_4b,train,24927617,generation_1,1,8,12,23,13,False,False
qwen3_4b,train,24927617,generation_2,2,8,14,23,16,False,False
qwen3_4b,train,24927617,generation_3,1,8,15,23,16,False,False
qwen3_4b,train,24971338,generation_1,13,23,7,67,20,False,False
qwen3_4b,train,24971338,generation_2,14,23,5,67,19,False,False
qwen3_4b,train,24971338,generation_3,10,23,7,67,17,False,False
qwen3_4b,train,25054547,generation_1,3,13,11,23,14,False,False
qwen3_4b,train,25054547,generation_2,3,13,11,23,14,False,False
qwen3_4b,train,25054547,generation_3,5,13,12,23,17,False,False
qwen3_4b,train,25218136,generation_1,7,15,7,60,14,False,False
qwen3_4b,train,25218136,generation_2,7,15,4,60,11,False,False
qwen3_4b,train,25218136,generation_3,6,15,3,60,9,False,False
qwen3_4b,train,25263533,generation_1,24,26,1,108,25,False,False
qwen3_4b,train,25263533,generation_2,18,26,4,108,22,False,False
qwen3_4b,train,25263533,generation_3,17,26,1,108,18,False,False
qwen3_4b,train,25305591,generation_1,16,27,23,93,39,False,False
qwen3_4b,train,25305591,generation_2,15,27,15,93,30,False,False
qwen3_4b,train,25305591,generation_3,16,27,13,93,29,False,False
qwen3_4b,train,25622904,generation_1,12,26,21,79,33,False,False
qwen3_4b,train,25622904,generation_2,15,26,19,79,34,False,False
qwen3_4b,train,25622904,generation_3,10,26,17,79,27,False,False
qwen3_4b,train,25946186,generation_1,2,13,4,32,6,False,False
qwen3_4b,train,25946186,generation_2,2,13,10,32,12,False,False
qwen3_4b,train,25946186,generation_3,2,13,8,32,10,False,False
qwen3_4b,train,25979836,generation_1,25,53,40,380,65,False,False
qwen3_4b,train,25979836,generation_2,26,53,26,380,52,False,False
qwen3_4b,train,25979836,generation_3,29,53,21,380,50,False,False
qwen3_4b,train,25983002,generation_1,1,9,3,12,4,False,False
qwen3_4b,train,25983002,generation_2,0,9,5,12,5,True,False
qwen3_4b,train,25983002,generation_3,1,9,4,12,5,False,False
qwen3_4b,train,25986755,generation_1,4,16,7,50,11,False,False
qwen3_4b,train,25986755,generation_2,6,16,6,50,12,False,False
qwen3_4b,train,25986755,generation_3,2,16,15,50,17,False,False
qwen3_4b,train,26027517,generation_1,20,31,15,160,35,False,False
qwen3_4b,train,26027517,generation_2,13,31,22,160,35,False,False
qwen3_4b,train,26027517,generation_3,19,31,21,160,40,False,False
qwen3_4b,train,26102294,generation_1,3,14,4,7,7,False,False
qwen3_4b,train,26102294,generation_2,4,14,2,7,6,False,False
qwen3_4b,train,26102294,generation_3,2,14,4,7,6,False,False
qwen3_4b,train,26115410,generation_1,0,1,0,0,0,True,True
qwen3_4b,train,26115410,generation_2,0,1,0,0,0,True,True
qwen3_4b,train,26115410,generation_3,0,1,0,0,0,True,True
qwen3_4b,train,26270232,generation_1,3,25,9,95,12,False,False
qwen3_4b,train,26270232,generation_2,4,25,5,95,9,False,False
qwen3_4b,train,26270232,generation_3,10,25,3,95,13,False,False
qwen3_4b,train,26411452,generation_1,0,7,7,13,7,True,False
qwen3_4b,train,26411452,generation_2,1,7,5,13,6,False,False
qwen3_4b,train,26411452,generation_3,0,7,7,13,7,True,False
qwen3_4b,train,26516699,generation_1,9,59,17,378,26,False,False
qwen3_4b,train,26516699,generation_2,4,59,4,378,8,False,False
qwen3_4b,train,26516699,generation_3,7,59,3,378,10,False,False
qwen3_4b,train,26731607,generation_1,1,1,0,0,1,False,False
qwen3_4b,train,26731607,generation_2,1,1,0,0,1,False,False
qwen3_4b,train,26731607,generation_3,1,1,0,0,1,False,False
qwen3_4b,train,27014915,generation_1,2,21,26,69,28,False,False
qwen3_4b,train,27014915,generation_2,7,21,23,69,30,False,False
qwen3_4b,train,27014915,generation_3,4,21,34,69,38,False,False
qwen3_4b,train,27084744,generation_1,5,30,24,61,29,False,False
qwen3_4b,train,27084744,generation_2,8,30,19,61,27,False,False
qwen3_4b,train,27084744,generation_3,5,30,21,61,26,False,False
qwen3_4b,train,27134166,generation_1,7,14,29,64,36,False,False
qwen3_4b,train,27134166,generation_2,3,14,26,64,29,False,False
qwen3_4b,train,27134166,generation_3,7,14,21,64,28,False,False
qwen3_4b,train,27172902,generation_1,7,17,6,48,13,False,False
qwen3_4b,train,27172902,generation_2,6,17,13,48,19,False,False
qwen3_4b,train,27172902,generation_3,7,17,8,48,15,False,False
qwen3_4b,train,27184800,generation_1,0,5,0,1,0,True,True
qwen3_4b,train,27184800,generation_2,0,5,0,1,0,True,True
qwen3_4b,train,27184800,generation_3,0,5,0,1,0,True,True
qwen3_4b,train,27248656,generation_1,14,37,4,173,18,False,False
qwen3_4b,train,27248656,generation_2,13,37,12,173,25,False,False
qwen3_4b,train,27248656,generation_3,19,37,9,173,28,False,False
qwen3_4b,train,27292643,generation_1,0,6,3,9,3,True,False
qwen3_4b,train,27292643,generation_2,0,6,3,9,3,True,False
qwen3_4b,train,27292643,generation_3,1,6,3,9,4,False,False
qwen3_4b,train,27630165,generation_1,3,14,3,7,6,False,False
qwen3_4b,train,27630165,generation_2,5,14,3,7,8,False,False
qwen3_4b,train,27630165,generation_3,1,14,3,7,4,False,False
qwen3_4b,train,27640183,generation_1,0,6,14,30,14,True,False
qwen3_4b,train,27640183,generation_2,1,6,14,30,15,False,False
qwen3_4b,train,27640183,generation_3,0,6,14,30,14,True,False
qwen3_4b,train,27643404,generation_1,0,9,6,27,6,True,False
qwen3_4b,train,27643404,generation_2,1,9,5,27,6,False,False
qwen3_4b,train,27643404,generation_3,1,9,4,27,5,False,False
qwen3_4b,train,27779699,generation_1,0,10,4,11,4,True,False
qwen3_4b,train,27779699,generation_2,0,10,5,11,5,True,False
qwen3_4b,train,27779699,generation_3,0,10,3,11,3,True,False
qwen3_4b,train,27825100,generation_1,5,10,7,18,12,False,False
qwen3_4b,train,27825100,generation_2,3,10,6,18,9,False,False
qwen3_4b,train,27825100,generation_3,1,10,7,18,8,False,False
qwen3_4b,train,27860244,generation_1,7,19,7,59,14,False,False
qwen3_4b,train,27860244,generation_2,6,19,4,59,10,False,False
qwen3_4b,train,27860244,generation_3,8,19,4,59,12,False,False
qwen3_4b,train,27930654,generation_1,0,7,11,19,11,True,False
qwen3_4b,train,27930654,generation_2,0,7,8,19,8,True,False
qwen3_4b,train,27930654,generation_3,0,7,8,19,8,True,False
qwen3_4b,train,27941998,generation_1,10,16,2,33,12,False,False
qwen3_4b,train,27941998,generation_2,6,16,7,33,13,False,False
qwen3_4b,train,27941998,generation_3,10,16,2,33,12,False,False
qwen3_4b,train,27959382,generation_1,3,8,0,20,3,False,False
qwen3_4b,train,27959382,generation_2,3,8,0,20,3,False,False
qwen3_4b,train,27959382,generation_3,5,8,0,20,5,False,False
qwen3_4b,train,27974047,generation_1,3,24,33,112,36,False,False
qwen3_4b,train,27974047,generation_2,5,24,21,112,26,False,False
qwen3_4b,train,27974047,generation_3,4,24,24,112,28,False,False
qwen3_4b,train,27999109,generation_1,3,10,13,35,16,False,False
qwen3_4b,train,27999109,generation_2,3,10,16,35,19,False,False
qwen3_4b,train,27999109,generation_3,3,10,15,35,18,False,False
qwen3_4b,train,28075473,generation_1,5,13,4,15,9,False,False
qwen3_4b,train,28075473,generation_2,3,13,3,15,6,False,False
qwen3_4b,train,28075473,generation_3,2,13,3,15,5,False,False
qwen3_4b,train,28098423,generation_1,2,10,10,25,12,False,False
qwen3_4b,train,28098423,generation_2,2,10,5,25,7,False,False
qwen3_4b,train,28098423,generation_3,2,10,8,25,10,False,False
qwen3_4b,train,28101574,generation_1,3,7,2,8,5,False,False
qwen3_4b,train,28101574,generation_2,3,7,1,8,4,False,False
qwen3_4b,train,28101574,generation_3,4,7,0,8,4,False,False
qwen3_4b,train,28148288,generation_1,2,9,9,19,11,False,False
qwen3_4b,train,28148288,generation_2,3,9,7,19,10,False,False
qwen3_4b,train,28148288,generation_3,2,9,4,19,6,False,False
qwen3_4b,train,28151486,generation_1,4,8,4,7,8,False,False
qwen3_4b,train,28151486,generation_2,3,8,4,7,7,False,False
qwen3_4b,train,28151486,generation_3,3,8,4,7,7,False,False
qwen3_4b,train,28204828,generation_1,5,16,12,62,17,False,False
qwen3_4b,train,28204828,generation_2,5,16,19,62,24,False,False
qwen3_4b,train,28204828,generation_3,5,16,18,62,23,False,False
qwen3_4b,train,28260056,generation_1,4,16,2,20,6,False,False
qwen3_4b,train,28260056,generation_2,4,16,4,20,8,False,False
qwen3_4b,train,28260056,generation_3,8,16,2,20,10,False,False
qwen3_4b,train,28260077,generation_1,5,16,2,14,7,False,False
qwen3_4b,train,28260077,generation_2,5,16,4,14,9,False,False
qwen3_4b,train,28260077,generation_3,6,16,4,14,10,False,False
qwen3_4b,train,28260110,generation_1,6,20,24,57,30,False,False
qwen3_4b,train,28260110,generation_2,6,20,19,57,25,False,False
qwen3_4b,train,28260110,generation_3,8,20,15,57,23,False,False
qwen3_4b,train,28279980,generation_1,5,17,19,74,24,False,False
qwen3_4b,train,28279980,generation_2,5,17,21,74,26,False,False
qwen3_4b,train,28279980,generation_3,5,17,10,74,15,False,False
qwen3_4b,train,28346429,generation_1,3,7,4,7,7,False,False
qwen3_4b,train,28346429,generation_2,5,7,4,7,9,False,False
qwen3_4b,train,28346429,generation_3,4,7,6,7,10,False,False
qwen3_4b,train,28348168,generation_1,0,3,2,3,2,True,False
qwen3_4b,train,28348168,generation_2,0,3,2,3,2,True,False
qwen3_4b,train,28348168,generation_3,0,3,2,3,2,True,False
qwen3_4b,train,28368423,generation_1,5,18,18,60,23,False,False
qwen3_4b,train,28368423,generation_2,6,18,22,60,28,False,False
qwen3_4b,train,28368423,generation_3,12,18,19,60,31,False,False
qwen3_4b,train,28368537,generation_1,1,7,2,2,3,False,False
qwen3_4b,train,28368537,generation_2,1,7,2,2,3,False,False
qwen3_4b,train,28368537,generation_3,0,7,2,2,2,True,False
qwen3_4b,train,28398555,generation_1,2,10,6,17,8,False,False
qwen3_4b,train,28398555,generation_2,3,10,6,17,9,False,False
qwen3_4b,train,28398555,generation_3,2,10,7,17,9,False,False
qwen3_4b,train,28411266,generation_1,4,10,2,5,6,False,False
qwen3_4b,train,28411266,generation_2,3,10,2,5,5,False,False
qwen3_4b,train,28411266,generation_3,6,10,1,5,7,False,False
qwen3_4b,train,28416580,generation_1,1,16,7,51,8,False,False
qwen3_4b,train,28416580,generation_2,1,16,8,51,9,False,False
qwen3_4b,train,28416580,generation_3,4,16,8,51,12,False,False
qwen3_4b,train,28428256,generation_1,6,17,22,48,28,False,False
qwen3_4b,train,28428256,generation_2,9,17,4,48,13,False,False
qwen3_4b,train,28428256,generation_3,6,17,9,48,15,False,False
qwen3_4b,train,28468941,generation_1,20,25,0,30,20,False,False
qwen3_4b,train,28468941,generation_2,17,25,0,30,17,False,False
qwen3_4b,train,28468941,generation_3,19,25,0,30,19,False,False
qwen3_4b,train,28472177,generation_1,6,36,7,195,13,False,False
qwen3_4b,train,28472177,generation_2,5,36,6,195,11,False,False
qwen3_4b,train,28472177,generation_3,5,36,9,195,14,False,False
qwen3_4b,train,28487437,generation_1,6,13,21,53,27,False,False
qwen3_4b,train,28487437,generation_2,5,13,19,53,24,False,False
qwen3_4b,train,28487437,generation_3,6,13,14,53,20,False,False
qwen3_4b,train,28512644,generation_1,11,27,6,273,17,False,False
qwen3_4b,train,28512644,generation_2,10,27,5,273,15,False,False
qwen3_4b,train,28512644,generation_3,10,27,5,273,15,False,False
qwen3_4b,train,28584052,generation_1,1,5,5,10,6,False,False
qwen3_4b,train,28584052,generation_2,1,5,4,10,5,False,False
qwen3_4b,train,28584052,generation_3,0,5,5,10,5,True,False
qwen3_4b,train,28604678,generation_1,10,10,0,5,10,False,False
qwen3_4b,train,28604678,generation_2,9,10,0,5,9,False,False
qwen3_4b,train,28604678,generation_3,8,10,0,5,8,False,False
qwen3_4b,train,28650467,generation_1,4,13,23,41,27,False,False
qwen3_4b,train,28650467,generation_2,3,13,29,41,32,False,False
qwen3_4b,train,28650467,generation_3,3,13,22,41,25,False,False
qwen3_4b,train,28660748,generation_1,2,14,30,41,32,False,False
qwen3_4b,train,28660748,generation_2,3,14,22,41,25,False,False
qwen3_4b,train,28660748,generation_3,3,14,18,41,21,False,False
qwen3_4b,train,28687665,generation_1,0,3,0,1,0,True,True
qwen3_4b,train,28687665,generation_2,0,3,0,1,0,True,True
qwen3_4b,train,28687665,generation_3,0,3,0,1,0,True,True
qwen3_4b,train,28747658,generation_1,3,27,4,144,7,False,False
qwen3_4b,train,28747658,generation_2,1,27,1,144,2,False,False
qwen3_4b,train,28747658,generation_3,1,27,3,144,4,False,False
qwen3_4b,train,28777492,generation_1,1,11,3,44,4,False,False
qwen3_4b,train,28777492,generation_2,2,11,2,44,4,False,False
qwen3_4b,train,28777492,generation_3,1,11,9,44,10,False,False
qwen3_4b,train,28851297,generation_1,3,16,9,30,12,False,False
qwen3_4b,train,28851297,generation_2,4,16,9,30,13,False,False
qwen3_4b,train,28851297,generation_3,3,16,4,30,7,False,False
qwen3_4b,train,28883039,generation_1,1,10,1,1,2,False,False
qwen3_4b,train,28883039,generation_2,2,10,1,1,3,False,False
qwen3_4b,train,28883039,generation_3,2,10,1,1,3,False,False
qwen3_4b,train,29045486,generation_1,6,25,19,80,25,False,False
qwen3_4b,train,29045486,generation_2,6,25,21,80,27,False,False
qwen3_4b,train,29045486,generation_3,9,25,12,80,21,False,False
qwen3_4b,train,29222418,generation_1,9,11,0,17,9,False,False
qwen3_4b,train,29222418,generation_2,7,11,0,17,7,False,False
qwen3_4b,train,29222418,generation_3,7,11,0,17,7,False,False
qwen3_4b,train,30442153,generation_1,14,38,22,134,36,False,False
qwen3_4b,train,30442153,generation_2,20,38,29,134,49,False,False
qwen3_4b,train,30442153,generation_3,14,38,28,134,42,False,False
qwen3_4b,train,30836660,generation_1,33,51,18,652,51,False,False
qwen3_4b,train,30836660,generation_2,47,51,3,652,50,False,False
qwen3_4b,train,30836660,generation_3,46,51,4,652,50,False,False
qwen3_4b,train,7018927,generation_1,0,4,2,2,2,True,False
qwen3_4b,train,7018927,generation_2,1,4,1,2,2,False,False
qwen3_4b,train,7018927,generation_3,0,4,2,2,2,True,False
qwen3_4b,train,7468724,generation_1,4,5,0,1,4,False,False
qwen3_4b,train,7468724,generation_2,2,5,0,1,2,False,False
qwen3_4b,train,7468724,generation_3,3,5,0,1,3,False,False
qwen3_4b,train,7668252,generation_1,3,4,1,2,4,False,False
qwen3_4b,train,7668252,generation_2,2,4,1,2,3,False,False
qwen3_4b,train,7668252,generation_3,2,4,1,2,3,False,False
qwen3_4b,train,7905839,generation_1,0,6,9,15,9,True,False
qwen3_4b,train,7905839,generation_2,0,6,7,15,7,True,False
qwen3_4b,train,7905839,generation_3,0,6,11,15,11,True,False
qwen3_4b,train,8002973,generation_1,0,1,0,0,0,True,True
qwen3_4b,train,8002973,generation_2,0,1,0,0,0,True,True
qwen3_4b,train,8002973,generation_3,0,1,0,0,0,True,True
qwen3_4b,train,8755918,generation_1,0,2,1,1,1,True,False
qwen3_4b,train,8755918,generation_2,0,2,1,1,1,True,False
qwen3_4b,train,8755918,generation_3,0,2,1,1,1,True,False
qwen3_4b,train,9294109,generation_1,1,2,1,1,2,False,False
qwen3_4b,train,9294109,generation_2,1,2,1,1,2,False,False
qwen3_4b,train,9294109,generation_3,1,2,1,1,2,False,False
qwen3_4b,train,9647766,generation_1,0,6,4,6,4,True,False
qwen3_4b,train,9647766,generation_2,1,6,4,6,5,False,False
qwen3_4b,train,9647766,generation_3,1,6,3,6,4,False,False
qwen3_4b,train,9746003,generation_1,2,6,4,11,6,False,False
qwen3_4b,train,9746003,generation_2,3,6,4,11,7,False,False
qwen3_4b,train,9746003,generation_3,2,6,4,11,6,False,False
qwen3_8b,dev,14510914,generation_1,3,7,8,14,11,False,False
qwen3_8b,dev,14510914,generation_2,3,7,8,14,11,False,False
qwen3_8b,dev,14510914,generation_3,3,7,8,14,11,False,False
qwen3_8b,dev,15018851,generation_1,3,7,4,8,7,False,False
qwen3_8b,dev,15018851,generation_2,3,7,4,8,7,False,False
qwen3_8b,dev,15018851,generation_3,3,7,4,8,7,False,False
qwen3_8b,dev,15041272,generation_1,3,8,6,13,9,False,False
qwen3_8b,dev,15041272,generation_2,5,8,3,13,8,False,False
qwen3_8b,dev,15041272,generation_3,4,8,4,13,8,False,False
qwen3_8b,dev,15069170,generation_1,1,6,4,15,5,False,False
qwen3_8b,dev,15069170,generation_2,1,6,4,15,5,False,False
qwen3_8b,dev,15069170,generation_3,1,6,4,15,5,False,False
qwen3_8b,dev,15086325,generation_1,0,1,0,0,0,True,True
qwen3_8b,dev,15086325,generation_2,0,1,0,0,0,True,True
qwen3_8b,dev,15086325,generation_3,0,1,0,0,0,True,True
qwen3_8b,dev,15096016,generation_1,0,1,0,0,0,True,True
qwen3_8b,dev,15096016,generation_2,0,1,0,0,0,True,True
qwen3_8b,dev,15096016,generation_3,0,1,0,0,0,True,True
qwen3_8b,dev,15579441,generation_1,2,5,5,10,7,False,False
qwen3_8b,dev,15579441,generation_2,1,5,6,10,7,False,False
qwen3_8b,dev,15579441,generation_3,2,5,7,10,9,False,False
qwen3_8b,dev,15754732,generation_1,1,9,3,19,4,False,False
qwen3_8b,dev,15754732,generation_2,1,9,3,19,4,False,False
qwen3_8b,dev,15754732,generation_3,1,9,6,19,7,False,False
qwen3_8b,dev,15867855,generation_1,0,4,1,6,1,True,False
qwen3_8b,dev,15867855,generation_2,0,4,2,6,2,True,False
qwen3_8b,dev,15867855,generation_3,0,4,1,6,1,True,False
qwen3_8b,dev,15951966,generation_1,0,2,0,1,0,True,True
qwen3_8b,dev,15951966,generation_2,0,2,0,1,0,True,True
qwen3_8b,dev,15951966,generation_3,0,2,0,1,0,True,True
qwen3_8b,dev,15991002,generation_1,1,4,1,2,2,False,False
qwen3_8b,dev,15991002,generation_2,0,4,1,2,1,True,False
qwen3_8b,dev,15991002,generation_3,0,4,1,2,1,True,False
qwen3_8b,dev,16000134,generation_1,2,5,4,10,6,False,False
qwen3_8b,dev,16000134,generation_2,2,5,3,10,5,False,False
qwen3_8b,dev,16000134,generation_3,2,5,1,10,3,False,False
qwen3_8b,dev,16018252,generation_1,0,1,0,0,0,True,True
qwen3_8b,dev,16018252,generation_2,0,1,0,0,0,True,True
qwen3_8b,dev,16018252,generation_3,0,1,0,0,0,True,True
qwen3_8b,dev,16051693,generation_1,2,5,2,6,4,False,False
qwen3_8b,dev,16051693,generation_2,3,5,3,6,6,False,False
qwen3_8b,dev,16051693,generation_3,3,5,4,6,7,False,False
qwen3_8b,dev,16152606,generation_1,0,4,0,6,0,True,True
qwen3_8b,dev,16152606,generation_2,0,4,0,6,0,True,True
qwen3_8b,dev,16152606,generation_3,0,4,0,6,0,True,True
qwen3_8b,dev,16181814,generation_1,1,3,0,3,1,False,False
qwen3_8b,dev,16181814,generation_2,1,3,0,3,1,False,False
qwen3_8b,dev,16181814,generation_3,1,3,0,3,1,False,False
qwen3_8b,dev,16225977,generation_1,0,8,10,36,10,True,False
qwen3_8b,dev,16225977,generation_2,1,8,16,36,17,False,False
qwen3_8b,dev,16225977,generation_3,1,8,14,36,15,False,False
qwen3_8b,dev,16277682,generation_1,1,4,0,2,1,False,False
qwen3_8b,dev,16277682,generation_2,1,4,0,2,1,False,False
qwen3_8b,dev,16277682,generation_3,1,4,0,2,1,False,False
qwen3_8b,dev,16419642,generation_1,1,4,4,11,5,False,False
qwen3_8b,dev,16419642,generation_2,1,4,4,11,5,False,False
qwen3_8b,dev,16419642,generation_3,2,4,3,11,5,False,False
qwen3_8b,dev,16565833,generation_1,2,9,4,6,6,False,False
qwen3_8b,dev,16565833,generation_2,1,9,2,6,3,False,False
qwen3_8b,dev,16565833,generation_3,2,9,2,6,4,False,False
qwen3_8b,dev,16611040,generation_1,0,1,0,0,0,True,True
qwen3_8b,dev,16611040,generation_2,0,1,0,0,0,True,True
qwen3_8b,dev,16611040,generation_3,0,1,0,0,0,True,True
qwen3_8b,dev,16680561,generation_1,1,5,3,4,4,False,False
qwen3_8b,dev,16680561,generation_2,1,5,2,4,3,False,False
qwen3_8b,dev,16680561,generation_3,1,5,2,4,3,False,False
qwen3_8b,dev,1671881,generation_1,3,6,0,4,3,False,False
qwen3_8b,dev,1671881,generation_2,3,6,0,4,3,False,False
qwen3_8b,dev,1671881,generation_3,1,6,0,4,1,False,False
qwen3_8b,dev,16838170,generation_1,8,14,11,31,19,False,False
qwen3_8b,dev,16838170,generation_2,9,14,10,31,19,False,False
qwen3_8b,dev,16838170,generation_3,11,14,11,31,22,False,False
qwen3_8b,dev,16867021,generation_1,6,12,11,43,17,False,False
qwen3_8b,dev,16867021,generation_2,4,12,20,43,24,False,False
qwen3_8b,dev,16867021,generation_3,3,12,13,43,16,False,False
qwen3_8b,dev,16867246,generation_1,3,6,2,4,5,False,False
qwen3_8b,dev,16867246,generation_2,3,6,2,4,5,False,False
qwen3_8b,dev,16867246,generation_3,2,6,2,4,4,False,False
qwen3_8b,dev,17033974,generation_1,1,6,5,9,6,False,False
qwen3_8b,dev,17033974,generation_2,0,6,6,9,6,True,False
qwen3_8b,dev,17033974,generation_3,1,6,6,9,7,False,False
qwen3_8b,dev,17042884,generation_1,3,5,1,5,4,False,False
qwen3_8b,dev,17042884,generation_2,0,5,1,5,1,True,False
qwen3_8b,dev,17042884,generation_3,1,5,1,5,2,False,False
qwen3_8b,dev,17151160,generation_1,6,8,0,6,6,False,False
qwen3_8b,dev,17151160,generation_2,7,8,0,6,7,False,False
qwen3_8b,dev,17151160,generation_3,5,8,0,6,5,False,False
qwen3_8b,dev,17255138,generation_1,16,18,4,24,20,False,False
qwen3_8b,dev,17255138,generation_2,16,18,5,24,21,False,False
qwen3_8b,dev,17255138,generation_3,16,18,5,24,21,False,False
qwen3_8b,dev,17297207,generation_1,7,8,7,28,14,False,False
qwen3_8b,dev,17297207,generation_2,7,8,13,28,20,False,False
qwen3_8b,dev,17297207,generation_3,7,8,9,28,16,False,False
qwen3_8b,dev,17345627,generation_1,8,16,4,29,12,False,False
qwen3_8b,dev,17345627,generation_2,8,16,4,29,12,False,False
qwen3_8b,dev,17345627,generation_3,8,16,10,29,18,False,False
qwen3_8b,dev,17384765,generation_1,6,9,0,12,6,False,False
qwen3_8b,dev,17384765,generation_2,5,9,0,12,5,False,False
qwen3_8b,dev,17384765,generation_3,5,9,0,12,5,False,False
qwen3_8b,dev,17395743,generation_1,2,7,0,8,2,False,False
qwen3_8b,dev,17395743,generation_2,4,7,2,8,6,False,False
qwen3_8b,dev,17395743,generation_3,2,7,2,8,4,False,False
qwen3_8b,dev,17397547,generation_1,37,66,4,399,41,False,False
qwen3_8b,dev,17397547,generation_2,36,66,14,399,50,False,False
qwen3_8b,dev,17397547,generation_3,35,66,21,399,56,False,False
qwen3_8b,dev,17445520,generation_1,2,2,0,1,2,False,False
qwen3_8b,dev,17445520,generation_2,2,2,0,1,2,False,False
qwen3_8b,dev,17445520,generation_3,2,2,0,1,2,False,False
qwen3_8b,dev,17549393,generation_1,0,1,1,1,1,True,False
qwen3_8b,dev,17549393,generation_2,0,1,1,1,1,True,False
qwen3_8b,dev,17549393,generation_3,0,1,1,1,1,True,False
qwen3_8b,dev,17600377,generation_1,6,13,33,53,39,False,False
qwen3_8b,dev,17600377,generation_2,6,13,31,53,37,False,False
qwen3_8b,dev,17600377,generation_3,5,13,26,53,31,False,False
qwen3_8b,dev,17608141,generation_1,7,11,6,17,13,False,False
qwen3_8b,dev,17608141,generation_2,8,11,6,17,14,False,False
qwen3_8b,dev,17608141,generation_3,7,11,6,17,13,False,False
qwen3_8b,dev,17671735,generation_1,0,2,0,1,0,True,True
qwen3_8b,dev,17671735,generation_2,0,2,0,1,0,True,True
qwen3_8b,dev,17671735,generation_3,0,2,0,1,0,True,True
qwen3_8b,dev,17943461,generation_1,6,19,5,26,11,False,False
qwen3_8b,dev,17943461,generation_2,3,19,9,26,12,False,False
qwen3_8b,dev,17943461,generation_3,12,19,4,26,16,False,False
qwen3_8b,dev,17962394,generation_1,1,2,0,1,1,False,False
qwen3_8b,dev,17962394,generation_2,0,2,0,1,0,True,True
qwen3_8b,dev,17962394,generation_3,0,2,0,1,0,True,True
qwen3_8b,dev,17968299,generation_1,0,1,0,0,0,True,True
qwen3_8b,dev,17968299,generation_2,0,1,0,0,0,True,True
qwen3_8b,dev,17968299,generation_3,0,1,0,0,0,True,True
qwen3_8b,dev,18046082,generation_1,0,1,0,1,0,True,True
qwen3_8b,dev,18046082,generation_2,0,1,0,1,0,True,True
qwen3_8b,dev,18046082,generation_3,0,1,0,1,0,True,True
qwen3_8b,dev,18162529,generation_1,16,21,34,57,50,False,False
qwen3_8b,dev,18162529,generation_2,12,21,28,57,40,False,False
qwen3_8b,dev,18162529,generation_3,12,21,35,57,47,False,False
qwen3_8b,dev,18308784,generation_1,4,6,3,4,7,False,False
qwen3_8b,dev,18308784,generation_2,3,6,3,4,6,False,False
qwen3_8b,dev,18308784,generation_3,4,6,3,4,7,False,False
qwen3_8b,dev,18385794,generation_1,6,14,1,14,7,False,False
qwen3_8b,dev,18385794,generation_2,9,14,1,14,10,False,False
qwen3_8b,dev,18385794,generation_3,6,14,1,14,7,False,False
qwen3_8b,dev,18951540,generation_1,0,1,0,0,0,True,True
qwen3_8b,dev,18951540,generation_2,0,1,0,0,0,True,True
qwen3_8b,dev,18951540,generation_3,0,1,0,0,0,True,True
qwen3_8b,dev,19300402,generation_1,25,36,39,135,64,False,False
qwen3_8b,dev,19300402,generation_2,26,36,38,135,64,False,False
qwen3_8b,dev,19300402,generation_3,26,36,41,135,67,False,False
qwen3_8b,dev,19759529,generation_1,8,15,34,51,42,False,False
qwen3_8b,dev,19759529,generation_2,5,15,34,51,39,False,False
qwen3_8b,dev,19759529,generation_3,7,15,32,51,39,False,False
qwen3_8b,dev,19880293,generation_1,0,2,0,1,0,True,True
qwen3_8b,dev,19880293,generation_2,0,2,0,1,0,True,True
qwen3_8b,dev,19880293,generation_3,0,2,0,1,0,True,True
qwen3_8b,dev,19914299,generation_1,1,4,2,2,3,False,False
qwen3_8b,dev,19914299,generation_2,1,4,1,2,2,False,False
qwen3_8b,dev,19914299,generation_3,2,4,1,2,3,False,False
qwen3_8b,dev,20126413,generation_1,0,1,0,0,0,True,True
qwen3_8b,dev,20126413,generation_2,0,1,0,0,0,True,True
qwen3_8b,dev,20126413,generation_3,0,1,0,0,0,True,True
qwen3_8b,dev,20143913,generation_1,0,1,0,0,0,True,True
qwen3_8b,dev,20143913,generation_2,0,1,0,0,0,True,True
qwen3_8b,dev,20143913,generation_3,0,1,0,0,0,True,True
qwen3_8b,dev,20195852,generation_1,2,6,0,9,2,False,False
qwen3_8b,dev,20195852,generation_2,1,6,2,9,3,False,False
qwen3_8b,dev,20195852,generation_3,3,6,1,9,4,False,False
qwen3_8b,dev,20540798,generation_1,2,5,0,5,2,False,False
qwen3_8b,dev,20540798,generation_2,1,5,0,5,1,False,False
qwen3_8b,dev,20540798,generation_3,1,5,0,5,1,False,False
qwen3_8b,dev,20621845,generation_1,4,10,4,11,8,False,False
qwen3_8b,dev,20621845,generation_2,4,10,4,11,8,False,False
qwen3_8b,dev,20621845,generation_3,4,10,4,11,8,False,False
qwen3_8b,dev,20682662,generation_1,1,2,0,1,1,False,False
qwen3_8b,dev,20682662,generation_2,1,2,0,1,1,False,False
qwen3_8b,dev,20682662,generation_3,1,2,0,1,1,False,False
qwen3_8b,dev,20801540,generation_1,9,14,14,39,23,False,False
qwen3_8b,dev,20801540,generation_2,6,14,10,39,16,False,False
qwen3_8b,dev,20801540,generation_3,7,14,20,39,27,False,False
qwen3_8b,dev,20859899,generation_1,8,13,6,28,14,False,False
qwen3_8b,dev,20859899,generation_2,8,13,8,28,16,False,False
qwen3_8b,dev,20859899,generation_3,9,13,14,28,23,False,False
qwen3_8b,dev,20959502,generation_1,10,14,27,74,37,False,False
qwen3_8b,dev,20959502,generation_2,3,14,32,74,35,False,False
qwen3_8b,dev,20959502,generation_3,3,14,33,74,36,False,False
qwen3_8b,dev,21042587,generation_1,9,21,61,98,70,False,False
qwen3_8b,dev,21042587,generation_2,8,21,61,98,69,False,False
qwen3_8b,dev,21042587,generation_3,10,21,60,98,70,False,False
qwen3_8b,dev,21054465,generation_1,0,2,1,1,1,True,False
qwen3_8b,dev,21054465,generation_2,0,2,1,1,1,True,False
qwen3_8b,dev,21054465,generation_3,0,2,1,1,1,True,False
qwen3_8b,dev,21130517,generation_1,0,6,2,4,2,True,False
qwen3_8b,dev,21130517,generation_2,0,6,2,4,2,True,False
qwen3_8b,dev,21130517,generation_3,0,6,2,4,2,True,False
qwen3_8b,dev,21799811,generation_1,0,4,3,6,3,True,False
qwen3_8b,dev,21799811,generation_2,0,4,2,6,2,True,False
qwen3_8b,dev,21799811,generation_3,0,4,2,6,2,True,False
qwen3_8b,dev,21903317,generation_1,0,6,8,22,8,True,False
qwen3_8b,dev,21903317,generation_2,1,6,3,22,4,False,False
qwen3_8b,dev,21903317,generation_3,2,6,6,22,8,False,False
qwen3_8b,dev,22711886,generation_1,9,15,9,30,18,False,False
qwen3_8b,dev,22711886,generation_2,11,15,10,30,21,False,False
qwen3_8b,dev,22711886,generation_3,5,15,15,30,20,False,False
qwen3_8b,dev,23285048,generation_1,6,16,4,120,10,False,False
qwen3_8b,dev,23285048,generation_2,6,16,8,120,14,False,False
qwen3_8b,dev,23285048,generation_3,9,16,6,120,15,False,False
qwen3_8b,dev,23651211,generation_1,39,42,12,168,51,False,False
qwen3_8b,dev,23651211,generation_2,38,42,8,168,46,False,False
qwen3_8b,dev,23651211,generation_3,26,42,10,168,36,False,False
qwen3_8b,dev,23872883,generation_1,3,17,9,103,12,False,False
qwen3_8b,dev,23872883,generation_2,6,17,9,103,15,False,False
qwen3_8b,dev,23872883,generation_3,6,17,13,103,19,False,False
qwen3_8b,dev,24014394,generation_1,5,16,16,39,21,False,False
qwen3_8b,dev,24014394,generation_2,5,16,16,39,21,False,False
qwen3_8b,dev,24014394,generation_3,6,16,15,39,21,False,False
qwen3_8b,dev,24036311,generation_1,12,16,6,118,18,False,False
qwen3_8b,dev,24036311,generation_2,11,16,5,118,16,False,False
qwen3_8b,dev,24036311,generation_3,12,16,2,118,14,False,False
qwen3_8b,dev,24288432,generation_1,3,10,13,58,16,False,False
qwen3_8b,dev,24288432,generation_2,1,10,7,58,8,False,False
qwen3_8b,dev,24288432,generation_3,1,10,8,58,9,False,False
qwen3_8b,dev,24333387,generation_1,3,16,11,89,14,False,False
qwen3_8b,dev,24333387,generation_2,3,16,12,89,15,False,False
qwen3_8b,dev,24333387,generation_3,1,16,21,89,22,False,False
qwen3_8b,dev,24438483,generation_1,5,12,1,8,6,False,False
qwen3_8b,dev,24438483,generation_2,9,12,5,8,14,False,False
qwen3_8b,dev,24438483,generation_3,5,12,3,8,8,False,False
qwen3_8b,dev,25080425,generation_1,5,12,2,16,7,False,False
qwen3_8b,dev,25080425,generation_2,4,12,5,16,9,False,False
qwen3_8b,dev,25080425,generation_3,4,12,2,16,6,False,False
qwen3_8b,dev,25119790,generation_1,8,17,7,49,15,False,False
qwen3_8b,dev,25119790,generation_2,6,17,8,49,14,False,False
qwen3_8b,dev,25119790,generation_3,10,17,3,49,13,False,False
qwen3_8b,dev,25550469,generation_1,7,12,10,32,17,False,False
qwen3_8b,dev,25550469,generation_2,10,12,14,32,24,False,False
qwen3_8b,dev,25550469,generation_3,9,12,15,32,24,False,False
qwen3_8b,dev,25589620,generation_1,4,9,8,27,12,False,False
qwen3_8b,dev,25589620,generation_2,3,9,9,27,12,False,False
qwen3_8b,dev,25589620,generation_3,2,9,8,27,10,False,False
qwen3_8b,dev,26684240,generation_1,4,51,59,300,63,False,False
qwen3_8b,dev,26684240,generation_2,24,51,51,300,75,False,False
qwen3_8b,dev,26684240,generation_3,7,51,49,300,56,False,False
qwen3_8b,dev,27090298,generation_1,5,7,4,29,9,False,False
qwen3_8b,dev,27090298,generation_2,3,7,4,29,7,False,False
qwen3_8b,dev,27090298,generation_3,5,7,3,29,8,False,False
qwen3_8b,dev,27103577,generation_1,7,7,1,3,8,False,False
qwen3_8b,dev,27103577,generation_2,5,7,1,3,6,False,False
qwen3_8b,dev,27103577,generation_3,5,7,0,3,5,False,False
qwen3_8b,dev,27491646,generation_1,7,15,27,105,34,False,False
qwen3_8b,dev,27491646,generation_2,9,15,25,105,34,False,False
qwen3_8b,dev,27491646,generation_3,6,15,21,105,27,False,False
qwen3_8b,dev,27509880,generation_1,11,16,13,49,24,False,False
qwen3_8b,dev,27509880,generation_2,11,16,10,49,21,False,False
qwen3_8b,dev,27509880,generation_3,9,16,13,49,22,False,False
qwen3_8b,dev,27663860,generation_1,5,8,5,7,10,False,False
qwen3_8b,dev,27663860,generation_2,3,8,5,7,8,False,False
qwen3_8b,dev,27663860,generation_3,2,8,5,7,7,False,False
qwen3_8b,dev,27707793,generation_1,2,5,3,10,5,False,False
qwen3_8b,dev,27707793,generation_2,3,5,7,10,10,False,False
qwen3_8b,dev,27707793,generation_3,3,5,3,10,6,False,False
qwen3_8b,dev,27729412,generation_1,14,15,9,13,23,False,False
qwen3_8b,dev,27729412,generation_2,15,15,10,13,25,False,False
qwen3_8b,dev,27729412,generation_3,14,15,6,13,20,False,False
qwen3_8b,dev,27807193,generation_1,3,8,15,37,18,False,False
qwen3_8b,dev,27807193,generation_2,3,8,10,37,13,False,False
qwen3_8b,dev,27807193,generation_3,2,8,9,37,11,False,False
qwen3_8b,dev,27840894,generation_1,1,2,0,1,1,False,False
qwen3_8b,dev,27840894,generation_2,1,2,0,1,1,False,False
qwen3_8b,dev,27840894,generation_3,1,2,0,1,1,False,False
qwen3_8b,dev,27860185,generation_1,2,8,10,28,12,False,False
qwen3_8b,dev,27860185,generation_2,2,8,11,28,13,False,False
qwen3_8b,dev,27860185,generation_3,2,8,10,28,12,False,False
qwen3_8b,dev,27866394,generation_1,16,19,17,101,33,False,False
qwen3_8b,dev,27866394,generation_2,11,19,23,101,34,False,False
qwen3_8b,dev,27866394,generation_3,15,19,12,101,27,False,False
qwen3_8b,dev,28259923,generation_1,10,12,10,24,20,False,False
qwen3_8b,dev,28259923,generation_2,8,12,11,24,19,False,False
qwen3_8b,dev,28259923,generation_3,9,12,14,24,23,False,False
qwen3_8b,dev,28393239,generation_1,3,7,1,8,4,False,False
qwen3_8b,dev,28393239,generation_2,3,7,1,8,4,False,False
qwen3_8b,dev,28393239,generation_3,1,7,1,8,2,False,False
qwen3_8b,dev,28518143,generation_1,17,31,14,74,31,False,False
qwen3_8b,dev,28518143,generation_2,22,31,23,74,45,False,False
qwen3_8b,dev,28518143,generation_3,22,31,23,74,45,False,False
qwen3_8b,dev,29049388,generation_1,2,9,2,12,4,False,False
qwen3_8b,dev,29049388,generation_2,2,9,2,12,4,False,False
qwen3_8b,dev,29049388,generation_3,2,9,3,12,5,False,False
qwen3_8b,dev,29183288,generation_1,21,33,37,157,58,False,False
qwen3_8b,dev,29183288,generation_2,21,33,35,157,56,False,False
qwen3_8b,dev,29183288,generation_3,24,33,27,157,51,False,False
qwen3_8b,dev,6086495,generation_1,1,1,0,0,1,False,False
qwen3_8b,dev,6086495,generation_2,1,1,0,0,1,False,False
qwen3_8b,dev,6086495,generation_3,1,1,0,0,1,False,False
qwen3_8b,dev,7811247,generation_1,1,4,0,0,1,False,False
qwen3_8b,dev,7811247,generation_2,3,4,0,0,3,False,False
qwen3_8b,dev,7811247,generation_3,3,4,0,0,3,False,False
qwen3_8b,test,15000256,generation_1,0,6,0,4,0,True,True
qwen3_8b,test,15000256,generation_2,1,6,0,4,1,False,False
qwen3_8b,test,15000256,generation_3,2,6,0,4,2,False,False
qwen3_8b,test,15036754,generation_1,13,19,37,95,50,False,False
qwen3_8b,test,15036754,generation_2,10,19,31,95,41,False,False
qwen3_8b,test,15036754,generation_3,16,19,22,95,38,False,False
qwen3_8b,test,15111599,generation_1,0,2,0,1,0,True,True
qwen3_8b,test,15111599,generation_2,0,2,0,1,0,True,True
qwen3_8b,test,15111599,generation_3,0,2,0,1,0,True,True
qwen3_8b,test,15130900,generation_1,1,2,0,1,1,False,False
qwen3_8b,test,15130900,generation_2,1,2,0,1,1,False,False
qwen3_8b,test,15130900,generation_3,1,2,0,1,1,False,False
qwen3_8b,test,15233872,generation_1,2,7,4,8,6,False,False
qwen3_8b,test,15233872,generation_2,4,7,4,8,8,False,False
qwen3_8b,test,15233872,generation_3,4,7,2,8,6,False,False
qwen3_8b,test,15459975,generation_1,0,1,0,0,0,True,True
qwen3_8b,test,15459975,generation_2,0,1,0,0,0,True,True
qwen3_8b,test,15459975,generation_3,0,1,0,0,0,True,True
qwen3_8b,test,15464247,generation_1,0,1,0,0,0,True,True
qwen3_8b,test,15464247,generation_2,1,1,0,0,1,False,False
qwen3_8b,test,15464247,generation_3,1,1,0,0,1,False,False
qwen3_8b,test,15485686,generation_1,1,12,6,24,7,False,False
qwen3_8b,test,15485686,generation_2,1,12,5,24,6,False,False
qwen3_8b,test,15485686,generation_3,0,12,7,24,7,True,False
qwen3_8b,test,15668505,generation_1,2,6,0,4,2,False,False
qwen3_8b,test,15668505,generation_2,2,6,0,4,2,False,False
qwen3_8b,test,15668505,generation_3,2,6,0,4,2,False,False
qwen3_8b,test,15673851,generation_1,5,12,11,16,16,False,False
qwen3_8b,test,15673851,generation_2,5,12,11,16,16,False,False
qwen3_8b,test,15673851,generation_3,4,12,11,16,15,False,False
qwen3_8b,test,15811908,generation_1,8,15,7,19,15,False,False
qwen3_8b,test,15811908,generation_2,6,15,6,19,12,False,False
qwen3_8b,test,15811908,generation_3,9,15,5,19,14,False,False
qwen3_8b,test,15818664,generation_1,1,4,1,2,2,False,False
qwen3_8b,test,15818664,generation_2,4,4,1,2,5,False,False
qwen3_8b,test,15818664,generation_3,1,4,1,2,2,False,False
qwen3_8b,test,15820770,generation_1,1,6,4,9,5,False,False
qwen3_8b,test,15820770,generation_2,3,6,3,9,6,False,False
qwen3_8b,test,15820770,generation_3,3,6,3,9,6,False,False
qwen3_8b,test,15824163,generation_1,0,1,0,0,0,True,True
qwen3_8b,test,15824163,generation_2,0,1,0,0,0,True,True
qwen3_8b,test,15824163,generation_3,0,1,0,0,0,True,True
qwen3_8b,test,15987266,generation_1,4,5,2,5,6,False,False
qwen3_8b,test,15987266,generation_2,4,5,2,5,6,False,False
qwen3_8b,test,15987266,generation_3,4,5,2,5,6,False,False
qwen3_8b,test,16046395,generation_1,0,3,0,3,0,True,True
qwen3_8b,test,16046395,generation_2,1,3,1,3,2,False,False
qwen3_8b,test,16046395,generation_3,0,3,1,3,1,True,False
qwen3_8b,test,16112787,generation_1,5,15,8,40,13,False,False
qwen3_8b,test,16112787,generation_2,6,15,9,40,15,False,False
qwen3_8b,test,16112787,generation_3,6,15,7,40,13,False,False
qwen3_8b,test,16116131,generation_1,0,2,1,1,1,True,False
qwen3_8b,test,16116131,generation_2,0,2,1,1,1,True,False
qwen3_8b,test,16116131,generation_3,0,2,0,1,0,True,True
qwen3_8b,test,16186368,generation_1,2,3,0,3,2,False,False
qwen3_8b,test,16186368,generation_2,2,3,0,3,2,False,False
qwen3_8b,test,16186368,generation_3,2,3,0,3,2,False,False
qwen3_8b,test,16252083,generation_1,3,6,3,9,6,False,False
qwen3_8b,test,16252083,generation_2,3,6,3,9,6,False,False
qwen3_8b,test,16252083,generation_3,3,6,3,9,6,False,False
qwen3_8b,test,16330669,generation_1,0,7,12,29,12,True,False
qwen3_8b,test,16330669,generation_2,0,7,11,29,11,True,False
qwen3_8b,test,16330669,generation_3,0,7,4,29,4,True,False
qwen3_8b,test,16428827,generation_1,1,9,9,12,10,False,False
qwen3_8b,test,16428827,generation_2,3,9,7,12,10,False,False
qwen3_8b,test,16428827,generation_3,1,9,8,12,9,False,False
qwen3_8b,test,16629641,generation_1,7,13,21,31,28,False,False
qwen3_8b,test,16629641,generation_2,8,13,22,31,30,False,False
qwen3_8b,test,16629641,generation_3,8,13,14,31,22,False,False
qwen3_8b,test,16731636,generation_1,5,11,5,17,10,False,False
qwen3_8b,test,16731636,generation_2,1,11,10,17,11,False,False
qwen3_8b,test,16731636,generation_3,3,11,11,17,14,False,False
qwen3_8b,test,16820346,generation_1,4,7,8,14,12,False,False
qwen3_8b,test,16820346,generation_2,4,7,8,14,12,False,False
qwen3_8b,test,16820346,generation_3,3,7,9,14,12,False,False
qwen3_8b,test,16840830,generation_1,0,1,0,0,0,True,True
qwen3_8b,test,16840830,generation_2,0,1,0,0,0,True,True
qwen3_8b,test,16840830,generation_3,0,1,0,0,0,True,True
qwen3_8b,test,16844102,generation_1,11,24,13,42,24,False,False
qwen3_8b,test,16844102,generation_2,12,24,9,42,21,False,False
qwen3_8b,test,16844102,generation_3,12,24,11,42,23,False,False
qwen3_8b,test,16849419,generation_1,1,3,2,3,3,False,False
qwen3_8b,test,16849419,generation_2,2,3,2,3,4,False,False
qwen3_8b,test,16849419,generation_3,1,3,2,3,3,False,False
qwen3_8b,test,16970763,generation_1,0,3,0,3,0,True,True
qwen3_8b,test,16970763,generation_2,0,3,0,3,0,True,True
qwen3_8b,test,16970763,generation_3,0,3,0,3,0,True,True
qwen3_8b,test,17003923,generation_1,4,15,14,90,18,False,False
qwen3_8b,test,17003923,generation_2,4,15,14,90,18,False,False
qwen3_8b,test,17003923,generation_3,7,15,14,90,21,False,False
qwen3_8b,test,17059986,generation_1,3,6,5,8,8,False,False
qwen3_8b,test,17059986,generation_2,3,6,6,8,9,False,False
qwen3_8b,test,17059986,generation_3,3,6,6,8,9,False,False
qwen3_8b,test,17166870,generation_1,0,3,3,6,3,True,False
qwen3_8b,test,17166870,generation_2,0,3,3,6,3,True,False
qwen3_8b,test,17166870,generation_3,0,3,3,6,3,True,False
qwen3_8b,test,17491223,generation_1,1,2,0,1,1,False,False
qwen3_8b,test,17491223,generation_2,1,2,0,1,1,False,False
qwen3_8b,test,17491223,generation_3,1,2,0,1,1,False,False
qwen3_8b,test,17511042,generation_1,4,6,1,8,5,False,False
qwen3_8b,test,17511042,generation_2,1,6,3,8,4,False,False
qwen3_8b,test,17511042,generation_3,3,6,2,8,5,False,False
qwen3_8b,test,17562951,generation_1,3,5,1,4,4,False,False
qwen3_8b,test,17562951,generation_2,4,5,1,4,5,False,False
qwen3_8b,test,17562951,generation_3,2,5,1,4,3,False,False
qwen3_8b,test,17879945,generation_1,5,10,7,11,12,False,False
qwen3_8b,test,17879945,generation_2,4,10,5,11,9,False,False
qwen3_8b,test,17879945,generation_3,4,10,6,11,10,False,False
qwen3_8b,test,17935240,generation_1,0,1,0,0,0,True,True
qwen3_8b,test,17935240,generation_2,0,1,0,0,0,True,True
qwen3_8b,test,17935240,generation_3,0,1,0,0,0,True,True
qwen3_8b,test,18179903,generation_1,2,3,1,7,3,False,False
qwen3_8b,test,18179903,generation_2,2,3,1,7,3,False,False
qwen3_8b,test,18179903,generation_3,2,3,0,7,2,False,False
qwen3_8b,test,18257781,generation_1,0,3,0,3,0,True,True
qwen3_8b,test,18257781,generation_2,0,3,0,3,0,True,True
qwen3_8b,test,18257781,generation_3,0,3,0,3,0,True,True
qwen3_8b,test,18399341,generation_1,1,1,0,0,1,False,False
qwen3_8b,test,18399341,generation_2,1,1,0,0,1,False,False
qwen3_8b,test,18399341,generation_3,1,1,0,0,1,False,False
qwen3_8b,test,18439803,generation_1,4,13,4,14,8,False,False
qwen3_8b,test,18439803,generation_2,4,13,4,14,8,False,False
qwen3_8b,test,18439803,generation_3,3,13,3,14,6,False,False
qwen3_8b,test,18441470,generation_1,2,4,0,6,2,False,False
qwen3_8b,test,18441470,generation_2,2,4,0,6,2,False,False
qwen3_8b,test,18441470,generation_3,2,4,0,6,2,False,False
qwen3_8b,test,18457324,generation_1,5,15,6,13,11,False,False
qwen3_8b,test,18457324,generation_2,5,15,7,13,12,False,False
qwen3_8b,test,18457324,generation_3,6,15,7,13,13,False,False
qwen3_8b,test,1848636,generation_1,5,7,9,14,14,False,False
qwen3_8b,test,1848636,generation_2,4,7,9,14,13,False,False
qwen3_8b,test,1848636,generation_3,5,7,9,14,14,False,False
qwen3_8b,test,18503483,generation_1,2,5,1,4,3,False,False
qwen3_8b,test,18503483,generation_2,3,5,1,4,4,False,False
qwen3_8b,test,18503483,generation_3,2,5,1,4,3,False,False
qwen3_8b,test,18507837,generation_1,4,11,1,34,5,False,False
qwen3_8b,test,18507837,generation_2,1,11,3,34,4,False,False
qwen3_8b,test,18507837,generation_3,1,11,2,34,3,False,False
qwen3_8b,test,18991055,generation_1,2,11,0,55,2,False,False
qwen3_8b,test,18991055,generation_2,1,11,0,55,1,False,False
qwen3_8b,test,18991055,generation_3,2,11,0,55,2,False,False
qwen3_8b,test,19207031,generation_1,2,2,1,1,3,False,False
qwen3_8b,test,19207031,generation_2,2,2,0,1,2,False,False
qwen3_8b,test,19207031,generation_3,2,2,1,1,3,False,False
qwen3_8b,test,19208385,generation_1,0,5,0,10,0,True,True
qwen3_8b,test,19208385,generation_2,0,5,1,10,1,True,False
qwen3_8b,test,19208385,generation_3,0,5,0,10,0,True,True
qwen3_8b,test,19276632,generation_1,6,11,3,18,9,False,False
qwen3_8b,test,19276632,generation_2,4,11,4,18,8,False,False
qwen3_8b,test,19276632,generation_3,3,11,3,18,6,False,False
qwen3_8b,test,19353688,generation_1,0,2,0,1,0,True,True
qwen3_8b,test,19353688,generation_2,0,2,0,1,0,True,True
qwen3_8b,test,19353688,generation_3,0,2,0,1,0,True,True
qwen3_8b,test,19394258,generation_1,0,2,0,1,0,True,True
qwen3_8b,test,19394258,generation_2,0,2,0,1,0,True,True
qwen3_8b,test,19394258,generation_3,0,2,0,1,0,True,True
qwen3_8b,test,19484664,generation_1,0,1,0,0,0,True,True
qwen3_8b,test,19484664,generation_2,0,1,0,0,0,True,True
qwen3_8b,test,19484664,generation_3,0,1,0,0,0,True,True
qwen3_8b,test,19531695,generation_1,3,7,3,7,6,False,False
qwen3_8b,test,19531695,generation_2,3,7,4,7,7,False,False
qwen3_8b,test,19531695,generation_3,4,7,5,7,9,False,False
qwen3_8b,test,19565319,generation_1,3,11,4,25,7,False,False
qwen3_8b,test,19565319,generation_2,4,11,3,25,7,False,False
qwen3_8b,test,19565319,generation_3,3,11,1,25,4,False,False
qwen3_8b,test,19681452,generation_1,1,13,8,32,9,False,False
qwen3_8b,test,19681452,generation_2,2,13,4,32,6,False,False
qwen3_8b,test,19681452,generation_3,3,13,7,32,10,False,False
qwen3_8b,test,19789368,generation_1,9,10,0,17,9,False,False
qwen3_8b,test,19789368,generation_2,6,10,4,17,10,False,False
qwen3_8b,test,19789368,generation_3,9,10,1,17,10,False,False
qwen3_8b,test,19957053,generation_1,2,4,0,5,2,False,False
qwen3_8b,test,19957053,generation_2,1,4,1,5,2,False,False
qwen3_8b,test,19957053,generation_3,1,4,0,5,1,False,False
qwen3_8b,test,20534762,generation_1,1,2,0,1,1,False,False
qwen3_8b,test,20534762,generation_2,0,2,0,1,0,True,True
qwen3_8b,test,20534762,generation_3,0,2,0,1,0,True,True
qwen3_8b,test,20648600,generation_1,7,14,9,13,16,False,False
qwen3_8b,test,20648600,generation_2,8,14,5,13,13,False,False
qwen3_8b,test,20648600,generation_3,7,14,5,13,12,False,False
qwen3_8b,test,20705401,generation_1,8,19,26,72,34,False,False
qwen3_8b,test,20705401,generation_2,2,19,27,72,29,False,False
qwen3_8b,test,20705401,generation_3,6,19,24,72,30,False,False
qwen3_8b,test,20709368,generation_1,2,4,0,2,2,False,False
qwen3_8b,test,20709368,generation_2,2,4,0,2,2,False,False
qwen3_8b,test,20709368,generation_3,2,4,0,2,2,False,False
qwen3_8b,test,21126715,generation_1,0,4,0,6,0,True,True
qwen3_8b,test,21126715,generation_2,0,4,0,6,0,True,True
qwen3_8b,test,21126715,generation_3,0,4,0,6,0,True,True
qwen3_8b,test,21219851,generation_1,3,4,0,6,3,False,False
qwen3_8b,test,21219851,generation_2,3,4,0,6,3,False,False
qwen3_8b,test,21219851,generation_3,3,4,0,6,3,False,False
qwen3_8b,test,21405999,generation_1,6,14,16,40,22,False,False
qwen3_8b,test,21405999,generation_2,6,14,14,40,20,False,False
qwen3_8b,test,21405999,generation_3,6,14,13,40,19,False,False
qwen3_8b,test,21684788,generation_1,0,4,4,6,4,True,False
qwen3_8b,test,21684788,generation_2,0,4,4,6,4,True,False
qwen3_8b,test,21684788,generation_3,0,4,4,6,4,True,False
qwen3_8b,test,21750150,generation_1,4,8,5,13,9,False,False
qwen3_8b,test,21750150,generation_2,4,8,4,13,8,False,False
qwen3_8b,test,21750150,generation_3,2,8,6,13,8,False,False
qwen3_8b,test,21879313,generation_1,11,20,10,24,21,False,False
qwen3_8b,test,21879313,generation_2,7,20,10,24,17,False,False
qwen3_8b,test,21879313,generation_3,7,20,9,24,16,False,False
qwen3_8b,test,21976953,generation_1,0,1,0,0,0,True,True
qwen3_8b,test,21976953,generation_2,0,1,0,0,0,True,True
qwen3_8b,test,21976953,generation_3,0,1,0,0,0,True,True
qwen3_8b,test,22369755,generation_1,24,32,9,244,33,False,False
qwen3_8b,test,22369755,generation_2,23,32,1,244,24,False,False
qwen3_8b,test,22369755,generation_3,22,32,10,244,32,False,False
qwen3_8b,test,22729903,generation_1,1,6,3,9,4,False,False
qwen3_8b,test,22729903,generation_2,0,6,4,9,4,True,False
qwen3_8b,test,22729903,generation_3,1,6,0,9,1,False,False
qwen3_8b,test,23069675,generation_1,10,15,19,41,29,False,False
qwen3_8b,test,23069675,generation_2,10,15,15,41,25,False,False
qwen3_8b,test,23069675,generation_3,10,15,14,41,24,False,False
qwen3_8b,test,24114426,generation_1,0,4,0,6,0,True,True
qwen3_8b,test,24114426,generation_2,0,4,0,6,0,True,True
qwen3_8b,test,24114426,generation_3,0,4,0,6,0,True,True
qwen3_8b,test,24442316,generation_1,8,21,10,115,18,False,False
qwen3_8b,test,24442316,generation_2,9,21,7,115,16,False,False
qwen3_8b,test,24442316,generation_3,10,21,9,115,19,False,False
qwen3_8b,test,24671324,generation_1,2,9,3,9,5,False,False
qwen3_8b,test,24671324,generation_2,4,9,3,9,7,False,False
qwen3_8b,test,24671324,generation_3,4,9,3,9,7,False,False
qwen3_8b,test,24717468,generation_1,1,4,0,1,1,False,False
qwen3_8b,test,24717468,generation_2,0,4,0,1,0,True,True
qwen3_8b,test,24717468,generation_3,0,4,0,1,0,True,True
qwen3_8b,test,24739405,generation_1,0,5,6,9,6,True,False
qwen3_8b,test,24739405,generation_2,0,5,5,9,5,True,False
qwen3_8b,test,24739405,generation_3,1,5,5,9,6,False,False
qwen3_8b,test,24840785,generation_1,1,8,3,13,4,False,False
qwen3_8b,test,24840785,generation_2,2,8,4,13,6,False,False
qwen3_8b,test,24840785,generation_3,3,8,3,13,6,False,False
qwen3_8b,test,2491010,generation_1,1,1,0,0,1,False,False
qwen3_8b,test,2491010,generation_2,1,1,0,0,1,False,False
qwen3_8b,test,2491010,generation_3,1,1,0,0,1,False,False
qwen3_8b,test,25006961,generation_1,10,12,7,24,17,False,False
qwen3_8b,test,25006961,generation_2,8,12,8,24,16,False,False
qwen3_8b,test,25006961,generation_3,9,12,3,24,12,False,False
qwen3_8b,test,25277705,generation_1,41,45,21,280,62,False,False
qwen3_8b,test,25277705,generation_2,40,45,15,280,55,False,False
qwen3_8b,test,25277705,generation_3,40,45,26,280,66,False,False
qwen3_8b,test,25874935,generation_1,8,10,10,56,18,False,False
qwen3_8b,test,25874935,generation_2,9,10,11,56,20,False,False
qwen3_8b,test,25874935,generation_3,9,10,8,56,17,False,False
qwen3_8b,test,26110643,generation_1,9,23,16,130,25,False,False
qwen3_8b,test,26110643,generation_2,9,23,18,130,27,False,False
qwen3_8b,test,26110643,generation_3,9,23,15,130,24,False,False
qwen3_8b,test,26449539,generation_1,30,41,14,488,44,False,False
qwen3_8b,test,26449539,generation_2,25,41,25,488,50,False,False
qwen3_8b,test,26449539,generation_3,30,41,16,488,46,False,False
qwen3_8b,test,26615423,generation_1,4,6,3,15,7,False,False
qwen3_8b,test,26615423,generation_2,2,6,3,15,5,False,False
qwen3_8b,test,26615423,generation_3,4,6,3,15,7,False,False
qwen3_8b,test,26847345,generation_1,7,11,6,55,13,False,False
qwen3_8b,test,26847345,generation_2,7,11,8,55,15,False,False
qwen3_8b,test,26847345,generation_3,5,11,6,55,11,False,False
qwen3_8b,test,26900322,generation_1,2,5,0,5,2,False,False
qwen3_8b,test,26900322,generation_2,2,5,0,5,2,False,False
qwen3_8b,test,26900322,generation_3,2,5,0,5,2,False,False
qwen3_8b,test,26937641,generation_1,103,107,0,244,103,False,False
qwen3_8b,test,26937641,generation_2,103,107,0,244,103,False,False
qwen3_8b,test,26937641,generation_3,103,107,7,244,110,False,False
qwen3_8b,test,26991973,generation_1,3,3,6,11,9,False,False
qwen3_8b,test,26991973,generation_2,3,3,5,11,8,False,False
qwen3_8b,test,26991973,generation_3,3,3,7,11,10,False,False
qwen3_8b,test,27384305,generation_1,7,11,11,34,18,False,False
qwen3_8b,test,27384305,generation_2,4,11,9,34,13,False,False
qwen3_8b,test,27384305,generation_3,5,11,14,34,19,False,False
qwen3_8b,test,27464336,generation_1,5,14,0,91,5,False,False
qwen3_8b,test,27464336,generation_2,5,14,0,91,5,False,False
qwen3_8b,test,27464336,generation_3,11,14,1,91,12,False,False
qwen3_8b,test,27798239,generation_1,3,15,9,40,12,False,False
qwen3_8b,test,27798239,generation_2,3,15,12,40,15,False,False
qwen3_8b,test,27798239,generation_3,4,15,8,40,12,False,False
qwen3_8b,test,27959387,generation_1,12,31,22,122,34,False,False
qwen3_8b,test,27959387,generation_2,21,31,33,122,54,False,False
qwen3_8b,test,27959387,generation_3,19,31,13,122,32,False,False
qwen3_8b,test,27993978,generation_1,3,5,1,1,4,False,False
qwen3_8b,test,27993978,generation_2,3,5,0,1,3,False,False
qwen3_8b,test,27993978,generation_3,1,5,1,1,2,False,False
qwen3_8b,test,28068934,generation_1,0,4,0,6,0,True,True
qwen3_8b,test,28068934,generation_2,0,4,0,6,0,True,True
qwen3_8b,test,28068934,generation_3,0,4,0,6,0,True,True
qwen3_8b,test,28481876,generation_1,2,7,10,13,12,False,False
qwen3_8b,test,28481876,generation_2,2,7,9,13,11,False,False
qwen3_8b,test,28481876,generation_3,1,7,10,13,11,False,False
qwen3_8b,test,28684635,generation_1,2,8,6,13,8,False,False
qwen3_8b,test,28684635,generation_2,4,8,5,13,9,False,False
qwen3_8b,test,28684635,generation_3,3,8,4,13,7,False,False
qwen3_8b,test,28846666,generation_1,17,43,6,308,23,False,False
qwen3_8b,test,28846666,generation_2,15,43,1,308,16,False,False
qwen3_8b,test,28846666,generation_3,17,43,7,308,24,False,False
qwen3_8b,test,8829135,generation_1,3,8,20,33,23,False,False
qwen3_8b,test,8829135,generation_2,1,8,21,33,22,False,False
qwen3_8b,test,8829135,generation_3,0,8,25,33,25,True,False
qwen3_8b,test,9672936,generation_1,1,2,0,1,1,False,False
qwen3_8b,test,9672936,generation_2,1,2,0,1,1,False,False
qwen3_8b,test,9672936,generation_3,1,2,0,1,1,False,False
qwen3_8b,train,10491763,generation_1,0,3,2,3,2,True,False
qwen3_8b,train,10491763,generation_2,0,3,2,3,2,True,False
qwen3_8b,train,10491763,generation_3,0,3,2,3,2,True,False
qwen3_8b,train,10788334,generation_1,3,8,0,7,3,False,False
qwen3_8b,train,10788334,generation_2,3,8,1,7,4,False,False
qwen3_8b,train,10788334,generation_3,1,8,0,7,1,False,False
qwen3_8b,train,11009181,generation_1,0,4,1,2,1,True,False
qwen3_8b,train,11009181,generation_2,0,4,1,2,1,True,False
qwen3_8b,train,11009181,generation_3,0,4,1,2,1,True,False
qwen3_8b,train,11054569,generation_1,0,5,4,10,4,True,False
qwen3_8b,train,11054569,generation_2,0,5,3,10,3,True,False
qwen3_8b,train,11054569,generation_3,0,5,4,10,4,True,False
qwen3_8b,train,11773892,generation_1,2,6,8,15,10,False,False
qwen3_8b,train,11773892,generation_2,1,6,8,15,9,False,False
qwen3_8b,train,11773892,generation_3,2,6,11,15,13,False,False
qwen3_8b,train,12442272,generation_1,0,2,0,1,0,True,True
qwen3_8b,train,12442272,generation_2,0,2,0,1,0,True,True
qwen3_8b,train,12442272,generation_3,1,2,0,1,1,False,False
qwen3_8b,train,1353340,generation_1,1,2,0,1,1,False,False
qwen3_8b,train,1353340,generation_2,1,2,0,1,1,False,False
qwen3_8b,train,1353340,generation_3,1,2,0,1,1,False,False
qwen3_8b,train,14722929,generation_1,0,1,0,0,0,True,True
qwen3_8b,train,14722929,generation_2,0,1,0,0,0,True,True
qwen3_8b,train,14722929,generation_3,0,1,0,0,0,True,True
qwen3_8b,train,15033202,generation_1,0,1,0,0,0,True,True
qwen3_8b,train,15033202,generation_2,0,1,0,0,0,True,True
qwen3_8b,train,15033202,generation_3,0,1,0,0,0,True,True
qwen3_8b,train,15042318,generation_1,3,5,0,10,3,False,False
qwen3_8b,train,15042318,generation_2,3,5,0,10,3,False,False
qwen3_8b,train,15042318,generation_3,3,5,0,10,3,False,False
qwen3_8b,train,15064320,generation_1,0,3,3,7,3,True,False
qwen3_8b,train,15064320,generation_2,0,3,1,7,1,True,False
qwen3_8b,train,15064320,generation_3,0,3,1,7,1,True,False
qwen3_8b,train,15075188,generation_1,3,19,16,59,19,False,False
qwen3_8b,train,15075188,generation_2,4,19,11,59,15,False,False
qwen3_8b,train,15075188,generation_3,5,19,8,59,13,False,False
qwen3_8b,train,15099351,generation_1,2,6,3,9,5,False,False
qwen3_8b,train,15099351,generation_2,2,6,3,9,5,False,False
qwen3_8b,train,15099351,generation_3,3,6,3,9,6,False,False
qwen3_8b,train,15122708,generation_1,0,6,8,15,8,True,False
qwen3_8b,train,15122708,generation_2,0,6,9,15,9,True,False
qwen3_8b,train,15122708,generation_3,0,6,6,15,6,True,False
qwen3_8b,train,15122711,generation_1,1,9,6,19,7,False,False
qwen3_8b,train,15122711,generation_2,0,9,6,19,6,True,False
qwen3_8b,train,15122711,generation_3,0,9,6,19,6,True,False
qwen3_8b,train,15145918,generation_1,3,16,1,5,4,False,False
qwen3_8b,train,15145918,generation_2,4,16,0,5,4,False,False
qwen3_8b,train,15145918,generation_3,5,16,1,5,6,False,False
qwen3_8b,train,15177686,generation_1,1,1,0,0,1,False,False
qwen3_8b,train,15177686,generation_2,1,1,0,0,1,False,False
qwen3_8b,train,15177686,generation_3,1,1,0,0,1,False,False
qwen3_8b,train,15184369,generation_1,2,4,2,2,4,False,False
qwen3_8b,train,15184369,generation_2,3,4,1,2,4,False,False
qwen3_8b,train,15184369,generation_3,3,4,1,2,4,False,False
qwen3_8b,train,15188772,generation_1,1,4,2,6,3,False,False
qwen3_8b,train,15188772,generation_2,1,4,2,6,3,False,False
qwen3_8b,train,15188772,generation_3,2,4,2,6,4,False,False
qwen3_8b,train,15191352,generation_1,1,6,0,15,1,False,False
qwen3_8b,train,15191352,generation_2,2,6,5,15,7,False,False
qwen3_8b,train,15191352,generation_3,1,6,0,15,1,False,False
qwen3_8b,train,15198485,generation_1,0,4,0,2,0,True,True
qwen3_8b,train,15198485,generation_2,0,4,0,2,0,True,True
qwen3_8b,train,15198485,generation_3,0,4,0,2,0,True,True
qwen3_8b,train,15200408,generation_1,0,6,5,15,5,True,False
qwen3_8b,train,15200408,generation_2,0,6,4,15,4,True,False
qwen3_8b,train,15200408,generation_3,0,6,5,15,5,True,False
qwen3_8b,train,15241482,generation_1,0,2,0,1,0,True,True
qwen3_8b,train,15241482,generation_2,0,2,0,1,0,True,True
qwen3_8b,train,15241482,generation_3,0,2,0,1,0,True,True
qwen3_8b,train,15266215,generation_1,1,5,8,22,9,False,False
qwen3_8b,train,15266215,generation_2,1,5,8,22,9,False,False
qwen3_8b,train,15266215,generation_3,1,5,9,22,10,False,False
qwen3_8b,train,15278670,generation_1,4,8,9,13,13,False,False
qwen3_8b,train,15278670,generation_2,4,8,11,13,15,False,False
qwen3_8b,train,15278670,generation_3,6,8,10,13,16,False,False
qwen3_8b,train,15459183,generation_1,1,6,2,5,3,False,False
qwen3_8b,train,15459183,generation_2,1,6,2,5,3,False,False
qwen3_8b,train,15459183,generation_3,1,6,2,5,3,False,False
qwen3_8b,train,15523499,generation_1,6,12,2,9,8,False,False
qwen3_8b,train,15523499,generation_2,6,12,2,9,8,False,False
qwen3_8b,train,15523499,generation_3,9,12,2,9,11,False,False
qwen3_8b,train,15599941,generation_1,0,4,1,2,1,True,False
qwen3_8b,train,15599941,generation_2,0,4,1,2,1,True,False
qwen3_8b,train,15599941,generation_3,0,4,1,2,1,True,False
qwen3_8b,train,15602202,generation_1,0,4,2,6,2,True,False
qwen3_8b,train,15602202,generation_2,1,4,2,6,3,False,False
qwen3_8b,train,15602202,generation_3,0,4,3,6,3,True,False
qwen3_8b,train,15609295,generation_1,0,5,0,7,0,True,True
qwen3_8b,train,15609295,generation_2,1,5,0,7,1,False,False
qwen3_8b,train,15609295,generation_3,0,5,0,7,0,True,True
qwen3_8b,train,15614572,generation_1,1,15,12,51,13,False,False
qwen3_8b,train,15614572,generation_2,2,15,11,51,13,False,False
qwen3_8b,train,15614572,generation_3,1,15,9,51,10,False,False
qwen3_8b,train,15623763,generation_1,4,11,8,25,12,False,False
qwen3_8b,train,15623763,generation_2,2,11,8,25,10,False,False
qwen3_8b,train,15623763,generation_3,2,11,9,25,11,False,False
qwen3_8b,train,15630069,generation_1,4,14,6,19,10,False,False
qwen3_8b,train,15630069,generation_2,4,14,9,19,13,False,False
qwen3_8b,train,15630069,generation_3,7,14,9,19,16,False,False
qwen3_8b,train,15649253,generation_1,0,4,0,6,0,True,True
qwen3_8b,train,15649253,generation_2,2,4,0,6,2,False,False
qwen3_8b,train,15649253,generation_3,2,4,0,6,2,False,False
qwen3_8b,train,15686794,generation_1,0,3,1,3,1,True,False
qwen3_8b,train,15686794,generation_2,0,3,1,3,1,True,False
qwen3_8b,train,15686794,generation_3,1,3,1,3,2,False,False
qwen3_8b,train,15748645,generation_1,1,3,1,3,2,False,False
qwen3_8b,train,15748645,generation_2,3,3,2,3,5,False,False
qwen3_8b,train,15748645,generation_3,2,3,2,3,4,False,False
qwen3_8b,train,15749661,generation_1,1,14,16,41,17,False,False
qwen3_8b,train,15749661,generation_2,4,14,15,41,19,False,False
qwen3_8b,train,15749661,generation_3,3,14,13,41,16,False,False
qwen3_8b,train,15755837,generation_1,0,5,3,5,3,True,False
qwen3_8b,train,15755837,generation_2,1,5,3,5,4,False,False
qwen3_8b,train,15755837,generation_3,0,5,3,5,3,True,False
qwen3_8b,train,15770495,generation_1,0,8,0,28,0,True,True
qwen3_8b,train,15770495,generation_2,5,8,0,28,5,False,False
qwen3_8b,train,15770495,generation_3,5,8,0,28,5,False,False
qwen3_8b,train,15807692,generation_1,0,1,0,0,0,True,True
qwen3_8b,train,15807692,generation_2,0,1,0,0,0,True,True
qwen3_8b,train,15807692,generation_3,0,1,0,0,0,True,True
qwen3_8b,train,15814629,generation_1,0,4,3,6,3,True,False
qwen3_8b,train,15814629,generation_2,0,4,3,6,3,True,False
qwen3_8b,train,15814629,generation_3,0,4,2,6,2,True,False
qwen3_8b,train,15817013,generation_1,2,3,0,3,2,False,False
qwen3_8b,train,15817013,generation_2,3,3,0,3,3,False,False
qwen3_8b,train,15817013,generation_3,2,3,0,3,2,False,False
qwen3_8b,train,15851735,generation_1,0,2,0,1,0,True,True
qwen3_8b,train,15851735,generation_2,0,2,0,1,0,True,True
qwen3_8b,train,15851735,generation_3,0,2,0,1,0,True,True
qwen3_8b,train,15858223,generation_1,7,9,2,12,9,False,False
qwen3_8b,train,15858223,generation_2,7,9,3,12,10,False,False
qwen3_8b,train,15858223,generation_3,7,9,4,12,11,False,False
qwen3_8b,train,15859361,generation_1,1,7,5,19,6,False,False
qwen3_8b,train,15859361,generation_2,2,7,5,19,7,False,False
qwen3_8b,train,15859361,generation_3,1,7,4,19,5,False,False
qwen3_8b,train,15893386,generation_1,0,1,0,0,0,True,True
qwen3_8b,train,15893386,generation_2,0,1,0,0,0,True,True
qwen3_8b,train,15893386,generation_3,0,1,0,0,0,True,True
qwen3_8b,train,15897593,generation_1,0,21,6,32,6,True,False
qwen3_8b,train,15897593,generation_2,0,21,6,32,6,True,False
qwen3_8b,train,15897593,generation_3,0,21,6,32,6,True,False
qwen3_8b,train,15957009,generation_1,5,12,4,24,9,False,False
qwen3_8b,train,15957009,generation_2,6,12,5,24,11,False,False
qwen3_8b,train,15957009,generation_3,4,12,5,24,9,False,False
qwen3_8b,train,15970799,generation_1,0,13,10,32,10,True,False
qwen3_8b,train,15970799,generation_2,0,13,16,32,16,True,False
qwen3_8b,train,15970799,generation_3,1,13,11,32,12,False,False
qwen3_8b,train,15983230,generation_1,0,14,2,52,2,True,False
qwen3_8b,train,15983230,generation_2,2,14,4,52,6,False,False
qwen3_8b,train,15983230,generation_3,2,14,4,52,6,False,False
qwen3_8b,train,16001362,generation_1,0,4,5,6,5,True,False
qwen3_8b,train,16001362,generation_2,2,4,5,6,7,False,False
qwen3_8b,train,16001362,generation_3,1,4,4,6,5,False,False
qwen3_8b,train,16005363,generation_1,0,1,0,0,0,True,True
qwen3_8b,train,16005363,generation_2,0,1,0,0,0,True,True
qwen3_8b,train,16005363,generation_3,0,1,0,0,0,True,True
qwen3_8b,train,16120104,generation_1,0,1,0,0,0,True,True
qwen3_8b,train,16120104,generation_2,0,1,0,0,0,True,True
qwen3_8b,train,16120104,generation_3,0,1,0,0,0,True,True
qwen3_8b,train,16157158,generation_1,0,2,0,1,0,True,True
qwen3_8b,train,16157158,generation_2,0,2,0,1,0,True,True
qwen3_8b,train,16157158,generation_3,0,2,0,1,0,True,True
qwen3_8b,train,16158428,generation_1,0,3,0,3,0,True,True
qwen3_8b,train,16158428,generation_2,0,3,0,3,0,True,True
qwen3_8b,train,16158428,generation_3,0,3,0,3,0,True,True
qwen3_8b,train,16160878,generation_1,2,7,0,21,2,False,False
qwen3_8b,train,16160878,generation_2,1,7,1,21,2,False,False
qwen3_8b,train,16160878,generation_3,1,7,2,21,3,False,False
qwen3_8b,train,16167916,generation_1,2,7,8,14,10,False,False
qwen3_8b,train,16167916,generation_2,4,7,8,14,12,False,False
qwen3_8b,train,16167916,generation_3,4,7,7,14,11,False,False
qwen3_8b,train,16200390,generation_1,1,1,0,0,1,False,False
qwen3_8b,train,16200390,generation_2,0,1,0,0,0,True,True
qwen3_8b,train,16200390,generation_3,0,1,0,0,0,True,True
qwen3_8b,train,16288197,generation_1,2,10,3,26,5,False,False
qwen3_8b,train,16288197,generation_2,0,10,7,26,7,True,False
qwen3_8b,train,16288197,generation_3,1,10,4,26,5,False,False
qwen3_8b,train,16288199,generation_1,0,4,2,11,2,True,False
qwen3_8b,train,16288199,generation_2,0,4,1,11,1,True,False
qwen3_8b,train,16288199,generation_3,0,4,2,11,2,True,False
qwen3_8b,train,16309808,generation_1,2,6,7,14,9,False,False
qwen3_8b,train,16309808,generation_2,5,6,7,14,12,False,False
qwen3_8b,train,16309808,generation_3,2,6,5,14,7,False,False
qwen3_8b,train,16321363,generation_1,0,3,0,3,0,True,True
qwen3_8b,train,16321363,generation_2,0,3,0,3,0,True,True
qwen3_8b,train,16321363,generation_3,1,3,0,3,1,False,False
qwen3_8b,train,16364460,generation_1,1,5,1,5,2,False,False
qwen3_8b,train,16364460,generation_2,1,5,1,5,2,False,False
qwen3_8b,train,16364460,generation_3,1,5,4,5,5,False,False
qwen3_8b,train,16369751,generation_1,7,11,4,16,11,False,False
qwen3_8b,train,16369751,generation_2,6,11,4,16,10,False,False
qwen3_8b,train,16369751,generation_3,4,11,4,16,8,False,False
qwen3_8b,train,16391785,generation_1,3,7,3,8,6,False,False
qwen3_8b,train,16391785,generation_2,3,7,6,8,9,False,False
qwen3_8b,train,16391785,generation_3,5,7,6,8,11,False,False
qwen3_8b,train,16410744,generation_1,2,5,0,1,2,False,False
qwen3_8b,train,16410744,generation_2,1,5,0,1,1,False,False
qwen3_8b,train,16410744,generation_3,2,5,0,1,2,False,False
qwen3_8b,train,16412238,generation_1,2,5,0,10,2,False,False
qwen3_8b,train,16412238,generation_2,1,5,0,10,1,False,False
qwen3_8b,train,16412238,generation_3,2,5,0,10,2,False,False
qwen3_8b,train,16418600,generation_1,0,1,0,0,0,True,True
qwen3_8b,train,16418600,generation_2,0,1,0,0,0,True,True
qwen3_8b,train,16418600,generation_3,0,1,0,0,0,True,True
qwen3_8b,train,16506214,generation_1,1,8,5,12,6,False,False
qwen3_8b,train,16506214,generation_2,1,8,4,12,5,False,False
qwen3_8b,train,16506214,generation_3,1,8,6,12,7,False,False
qwen3_8b,train,16541406,generation_1,0,2,0,1,0,True,True
qwen3_8b,train,16541406,generation_2,0,2,0,1,0,True,True
qwen3_8b,train,16541406,generation_3,0,2,0,1,0,True,True
qwen3_8b,train,16543197,generation_1,0,6,0,4,0,True,True
qwen3_8b,train,16543197,generation_2,0,6,0,4,0,True,True
qwen3_8b,train,16543197,generation_3,0,6,0,4,0,True,True
qwen3_8b,train,16574712,generation_1,2,2,0,1,2,False,False
qwen3_8b,train,16574712,generation_2,2,2,0,1,2,False,False
qwen3_8b,train,16574712,generation_3,2,2,0,1,2,False,False
qwen3_8b,train,16574713,generation_1,1,6,2,4,3,False,False
qwen3_8b,train,16574713,generation_2,0,6,1,4,1,True,False
qwen3_8b,train,16574713,generation_3,1,6,3,4,4,False,False
qwen3_8b,train,16575011,generation_1,0,6,9,13,9,True,False
qwen3_8b,train,16575011,generation_2,1,6,9,13,10,False,False
qwen3_8b,train,16575011,generation_3,0,6,9,13,9,True,False
qwen3_8b,train,16584858,generation_1,0,41,20,149,20,True,False
qwen3_8b,train,16584858,generation_2,2,41,18,149,20,False,False
qwen3_8b,train,16584858,generation_3,5,41,16,149,21,False,False
qwen3_8b,train,16586083,generation_1,0,7,8,29,8,True,False
qwen3_8b,train,16586083,generation_2,0,7,8,29,8,True,False
qwen3_8b,train,16586083,generation_3,0,7,6,29,6,True,False
qwen3_8b,train,16596970,generation_1,0,3,0,3,0,True,True
qwen3_8b,train,16596970,generation_2,0,3,0,3,0,True,True
qwen3_8b,train,16596970,generation_3,0,3,0,3,0,True,True
qwen3_8b,train,16634859,generation_1,0,1,0,0,0,True,True
qwen3_8b,train,16634859,generation_2,0,1,0,0,0,True,True
qwen3_8b,train,16634859,generation_3,0,1,0,0,0,True,True
qwen3_8b,train,16720068,generation_1,19,38,14,97,33,False,False
qwen3_8b,train,16720068,generation_2,26,38,14,97,40,False,False
qwen3_8b,train,16720068,generation_3,29,38,16,97,45,False,False
qwen3_8b,train,16725121,generation_1,8,19,5,26,13,False,False
qwen3_8b,train,16725121,generation_2,8,19,5,26,13,False,False
qwen3_8b,train,16725121,generation_3,10,19,5,26,15,False,False
qwen3_8b,train,16737910,generation_1,0,2,1,1,1,True,False
qwen3_8b,train,16737910,generation_2,0,2,1,1,1,True,False
qwen3_8b,train,16737910,generation_3,0,2,1,1,1,True,False
qwen3_8b,train,16755009,generation_1,1,9,5,19,6,False,False
qwen3_8b,train,16755009,generation_2,1,9,1,19,2,False,False
qwen3_8b,train,16755009,generation_3,1,9,6,19,7,False,False
qwen3_8b,train,16781314,generation_1,0,3,0,3,0,True,True
qwen3_8b,train,16781314,generation_2,0,3,0,3,0,True,True
qwen3_8b,train,16781314,generation_3,0,3,0,3,0,True,True
qwen3_8b,train,16786513,generation_1,4,7,2,21,6,False,False
qwen3_8b,train,16786513,generation_2,2,7,10,21,12,False,False
qwen3_8b,train,16786513,generation_3,4,7,9,21,13,False,False
qwen3_8b,train,16801510,generation_1,3,5,6,10,9,False,False
qwen3_8b,train,16801510,generation_2,3,5,6,10,9,False,False
qwen3_8b,train,16801510,generation_3,3,5,6,10,9,False,False
qwen3_8b,train,16810074,generation_1,6,12,19,33,25,False,False
qwen3_8b,train,16810074,generation_2,7,12,19,33,26,False,False
qwen3_8b,train,16810074,generation_3,8,12,15,33,23,False,False
qwen3_8b,train,16822828,generation_1,0,1,0,0,0,True,True
qwen3_8b,train,16822828,generation_2,0,1,0,0,0,True,True
qwen3_8b,train,16822828,generation_3,0,1,0,0,0,True,True
qwen3_8b,train,16843501,generation_1,0,2,1,1,1,True,False
qwen3_8b,train,16843501,generation_2,0,2,1,1,1,True,False
qwen3_8b,train,16843501,generation_3,0,2,0,1,0,True,True
qwen3_8b,train,16904497,generation_1,6,11,11,44,17,False,False
qwen3_8b,train,16904497,generation_2,6,11,12,44,18,False,False
qwen3_8b,train,16904497,generation_3,6,11,16,44,22,False,False
qwen3_8b,train,16920333,generation_1,1,3,2,4,3,False,False
qwen3_8b,train,16920333,generation_2,0,3,2,4,2,True,False
qwen3_8b,train,16920333,generation_3,0,3,1,4,1,True,False
qwen3_8b,train,17000021,generation_1,0,7,0,14,0,True,True
qwen3_8b,train,17000021,generation_2,1,7,0,14,1,False,False
qwen3_8b,train,17000021,generation_3,0,7,0,14,0,True,True
qwen3_8b,train,17003357,generation_1,0,3,0,3,0,True,True
qwen3_8b,train,17003357,generation_2,0,3,0,3,0,True,True
qwen3_8b,train,17003357,generation_3,0,3,0,3,0,True,True
qwen3_8b,train,17006606,generation_1,2,7,3,8,5,False,False
qwen3_8b,train,17006606,generation_2,3,7,3,8,6,False,False
qwen3_8b,train,17006606,generation_3,2,7,3,8,5,False,False
qwen3_8b,train,17033686,generation_1,1,9,8,27,9,False,False
qwen3_8b,train,17033686,generation_2,1,9,8,27,9,False,False
qwen3_8b,train,17033686,generation_3,0,9,8,27,8,True,False
qwen3_8b,train,17035713,generation_1,8,11,7,34,15,False,False
qwen3_8b,train,17035713,generation_2,5,11,17,34,22,False,False
qwen3_8b,train,17035713,generation_3,8,11,11,34,19,False,False
qwen3_8b,train,17042910,generation_1,2,11,0,4,2,False,False
qwen3_8b,train,17042910,generation_2,3,11,2,4,5,False,False
qwen3_8b,train,17042910,generation_3,4,11,2,4,6,False,False
qwen3_8b,train,17065198,generation_1,0,3,1,3,1,True,False
qwen3_8b,train,17065198,generation_2,0,3,0,3,0,True,True
qwen3_8b,train,17065198,generation_3,0,3,0,3,0,True,True
qwen3_8b,train,17074608,generation_1,0,3,3,7,3,True,False
qwen3_8b,train,17074608,generation_2,1,3,4,7,5,False,False
qwen3_8b,train,17074608,generation_3,0,3,4,7,4,True,False
qwen3_8b,train,17083016,generation_1,0,6,12,19,12,True,False
qwen3_8b,train,17083016,generation_2,0,6,12,19,12,True,False
qwen3_8b,train,17083016,generation_3,0,6,8,19,8,True,False
qwen3_8b,train,1711760,generation_1,0,1,0,0,0,True,True
qwen3_8b,train,1711760,generation_2,0,1,0,0,0,True,True
qwen3_8b,train,1711760,generation_3,0,1,0,0,0,True,True
qwen3_8b,train,17177139,generation_1,2,8,0,7,2,False,False
qwen3_8b,train,17177139,generation_2,2,8,0,7,2,False,False
qwen3_8b,train,17177139,generation_3,5,8,0,7,5,False,False
qwen3_8b,train,17185386,generation_1,1,3,0,0,1,False,False
qwen3_8b,train,17185386,generation_2,1,3,0,0,1,False,False
qwen3_8b,train,17185386,generation_3,1,3,0,0,1,False,False
qwen3_8b,train,17192049,generation_1,0,2,0,1,0,True,True
qwen3_8b,train,17192049,generation_2,1,2,0,1,1,False,False
qwen3_8b,train,17192049,generation_3,0,2,0,1,0,True,True
qwen3_8b,train,17194457,generation_1,3,10,1,5,4,False,False
qwen3_8b,train,17194457,generation_2,4,10,1,5,5,False,False
qwen3_8b,train,17194457,generation_3,5,10,1,5,6,False,False
qwen3_8b,train,17221831,generation_1,1,6,0,4,1,False,False
qwen3_8b,train,17221831,generation_2,1,6,0,4,1,False,False
qwen3_8b,train,17221831,generation_3,1,6,0,4,1,False,False
qwen3_8b,train,17244258,generation_1,3,8,8,18,11,False,False
qwen3_8b,train,17244258,generation_2,1,8,8,18,9,False,False
qwen3_8b,train,17244258,generation_3,2,8,8,18,10,False,False
qwen3_8b,train,17250663,generation_1,0,2,0,1,0,True,True
qwen3_8b,train,17250663,generation_2,0,2,0,1,0,True,True
qwen3_8b,train,17250663,generation_3,0,2,0,1,0,True,True
qwen3_8b,train,17273972,generation_1,1,2,0,1,1,False,False
qwen3_8b,train,17273972,generation_2,1,2,1,1,2,False,False
qwen3_8b,train,17273972,generation_3,2,2,0,1,2,False,False
qwen3_8b,train,17286451,generation_1,0,2,1,1,1,True,False
qwen3_8b,train,17286451,generation_2,0,2,1,1,1,True,False
qwen3_8b,train,17286451,generation_3,0,2,1,1,1,True,False
qwen3_8b,train,17304550,generation_1,0,6,4,15,4,True,False
qwen3_8b,train,17304550,generation_2,0,6,4,15,4,True,False
qwen3_8b,train,17304550,generation_3,0,6,4,15,4,True,False
qwen3_8b,train,17318851,generation_1,10,25,15,53,25,False,False
qwen3_8b,train,17318851,generation_2,10,25,15,53,25,False,False
qwen3_8b,train,17318851,generation_3,10,25,12,53,22,False,False
qwen3_8b,train,17327131,generation_1,0,1,0,0,0,True,True
qwen3_8b,train,17327131,generation_2,0,1,0,0,0,True,True
qwen3_8b,train,17327131,generation_3,0,1,0,0,0,True,True
qwen3_8b,train,17344330,generation_1,1,6,8,14,9,False,False
qwen3_8b,train,17344330,generation_2,1,6,5,14,6,False,False
qwen3_8b,train,17344330,generation_3,1,6,9,14,10,False,False
qwen3_8b,train,17351238,generation_1,1,4,2,6,3,False,False
qwen3_8b,train,17351238,generation_2,2,4,2,6,4,False,False
qwen3_8b,train,17351238,generation_3,1,4,2,6,3,False,False
qwen3_8b,train,17379047,generation_1,2,6,0,3,2,False,False
qwen3_8b,train,17379047,generation_2,3,6,0,3,3,False,False
qwen3_8b,train,17379047,generation_3,2,6,0,3,2,False,False
qwen3_8b,train,17391797,generation_1,1,4,2,5,3,False,False
qwen3_8b,train,17391797,generation_2,1,4,1,5,2,False,False
qwen3_8b,train,17391797,generation_3,1,4,3,5,4,False,False
qwen3_8b,train,17439425,generation_1,4,8,18,28,22,False,False
qwen3_8b,train,17439425,generation_2,3,8,6,28,9,False,False
qwen3_8b,train,17439425,generation_3,4,8,11,28,15,False,False
qwen3_8b,train,17495183,generation_1,4,17,1,49,5,False,False
qwen3_8b,train,17495183,generation_2,2,17,6,49,8,False,False
qwen3_8b,train,17495183,generation_3,7,17,2,49,9,False,False
qwen3_8b,train,17572393,generation_1,4,10,5,11,9,False,False
qwen3_8b,train,17572393,generation_2,4,10,2,11,6,False,False
qwen3_8b,train,17572393,generation_3,3,10,5,11,8,False,False
qwen3_8b,train,17595233,generation_1,0,6,4,15,4,True,False
qwen3_8b,train,17595233,generation_2,2,6,2,15,4,False,False
qwen3_8b,train,17595233,generation_3,0,6,3,15,3,True,False
qwen3_8b,train,17615423,generation_1,6,12,8,21,14,False,False
qwen3_8b,train,17615423,generation_2,6,12,7,21,13,False,False
qwen3_8b,train,17615423,generation_3,3,12,7,21,10,False,False
qwen3_8b,train,17628794,generation_1,0,2,0,1,0,True,True
qwen3_8b,train,17628794,generation_2,0,2,0,1,0,True,True
qwen3_8b,train,17628794,generation_3,0,2,0,1,0,True,True
qwen3_8b,train,17634480,generation_1,3,6,9,15,12,False,False
qwen3_8b,train,17634480,generation_2,3,6,7,15,10,False,False
qwen3_8b,train,17634480,generation_3,3,6,9,15,12,False,False
qwen3_8b,train,17639754,generation_1,0,3,0,0,0,True,True
qwen3_8b,train,17639754,generation_2,0,3,0,0,0,True,True
qwen3_8b,train,17639754,generation_3,0,3,0,0,0,True,True
qwen3_8b,train,17683901,generation_1,1,2,0,1,1,False,False
qwen3_8b,train,17683901,generation_2,1,2,0,1,1,False,False
qwen3_8b,train,17683901,generation_3,1,2,0,1,1,False,False
qwen3_8b,train,17854040,generation_1,1,2,0,1,1,False,False
qwen3_8b,train,17854040,generation_2,1,2,0,1,1,False,False
qwen3_8b,train,17854040,generation_3,1,2,0,1,1,False,False
qwen3_8b,train,17877751,generation_1,0,5,1,5,1,True,False
qwen3_8b,train,17877751,generation_2,0,5,1,5,1,True,False
qwen3_8b,train,17877751,generation_3,2,5,1,5,3,False,False
qwen3_8b,train,17910065,generation_1,1,3,0,3,1,False,False
qwen3_8b,train,17910065,generation_2,1,3,0,3,1,False,False
qwen3_8b,train,17910065,generation_3,1,3,0,3,1,False,False
qwen3_8b,train,17951029,generation_1,0,1,0,0,0,True,True
qwen3_8b,train,17951029,generation_2,0,1,0,0,0,True,True
qwen3_8b,train,17951029,generation_3,0,1,0,0,0,True,True
qwen3_8b,train,17959715,generation_1,2,8,0,7,2,False,False
qwen3_8b,train,17959715,generation_2,3,8,0,7,3,False,False
qwen3_8b,train,17959715,generation_3,1,8,0,7,1,False,False
qwen3_8b,train,17965424,generation_1,6,9,3,11,9,False,False
qwen3_8b,train,17965424,generation_2,6,9,3,11,9,False,False
qwen3_8b,train,17965424,generation_3,3,9,3,11,6,False,False
qwen3_8b,train,17975693,generation_1,1,3,0,3,1,False,False
qwen3_8b,train,17975693,generation_2,1,3,0,3,1,False,False
qwen3_8b,train,17975693,generation_3,1,3,0,3,1,False,False
qwen3_8b,train,18050247,generation_1,0,6,0,15,0,True,True
qwen3_8b,train,18050247,generation_2,0,6,0,15,0,True,True
qwen3_8b,train,18050247,generation_3,0,6,0,15,0,True,True
qwen3_8b,train,18083142,generation_1,2,16,9,39,11,False,False
qwen3_8b,train,18083142,generation_2,5,16,5,39,10,False,False
qwen3_8b,train,18083142,generation_3,5,16,9,39,14,False,False
qwen3_8b,train,18165598,generation_1,5,13,19,30,24,False,False
qwen3_8b,train,18165598,generation_2,2,13,15,30,17,False,False
qwen3_8b,train,18165598,generation_3,2,13,14,30,16,False,False
qwen3_8b,train,18166824,generation_1,3,8,0,7,3,False,False
qwen3_8b,train,18166824,generation_2,1,8,0,7,1,False,False
qwen3_8b,train,18166824,generation_3,0,8,0,7,0,True,True
qwen3_8b,train,18182964,generation_1,0,4,2,5,2,True,False
qwen3_8b,train,18182964,generation_2,0,4,2,5,2,True,False
qwen3_8b,train,18182964,generation_3,0,4,2,5,2,True,False
qwen3_8b,train,18189233,generation_1,1,5,1,10,2,False,False
qwen3_8b,train,18189233,generation_2,2,5,1,10,3,False,False
qwen3_8b,train,18189233,generation_3,1,5,1,10,2,False,False
qwen3_8b,train,18235024,generation_1,0,2,0,1,0,True,True
qwen3_8b,train,18235024,generation_2,0,2,0,1,0,True,True
qwen3_8b,train,18235024,generation_3,0,2,0,1,0,True,True
qwen3_8b,train,18262054,generation_1,0,2,0,1,0,True,True
qwen3_8b,train,18262054,generation_2,0,2,0,1,0,True,True
qwen3_8b,train,18262054,generation_3,0,2,0,1,0,True,True
qwen3_8b,train,18270997,generation_1,0,4,2,6,2,True,False
qwen3_8b,train,18270997,generation_2,0,4,2,6,2,True,False
qwen3_8b,train,18270997,generation_3,0,4,2,6,2,True,False
qwen3_8b,train,18310445,generation_1,28,36,14,156,42,False,False
qwen3_8b,train,18310445,generation_2,29,36,12,156,41,False,False
qwen3_8b,train,18310445,generation_3,31,36,10,156,41,False,False
qwen3_8b,train,18340638,generation_1,3,7,3,8,6,False,False
qwen3_8b,train,18340638,generation_2,2,7,4,8,6,False,False
qwen3_8b,train,18340638,generation_3,2,7,4,8,6,False,False
qwen3_8b,train,18356633,generation_1,4,8,9,20,13,False,False
qwen3_8b,train,18356633,generation_2,0,8,7,20,7,True,False
qwen3_8b,train,18356633,generation_3,4,8,10,20,14,False,False
qwen3_8b,train,18366737,generation_1,0,5,2,10,2,True,False
qwen3_8b,train,18366737,generation_2,0,5,2,10,2,True,False
qwen3_8b,train,18366737,generation_3,0,5,1,10,1,True,False
qwen3_8b,train,18397285,generation_1,0,3,1,3,1,True,False
qwen3_8b,train,18397285,generation_2,0,3,1,3,1,True,False
qwen3_8b,train,18397285,generation_3,0,3,1,3,1,True,False
qwen3_8b,train,18408250,generation_1,1,3,0,3,1,False,False
qwen3_8b,train,18408250,generation_2,1,3,0,3,1,False,False
qwen3_8b,train,18408250,generation_3,1,3,0,3,1,False,False
qwen3_8b,train,18410508,generation_1,4,12,4,9,8,False,False
qwen3_8b,train,18410508,generation_2,3,12,3,9,6,False,False
qwen3_8b,train,18410508,generation_3,3,12,3,9,6,False,False
qwen3_8b,train,18410548,generation_1,0,3,0,3,0,True,True
qwen3_8b,train,18410548,generation_2,0,3,1,3,1,True,False
qwen3_8b,train,18410548,generation_3,0,3,1,3,1,True,False
qwen3_8b,train,18422462,generation_1,1,8,13,29,14,False,False
qwen3_8b,train,18422462,generation_2,0,8,19,29,19,True,False
qwen3_8b,train,18422462,generation_3,0,8,14,29,14,True,False
qwen3_8b,train,18439317,generation_1,1,2,0,1,1,False,False
qwen3_8b,train,18439317,generation_2,0,2,0,1,0,True,True
qwen3_8b,train,18439317,generation_3,0,2,0,1,0,True,True
qwen3_8b,train,18442015,generation_1,4,14,16,63,20,False,False
qwen3_8b,train,18442015,generation_2,5,14,18,63,23,False,False
qwen3_8b,train,18442015,generation_3,8,14,16,63,24,False,False
qwen3_8b,train,18470323,generation_1,0,2,0,1,0,True,True
qwen3_8b,train,18470323,generation_2,0,2,0,1,0,True,True
qwen3_8b,train,18470323,generation_3,0,2,0,1,0,True,True
qwen3_8b,train,18483878,generation_1,2,7,3,8,5,False,False
qwen3_8b,train,18483878,generation_2,1,7,4,8,5,False,False
qwen3_8b,train,18483878,generation_3,1,7,0,8,1,False,False
qwen3_8b,train,18487244,generation_1,0,2,0,1,0,True,True
qwen3_8b,train,18487244,generation_2,0,2,0,1,0,True,True
qwen3_8b,train,18487244,generation_3,0,2,0,1,0,True,True
qwen3_8b,train,18541230,generation_1,1,13,5,15,6,False,False
qwen3_8b,train,18541230,generation_2,4,13,4,15,8,False,False
qwen3_8b,train,18541230,generation_3,1,13,5,15,6,False,False
qwen3_8b,train,18544179,generation_1,2,8,2,35,4,False,False
qwen3_8b,train,18544179,generation_2,2,8,7,35,9,False,False
qwen3_8b,train,18544179,generation_3,0,8,10,35,10,True,False
qwen3_8b,train,18593936,generation_1,14,51,7,33,21,False,False
qwen3_8b,train,18593936,generation_2,11,51,7,33,18,False,False
qwen3_8b,train,18593936,generation_3,13,51,7,33,20,False,False
qwen3_8b,train,18631865,generation_1,3,6,3,8,6,False,False
qwen3_8b,train,18631865,generation_2,3,6,5,8,8,False,False
qwen3_8b,train,18631865,generation_3,3,6,4,8,7,False,False
qwen3_8b,train,18657397,generation_1,1,2,0,1,1,False,False
qwen3_8b,train,18657397,generation_2,0,2,0,1,0,True,True
qwen3_8b,train,18657397,generation_3,1,2,0,1,1,False,False
qwen3_8b,train,18672102,generation_1,3,24,0,21,3,False,False
qwen3_8b,train,18672102,generation_2,1,24,0,21,1,False,False
qwen3_8b,train,18672102,generation_3,3,24,0,21,3,False,False
qwen3_8b,train,18674790,generation_1,9,19,57,134,66,False,False
qwen3_8b,train,18674790,generation_2,10,19,26,134,36,False,False
qwen3_8b,train,18674790,generation_3,9,19,47,134,56,False,False
qwen3_8b,train,18681856,generation_1,2,6,0,4,2,False,False
qwen3_8b,train,18681856,generation_2,2,6,0,4,2,False,False
qwen3_8b,train,18681856,generation_3,2,6,0,4,2,False,False
qwen3_8b,train,18699851,generation_1,0,5,0,10,0,True,True
qwen3_8b,train,18699851,generation_2,0,5,0,10,0,True,True
qwen3_8b,train,18699851,generation_3,0,5,0,10,0,True,True
qwen3_8b,train,18752389,generation_1,7,16,19,49,26,False,False
qwen3_8b,train,18752389,generation_2,7,16,19,49,26,False,False
qwen3_8b,train,18752389,generation_3,6,16,19,49,25,False,False
qwen3_8b,train,18754075,generation_1,2,9,3,19,5,False,False
qwen3_8b,train,18754075,generation_2,1,9,5,19,6,False,False
qwen3_8b,train,18754075,generation_3,4,9,5,19,9,False,False
qwen3_8b,train,18768591,generation_1,13,24,23,112,36,False,False
qwen3_8b,train,18768591,generation_2,8,24,34,112,42,False,False
qwen3_8b,train,18768591,generation_3,8,24,31,112,39,False,False
qwen3_8b,train,18772193,generation_1,3,14,17,31,20,False,False
qwen3_8b,train,18772193,generation_2,7,14,16,31,23,False,False
qwen3_8b,train,18772193,generation_3,8,14,15,31,23,False,False
qwen3_8b,train,18779591,generation_1,1,8,2,12,3,False,False
qwen3_8b,train,18779591,generation_2,1,8,5,12,6,False,False
qwen3_8b,train,18779591,generation_3,1,8,5,12,6,False,False
qwen3_8b,train,18790087,generation_1,0,2,0,1,0,True,True
qwen3_8b,train,18790087,generation_2,0,2,0,1,0,True,True
qwen3_8b,train,18790087,generation_3,0,2,0,1,0,True,True
qwen3_8b,train,18791947,generation_1,1,1,0,0,1,False,False
qwen3_8b,train,18791947,generation_2,1,1,0,0,1,False,False
qwen3_8b,train,18791947,generation_3,1,1,0,0,1,False,False
qwen3_8b,train,18808529,generation_1,1,12,12,43,13,False,False
qwen3_8b,train,18808529,generation_2,2,12,6,43,8,False,False
qwen3_8b,train,18808529,generation_3,2,12,8,43,10,False,False
qwen3_8b,train,18809400,generation_1,2,12,9,24,11,False,False
qwen3_8b,train,18809400,generation_2,2,12,11,24,13,False,False
qwen3_8b,train,18809400,generation_3,1,12,10,24,11,False,False
qwen3_8b,train,18827003,generation_1,1,9,16,26,17,False,False
qwen3_8b,train,18827003,generation_2,2,9,17,26,19,False,False
qwen3_8b,train,18827003,generation_3,3,9,19,26,22,False,False
qwen3_8b,train,18945288,generation_1,0,2,1,1,1,True,False
qwen3_8b,train,18945288,generation_2,1,2,1,1,2,False,False
qwen3_8b,train,18945288,generation_3,0,2,1,1,1,True,False
qwen3_8b,train,18945509,generation_1,3,8,1,9,4,False,False
qwen3_8b,train,18945509,generation_2,5,8,1,9,6,False,False
qwen3_8b,train,18945509,generation_3,4,8,0,9,4,False,False
qwen3_8b,train,18987260,generation_1,1,14,9,64,10,False,False
qwen3_8b,train,18987260,generation_2,0,14,12,64,12,True,False
qwen3_8b,train,18987260,generation_3,0,14,10,64,10,True,False
qwen3_8b,train,19037252,generation_1,0,1,0,0,0,True,True
qwen3_8b,train,19037252,generation_2,0,1,0,0,0,True,True
qwen3_8b,train,19037252,generation_3,0,1,0,0,0,True,True
qwen3_8b,train,19048115,generation_1,1,11,5,24,6,False,False
qwen3_8b,train,19048115,generation_2,0,11,7,24,7,True,False
qwen3_8b,train,19048115,generation_3,1,11,8,24,9,False,False
qwen3_8b,train,19058010,generation_1,10,20,5,15,15,False,False
qwen3_8b,train,19058010,generation_2,5,20,4,15,9,False,False
qwen3_8b,train,19058010,generation_3,11,20,1,15,12,False,False
qwen3_8b,train,19067809,generation_1,2,6,0,4,2,False,False
qwen3_8b,train,19067809,generation_2,2,6,0,4,2,False,False
qwen3_8b,train,19067809,generation_3,1,6,0,4,1,False,False
qwen3_8b,train,19082493,generation_1,1,5,2,5,3,False,False
qwen3_8b,train,19082493,generation_2,0,5,1,5,1,True,False
qwen3_8b,train,19082493,generation_3,1,5,2,5,3,False,False
qwen3_8b,train,19101703,generation_1,1,3,0,0,1,False,False
qwen3_8b,train,19101703,generation_2,1,3,0,0,1,False,False
qwen3_8b,train,19101703,generation_3,1,3,0,0,1,False,False
qwen3_8b,train,19108278,generation_1,2,12,8,24,10,False,False
qwen3_8b,train,19108278,generation_2,2,12,12,24,14,False,False
qwen3_8b,train,19108278,generation_3,3,12,11,24,14,False,False
qwen3_8b,train,19110214,generation_1,2,6,4,9,6,False,False
qwen3_8b,train,19110214,generation_2,2,6,4,9,6,False,False
qwen3_8b,train,19110214,generation_3,1,6,2,9,3,False,False
qwen3_8b,train,19160446,generation_1,0,2,0,1,0,True,True
qwen3_8b,train,19160446,generation_2,0,2,0,1,0,True,True
qwen3_8b,train,19160446,generation_3,0,2,0,1,0,True,True
qwen3_8b,train,19218574,generation_1,0,11,4,10,4,True,False
qwen3_8b,train,19218574,generation_2,1,11,2,10,3,False,False
qwen3_8b,train,19218574,generation_3,2,11,3,10,5,False,False
qwen3_8b,train,19234905,generation_1,0,1,0,0,0,True,True
qwen3_8b,train,19234905,generation_2,0,1,0,0,0,True,True
qwen3_8b,train,19234905,generation_3,0,1,0,0,0,True,True
qwen3_8b,train,19306381,generation_1,25,38,9,392,34,False,False
qwen3_8b,train,19306381,generation_2,28,38,6,392,34,False,False
qwen3_8b,train,19306381,generation_3,27,38,8,392,35,False,False
qwen3_8b,train,19319147,generation_1,2,5,0,5,2,False,False
qwen3_8b,train,19319147,generation_2,2,5,0,5,2,False,False
qwen3_8b,train,19319147,generation_3,2,5,0,5,2,False,False
qwen3_8b,train,19346865,generation_1,0,2,0,1,0,True,True
qwen3_8b,train,19346865,generation_2,0,2,0,1,0,True,True
qwen3_8b,train,19346865,generation_3,0,2,0,1,0,True,True
qwen3_8b,train,19365571,generation_1,0,3,0,0,0,True,True
qwen3_8b,train,19365571,generation_2,0,3,0,0,0,True,True
qwen3_8b,train,19365571,generation_3,0,3,0,0,0,True,True
qwen3_8b,train,19370764,generation_1,1,7,5,21,6,False,False
qwen3_8b,train,19370764,generation_2,1,7,5,21,6,False,False
qwen3_8b,train,19370764,generation_3,2,7,5,21,7,False,False
qwen3_8b,train,19445921,generation_1,2,16,4,75,6,False,False
qwen3_8b,train,19445921,generation_2,2,16,5,75,7,False,False
qwen3_8b,train,19445921,generation_3,2,16,6,75,8,False,False
qwen3_8b,train,19463742,generation_1,28,45,18,59,46,False,False
qwen3_8b,train,19463742,generation_2,28,45,10,59,38,False,False
qwen3_8b,train,19463742,generation_3,28,45,12,59,40,False,False
qwen3_8b,train,19508969,generation_1,0,28,0,27,0,True,True
qwen3_8b,train,19508969,generation_2,7,28,0,27,7,False,False
qwen3_8b,train,19508969,generation_3,3,28,0,27,3,False,False
qwen3_8b,train,19521089,generation_1,0,1,0,0,0,True,True
qwen3_8b,train,19521089,generation_2,0,1,0,0,0,True,True
qwen3_8b,train,19521089,generation_3,0,1,0,0,0,True,True
qwen3_8b,train,19536134,generation_1,11,29,18,61,29,False,False
qwen3_8b,train,19536134,generation_2,11,29,14,61,25,False,False
qwen3_8b,train,19536134,generation_3,10,29,11,61,21,False,False
qwen3_8b,train,19549709,generation_1,0,5,3,5,3,True,False
qwen3_8b,train,19549709,generation_2,0,5,2,5,2,True,False
qwen3_8b,train,19549709,generation_3,0,5,2,5,2,True,False
qwen3_8b,train,19592582,generation_1,0,5,2,5,2,True,False
qwen3_8b,train,19592582,generation_2,0,5,2,5,2,True,False
qwen3_8b,train,19592582,generation_3,0,5,2,5,2,True,False
qwen3_8b,train,19631624,generation_1,7,8,0,7,7,False,False
qwen3_8b,train,19631624,generation_2,5,8,4,7,9,False,False
qwen3_8b,train,19631624,generation_3,5,8,3,7,8,False,False
qwen3_8b,train,19642243,generation_1,0,5,3,9,3,True,False
qwen3_8b,train,19642243,generation_2,0,5,3,9,3,True,False
qwen3_8b,train,19642243,generation_3,0,5,3,9,3,True,False
qwen3_8b,train,19672862,generation_1,3,22,15,23,18,False,False
qwen3_8b,train,19672862,generation_2,4,22,10,23,14,False,False
qwen3_8b,train,19672862,generation_3,2,22,12,23,14,False,False
qwen3_8b,train,19692487,generation_1,9,14,4,14,13,False,False
qwen3_8b,train,19692487,generation_2,5,14,3,14,8,False,False
qwen3_8b,train,19692487,generation_3,7,14,2,14,9,False,False
qwen3_8b,train,19696792,generation_1,2,8,1,13,3,False,False
qwen3_8b,train,19696792,generation_2,2,8,4,13,6,False,False
qwen3_8b,train,19696792,generation_3,2,8,2,13,4,False,False
qwen3_8b,train,19707748,generation_1,1,2,1,1,2,False,False
qwen3_8b,train,19707748,generation_2,1,2,1,1,2,False,False
qwen3_8b,train,19707748,generation_3,0,2,1,1,1,True,False
qwen3_8b,train,19719056,generation_1,0,2,2,4,2,True,False
qwen3_8b,train,19719056,generation_2,1,2,3,4,4,False,False
qwen3_8b,train,19719056,generation_3,1,2,3,4,4,False,False
qwen3_8b,train,19721134,generation_1,11,19,3,9,14,False,False
qwen3_8b,train,19721134,generation_2,16,19,3,9,19,False,False
qwen3_8b,train,19721134,generation_3,13,19,4,9,17,False,False
qwen3_8b,train,19728177,generation_1,0,3,0,3,0,True,True
qwen3_8b,train,19728177,generation_2,0,3,0,3,0,True,True
qwen3_8b,train,19728177,generation_3,0,3,0,3,0,True,True
qwen3_8b,train,19779499,generation_1,1,5,6,10,7,False,False
qwen3_8b,train,19779499,generation_2,1,5,6,10,7,False,False
qwen3_8b,train,19779499,generation_3,1,5,6,10,7,False,False
qwen3_8b,train,19811499,generation_1,4,20,12,60,16,False,False
qwen3_8b,train,19811499,generation_2,6,20,9,60,15,False,False
qwen3_8b,train,19811499,generation_3,7,20,9,60,16,False,False
qwen3_8b,train,19825989,generation_1,14,23,13,78,27,False,False
qwen3_8b,train,19825989,generation_2,11,23,16,78,27,False,False
qwen3_8b,train,19825989,generation_3,11,23,15,78,26,False,False
qwen3_8b,train,19841052,generation_1,1,2,0,1,1,False,False
qwen3_8b,train,19841052,generation_2,1,2,0,1,1,False,False
qwen3_8b,train,19841052,generation_3,1,2,0,1,1,False,False
qwen3_8b,train,19881468,generation_1,10,13,8,23,18,False,False
qwen3_8b,train,19881468,generation_2,9,13,11,23,20,False,False
qwen3_8b,train,19881468,generation_3,10,13,12,23,22,False,False
qwen3_8b,train,19889778,generation_1,2,4,0,2,2,False,False
qwen3_8b,train,19889778,generation_2,3,4,0,2,3,False,False
qwen3_8b,train,19889778,generation_3,2,4,0,2,2,False,False
qwen3_8b,train,19891556,generation_1,0,2,1,1,1,True,False
qwen3_8b,train,19891556,generation_2,0,2,1,1,1,True,False
qwen3_8b,train,19891556,generation_3,0,2,1,1,1,True,False
qwen3_8b,train,19918264,generation_1,0,2,0,1,0,True,True
qwen3_8b,train,19918264,generation_2,0,2,0,1,0,True,True
qwen3_8b,train,19918264,generation_3,0,2,0,1,0,True,True
qwen3_8b,train,19923525,generation_1,3,6,0,4,3,False,False
qwen3_8b,train,19923525,generation_2,2,6,2,4,4,False,False
qwen3_8b,train,19923525,generation_3,2,6,2,4,4,False,False
qwen3_8b,train,19996135,generation_1,0,1,0,0,0,True,True
qwen3_8b,train,19996135,generation_2,0,1,0,0,0,True,True
qwen3_8b,train,19996135,generation_3,0,1,0,0,0,True,True
qwen3_8b,train,20005218,generation_1,0,4,1,3,1,True,False
qwen3_8b,train,20005218,generation_2,0,4,1,3,1,True,False
qwen3_8b,train,20005218,generation_3,0,4,1,3,1,True,False
qwen3_8b,train,20034406,generation_1,1,7,4,7,5,False,False
qwen3_8b,train,20034406,generation_2,1,7,3,7,4,False,False
qwen3_8b,train,20034406,generation_3,1,7,3,7,4,False,False
qwen3_8b,train,20046642,generation_1,14,21,3,33,17,False,False
qwen3_8b,train,20046642,generation_2,12,21,3,33,15,False,False
qwen3_8b,train,20046642,generation_3,16,21,3,33,19,False,False
qwen3_8b,train,20080916,generation_1,2,3,1,3,3,False,False
qwen3_8b,train,20080916,generation_2,2,3,1,3,3,False,False
qwen3_8b,train,20080916,generation_3,2,3,1,3,3,False,False
qwen3_8b,train,20080983,generation_1,1,3,0,0,1,False,False
qwen3_8b,train,20080983,generation_2,1,3,0,0,1,False,False
qwen3_8b,train,20080983,generation_3,1,3,0,0,1,False,False
qwen3_8b,train,20086182,generation_1,1,6,6,9,7,False,False
qwen3_8b,train,20086182,generation_2,1,6,4,9,5,False,False
qwen3_8b,train,20086182,generation_3,0,6,6,9,6,True,False
qwen3_8b,train,20105280,generation_1,12,17,22,74,34,False,False
qwen3_8b,train,20105280,generation_2,9,17,23,74,32,False,False
qwen3_8b,train,20105280,generation_3,8,17,26,74,34,False,False
qwen3_8b,train,20105310,generation_1,4,30,71,465,75,False,False
qwen3_8b,train,20105310,generation_2,3,30,86,465,89,False,False
qwen3_8b,train,20105310,generation_3,4,30,46,465,50,False,False
qwen3_8b,train,20129423,generation_1,0,2,0,1,0,True,True
qwen3_8b,train,20129423,generation_2,0,2,0,1,0,True,True
qwen3_8b,train,20129423,generation_3,0,2,0,1,0,True,True
qwen3_8b,train,20226780,generation_1,0,6,0,10,0,True,True
qwen3_8b,train,20226780,generation_2,1,6,0,10,1,False,False
qwen3_8b,train,20226780,generation_3,2,6,0,10,2,False,False
qwen3_8b,train,20331935,generation_1,1,3,0,3,1,False,False
qwen3_8b,train,20331935,generation_2,0,3,0,3,0,True,True
qwen3_8b,train,20331935,generation_3,0,3,1,3,1,True,False
qwen3_8b,train,20335448,generation_1,1,12,15,24,16,False,False
qwen3_8b,train,20335448,generation_2,0,12,13,24,13,True,False
qwen3_8b,train,20335448,generation_3,2,12,13,24,15,False,False
qwen3_8b,train,20367983,generation_1,1,4,0,3,1,False,False
qwen3_8b,train,20367983,generation_2,1,4,0,3,1,False,False
qwen3_8b,train,20367983,generation_3,1,4,0,3,1,False,False
qwen3_8b,train,20401977,generation_1,0,3,0,0,0,True,True
qwen3_8b,train,20401977,generation_2,0,3,0,0,0,True,True
qwen3_8b,train,20401977,generation_3,0,3,0,0,0,True,True
qwen3_8b,train,20415560,generation_1,0,7,0,8,0,True,True
qwen3_8b,train,20415560,generation_2,0,7,0,8,0,True,True
qwen3_8b,train,20415560,generation_3,0,7,0,8,0,True,True
qwen3_8b,train,20428796,generation_1,7,9,4,13,11,False,False
qwen3_8b,train,20428796,generation_2,8,9,1,13,9,False,False
qwen3_8b,train,20428796,generation_3,6,9,2,13,8,False,False
qwen3_8b,train,20431083,generation_1,1,2,1,1,2,False,False
qwen3_8b,train,20431083,generation_2,1,2,0,1,1,False,False
qwen3_8b,train,20431083,generation_3,1,2,0,1,1,False,False
qwen3_8b,train,20447294,generation_1,0,8,5,19,5,True,False
qwen3_8b,train,20447294,generation_2,0,8,5,19,5,True,False
qwen3_8b,train,20447294,generation_3,0,8,5,19,5,True,False
qwen3_8b,train,20477932,generation_1,7,14,5,22,12,False,False
qwen3_8b,train,20477932,generation_2,9,14,10,22,19,False,False
qwen3_8b,train,20477932,generation_3,8,14,6,22,14,False,False
qwen3_8b,train,20510337,generation_1,3,26,18,127,21,False,False
qwen3_8b,train,20510337,generation_2,5,26,13,127,18,False,False
qwen3_8b,train,20510337,generation_3,4,26,16,127,20,False,False
qwen3_8b,train,20520283,generation_1,3,6,1,8,4,False,False
qwen3_8b,train,20520283,generation_2,1,6,2,8,3,False,False
qwen3_8b,train,20520283,generation_3,1,6,2,8,3,False,False
qwen3_8b,train,20523265,generation_1,0,8,0,28,0,True,True
qwen3_8b,train,20523265,generation_2,0,8,0,28,0,True,True
qwen3_8b,train,20523265,generation_3,0,8,0,28,0,True,True
qwen3_8b,train,20528871,generation_1,0,3,3,9,3,True,False
qwen3_8b,train,20528871,generation_2,0,3,4,9,4,True,False
qwen3_8b,train,20528871,generation_3,0,3,2,9,2,True,False
qwen3_8b,train,20533999,generation_1,5,9,3,5,8,False,False
qwen3_8b,train,20533999,generation_2,5,9,4,5,9,False,False
qwen3_8b,train,20533999,generation_3,3,9,2,5,5,False,False
qwen3_8b,train,20534142,generation_1,3,14,2,14,5,False,False
qwen3_8b,train,20534142,generation_2,2,14,5,14,7,False,False
qwen3_8b,train,20534142,generation_3,3,14,1,14,4,False,False
qwen3_8b,train,20558148,generation_1,4,12,8,16,12,False,False
qwen3_8b,train,20558148,generation_2,3,12,8,16,11,False,False
qwen3_8b,train,20558148,generation_3,4,12,7,16,11,False,False
qwen3_8b,train,20579626,generation_1,0,5,3,10,3,True,False
qwen3_8b,train,20579626,generation_2,0,5,5,10,5,True,False
qwen3_8b,train,20579626,generation_3,0,5,3,10,3,True,False
qwen3_8b,train,20583543,generation_1,0,5,4,10,4,True,False
qwen3_8b,train,20583543,generation_2,1,5,4,10,5,False,False
qwen3_8b,train,20583543,generation_3,0,5,4,10,4,True,False
qwen3_8b,train,20588063,generation_1,0,7,0,8,0,True,True
qwen3_8b,train,20588063,generation_2,0,7,1,8,1,True,False
qwen3_8b,train,20588063,generation_3,0,7,1,8,1,True,False
qwen3_8b,train,20606392,generation_1,0,2,0,1,0,True,True
qwen3_8b,train,20606392,generation_2,0,2,0,1,0,True,True
qwen3_8b,train,20606392,generation_3,0,2,0,1,0,True,True
qwen3_8b,train,20667451,generation_1,0,7,1,8,1,True,False
qwen3_8b,train,20667451,generation_2,0,7,1,8,1,True,False
qwen3_8b,train,20667451,generation_3,0,7,1,8,1,True,False
qwen3_8b,train,20683499,generation_1,2,8,1,13,3,False,False
qwen3_8b,train,20683499,generation_2,2,8,1,13,3,False,False
qwen3_8b,train,20683499,generation_3,4,8,1,13,5,False,False
qwen3_8b,train,20708777,generation_1,0,12,0,16,0,True,True
qwen3_8b,train,20708777,generation_2,0,12,0,16,0,True,True
qwen3_8b,train,20708777,generation_3,0,12,0,16,0,True,True
qwen3_8b,train,20722491,generation_1,19,20,12,100,31,False,False
qwen3_8b,train,20722491,generation_2,14,20,14,100,28,False,False
qwen3_8b,train,20722491,generation_3,14,20,7,100,21,False,False
qwen3_8b,train,20801104,generation_1,0,4,0,6,0,True,True
qwen3_8b,train,20801104,generation_2,0,4,0,6,0,True,True
qwen3_8b,train,20801104,generation_3,0,4,2,6,2,True,False
qwen3_8b,train,20806042,generation_1,0,3,0,3,0,True,True
qwen3_8b,train,20806042,generation_2,0,3,0,3,0,True,True
qwen3_8b,train,20806042,generation_3,0,3,0,3,0,True,True
qwen3_8b,train,20828385,generation_1,2,5,2,10,4,False,False
qwen3_8b,train,20828385,generation_2,0,5,3,10,3,True,False
qwen3_8b,train,20828385,generation_3,2,5,5,10,7,False,False
qwen3_8b,train,20846357,generation_1,4,6,5,15,9,False,False
qwen3_8b,train,20846357,generation_2,3,6,6,15,9,False,False
qwen3_8b,train,20846357,generation_3,0,6,6,15,6,True,False
qwen3_8b,train,20854438,generation_1,4,7,2,8,6,False,False
qwen3_8b,train,20854438,generation_2,4,7,1,8,5,False,False
qwen3_8b,train,20854438,generation_3,4,7,2,8,6,False,False
qwen3_8b,train,20949073,generation_1,1,2,0,1,1,False,False
qwen3_8b,train,20949073,generation_2,1,2,0,1,1,False,False
qwen3_8b,train,20949073,generation_3,1,2,0,1,1,False,False
qwen3_8b,train,20973483,generation_1,4,7,3,21,7,False,False
qwen3_8b,train,20973483,generation_2,5,7,4,21,9,False,False
qwen3_8b,train,20973483,generation_3,4,7,9,21,13,False,False
qwen3_8b,train,21059483,generation_1,1,2,1,1,2,False,False
qwen3_8b,train,21059483,generation_2,0,2,1,1,1,True,False
qwen3_8b,train,21059483,generation_3,0,2,1,1,1,True,False
qwen3_8b,train,21070631,generation_1,0,14,3,13,3,True,False
qwen3_8b,train,21070631,generation_2,1,14,1,13,2,False,False
qwen3_8b,train,21070631,generation_3,0,14,4,13,4,True,False
qwen3_8b,train,21080147,generation_1,0,9,4,11,4,True,False
qwen3_8b,train,21080147,generation_2,1,9,4,11,5,False,False
qwen3_8b,train,21080147,generation_3,0,9,4,11,4,True,False
qwen3_8b,train,21135151,generation_1,0,1,0,0,0,True,True
qwen3_8b,train,21135151,generation_2,0,1,0,0,0,True,True
qwen3_8b,train,21135151,generation_3,0,1,0,0,0,True,True
qwen3_8b,train,21163864,generation_1,1,2,0,1,1,False,False
qwen3_8b,train,21163864,generation_2,1,2,0,1,1,False,False
qwen3_8b,train,21163864,generation_3,1,2,0,1,1,False,False
qwen3_8b,train,21195121,generation_1,1,12,12,16,13,False,False
qwen3_8b,train,21195121,generation_2,3,12,13,16,16,False,False
qwen3_8b,train,21195121,generation_3,4,12,13,16,17,False,False
qwen3_8b,train,21238926,generation_1,5,7,0,8,5,False,False
qwen3_8b,train,21238926,generation_2,5,7,0,8,5,False,False
qwen3_8b,train,21238926,generation_3,2,7,1,8,3,False,False
qwen3_8b,train,21325775,generation_1,1,2,0,1,1,False,False
qwen3_8b,train,21325775,generation_2,0,2,0,1,0,True,True
qwen3_8b,train,21325775,generation_3,0,2,0,1,0,True,True
qwen3_8b,train,21496008,generation_1,0,2,0,1,0,True,True
qwen3_8b,train,21496008,generation_2,0,2,0,1,0,True,True
qwen3_8b,train,21496008,generation_3,0,2,0,1,0,True,True
qwen3_8b,train,21533187,generation_1,0,3,0,7,0,True,True
qwen3_8b,train,21533187,generation_2,0,3,0,7,0,True,True
qwen3_8b,train,21533187,generation_3,0,3,0,7,0,True,True
qwen3_8b,train,21615796,generation_1,0,5,0,5,0,True,True
qwen3_8b,train,21615796,generation_2,0,5,0,5,0,True,True
qwen3_8b,train,21615796,generation_3,1,5,0,5,1,False,False
qwen3_8b,train,21666969,generation_1,0,6,4,15,4,True,False
qwen3_8b,train,21666969,generation_2,0,6,4,15,4,True,False
qwen3_8b,train,21666969,generation_3,0,6,4,15,4,True,False
qwen3_8b,train,21682595,generation_1,1,4,0,2,1,False,False
qwen3_8b,train,21682595,generation_2,1,4,0,2,1,False,False
qwen3_8b,train,21682595,generation_3,1,4,0,2,1,False,False
qwen3_8b,train,21695597,generation_1,0,6,0,15,0,True,True
qwen3_8b,train,21695597,generation_2,0,6,0,15,0,True,True
qwen3_8b,train,21695597,generation_3,0,6,0,15,0,True,True
qwen3_8b,train,21699520,generation_1,1,3,0,3,1,False,False
qwen3_8b,train,21699520,generation_2,1,3,0,3,1,False,False
qwen3_8b,train,21699520,generation_3,1,3,0,3,1,False,False
qwen3_8b,train,21771880,generation_1,0,3,2,3,2,True,False
qwen3_8b,train,21771880,generation_2,1,3,2,3,3,False,False
qwen3_8b,train,21771880,generation_3,0,3,2,3,2,True,False
qwen3_8b,train,21810259,generation_1,9,25,11,42,20,False,False
qwen3_8b,train,21810259,generation_2,12,25,10,42,22,False,False
qwen3_8b,train,21810259,generation_3,9,25,10,42,19,False,False
qwen3_8b,train,21904390,generation_1,0,3,0,3,0,True,True
qwen3_8b,train,21904390,generation_2,0,3,0,3,0,True,True
qwen3_8b,train,21904390,generation_3,1,3,0,3,1,False,False
qwen3_8b,train,21911891,generation_1,0,2,1,1,1,True,False
qwen3_8b,train,21911891,generation_2,0,2,1,1,1,True,False
qwen3_8b,train,21911891,generation_3,0,2,1,1,1,True,False
qwen3_8b,train,22048266,generation_1,0,5,0,10,0,True,True
qwen3_8b,train,22048266,generation_2,0,5,0,10,0,True,True
qwen3_8b,train,22048266,generation_3,0,5,0,10,0,True,True
qwen3_8b,train,22051099,generation_1,0,6,5,14,5,True,False
qwen3_8b,train,22051099,generation_2,0,6,6,14,6,True,False
qwen3_8b,train,22051099,generation_3,0,6,6,14,6,True,False
qwen3_8b,train,22104738,generation_1,0,3,2,3,2,True,False
qwen3_8b,train,22104738,generation_2,1,3,2,3,3,False,False
qwen3_8b,train,22104738,generation_3,0,3,2,3,2,True,False
qwen3_8b,train,22180037,generation_1,1,4,0,2,1,False,False
qwen3_8b,train,22180037,generation_2,0,4,0,2,0,True,True
qwen3_8b,train,22180037,generation_3,0,4,0,2,0,True,True
qwen3_8b,train,22303482,generation_1,7,30,14,106,21,False,False
qwen3_8b,train,22303482,generation_2,11,30,9,106,20,False,False
qwen3_8b,train,22303482,generation_3,2,30,12,106,14,False,False
qwen3_8b,train,22808010,generation_1,6,32,27,292,33,False,False
qwen3_8b,train,22808010,generation_2,1,32,50,292,51,False,False
qwen3_8b,train,22808010,generation_3,0,32,56,292,56,True,False
qwen3_8b,train,22836123,generation_1,2,6,3,15,5,False,False
qwen3_8b,train,22836123,generation_2,4,6,3,15,7,False,False
qwen3_8b,train,22836123,generation_3,2,6,3,15,5,False,False
qwen3_8b,train,22859398,generation_1,1,7,0,21,1,False,False
qwen3_8b,train,22859398,generation_2,1,7,0,21,1,False,False
qwen3_8b,train,22859398,generation_3,1,7,0,21,1,False,False
qwen3_8b,train,23791840,generation_1,4,15,13,30,17,False,False
qwen3_8b,train,23791840,generation_2,4,15,14,30,18,False,False
qwen3_8b,train,23791840,generation_3,4,15,10,30,14,False,False
qwen3_8b,train,23864035,generation_1,0,4,0,1,0,True,True
qwen3_8b,train,23864035,generation_2,0,4,0,1,0,True,True
qwen3_8b,train,23864035,generation_3,0,4,0,1,0,True,True
qwen3_8b,train,23949582,generation_1,0,5,0,5,0,True,True
qwen3_8b,train,23949582,generation_2,0,5,0,5,0,True,True
qwen3_8b,train,23949582,generation_3,0,5,1,5,1,True,False
qwen3_8b,train,23952588,generation_1,0,2,0,1,0,True,True
qwen3_8b,train,23952588,generation_2,0,2,0,1,0,True,True
qwen3_8b,train,23952588,generation_3,0,2,0,1,0,True,True
qwen3_8b,train,24055495,generation_1,4,14,16,41,20,False,False
qwen3_8b,train,24055495,generation_2,6,14,20,41,26,False,False
qwen3_8b,train,24055495,generation_3,6,14,18,41,24,False,False
qwen3_8b,train,24100257,generation_1,2,3,0,3,2,False,False
qwen3_8b,train,24100257,generation_2,2,3,0,3,2,False,False
qwen3_8b,train,24100257,generation_3,2,3,0,3,2,False,False
qwen3_8b,train,24126708,generation_1,0,10,4,11,4,True,False
qwen3_8b,train,24126708,generation_2,1,10,5,11,6,False,False
qwen3_8b,train,24126708,generation_3,1,10,3,11,4,False,False
qwen3_8b,train,24132704,generation_1,10,16,7,29,17,False,False
qwen3_8b,train,24132704,generation_2,6,16,9,29,15,False,False
qwen3_8b,train,24132704,generation_3,7,16,5,29,12,False,False
qwen3_8b,train,2422478,generation_1,1,4,1,2,2,False,False
qwen3_8b,train,2422478,generation_2,1,4,2,2,3,False,False
qwen3_8b,train,2422478,generation_3,2,4,0,2,2,False,False
qwen3_8b,train,24309294,generation_1,2,10,11,18,13,False,False
qwen3_8b,train,24309294,generation_2,5,10,11,18,16,False,False
qwen3_8b,train,24309294,generation_3,4,10,12,18,16,False,False
qwen3_8b,train,24341598,generation_1,0,6,2,8,2,True,False
qwen3_8b,train,24341598,generation_2,0,6,2,8,2,True,False
qwen3_8b,train,24341598,generation_3,0,6,2,8,2,True,False
qwen3_8b,train,24477591,generation_1,1,10,7,18,8,False,False
qwen3_8b,train,24477591,generation_2,1,10,9,18,10,False,False
qwen3_8b,train,24477591,generation_3,1,10,8,18,9,False,False
qwen3_8b,train,24535067,generation_1,5,7,4,7,9,False,False
qwen3_8b,train,24535067,generation_2,4,7,4,7,8,False,False
qwen3_8b,train,24535067,generation_3,5,7,4,7,9,False,False
qwen3_8b,train,24587916,generation_1,2,8,4,13,6,False,False
qwen3_8b,train,24587916,generation_2,0,8,4,13,4,True,False
qwen3_8b,train,24587916,generation_3,0,8,6,13,6,True,False
qwen3_8b,train,24588023,generation_1,1,1,0,0,1,False,False
qwen3_8b,train,24588023,generation_2,1,1,0,0,1,False,False
qwen3_8b,train,24588023,generation_3,1,1,0,0,1,False,False
qwen3_8b,train,24623966,generation_1,4,12,11,34,15,False,False
qwen3_8b,train,24623966,generation_2,2,12,15,34,17,False,False
qwen3_8b,train,24623966,generation_3,5,12,16,34,21,False,False
qwen3_8b,train,24632946,generation_1,4,13,4,42,8,False,False
qwen3_8b,train,24632946,generation_2,5,13,4,42,9,False,False
qwen3_8b,train,24632946,generation_3,5,13,13,42,18,False,False
qwen3_8b,train,24709919,generation_1,3,6,1,4,4,False,False
qwen3_8b,train,24709919,generation_2,3,6,1,4,4,False,False
qwen3_8b,train,24709919,generation_3,1,6,1,4,2,False,False
qwen3_8b,train,24742750,generation_1,1,2,0,1,1,False,False
qwen3_8b,train,24742750,generation_2,0,2,0,1,0,True,True
qwen3_8b,train,24742750,generation_3,1,2,0,1,1,False,False
qwen3_8b,train,24743235,generation_1,4,8,4,12,8,False,False
qwen3_8b,train,24743235,generation_2,4,8,3,12,7,False,False
qwen3_8b,train,24743235,generation_3,6,8,3,12,9,False,False
qwen3_8b,train,24768818,generation_1,3,19,9,34,12,False,False
qwen3_8b,train,24768818,generation_2,4,19,8,34,12,False,False
qwen3_8b,train,24768818,generation_3,2,19,9,34,11,False,False
qwen3_8b,train,24842192,generation_1,3,20,4,35,7,False,False
qwen3_8b,train,24842192,generation_2,2,20,2,35,4,False,False
qwen3_8b,train,24842192,generation_3,3,20,3,35,6,False,False
qwen3_8b,train,24853300,generation_1,4,12,12,78,16,False,False
qwen3_8b,train,24853300,generation_2,3,12,9,78,12,False,False
qwen3_8b,train,24853300,generation_3,3,12,9,78,12,False,False
qwen3_8b,train,24902786,generation_1,3,13,30,42,33,False,False
qwen3_8b,train,24902786,generation_2,5,13,20,42,25,False,False
qwen3_8b,train,24902786,generation_3,3,13,19,42,22,False,False
qwen3_8b,train,24911645,generation_1,5,15,16,39,21,False,False
qwen3_8b,train,24911645,generation_2,6,15,16,39,22,False,False
qwen3_8b,train,24911645,generation_3,6,15,12,39,18,False,False
qwen3_8b,train,24914936,generation_1,6,10,14,45,20,False,False
qwen3_8b,train,24914936,generation_2,6,10,14,45,20,False,False
qwen3_8b,train,24914936,generation_3,6,10,13,45,19,False,False
qwen3_8b,train,24927617,generation_1,0,8,14,23,14,True,False
qwen3_8b,train,24927617,generation_2,1,8,15,23,16,False,False
qwen3_8b,train,24927617,generation_3,0,8,15,23,15,True,False
qwen3_8b,train,24971338,generation_1,10,23,4,67,14,False,False
qwen3_8b,train,24971338,generation_2,9,23,2,67,11,False,False
qwen3_8b,train,24971338,generation_3,17,23,1,67,18,False,False
qwen3_8b,train,25054547,generation_1,4,13,12,23,16,False,False
qwen3_8b,train,25054547,generation_2,5,13,11,23,16,False,False
qwen3_8b,train,25054547,generation_3,5,13,11,23,16,False,False
qwen3_8b,train,25218136,generation_1,6,15,5,60,11,False,False
qwen3_8b,train,25218136,generation_2,5,15,4,60,9,False,False
qwen3_8b,train,25218136,generation_3,8,15,5,60,13,False,False
qwen3_8b,train,25263533,generation_1,12,26,7,108,19,False,False
qwen3_8b,train,25263533,generation_2,17,26,4,108,21,False,False
qwen3_8b,train,25263533,generation_3,17,26,8,108,25,False,False
qwen3_8b,train,25305591,generation_1,22,27,6,93,28,False,False
qwen3_8b,train,25305591,generation_2,21,27,8,93,29,False,False
qwen3_8b,train,25305591,generation_3,21,27,22,93,43,False,False
qwen3_8b,train,25622904,generation_1,15,26,10,79,25,False,False
qwen3_8b,train,25622904,generation_2,12,26,15,79,27,False,False
qwen3_8b,train,25622904,generation_3,10,26,29,79,39,False,False
qwen3_8b,train,25946186,generation_1,1,13,6,32,7,False,False
qwen3_8b,train,25946186,generation_2,2,13,11,32,13,False,False
qwen3_8b,train,25946186,generation_3,1,13,6,32,7,False,False
qwen3_8b,train,25979836,generation_1,28,53,59,380,87,False,False
qwen3_8b,train,25979836,generation_2,27,53,58,380,85,False,False
qwen3_8b,train,25979836,generation_3,33,53,53,380,86,False,False
qwen3_8b,train,25983002,generation_1,1,9,6,12,7,False,False
qwen3_8b,train,25983002,generation_2,1,9,6,12,7,False,False
qwen3_8b,train,25983002,generation_3,1,9,6,12,7,False,False
qwen3_8b,train,25986755,generation_1,4,16,15,50,19,False,False
qwen3_8b,train,25986755,generation_2,4,16,10,50,14,False,False
qwen3_8b,train,25986755,generation_3,3,16,11,50,14,False,False
qwen3_8b,train,26027517,generation_1,18,31,26,160,44,False,False
qwen3_8b,train,26027517,generation_2,16,31,25,160,41,False,False
qwen3_8b,train,26027517,generation_3,14,31,22,160,36,False,False
qwen3_8b,train,26102294,generation_1,5,14,3,7,8,False,False
qwen3_8b,train,26102294,generation_2,3,14,4,7,7,False,False
qwen3_8b,train,26102294,generation_3,3,14,2,7,5,False,False
qwen3_8b,train,26115410,generation_1,0,1,0,0,0,True,True
qwen3_8b,train,26115410,generation_2,0,1,0,0,0,True,True
qwen3_8b,train,26115410,generation_3,0,1,0,0,0,True,True
qwen3_8b,train,26270232,generation_1,8,25,11,95,19,False,False
qwen3_8b,train,26270232,generation_2,10,25,7,95,17,False,False
qwen3_8b,train,26270232,generation_3,1,25,19,95,20,False,False
qwen3_8b,train,26411452,generation_1,0,7,6,13,6,True,False
qwen3_8b,train,26411452,generation_2,0,7,6,13,6,True,False
qwen3_8b,train,26411452,generation_3,0,7,6,13,6,True,False
qwen3_8b,train,26516699,generation_1,6,59,5,378,11,False,False
qwen3_8b,train,26516699,generation_2,3,59,2,378,5,False,False
qwen3_8b,train,26516699,generation_3,4,59,1,378,5,False,False
qwen3_8b,train,26731607,generation_1,0,1,0,0,0,True,True
qwen3_8b,train,26731607,generation_2,1,1,0,0,1,False,False
qwen3_8b,train,26731607,generation_3,0,1,0,0,0,True,True
qwen3_8b,train,27014915,generation_1,4,21,28,69,32,False,False
qwen3_8b,train,27014915,generation_2,4,21,24,69,28,False,False
qwen3_8b,train,27014915,generation_3,2,21,32,69,34,False,False
qwen3_8b,train,27084744,generation_1,6,30,20,61,26,False,False
qwen3_8b,train,27084744,generation_2,3,30,20,61,23,False,False
qwen3_8b,train,27084744,generation_3,11,30,12,61,23,False,False
qwen3_8b,train,27134166,generation_1,7,14,19,64,26,False,False
qwen3_8b,train,27134166,generation_2,6,14,26,64,32,False,False
qwen3_8b,train,27134166,generation_3,4,14,20,64,24,False,False
qwen3_8b,train,27172902,generation_1,8,17,7,48,15,False,False
qwen3_8b,train,27172902,generation_2,6,17,7,48,13,False,False
qwen3_8b,train,27172902,generation_3,8,17,8,48,16,False,False
qwen3_8b,train,27184800,generation_1,0,5,0,1,0,True,True
qwen3_8b,train,27184800,generation_2,0,5,0,1,0,True,True
qwen3_8b,train,27184800,generation_3,0,5,0,1,0,True,True
qwen3_8b,train,27248656,generation_1,15,37,6,173,21,False,False
qwen3_8b,train,27248656,generation_2,13,37,10,173,23,False,False
qwen3_8b,train,27248656,generation_3,14,37,6,173,20,False,False
qwen3_8b,train,27292643,generation_1,2,6,4,9,6,False,False
qwen3_8b,train,27292643,generation_2,1,6,5,9,6,False,False
qwen3_8b,train,27292643,generation_3,2,6,4,9,6,False,False
qwen3_8b,train,27630165,generation_1,4,14,3,7,7,False,False
qwen3_8b,train,27630165,generation_2,0,14,3,7,3,True,False
qwen3_8b,train,27630165,generation_3,3,14,3,7,6,False,False
qwen3_8b,train,27640183,generation_1,2,6,14,30,16,False,False
qwen3_8b,train,27640183,generation_2,1,6,14,30,15,False,False
qwen3_8b,train,27640183,generation_3,0,6,15,30,15,True,False
qwen3_8b,train,27643404,generation_1,0,9,6,27,6,True,False
qwen3_8b,train,27643404,generation_2,1,9,4,27,5,False,False
qwen3_8b,train,27643404,generation_3,0,9,6,27,6,True,False
qwen3_8b,train,27779699,generation_1,1,10,4,11,5,False,False
qwen3_8b,train,27779699,generation_2,2,10,4,11,6,False,False
qwen3_8b,train,27779699,generation_3,4,10,5,11,9,False,False
qwen3_8b,train,27825100,generation_1,1,10,9,18,10,False,False
qwen3_8b,train,27825100,generation_2,2,10,9,18,11,False,False
qwen3_8b,train,27825100,generation_3,4,10,8,18,12,False,False
qwen3_8b,train,27860244,generation_1,5,19,5,59,10,False,False
qwen3_8b,train,27860244,generation_2,6,19,5,59,11,False,False
qwen3_8b,train,27860244,generation_3,7,19,4,59,11,False,False
qwen3_8b,train,27930654,generation_1,0,7,8,19,8,True,False
qwen3_8b,train,27930654,generation_2,0,7,8,19,8,True,False
qwen3_8b,train,27930654,generation_3,0,7,8,19,8,True,False
qwen3_8b,train,27941998,generation_1,2,16,10,33,12,False,False
qwen3_8b,train,27941998,generation_2,0,16,9,33,9,True,False
qwen3_8b,train,27941998,generation_3,10,16,2,33,12,False,False
qwen3_8b,train,27959382,generation_1,4,8,0,20,4,False,False
qwen3_8b,train,27959382,generation_2,5,8,1,20,6,False,False
qwen3_8b,train,27959382,generation_3,3,8,3,20,6,False,False
qwen3_8b,train,27974047,generation_1,5,24,10,112,15,False,False
qwen3_8b,train,27974047,generation_2,5,24,11,112,16,False,False
qwen3_8b,train,27974047,generation_3,3,24,13,112,16,False,False
qwen3_8b,train,27999109,generation_1,2,10,16,35,18,False,False
qwen3_8b,train,27999109,generation_2,3,10,5,35,8,False,False
qwen3_8b,train,27999109,generation_3,1,10,19,35,20,False,False
qwen3_8b,train,28075473,generation_1,3,13,2,15,5,False,False
qwen3_8b,train,28075473,generation_2,5,13,3,15,8,False,False
qwen3_8b,train,28075473,generation_3,5,13,2,15,7,False,False
qwen3_8b,train,28098423,generation_1,2,10,9,25,11,False,False
qwen3_8b,train,28098423,generation_2,2,10,10,25,12,False,False
qwen3_8b,train,28098423,generation_3,1,10,12,25,13,False,False
qwen3_8b,train,28101574,generation_1,0,7,0,8,0,True,True
qwen3_8b,train,28101574,generation_2,1,7,2,8,3,False,False
qwen3_8b,train,28101574,generation_3,2,7,0,8,2,False,False
qwen3_8b,train,28148288,generation_1,4,9,7,19,11,False,False
qwen3_8b,train,28148288,generation_2,4,9,7,19,11,False,False
qwen3_8b,train,28148288,generation_3,3,9,4,19,7,False,False
qwen3_8b,train,28151486,generation_1,4,8,4,7,8,False,False
qwen3_8b,train,28151486,generation_2,3,8,4,7,7,False,False
qwen3_8b,train,28151486,generation_3,4,8,3,7,7,False,False
qwen3_8b,train,28204828,generation_1,4,16,21,62,25,False,False
qwen3_8b,train,28204828,generation_2,4,16,22,62,26,False,False
qwen3_8b,train,28204828,generation_3,3,16,20,62,23,False,False
qwen3_8b,train,28260056,generation_1,3,16,5,20,8,False,False
qwen3_8b,train,28260056,generation_2,6,16,4,20,10,False,False
qwen3_8b,train,28260056,generation_3,2,16,5,20,7,False,False
qwen3_8b,train,28260077,generation_1,7,16,5,14,12,False,False
qwen3_8b,train,28260077,generation_2,6,16,4,14,10,False,False
qwen3_8b,train,28260077,generation_3,6,16,5,14,11,False,False
qwen3_8b,train,28260110,generation_1,6,20,23,57,29,False,False
qwen3_8b,train,28260110,generation_2,6,20,28,57,34,False,False
qwen3_8b,train,28260110,generation_3,7,20,23,57,30,False,False
qwen3_8b,train,28279980,generation_1,5,17,13,74,18,False,False
qwen3_8b,train,28279980,generation_2,5,17,18,74,23,False,False
qwen3_8b,train,28279980,generation_3,5,17,17,74,22,False,False
qwen3_8b,train,28346429,generation_1,2,7,4,7,6,False,False
qwen3_8b,train,28346429,generation_2,2,7,5,7,7,False,False
qwen3_8b,train,28346429,generation_3,4,7,4,7,8,False,False
qwen3_8b,train,28348168,generation_1,0,3,0,3,0,True,True
qwen3_8b,train,28348168,generation_2,0,3,2,3,2,True,False
qwen3_8b,train,28348168,generation_3,0,3,2,3,2,True,False
qwen3_8b,train,28368423,generation_1,7,18,17,60,24,False,False
qwen3_8b,train,28368423,generation_2,5,18,14,60,19,False,False
qwen3_8b,train,28368423,generation_3,6,18,19,60,25,False,False
qwen3_8b,train,28368537,generation_1,1,7,2,2,3,False,False
qwen3_8b,train,28368537,generation_2,0,7,2,2,2,True,False
qwen3_8b,train,28368537,generation_3,1,7,2,2,3,False,False
qwen3_8b,train,28398555,generation_1,1,10,7,17,8,False,False
qwen3_8b,train,28398555,generation_2,1,10,7,17,8,False,False
qwen3_8b,train,28398555,generation_3,2,10,7,17,9,False,False
qwen3_8b,train,28411266,generation_1,2,10,1,5,3,False,False
qwen3_8b,train,28411266,generation_2,2,10,2,5,4,False,False
qwen3_8b,train,28411266,generation_3,4,10,1,5,5,False,False
qwen3_8b,train,28416580,generation_1,3,16,17,51,20,False,False
qwen3_8b,train,28416580,generation_2,4,16,8,51,12,False,False
qwen3_8b,train,28416580,generation_3,4,16,13,51,17,False,False
qwen3_8b,train,28428256,generation_1,7,17,19,48,26,False,False
qwen3_8b,train,28428256,generation_2,8,17,9,48,17,False,False
qwen3_8b,train,28428256,generation_3,7,17,20,48,27,False,False
qwen3_8b,train,28468941,generation_1,17,25,5,30,22,False,False
qwen3_8b,train,28468941,generation_2,15,25,5,30,20,False,False
qwen3_8b,train,28468941,generation_3,15,25,7,30,22,False,False
qwen3_8b,train,28472177,generation_1,1,36,9,195,10,False,False
qwen3_8b,train,28472177,generation_2,2,36,7,195,9,False,False
qwen3_8b,train,28472177,generation_3,11,36,14,195,25,False,False
qwen3_8b,train,28487437,generation_1,7,13,15,53,22,False,False
qwen3_8b,train,28487437,generation_2,5,13,19,53,24,False,False
qwen3_8b,train,28487437,generation_3,5,13,19,53,24,False,False
qwen3_8b,train,28512644,generation_1,8,27,5,273,13,False,False
qwen3_8b,train,28512644,generation_2,9,27,4,273,13,False,False
qwen3_8b,train,28512644,generation_3,10,27,4,273,14,False,False
qwen3_8b,train,28584052,generation_1,0,5,5,10,5,True,False
qwen3_8b,train,28584052,generation_2,1,5,5,10,6,False,False
qwen3_8b,train,28584052,generation_3,1,5,5,10,6,False,False
qwen3_8b,train,28604678,generation_1,9,10,0,5,9,False,False
qwen3_8b,train,28604678,generation_2,6,10,0,5,6,False,False
qwen3_8b,train,28604678,generation_3,10,10,0,5,10,False,False
qwen3_8b,train,28650467,generation_1,5,13,19,41,24,False,False
qwen3_8b,train,28650467,generation_2,5,13,18,41,23,False,False
qwen3_8b,train,28650467,generation_3,5,13,26,41,31,False,False
qwen3_8b,train,28660748,generation_1,3,14,18,41,21,False,False
qwen3_8b,train,28660748,generation_2,4,14,24,41,28,False,False
qwen3_8b,train,28660748,generation_3,4,14,18,41,22,False,False
qwen3_8b,train,28687665,generation_1,0,3,0,1,0,True,True
qwen3_8b,train,28687665,generation_2,0,3,0,1,0,True,True
qwen3_8b,train,28687665,generation_3,0,3,0,1,0,True,True
qwen3_8b,train,28747658,generation_1,0,27,11,144,11,True,False
qwen3_8b,train,28747658,generation_2,4,27,9,144,13,False,False
qwen3_8b,train,28747658,generation_3,0,27,2,144,2,True,False
qwen3_8b,train,28777492,generation_1,1,11,3,44,4,False,False
qwen3_8b,train,28777492,generation_2,2,11,7,44,9,False,False
qwen3_8b,train,28777492,generation_3,1,11,5,44,6,False,False
qwen3_8b,train,28851297,generation_1,4,16,4,30,8,False,False
qwen3_8b,train,28851297,generation_2,4,16,10,30,14,False,False
qwen3_8b,train,28851297,generation_3,7,16,7,30,14,False,False
qwen3_8b,train,28883039,generation_1,2,10,1,1,3,False,False
qwen3_8b,train,28883039,generation_2,2,10,1,1,3,False,False
qwen3_8b,train,28883039,generation_3,3,10,1,1,4,False,False
qwen3_8b,train,29045486,generation_1,8,25,17,80,25,False,False
qwen3_8b,train,29045486,generation_2,8,25,11,80,19,False,False
qwen3_8b,train,29045486,generation_3,7,25,25,80,32,False,False
qwen3_8b,train,29222418,generation_1,10,11,1,17,11,False,False
qwen3_8b,train,29222418,generation_2,11,11,0,17,11,False,False
qwen3_8b,train,29222418,generation_3,4,11,0,17,4,False,False
qwen3_8b,train,30442153,generation_1,12,38,25,134,37,False,False
qwen3_8b,train,30442153,generation_2,13,38,23,134,36,False,False
qwen3_8b,train,30442153,generation_3,10,38,27,134,37,False,False
qwen3_8b,train,30836660,generation_1,46,51,5,652,51,False,False
qwen3_8b,train,30836660,generation_2,47,51,3,652,50,False,False
qwen3_8b,train,30836660,generation_3,47,51,3,652,50,False,False
qwen3_8b,train,7018927,generation_1,1,4,2,2,3,False,False
qwen3_8b,train,7018927,generation_2,2,4,2,2,4,False,False
qwen3_8b,train,7018927,generation_3,0,4,2,2,2,True,False
qwen3_8b,train,7468724,generation_1,3,5,0,1,3,False,False
qwen3_8b,train,7468724,generation_2,3,5,0,1,3,False,False
qwen3_8b,train,7468724,generation_3,3,5,0,1,3,False,False
qwen3_8b,train,7668252,generation_1,2,4,1,2,3,False,False
qwen3_8b,train,7668252,generation_2,2,4,1,2,3,False,False
qwen3_8b,train,7668252,generation_3,2,4,2,2,4,False,False
qwen3_8b,train,7905839,generation_1,0,6,8,15,8,True,False
qwen3_8b,train,7905839,generation_2,0,6,10,15,10,True,False
qwen3_8b,train,7905839,generation_3,0,6,6,15,6,True,False
qwen3_8b,train,8002973,generation_1,0,1,0,0,0,True,True
qwen3_8b,train,8002973,generation_2,0,1,0,0,0,True,True
qwen3_8b,train,8002973,generation_3,0,1,0,0,0,True,True
qwen3_8b,train,8755918,generation_1,0,2,1,1,1,True,False
qwen3_8b,train,8755918,generation_2,0,2,1,1,1,True,False
qwen3_8b,train,8755918,generation_3,0,2,1,1,1,True,False
qwen3_8b,train,9294109,generation_1,0,2,1,1,1,True,False
qwen3_8b,train,9294109,generation_2,1,2,1,1,2,False,False
qwen3_8b,train,9294109,generation_3,0,2,1,1,1,True,False
qwen3_8b,train,9647766,generation_1,2,6,3,6,5,False,False
qwen3_8b,train,9647766,generation_2,0,6,4,6,4,True,False
qwen3_8b,train,9647766,generation_3,0,6,4,6,4,True,False
qwen3_8b,train,9746003,generation_1,1,6,4,11,5,False,False
qwen3_8b,train,9746003,generation_2,4,6,4,11,8,False,False
qwen3_8b,train,9746003,generation_3,3,6,4,11,7,False,False
