model,split,paper_id,generation,n_relations,n_rare,n_failed,min_prob,mean_prob,num_relations_meta,abstract_words,allowed,passed
qwen3_4b,dev,14510914,generation_1,7,0,4,0.0023289744276553,0.4823537039503987,7,176,0,False
qwen3_4b,dev,14510914,generation_2,7,0,4,0.0025011517573148,0.4880437892529049,7,189,0,False
qwen3_4b,dev,14510914,generation_3,7,0,5,0.0013260185951367,0.3301640437150906,7,246,0,False
qwen3_4b,dev,15018851,generation_1,7,0,3,0.0053794705308973,0.5624706141783723,7,155,0,False
qwen3_4b,dev,15018851,generation_2,7,0,3,0.0049149538390338,0.5618791073959853,7,161,0,False
qwen3_4b,dev,15018851,generation_3,7,0,3,0.0059574926272034,0.562303500449551,7,175,0,False
qwen3_4b,dev,15041272,generation_1,8,0,6,0.000293312157737,0.2517868197464849,8,200,0,False
qwen3_4b,dev,15041272,generation_2,8,0,5,0.0004063284432049,0.34545815809906344,8,181,0,False
qwen3_4b,dev,15041272,generation_3,8,0,4,0.0005229976377449,0.4173677725120796,8,179,0,False
qwen3_4b,dev,15069170,generation_1,6,0,1,0.0019013246055692,0.8047775718926763,6,190,0,False
qwen3_4b,dev,15069170,generation_2,6,0,1,0.0018932925304397,0.8150485473646162,6,159,0,False
qwen3_4b,dev,15069170,generation_3,6,0,1,0.002451762324199,0.8164623056460792,6,165,0,False
qwen3_4b,dev,15086325,generation_1,1,0,0,0.9954921007156372,0.9954921007156372,1,148,0,True
qwen3_4b,dev,15086325,generation_2,1,0,0,0.9778777360916138,0.9778777360916138,1,155,0,True
qwen3_4b,dev,15086325,generation_3,1,0,0,0.9956297874450684,0.9956297874450684,1,181,0,True
qwen3_4b,dev,15096016,generation_1,1,0,0,0.9800564646720886,0.9800564646720886,1,147,0,True
qwen3_4b,dev,15096016,generation_2,1,0,0,0.980124831199646,0.980124831199646,1,188,0,True
qwen3_4b,dev,15096016,generation_3,1,0,0,0.9775713086128236,0.9775713086128236,1,185,0,True
qwen3_4b,dev,15579441,generation_1,5,0,3,0.0106560355052351,0.4120378656312823,5,204,0,False
qwen3_4b,dev,15579441,generation_2,5,0,1,0.0862146019935607,0.7271084666252137,5,176,0,False
qwen3_4b,dev,15579441,generation_3,5,0,4,0.0002156909613404,0.24663016244885508,5,232,0,False
qwen3_4b,dev,15754732,generation_1,9,0,2,0.005404295399785,0.8128585122111771,9,164,1,False
qwen3_4b,dev,15754732,generation_2,9,0,1,0.0164018087089061,0.885800015181303,9,202,1,True
qwen3_4b,dev,15754732,generation_3,9,0,0,0.985041081905365,0.9938265747494168,9,179,1,True
qwen3_4b,dev,15867855,generation_1,4,0,0,0.9055843353271484,0.9696621894836426,4,127,0,True
qwen3_4b,dev,15867855,generation_2,4,0,0,0.9751670956611632,0.9864502251148224,4,169,0,True
qwen3_4b,dev,15867855,generation_3,4,0,0,0.950921356678009,0.9815112203359604,4,150,0,True
qwen3_4b,dev,15951966,generation_1,2,0,0,0.9901220202445984,0.9910653531551361,2,170,0,True
qwen3_4b,dev,15951966,generation_2,2,0,0,0.9935885667800904,0.9936405420303345,2,157,0,True
qwen3_4b,dev,15951966,generation_3,2,0,0,0.9904152154922484,0.991546869277954,2,168,0,True
qwen3_4b,dev,15991002,generation_1,4,0,0,0.5048255920410156,0.7783503085374832,4,136,0,True
qwen3_4b,dev,15991002,generation_2,4,0,0,0.794142484664917,0.9144831597805023,4,141,0,True
qwen3_4b,dev,15991002,generation_3,4,0,1,0.0386177897453308,0.7407455593347549,4,228,0,False
qwen3_4b,dev,16000134,generation_1,5,0,1,0.0866391435265541,0.5982902839779853,5,199,0,False
qwen3_4b,dev,16000134,generation_2,5,0,1,0.1551215946674347,0.7733621656894684,5,172,0,False
qwen3_4b,dev,16000134,generation_3,5,0,1,0.2632560431957245,0.7276485145092011,5,161,0,False
qwen3_4b,dev,16018252,generation_1,1,0,0,0.5410305857658386,0.5410305857658386,1,171,0,True
qwen3_4b,dev,16018252,generation_2,1,0,0,0.8962177634239197,0.8962177634239197,1,202,0,True
qwen3_4b,dev,16018252,generation_3,1,0,1,0.0836210399866104,0.0836210399866104,1,184,0,False
qwen3_4b,dev,16051693,generation_1,5,0,1,0.0008952905773185,0.7677067099022679,5,248,0,False
qwen3_4b,dev,16051693,generation_2,5,0,1,0.0008930609328672,0.7795976886292919,5,175,0,False
qwen3_4b,dev,16051693,generation_3,5,0,1,0.0013169508893042,0.7741271706763655,5,202,0,False
qwen3_4b,dev,16152606,generation_1,4,0,0,0.9909007549285888,0.9911664575338364,4,172,0,True
qwen3_4b,dev,16152606,generation_2,4,0,0,0.9915919303894044,0.9921673238277436,4,126,0,True
qwen3_4b,dev,16152606,generation_3,4,0,0,0.9893600940704346,0.9900003373622894,4,153,0,True
qwen3_4b,dev,16181814,generation_1,3,0,0,0.962384819984436,0.9826593001683553,3,169,0,True
qwen3_4b,dev,16181814,generation_2,3,0,1,0.0275900159031152,0.6699050397922596,3,207,0,False
qwen3_4b,dev,16181814,generation_3,3,0,0,0.6859121322631836,0.8904692927996317,3,184,0,True
qwen3_4b,dev,16225977,generation_1,9,1,0,0.0522919110953807,0.8695982144110732,9,222,1,True
qwen3_4b,dev,16225977,generation_2,9,1,0,0.0525480210781097,0.8731595906946394,9,246,1,True
qwen3_4b,dev,16225977,generation_3,9,1,0,0.0185239501297473,0.8695849267144998,9,246,1,True
qwen3_4b,dev,16277682,generation_1,4,0,1,0.028379026800394,0.7526399651542305,4,199,0,False
qwen3_4b,dev,16277682,generation_2,4,0,1,0.0047860462218523,0.7448544730432332,4,197,0,False
qwen3_4b,dev,16277682,generation_3,4,0,1,0.0212606731802225,0.7509032622911036,4,184,0,False
qwen3_4b,dev,16419642,generation_1,4,0,2,0.0067179091274738,0.4999373536556959,4,137,0,False
qwen3_4b,dev,16419642,generation_2,4,0,1,0.0267900470644235,0.7448708326555789,4,145,0,False
qwen3_4b,dev,16419642,generation_3,4,0,2,0.0028926932718604,0.5129229737794958,4,168,0,False
qwen3_4b,dev,16565833,generation_1,9,0,2,0.0019460623152554,0.7554027807070978,9,132,1,False
qwen3_4b,dev,16565833,generation_2,9,0,2,0.0075051444582641,0.7752225659270253,9,127,1,False
qwen3_4b,dev,16565833,generation_3,9,0,1,0.0229504741728305,0.8661314716769589,9,191,1,True
qwen3_4b,dev,16611040,generation_1,1,0,0,0.9951930046081544,0.9951930046081544,1,161,0,True
qwen3_4b,dev,16611040,generation_2,1,0,0,0.9948397278785706,0.9948397278785706,1,161,0,True
qwen3_4b,dev,16611040,generation_3,1,0,0,0.9917117357254028,0.9917117357254028,1,166,0,True
qwen3_4b,dev,16680561,generation_1,6,1,1,0.0020593234803527,0.6572140217370664,6,184,0,False
qwen3_4b,dev,16680561,generation_2,6,1,1,0.0058070947416126,0.6572725556325166,6,135,0,False
qwen3_4b,dev,16680561,generation_3,6,1,1,0.0191002506762743,0.6468889337653915,6,149,0,False
qwen3_4b,dev,1671881,generation_1,6,0,2,0.0004943963140249,0.5970826642587781,6,171,0,False
qwen3_4b,dev,1671881,generation_2,6,0,2,0.0006420747376978,0.620639921243613,6,162,0,False
qwen3_4b,dev,1671881,generation_3,6,0,2,0.0005275226430967,0.5825092744586678,6,195,0,False
qwen3_4b,dev,16838170,generation_1,14,0,8,0.0020909560844302,0.4187829019002883,14,235,2,False
qwen3_4b,dev,16838170,generation_2,14,0,10,0.0014129679184406,0.3556645196929042,14,202,2,False
qwen3_4b,dev,16838170,generation_3,14,0,10,0.0012393319047987,0.3014751183966707,14,196,2,False
qwen3_4b,dev,16867021,generation_1,12,0,5,0.0039161345921456,0.5647384837502614,12,221,1,False
qwen3_4b,dev,16867021,generation_2,12,0,4,0.0057819699868559,0.6769882267496238,12,231,1,False
qwen3_4b,dev,16867021,generation_3,12,0,4,0.0055250921286642,0.6570859679098552,12,285,1,False
qwen3_4b,dev,16867246,generation_1,6,0,1,0.4853716194629669,0.9000821858644485,6,217,0,False
qwen3_4b,dev,16867246,generation_2,6,0,2,0.0128870205953717,0.6538137105914453,6,215,0,False
qwen3_4b,dev,16867246,generation_3,6,0,0,0.8627296686172485,0.9639673431714376,6,163,0,True
qwen3_4b,dev,17033974,generation_1,6,0,1,0.0196243822574615,0.8130156149466833,6,161,0,False
qwen3_4b,dev,17033974,generation_2,6,0,1,0.0531997084617614,0.82938352227211,6,239,0,False
qwen3_4b,dev,17033974,generation_3,6,0,1,0.0134697202593088,0.8153691431507468,6,198,0,False
qwen3_4b,dev,17042884,generation_1,5,0,2,0.026376437395811,0.6668926917016507,5,279,0,False
qwen3_4b,dev,17042884,generation_2,5,0,0,0.9499555230140686,0.9729132533073426,5,173,0,True
qwen3_4b,dev,17042884,generation_3,5,0,0,0.9433934092521667,0.9694174289703369,5,181,0,True
qwen3_4b,dev,17151160,generation_1,9,1,2,0.0003013667883351,0.6362347611769413,9,192,1,False
qwen3_4b,dev,17151160,generation_2,9,1,7,0.0004522505623754,0.16072731748055144,9,140,1,False
qwen3_4b,dev,17151160,generation_3,9,1,3,0.0003164257504977,0.5842936141481105,9,218,1,False
qwen3_4b,dev,17255138,generation_1,21,3,16,0.0002935504890047,0.09727011438060015,21,218,2,False
qwen3_4b,dev,17255138,generation_2,21,3,16,0.000226354735787,0.09860363839973048,21,234,2,False
qwen3_4b,dev,17255138,generation_3,21,3,17,0.0004740680160466,0.05313132692355703,21,180,2,False
qwen3_4b,dev,17297207,generation_1,8,0,6,0.0062276935204863,0.27575391478603706,8,152,0,False
qwen3_4b,dev,17297207,generation_2,8,0,5,0.0076659331098198,0.38471456570550794,8,173,0,False
qwen3_4b,dev,17297207,generation_3,8,0,7,0.0060224197804927,0.17226694186683741,8,167,0,False
qwen3_4b,dev,17345627,generation_1,16,0,8,0.0001938762288773,0.49888775713225186,16,168,2,False
qwen3_4b,dev,17345627,generation_2,16,0,8,0.0001909349375637,0.4980311324234208,16,177,2,False
qwen3_4b,dev,17345627,generation_3,16,0,8,0.0001937055203597,0.4967467753667733,16,174,2,False
qwen3_4b,dev,17384765,generation_1,9,0,6,0.0002941497368738,0.30787317398870884,9,175,1,False
qwen3_4b,dev,17384765,generation_2,9,0,6,0.0002065750741166,0.3242229487336266,9,164,1,False
qwen3_4b,dev,17384765,generation_3,9,0,5,0.0002704717044252,0.4111893140588007,9,209,1,False
qwen3_4b,dev,17395743,generation_1,7,0,2,0.0377327539026737,0.6880154306335109,7,177,0,False
qwen3_4b,dev,17395743,generation_2,7,0,4,0.0022618435323238,0.46128923505810754,7,163,0,False
qwen3_4b,dev,17395743,generation_3,7,0,4,0.015047688037157,0.44167942606977045,7,165,0,False
qwen3_4b,dev,17397547,generation_1,66,0,54,0.0001902748626889,0.19903837217465145,66,198,2,False
qwen3_4b,dev,17397547,generation_2,66,0,38,0.0001917915942613,0.42500088333525293,66,213,2,False
qwen3_4b,dev,17397547,generation_3,66,0,22,0.0002096842799801,0.6720807108574787,66,280,2,False
qwen3_4b,dev,17445520,generation_1,2,0,2,0.0004740350414067,0.0007848946261218999,2,173,0,False
qwen3_4b,dev,17445520,generation_2,2,0,2,0.0003227975685149,0.00032313476549455,2,197,0,False
qwen3_4b,dev,17445520,generation_3,2,0,2,0.0002679228491615,0.000289901101496,2,170,0,False
qwen3_4b,dev,17549393,generation_1,2,1,0,0.9783298373222352,0.9866710901260376,2,129,0,True
qwen3_4b,dev,17549393,generation_2,2,1,0,0.8615378737449646,0.9281442761421204,2,134,0,True
qwen3_4b,dev,17549393,generation_3,2,1,0,0.3115096986293793,0.6528957337141037,2,160,0,True
qwen3_4b,dev,17600377,generation_1,13,0,6,0.0145812565460801,0.5512780762779024,13,217,2,False
qwen3_4b,dev,17600377,generation_2,13,0,7,0.0139715448021888,0.4929818483785941,13,180,2,False
qwen3_4b,dev,17600377,generation_3,13,0,6,0.0002294931327924,0.5400111398641736,13,187,2,False
qwen3_4b,dev,17608141,generation_1,11,0,8,0.0002879303356166,0.286573648100867,11,226,1,False
qwen3_4b,dev,17608141,generation_2,11,0,6,0.0002477371017448,0.4641511767668734,11,195,1,False
qwen3_4b,dev,17608141,generation_3,11,0,8,0.001065676100552,0.31742623914033175,11,157,1,False
qwen3_4b,dev,17671735,generation_1,2,0,0,0.9717620015144348,0.9840979874134064,2,144,0,True
qwen3_4b,dev,17671735,generation_2,2,0,0,0.9801581501960754,0.9882327020168304,2,225,0,True
qwen3_4b,dev,17671735,generation_3,2,0,0,0.962291181087494,0.9794671833515167,2,171,0,True
qwen3_4b,dev,17943461,generation_1,19,0,5,0.0005414807819761,0.7197885307710079,19,167,2,False
qwen3_4b,dev,17943461,generation_2,19,0,5,0.0001894890883704,0.7385146386705425,19,238,2,False
qwen3_4b,dev,17943461,generation_3,19,0,2,0.0001874308654805,0.886938613710012,19,246,2,True
qwen3_4b,dev,17962394,generation_1,2,0,0,0.9841606020927428,0.9905379712581635,2,135,0,True
qwen3_4b,dev,17962394,generation_2,2,0,0,0.979140281677246,0.9882992208003998,2,147,0,True
qwen3_4b,dev,17962394,generation_3,2,0,0,0.9807915091514589,0.9889027774333954,2,193,0,True
qwen3_4b,dev,17968299,generation_1,1,0,0,0.9870992302894592,0.9870992302894592,1,146,0,True
qwen3_4b,dev,17968299,generation_2,1,0,0,0.9713451862335204,0.9713451862335204,1,172,0,True
qwen3_4b,dev,17968299,generation_3,1,0,0,0.988498032093048,0.988498032093048,1,162,0,True
qwen3_4b,dev,18046082,generation_1,2,1,0,0.9863982796669006,0.990919679403305,2,148,0,True
qwen3_4b,dev,18046082,generation_2,2,1,0,0.9886681437492372,0.9915602207183838,2,133,0,True
qwen3_4b,dev,18046082,generation_3,2,1,0,0.986922800540924,0.9907463788986206,2,151,0,True
qwen3_4b,dev,18162529,generation_1,21,0,8,0.0009250463335774,0.5162608582232635,21,218,2,False
qwen3_4b,dev,18162529,generation_2,21,0,8,0.0065935715101659,0.6046891151040438,21,269,2,False
qwen3_4b,dev,18162529,generation_3,21,0,9,0.0060261348262429,0.5874357995178018,21,210,2,False
qwen3_4b,dev,18308784,generation_1,6,0,4,0.0019805922638624,0.42939449035717797,6,163,0,False
qwen3_4b,dev,18308784,generation_2,6,0,3,0.0129936710000038,0.5046228035353124,6,182,0,False
qwen3_4b,dev,18308784,generation_3,6,0,4,0.0038521087262779,0.33513572086424875,6,208,0,False
qwen3_4b,dev,18385794,generation_1,14,0,6,0.0054677338339388,0.5303156313353351,14,240,2,False
qwen3_4b,dev,18385794,generation_2,14,0,5,0.0007654429646208,0.6333236879353146,14,222,2,False
qwen3_4b,dev,18385794,generation_3,14,0,8,0.0027520325966179,0.44005888949946625,14,197,2,False
qwen3_4b,dev,18951540,generation_1,1,0,0,0.9797348976135254,0.9797348976135254,1,161,0,True
qwen3_4b,dev,18951540,generation_2,1,0,0,0.9800102114677428,0.9800102114677428,1,186,0,True
qwen3_4b,dev,18951540,generation_3,1,0,0,0.9770749807357788,0.9770749807357788,1,164,0,True
qwen3_4b,dev,19300402,generation_1,36,0,24,0.000186427423614,0.3506296022169408,36,265,2,False
qwen3_4b,dev,19300402,generation_2,36,0,23,0.0002404781844234,0.37570224870958346,36,348,2,False
qwen3_4b,dev,19300402,generation_3,36,0,24,0.0002064494474325,0.3450209902083669,36,254,2,False
qwen3_4b,dev,19759529,generation_1,15,0,6,0.0019246304873377,0.5934742925378184,15,223,2,False
qwen3_4b,dev,19759529,generation_2,15,0,6,0.0028293128125369,0.5929205559504529,15,184,2,False
qwen3_4b,dev,19759529,generation_3,15,0,5,0.0011762499343603,0.6545179563729714,15,227,2,False
qwen3_4b,dev,19880293,generation_1,2,0,0,0.9791696667671204,0.9797596037387848,2,143,0,True
qwen3_4b,dev,19880293,generation_2,2,0,0,0.9877146482467652,0.988912969827652,2,140,0,True
qwen3_4b,dev,19880293,generation_3,2,0,0,0.991979956626892,0.9919863343238831,2,202,0,True
qwen3_4b,dev,19914299,generation_1,4,0,0,0.9594659805297852,0.9655547887086868,4,149,0,True
qwen3_4b,dev,19914299,generation_2,4,0,0,0.9601271748542786,0.9682767689228058,4,136,0,True
qwen3_4b,dev,19914299,generation_3,4,0,0,0.9658643007278442,0.9724091291427612,4,163,0,True
qwen3_4b,dev,20126413,generation_1,1,0,0,0.985865354537964,0.985865354537964,1,142,0,True
qwen3_4b,dev,20126413,generation_2,1,0,0,0.9798164963722228,0.9798164963722228,1,171,0,True
qwen3_4b,dev,20126413,generation_3,1,0,0,0.9884655475616456,0.9884655475616456,1,124,0,True
qwen3_4b,dev,20143913,generation_1,1,0,0,0.9949554800987244,0.9949554800987244,1,149,0,True
qwen3_4b,dev,20143913,generation_2,1,0,0,0.9960505366325378,0.9960505366325378,1,184,0,True
qwen3_4b,dev,20143913,generation_3,1,0,0,0.9931868314743042,0.9931868314743042,1,159,0,True
qwen3_4b,dev,20195852,generation_1,6,0,3,0.0345264784991741,0.46010093949735165,6,244,0,False
qwen3_4b,dev,20195852,generation_2,6,0,1,0.0473038479685783,0.809079526613156,6,208,0,False
qwen3_4b,dev,20195852,generation_3,6,0,3,0.0396902784705162,0.5104277258117994,6,178,0,False
qwen3_4b,dev,20540798,generation_1,5,0,1,0.002513188868761,0.7914532221853733,5,137,0,False
qwen3_4b,dev,20540798,generation_2,5,0,2,0.0002442372497171,0.5914542057493236,5,196,0,False
qwen3_4b,dev,20540798,generation_3,5,0,1,0.0003536675940267,0.7915800280286931,5,173,0,False
qwen3_4b,dev,20621845,generation_1,10,0,5,0.0001926352124428,0.5354419884257368,10,170,1,False
qwen3_4b,dev,20621845,generation_2,10,0,4,0.000183513489901,0.546220212879416,10,175,1,False
qwen3_4b,dev,20621845,generation_3,10,0,6,0.0001763381296768,0.40026503490371396,10,166,1,False
qwen3_4b,dev,20682662,generation_1,2,0,1,0.0020031274762004,0.49736490554641927,2,160,0,False
qwen3_4b,dev,20682662,generation_2,2,0,1,0.0017532736528664,0.49779659660998726,2,161,0,False
qwen3_4b,dev,20682662,generation_3,2,0,1,0.0023320007603615,0.4971777343889698,2,139,0,False
qwen3_4b,dev,20801540,generation_1,16,2,7,0.0032929510343819,0.5193210171128158,16,164,2,False
qwen3_4b,dev,20801540,generation_2,16,2,8,0.0017343319486826,0.4753028849227121,16,197,2,False
qwen3_4b,dev,20801540,generation_3,16,2,6,0.0030110005754977,0.5913843006856041,16,138,2,False
qwen3_4b,dev,20859899,generation_1,17,4,8,0.0003846668696496,0.31717887247727683,17,182,2,False
qwen3_4b,dev,20859899,generation_2,17,4,9,0.0012279861839488,0.34730521847000895,17,261,2,False
qwen3_4b,dev,20859899,generation_3,17,4,10,0.0011669918894767,0.2774360438617056,17,275,2,False
qwen3_4b,dev,20959502,generation_1,17,3,4,0.0003150116826873,0.5636059494521332,17,206,2,False
qwen3_4b,dev,20959502,generation_2,17,3,3,0.0003844899474643,0.6265931484453818,17,253,2,False
qwen3_4b,dev,20959502,generation_3,17,3,4,0.0002771058061625,0.561105550842031,17,200,2,False
qwen3_4b,dev,21042587,generation_1,22,1,9,0.0003485583874862,0.6095978946369459,22,209,2,False
qwen3_4b,dev,21042587,generation_2,22,1,6,0.0057741361670196,0.6942265227818015,22,232,2,False
qwen3_4b,dev,21042587,generation_3,22,1,6,0.0006269893492572,0.7097333944852422,22,249,2,False
qwen3_4b,dev,21054465,generation_1,2,0,0,0.9872654676437378,0.9906072616577148,2,167,0,True
qwen3_4b,dev,21054465,generation_2,2,0,0,0.9841289520263672,0.9889144897460938,2,152,0,True
qwen3_4b,dev,21054465,generation_3,2,0,0,0.9814131259918212,0.9866288006305695,2,180,0,True
qwen3_4b,dev,21130517,generation_1,6,0,0,0.8825627565383911,0.9722671409447988,6,160,0,True
qwen3_4b,dev,21130517,generation_2,6,0,0,0.9607312083244324,0.9862850705782572,6,171,0,True
qwen3_4b,dev,21130517,generation_3,6,0,1,0.3768903613090515,0.8736754159132639,6,168,0,False
qwen3_4b,dev,21799811,generation_1,4,0,0,0.846272349357605,0.9397936761379242,4,133,0,True
qwen3_4b,dev,21799811,generation_2,4,0,0,0.9750017523765564,0.9890061318874359,4,137,0,True
qwen3_4b,dev,21799811,generation_3,4,0,0,0.9719288349151612,0.9869817942380905,4,154,0,True
qwen3_4b,dev,21903317,generation_1,6,0,2,0.1037597507238388,0.7165000935395559,6,141,0,False
qwen3_4b,dev,21903317,generation_2,6,0,2,0.0426398925483226,0.6790530737489462,6,157,0,False
qwen3_4b,dev,21903317,generation_3,6,0,2,0.0524793490767478,0.6868845261633396,6,162,0,False
qwen3_4b,dev,22711886,generation_1,15,0,7,0.0002621368330437,0.501999968290329,15,234,2,False
qwen3_4b,dev,22711886,generation_2,15,0,8,0.0002397679927526,0.45396382416850733,15,224,2,False
qwen3_4b,dev,22711886,generation_3,15,0,10,0.0002748993283603,0.3425439549047344,15,247,2,False
qwen3_4b,dev,23285048,generation_1,16,0,7,0.002151324879378,0.5542684902611654,16,175,2,False
qwen3_4b,dev,23285048,generation_2,16,0,2,0.0119247660040855,0.8127266752999276,16,195,2,True
qwen3_4b,dev,23285048,generation_3,16,0,5,0.0063173691742122,0.6761308127024677,16,169,2,False
qwen3_4b,dev,23651211,generation_1,42,0,26,0.0002034362842096,0.37438908046758673,42,241,2,False
qwen3_4b,dev,23651211,generation_2,42,0,27,0.0002385828702244,0.36443927786396146,42,179,2,False
qwen3_4b,dev,23651211,generation_3,42,0,26,0.0002053330099442,0.36431716152479304,42,210,2,False
qwen3_4b,dev,23872883,generation_1,17,0,0,0.9249348640441896,0.9710555041537565,17,180,2,True
qwen3_4b,dev,23872883,generation_2,17,0,1,0.3304682075977325,0.9395440904533162,17,374,2,True
qwen3_4b,dev,23872883,generation_3,17,0,0,0.9340892434120178,0.9781357400557574,17,165,2,True
qwen3_4b,dev,24014394,generation_1,16,0,5,0.0001978943619178,0.6824967138709326,16,213,2,False
qwen3_4b,dev,24014394,generation_2,16,0,5,0.0001911928993649,0.6798598728000798,16,255,2,False
qwen3_4b,dev,24014394,generation_3,16,0,4,0.0009070133673958,0.7481253837577242,16,222,2,False
qwen3_4b,dev,24036311,generation_1,19,3,14,0.0001998150255531,0.19957570941187436,19,200,2,False
qwen3_4b,dev,24036311,generation_2,19,3,13,0.0001908886915771,0.207778193784945,19,237,2,False
qwen3_4b,dev,24036311,generation_3,19,3,10,0.0001852669229265,0.38568539526252266,19,193,2,False
qwen3_4b,dev,24288432,generation_1,20,10,3,0.0002255846920888,0.46251172212432723,20,216,2,False
qwen3_4b,dev,24288432,generation_2,20,10,3,0.00019503859221,0.4772475345118437,20,205,2,False
qwen3_4b,dev,24288432,generation_3,20,10,3,0.000224398827413,0.44193608236091675,20,233,2,False
qwen3_4b,dev,24333387,generation_1,16,0,4,0.0400954969227314,0.7810502990614623,16,164,2,False
qwen3_4b,dev,24333387,generation_2,16,0,3,0.0011830701259896,0.794799770177633,16,222,2,False
qwen3_4b,dev,24333387,generation_3,16,0,3,0.0001862106873886,0.7816197507245306,16,230,2,False
qwen3_4b,dev,24438483,generation_1,13,1,2,0.000505884818267,0.6961999477845473,13,226,2,True
qwen3_4b,dev,24438483,generation_2,13,1,8,0.0004234586376696,0.322611377081977,13,232,2,False
qwen3_4b,dev,24438483,generation_3,13,1,5,0.0005027138977311,0.512195455980523,13,191,2,False
qwen3_4b,dev,25080425,generation_1,12,0,4,0.0003889687359333,0.6766133882726232,12,217,1,False
qwen3_4b,dev,25080425,generation_2,12,0,4,0.0004850545665249,0.6743841709394474,12,167,1,False
qwen3_4b,dev,25080425,generation_3,12,0,4,0.0006355712539516,0.6650703255581902,12,142,1,False
qwen3_4b,dev,25119790,generation_1,17,0,7,0.0002695803996175,0.5854376716169474,17,226,2,False
qwen3_4b,dev,25119790,generation_2,17,0,11,0.000261969922576,0.3891179545590764,17,261,2,False
qwen3_4b,dev,25119790,generation_3,17,0,10,0.0004862275673076,0.45740979388082287,17,206,2,False
qwen3_4b,dev,25550469,generation_1,13,1,8,0.0004140168603044,0.3778427430728558,13,241,2,False
qwen3_4b,dev,25550469,generation_2,13,1,7,0.0003415450337342,0.41892902553529254,13,238,2,False
qwen3_4b,dev,25550469,generation_3,13,1,8,0.000307702604914,0.36630941162897773,13,129,2,False
qwen3_4b,dev,25589620,generation_1,9,0,5,0.0036488252226263,0.4830716232924412,9,218,1,False
qwen3_4b,dev,25589620,generation_2,9,0,2,0.0024294077884405,0.7599884065437235,9,230,1,False
qwen3_4b,dev,25589620,generation_3,9,0,3,0.0130525836721062,0.6889519154404601,9,227,1,False
qwen3_4b,dev,26684240,generation_1,51,0,15,0.0002768749836832,0.7168108692070853,51,238,2,False
qwen3_4b,dev,26684240,generation_2,51,0,6,0.0003281553508713,0.8810753544778837,51,235,2,False
qwen3_4b,dev,26684240,generation_3,51,0,7,0.0003925625933334,0.8511077632577451,51,234,2,False
qwen3_4b,dev,27090298,generation_1,7,0,5,0.0057535846717655,0.2969225946414683,7,212,0,False
qwen3_4b,dev,27090298,generation_2,7,0,4,0.0049597290344536,0.47235522851614015,7,157,0,False
qwen3_4b,dev,27090298,generation_3,7,0,4,0.0089480765163898,0.4211970711393015,7,161,0,False
qwen3_4b,dev,27103577,generation_1,7,0,6,0.0011743238428607,0.1926340042513662,7,222,0,False
qwen3_4b,dev,27103577,generation_2,7,0,3,0.0002022468543145,0.5198642126425901,7,185,0,False
qwen3_4b,dev,27103577,generation_3,7,0,6,0.0012238642666488,0.16093276421140343,7,205,0,False
qwen3_4b,dev,27491646,generation_1,15,0,7,0.0001811474066926,0.5190187933951771,15,239,2,False
qwen3_4b,dev,27491646,generation_2,15,0,5,0.000181365336175,0.6623483269979867,15,308,2,False
qwen3_4b,dev,27491646,generation_3,15,0,6,0.0001820528559619,0.6095666730262261,15,276,2,False
qwen3_4b,dev,27509880,generation_1,17,1,12,0.0002275533188367,0.22667207966835973,17,241,2,False
qwen3_4b,dev,27509880,generation_2,17,1,13,0.0029936900828033,0.2230835428653175,17,279,2,False
qwen3_4b,dev,27509880,generation_3,17,1,11,0.0001865849772002,0.3101958218706867,17,252,2,False
qwen3_4b,dev,27663860,generation_1,8,0,3,0.0015674827154725,0.6047517363622319,8,176,0,False
qwen3_4b,dev,27663860,generation_2,8,0,2,0.0005065475706942,0.7260638900697813,8,197,0,False
qwen3_4b,dev,27663860,generation_3,8,0,5,0.0003453136014286,0.4309465211881615,8,186,0,False
qwen3_4b,dev,27707793,generation_1,5,0,3,0.0150839164853096,0.4723228618502617,5,171,0,False
qwen3_4b,dev,27707793,generation_2,5,0,3,0.0010920556960627,0.4813492733286694,5,133,0,False
qwen3_4b,dev,27707793,generation_3,5,0,2,0.0023419421631842,0.5928538823965936,5,168,0,False
qwen3_4b,dev,27729412,generation_1,15,0,14,0.0002031132025877,0.08112360674907294,15,204,2,False
qwen3_4b,dev,27729412,generation_2,15,0,14,0.0002338489139219,0.08356510380690448,15,196,2,False
qwen3_4b,dev,27729412,generation_3,15,0,13,0.0002450998872518,0.1384713327007678,15,169,2,False
qwen3_4b,dev,27807193,generation_1,8,0,2,0.0004404368228279,0.7371317645302042,8,265,0,False
qwen3_4b,dev,27807193,generation_2,8,0,2,0.0023515420034527,0.739279059576802,8,225,0,False
qwen3_4b,dev,27807193,generation_3,8,0,2,0.0002968625340145,0.7379463844772545,8,153,0,False
qwen3_4b,dev,27840894,generation_1,2,0,1,0.0023247790522873,0.49867654801346367,2,158,0,False
qwen3_4b,dev,27840894,generation_2,2,0,1,0.0021579323802143,0.49864346079994,2,147,0,False
qwen3_4b,dev,27840894,generation_3,2,0,1,0.0052960235625505,0.5000119665637612,2,140,0,False
qwen3_4b,dev,27860185,generation_1,8,0,2,0.0076248464174568,0.7426902067963965,8,209,0,False
qwen3_4b,dev,27860185,generation_2,8,0,3,0.0086155803874135,0.6369721136288717,8,165,0,False
qwen3_4b,dev,27860185,generation_3,8,0,2,0.0073746312409639,0.7446072124876082,8,203,0,False
qwen3_4b,dev,27866394,generation_1,19,0,15,0.0002158909483114,0.24148381027656504,19,207,2,False
qwen3_4b,dev,27866394,generation_2,19,0,16,0.000210451791645,0.18226399246257063,19,162,2,False
qwen3_4b,dev,27866394,generation_3,19,0,16,0.0002003887639148,0.16511962055933266,19,190,2,False
qwen3_4b,dev,28259923,generation_1,12,0,2,0.0189808029681444,0.7658969162342449,12,232,1,False
qwen3_4b,dev,28259923,generation_2,12,0,2,0.0006348241586238,0.7982441988812449,12,202,1,False
qwen3_4b,dev,28259923,generation_3,12,0,2,0.0013524127425625,0.7994960726646241,12,179,1,False
qwen3_4b,dev,28393239,generation_1,7,0,3,0.000713922898285,0.543075569955233,7,168,0,False
qwen3_4b,dev,28393239,generation_2,7,0,3,0.001106182928197,0.5610283946984315,7,149,0,False
qwen3_4b,dev,28393239,generation_3,7,0,3,0.0022446999792009,0.5652255907189101,7,160,0,False
qwen3_4b,dev,28518143,generation_1,31,0,22,0.0003051946987397,0.34709705931562623,31,232,2,False
qwen3_4b,dev,28518143,generation_2,31,0,20,0.0001804456114768,0.3908413427392764,31,228,2,False
qwen3_4b,dev,28518143,generation_3,31,0,23,0.0002824570983648,0.2717675331889862,31,236,2,False
qwen3_4b,dev,29049388,generation_1,9,0,2,0.0043576476164162,0.7751296160018278,9,166,1,False
qwen3_4b,dev,29049388,generation_2,9,0,3,0.0039544343017041,0.6818497283384204,9,180,1,False
qwen3_4b,dev,29049388,generation_3,9,0,2,0.0054997522383928,0.773051636500491,9,163,1,False
qwen3_4b,dev,29183288,generation_1,33,0,26,0.00027297163615,0.21834187237034322,33,224,2,False
qwen3_4b,dev,29183288,generation_2,33,0,26,0.0003085338976234,0.21316760122797196,33,231,2,False
qwen3_4b,dev,29183288,generation_3,33,0,18,0.0001825271901907,0.4430839592709107,33,238,2,False
qwen3_4b,dev,6086495,generation_1,1,0,1,0.0030929455533623,0.0030929455533623,1,132,0,False
qwen3_4b,dev,6086495,generation_2,1,0,0,0.9857609868049622,0.9857609868049622,1,167,0,True
qwen3_4b,dev,6086495,generation_3,1,0,1,0.0075250654481351,0.0075250654481351,1,138,0,False
qwen3_4b,dev,7811247,generation_1,4,0,2,0.0300439726561307,0.4828450311906635,4,168,0,False
qwen3_4b,dev,7811247,generation_2,4,0,2,0.00047258567065,0.39319446333684027,4,209,0,False
qwen3_4b,dev,7811247,generation_3,4,0,3,0.007835236378014,0.2786434434819966,4,155,0,False
qwen3_4b,test,15000256,generation_1,6,0,0,0.8904157876968384,0.9691457450389862,6,171,0,True
qwen3_4b,test,15000256,generation_2,6,0,1,0.0283916108310222,0.8285929082582394,6,152,0,False
qwen3_4b,test,15000256,generation_3,6,0,1,0.0615255683660507,0.8338054195046425,6,185,0,False
qwen3_4b,test,15036754,generation_1,25,6,13,0.0001781902392394,0.3449337208096403,25,264,2,False
qwen3_4b,test,15036754,generation_2,25,6,11,0.0001794146955944,0.3852821198105812,25,256,2,False
qwen3_4b,test,15036754,generation_3,25,6,11,0.0002614205004647,0.36949001317378133,25,216,2,False
qwen3_4b,test,15111599,generation_1,2,0,0,0.9942329525947572,0.9959199130535126,2,145,0,True
qwen3_4b,test,15111599,generation_2,2,0,0,0.9927323460578918,0.9946722388267517,2,103,0,True
qwen3_4b,test,15111599,generation_3,2,0,0,0.9939582347869872,0.9957039058208466,2,151,0,True
qwen3_4b,test,15130900,generation_1,2,0,1,0.0138685051351785,0.49482664186507463,2,111,0,False
qwen3_4b,test,15130900,generation_2,2,0,1,0.0125830294564366,0.4945264221169055,2,169,0,False
qwen3_4b,test,15130900,generation_3,2,0,1,0.0189602188766002,0.4967233743518591,2,186,0,False
qwen3_4b,test,15233872,generation_1,7,0,3,0.000339087418979,0.5769594727275295,7,141,0,False
qwen3_4b,test,15233872,generation_2,7,0,3,0.0008195805712603,0.5768103000757817,7,129,0,False
qwen3_4b,test,15233872,generation_3,7,0,3,0.0007328493520617,0.6423622512125543,7,155,0,False
qwen3_4b,test,15459975,generation_1,1,0,0,0.9932317733764648,0.9932317733764648,1,156,0,True
qwen3_4b,test,15459975,generation_2,1,0,0,0.9947270750999452,0.9947270750999452,1,143,0,True
qwen3_4b,test,15459975,generation_3,1,0,0,0.9943733215332032,0.9943733215332032,1,157,0,True
qwen3_4b,test,15464247,generation_1,1,0,0,0.997663140296936,0.997663140296936,1,142,0,True
qwen3_4b,test,15464247,generation_2,1,0,0,0.9979546070098876,0.9979546070098876,1,126,0,True
qwen3_4b,test,15464247,generation_3,1,0,0,0.9977579712867736,0.9977579712867736,1,131,0,True
qwen3_4b,test,15485686,generation_1,12,0,3,0.0038703449536114,0.7601346882098975,12,244,1,False
qwen3_4b,test,15485686,generation_2,12,0,1,0.0142754297703504,0.8997189252016445,12,210,1,True
qwen3_4b,test,15485686,generation_3,12,0,0,0.7541102766990662,0.9649288753668467,12,233,1,True
qwen3_4b,test,15668505,generation_1,6,0,2,0.0286909565329551,0.6742283596346775,6,141,0,False
qwen3_4b,test,15668505,generation_2,6,0,2,0.0101463086903095,0.6649095729614297,6,135,0,False
qwen3_4b,test,15668505,generation_3,6,0,2,0.0547316782176494,0.6812093574553728,6,142,0,False
qwen3_4b,test,15673851,generation_1,12,0,5,0.0093721328303217,0.599986995337531,12,191,1,False
qwen3_4b,test,15673851,generation_2,12,0,4,0.0130538055673241,0.6453493367880583,12,206,1,False
qwen3_4b,test,15673851,generation_3,12,0,5,0.0088459001854062,0.5917587069173654,12,206,1,False
qwen3_4b,test,15811908,generation_1,17,2,13,0.0013364288024604,0.1554763670736814,17,222,2,False
qwen3_4b,test,15811908,generation_2,17,2,10,0.001291493885219,0.3485583456315319,17,235,2,False
qwen3_4b,test,15811908,generation_3,17,2,8,0.0004561949754133,0.4009731974185663,17,196,2,False
qwen3_4b,test,15818664,generation_1,4,0,2,0.0235435217618942,0.5101329032331705,4,158,0,False
qwen3_4b,test,15818664,generation_2,4,0,1,0.0079415244981646,0.7182185004930943,4,174,0,False
qwen3_4b,test,15818664,generation_3,4,0,1,0.0046985745429992,0.7453685104846954,4,190,0,False
qwen3_4b,test,15820770,generation_1,6,0,5,0.00039359999937,0.20539493529455888,6,178,0,False
qwen3_4b,test,15820770,generation_2,6,0,6,0.0013437420129776,0.02236126708642885,6,204,0,False
qwen3_4b,test,15820770,generation_3,6,0,3,0.0335589498281478,0.5124148254593213,6,261,0,False
qwen3_4b,test,15824163,generation_1,1,0,0,0.995354413986206,0.995354413986206,1,158,0,True
qwen3_4b,test,15824163,generation_2,1,0,0,0.9946711659431458,0.9946711659431458,1,142,0,True
qwen3_4b,test,15824163,generation_3,1,0,0,0.9969086050987244,0.9969086050987244,1,144,0,True
qwen3_4b,test,15987266,generation_1,5,0,4,0.0004110747540835,0.20712633228977212,5,181,0,False
qwen3_4b,test,15987266,generation_2,5,0,4,0.0003639403148554,0.2105536959948949,5,184,0,False
qwen3_4b,test,15987266,generation_3,5,0,4,0.0005024679121561,0.20664327373960983,5,162,0,False
qwen3_4b,test,16046395,generation_1,3,0,1,0.0016471180133521,0.6639545968112845,3,228,0,False
qwen3_4b,test,16046395,generation_2,3,0,1,0.0008768230327405,0.6636606385194076,3,199,0,False
qwen3_4b,test,16046395,generation_3,3,0,1,0.0010043225483968,0.6641670214400316,3,168,0,False
qwen3_4b,test,16112787,generation_1,15,0,5,0.0031454141717404,0.6254748637322336,15,233,2,False
qwen3_4b,test,16112787,generation_2,15,0,6,0.0006400134880095,0.6134411133360118,15,227,2,False
qwen3_4b,test,16112787,generation_3,15,0,5,0.0007736440165899,0.6583102732237118,15,209,2,False
qwen3_4b,test,16116131,generation_1,2,0,0,0.9803070425987244,0.9807374775409698,2,197,0,True
qwen3_4b,test,16116131,generation_2,2,0,0,0.980463683605194,0.9808636605739594,2,163,0,True
qwen3_4b,test,16116131,generation_3,2,0,0,0.9806640148162842,0.9815914630889893,2,225,0,True
qwen3_4b,test,16186368,generation_1,3,0,2,0.0149076515808701,0.3457470688348015,3,130,0,False
qwen3_4b,test,16186368,generation_2,3,0,2,0.0045482399873435,0.3356097514430682,3,148,0,False
qwen3_4b,test,16186368,generation_3,3,0,2,0.009288185276091,0.3392293437694509,3,154,0,False
qwen3_4b,test,16252083,generation_1,6,0,3,0.0012123684864491,0.5037926852625484,6,159,0,False
qwen3_4b,test,16252083,generation_2,6,0,3,0.0008460754179395,0.5069624434787935,6,225,0,False
qwen3_4b,test,16252083,generation_3,6,0,3,0.0009586949599906,0.5080269126337952,6,167,0,False
qwen3_4b,test,16330669,generation_1,7,0,0,0.9933413863182068,0.996858034815107,7,210,0,True
qwen3_4b,test,16330669,generation_2,7,0,0,0.993906795978546,0.9967883314405169,7,151,0,True
qwen3_4b,test,16330669,generation_3,7,0,0,0.934719741344452,0.9866584283964974,7,226,0,True
qwen3_4b,test,16428827,generation_1,9,0,4,0.0167699549347162,0.6151620358642604,9,269,1,False
qwen3_4b,test,16428827,generation_2,9,0,3,0.0707080885767936,0.6422526008552976,9,213,1,False
qwen3_4b,test,16428827,generation_3,9,0,3,0.0716457143425941,0.6975581207209163,9,255,1,False
qwen3_4b,test,16629641,generation_1,14,1,9,0.0020566226448863,0.3610934913989955,14,296,2,False
qwen3_4b,test,16629641,generation_2,14,1,6,0.0031541606876999,0.5182877286071224,14,260,2,False
qwen3_4b,test,16629641,generation_3,14,1,5,0.0040858746506273,0.5745434062888047,14,235,2,False
qwen3_4b,test,16731636,generation_1,11,0,5,0.0037050589453428,0.5381760986479507,11,178,1,False
qwen3_4b,test,16731636,generation_2,11,0,5,0.0026026926934719,0.5472128975459121,11,186,1,False
qwen3_4b,test,16731636,generation_3,11,0,3,0.0010035976301878,0.722278825155544,11,192,1,False
qwen3_4b,test,16820346,generation_1,7,0,6,0.005136598367244,0.15183970485148682,7,235,0,False
qwen3_4b,test,16820346,generation_2,7,0,3,0.0215066615492105,0.5901238889034305,7,128,0,False
qwen3_4b,test,16820346,generation_3,7,0,4,0.007744800299406,0.4373731438868812,7,140,0,False
qwen3_4b,test,16840830,generation_1,1,0,0,0.9961679577827454,0.9961679577827454,1,161,0,True
qwen3_4b,test,16840830,generation_2,1,0,0,0.9966020584106444,0.9966020584106444,1,163,0,True
qwen3_4b,test,16840830,generation_3,1,0,0,0.9950279593467712,0.9950279593467712,1,127,0,True
qwen3_4b,test,16844102,generation_1,24,0,11,0.0002088952169287,0.5026732621081464,24,203,2,False
qwen3_4b,test,16844102,generation_2,24,0,12,0.0002228748926427,0.4893815904148748,24,216,2,False
qwen3_4b,test,16844102,generation_3,24,0,13,0.0002206210774602,0.46141376099512854,24,233,2,False
qwen3_4b,test,16849419,generation_1,3,0,1,0.0233716629445552,0.6597124425073465,3,142,0,False
qwen3_4b,test,16849419,generation_2,3,0,2,0.1350391656160354,0.45282094180583954,3,154,0,False
qwen3_4b,test,16849419,generation_3,3,0,1,0.0236502736806869,0.6587523172299067,3,151,0,False
qwen3_4b,test,16970763,generation_1,3,0,0,0.9948122501373292,0.9952597816785177,3,191,0,True
qwen3_4b,test,16970763,generation_2,3,0,0,0.9955593347549438,0.9957631230354309,3,162,0,True
qwen3_4b,test,16970763,generation_3,3,0,0,0.9954594969749452,0.9957129557927451,3,163,0,True
qwen3_4b,test,17003923,generation_1,15,0,1,0.1701379418373108,0.9236488580703736,15,140,2,True
qwen3_4b,test,17003923,generation_2,15,0,2,0.0057434104382991,0.8781295575201511,15,180,2,True
qwen3_4b,test,17003923,generation_3,15,0,4,0.0212878473103046,0.7310379075507323,15,221,2,False
qwen3_4b,test,17059986,generation_1,7,1,3,0.0034842020832002,0.44314746246007936,7,149,0,False
qwen3_4b,test,17059986,generation_2,7,1,3,0.0006836115499027,0.4561656489386223,7,194,0,False
qwen3_4b,test,17059986,generation_3,7,1,3,0.0006839630659669,0.4207809632311442,7,173,0,False
qwen3_4b,test,17166870,generation_1,4,1,0,0.6640247106552124,0.9120974987745285,4,163,0,True
qwen3_4b,test,17166870,generation_2,4,1,0,0.9265791177749634,0.9779233783483505,4,149,0,True
qwen3_4b,test,17166870,generation_3,4,1,0,0.729263961315155,0.9277650117874144,4,198,0,True
qwen3_4b,test,17491223,generation_1,2,0,1,0.0106694400310516,0.364203616976738,2,120,0,False
qwen3_4b,test,17491223,generation_2,2,0,2,0.0090915691107511,0.010874637868255349,2,208,0,False
qwen3_4b,test,17491223,generation_3,2,0,1,0.0085367392748594,0.49193533416837454,2,131,0,False
qwen3_4b,test,17511042,generation_1,7,1,3,0.0127718923613429,0.4077702426750745,7,199,0,False
qwen3_4b,test,17511042,generation_2,7,1,2,0.0376078374683856,0.6078954812671457,7,155,0,False
qwen3_4b,test,17511042,generation_3,7,1,2,0.0214805658906698,0.575228721701673,7,204,0,False
qwen3_4b,test,17562951,generation_1,6,1,2,0.0003142974164802,0.492250804095723,6,160,0,False
qwen3_4b,test,17562951,generation_2,6,1,2,0.0003207300615031,0.4955233182554366,6,160,0,False
qwen3_4b,test,17562951,generation_3,6,1,2,0.0002751786087173,0.49970759867089026,6,161,0,False
qwen3_4b,test,17879945,generation_1,10,0,4,0.0028454277198761,0.5624650014331565,10,178,1,False
qwen3_4b,test,17879945,generation_2,10,0,6,0.0064139449968934,0.4265521941706538,10,257,1,False
qwen3_4b,test,17879945,generation_3,10,0,6,0.0039813541807234,0.4216369478031992,10,177,1,False
qwen3_4b,test,17935240,generation_1,1,0,0,0.9959380626678468,0.9959380626678468,1,155,0,True
qwen3_4b,test,17935240,generation_2,1,0,0,0.9958428740501404,0.9958428740501404,1,147,0,True
qwen3_4b,test,17935240,generation_3,1,0,0,0.9962003827095032,0.9962003827095032,1,168,0,True
qwen3_4b,test,18179903,generation_1,3,0,2,0.0075294822454452,0.3379681960990031,3,172,0,False
qwen3_4b,test,18179903,generation_2,3,0,2,0.025836681947112,0.35569220222532744,3,163,0,False
qwen3_4b,test,18179903,generation_3,3,0,2,0.0081501482054591,0.3385666587079565,3,159,0,False
qwen3_4b,test,18257781,generation_1,3,0,0,0.8860051035881042,0.9595916867256165,3,147,0,True
qwen3_4b,test,18257781,generation_2,3,0,1,0.3019468486309051,0.765007883310318,3,170,0,False
qwen3_4b,test,18257781,generation_3,3,0,0,0.8912363648414612,0.9615460236867269,3,174,0,True
qwen3_4b,test,18399341,generation_1,1,0,1,0.0338273532688617,0.0338273532688617,1,164,0,False
qwen3_4b,test,18399341,generation_2,1,0,1,0.0024497106205672,0.0024497106205672,1,137,0,False
qwen3_4b,test,18399341,generation_3,1,0,0,0.7830162644386292,0.7830162644386292,1,151,0,True
qwen3_4b,test,18439803,generation_1,14,1,2,0.0095027983188629,0.7869844053472791,14,164,2,True
qwen3_4b,test,18439803,generation_2,14,1,3,0.0134051293134689,0.7259556933173111,14,220,2,False
qwen3_4b,test,18439803,generation_3,14,1,3,0.0101397735998034,0.7148978842555412,14,182,2,False
qwen3_4b,test,18441470,generation_1,4,0,1,0.0301461163908243,0.7387966350652277,4,156,0,False
qwen3_4b,test,18441470,generation_2,4,0,2,0.0060626114718616,0.492497137747705,4,176,0,False
qwen3_4b,test,18441470,generation_3,4,0,2,0.0122984750196337,0.5027281201910226,4,179,0,False
qwen3_4b,test,18457324,generation_1,15,0,5,0.0003234303148929,0.6199579928768799,15,271,2,False
qwen3_4b,test,18457324,generation_2,15,0,7,0.0005869597080163,0.5669348330974269,15,250,2,False
qwen3_4b,test,18457324,generation_3,15,0,5,0.0012509456137195,0.6068996447371319,15,210,2,False
qwen3_4b,test,1848636,generation_1,7,0,4,0.0294849127531051,0.46021496823855806,7,176,0,False
qwen3_4b,test,1848636,generation_2,7,0,5,0.0077454890124499,0.3475378402508795,7,215,0,False
qwen3_4b,test,1848636,generation_3,7,0,5,0.0145576708018779,0.3610429311437266,7,190,0,False
qwen3_4b,test,18503483,generation_1,6,1,3,0.0010265681194141,0.3303985886159353,6,173,0,False
qwen3_4b,test,18503483,generation_2,6,1,2,0.0005507068708539,0.49272169452160597,6,147,0,False
qwen3_4b,test,18503483,generation_3,6,1,2,0.0006388832116499,0.4895146813748094,6,155,0,False
qwen3_4b,test,18507837,generation_1,11,0,2,0.0002229273959528,0.8290332561247685,11,171,1,False
qwen3_4b,test,18507837,generation_2,11,0,2,0.0005256194272078,0.8135113610769622,11,180,1,False
qwen3_4b,test,18507837,generation_3,11,0,2,0.0002171432133764,0.8246176733677699,11,152,1,False
qwen3_4b,test,18991055,generation_1,11,0,2,0.0002746952231973,0.8074556883445687,11,178,1,False
qwen3_4b,test,18991055,generation_2,11,0,2,0.0002641058817971,0.8090665067588403,11,175,1,False
qwen3_4b,test,18991055,generation_3,11,0,2,0.0003955580759793,0.809017759938301,11,172,1,False
qwen3_4b,test,19207031,generation_1,2,0,2,0.0030919781420379,0.0052567754173650505,2,157,0,False
qwen3_4b,test,19207031,generation_2,2,0,2,0.0010311232181265,0.00152077228995035,2,136,0,False
qwen3_4b,test,19207031,generation_3,2,0,2,0.0029402282088994,0.00390284834429615,2,169,0,False
qwen3_4b,test,19208385,generation_1,5,0,0,0.9905001521110536,0.9939772367477417,5,177,0,True
qwen3_4b,test,19208385,generation_2,5,0,0,0.9958426356315612,0.9963356375694274,5,188,0,True
qwen3_4b,test,19208385,generation_3,5,0,0,0.9951752424240112,0.9959075331687928,5,168,0,True
qwen3_4b,test,19276632,generation_1,11,0,7,0.0239898059517145,0.45215485973114317,11,173,1,False
qwen3_4b,test,19276632,generation_2,11,0,1,0.1475059986114502,0.8631985946135088,11,187,1,True
qwen3_4b,test,19276632,generation_3,11,0,6,0.0220362301915884,0.49893005954271014,11,156,1,False
qwen3_4b,test,19353688,generation_1,2,0,0,0.997301697731018,0.9974548816680908,2,184,0,True
qwen3_4b,test,19353688,generation_2,2,0,0,0.9962862730026244,0.9965055286884308,2,129,0,True
qwen3_4b,test,19353688,generation_3,2,0,1,0.0094668259844183,0.501437037717551,2,136,0,False
qwen3_4b,test,19394258,generation_1,2,0,0,0.9912720322608948,0.9925375878810883,2,182,0,True
qwen3_4b,test,19394258,generation_2,2,0,0,0.9956236481666564,0.995624452829361,2,172,0,True
qwen3_4b,test,19394258,generation_3,2,0,0,0.9920273423194884,0.9928034842014313,2,148,0,True
qwen3_4b,test,19484664,generation_1,1,0,0,0.998040735721588,0.998040735721588,1,160,0,True
qwen3_4b,test,19484664,generation_2,1,0,0,0.997300922870636,0.997300922870636,1,133,0,True
qwen3_4b,test,19484664,generation_3,1,0,0,0.9976403713226318,0.9976403713226318,1,200,0,True
qwen3_4b,test,19531695,generation_1,8,1,2,0.0143691077828407,0.7181163905188441,8,187,0,False
qwen3_4b,test,19531695,generation_2,8,1,1,0.267197847366333,0.8338709399104118,8,200,0,False
qwen3_4b,test,19531695,generation_3,8,1,3,0.0076851272024214,0.6426692139939405,8,196,0,False
qwen3_4b,test,19565319,generation_1,11,0,4,0.0087565444409847,0.6351874809373509,11,190,1,False
qwen3_4b,test,19565319,generation_2,11,0,4,0.0303401891142129,0.6484244738451459,11,205,1,False
qwen3_4b,test,19565319,generation_3,11,0,4,0.0012223368976265,0.6272649687757208,11,166,1,False
qwen3_4b,test,19681452,generation_1,13,0,2,0.010693117044866,0.8310272632023463,13,200,2,True
qwen3_4b,test,19681452,generation_2,13,0,2,0.0562423430383205,0.8447775304890596,13,190,2,True
qwen3_4b,test,19681452,generation_3,13,0,5,0.0014361118664965,0.638526774611539,13,207,2,False
qwen3_4b,test,19789368,generation_1,11,1,9,0.0003484195040073,0.15713375350672074,11,276,1,False
qwen3_4b,test,19789368,generation_2,11,1,9,0.0003326841979287,0.14520451436295512,11,252,1,False
qwen3_4b,test,19789368,generation_3,11,1,9,0.0004478548944462,0.14823222721514118,11,177,1,False
qwen3_4b,test,19957053,generation_1,5,1,2,0.0003396501997485,0.3472112355055287,5,150,0,False
qwen3_4b,test,19957053,generation_2,5,1,0,0.0073440121486783,0.7781395444646477,5,121,0,True
qwen3_4b,test,19957053,generation_3,5,1,2,0.0003512406547088,0.38584831581101753,5,145,0,False
qwen3_4b,test,20534762,generation_1,2,0,0,0.9878966808319092,0.9907559752464294,2,180,0,True
qwen3_4b,test,20534762,generation_2,2,0,0,0.9942394495010376,0.9946027100086212,2,155,0,True
qwen3_4b,test,20534762,generation_3,2,0,0,0.9665923118591307,0.9802585542201996,2,168,0,True
qwen3_4b,test,20648600,generation_1,15,1,6,0.0017256718128919,0.5382942708364378,15,253,2,False
qwen3_4b,test,20648600,generation_2,15,1,5,0.0008298180764541,0.6204764917182426,15,267,2,False
qwen3_4b,test,20648600,generation_3,15,1,5,0.0031349519267678,0.590006771683693,15,261,2,False
qwen3_4b,test,20705401,generation_1,19,0,8,0.0147734591737389,0.598143638013617,19,211,2,False
qwen3_4b,test,20705401,generation_2,19,0,6,0.0087183369323611,0.6737394021627935,19,207,2,False
qwen3_4b,test,20705401,generation_3,19,0,5,0.0069171502254903,0.7245584653543407,19,253,2,False
qwen3_4b,test,20709368,generation_1,4,0,2,0.027891619130969,0.5296067181043327,4,149,0,False
qwen3_4b,test,20709368,generation_2,4,0,2,0.0080140214413404,0.5096287601627408,4,163,0,False
qwen3_4b,test,20709368,generation_3,4,0,2,0.0078945830464363,0.5025830371305346,4,121,0,False
qwen3_4b,test,21126715,generation_1,4,0,0,0.9949185252189636,0.9963572472333908,4,155,0,True
qwen3_4b,test,21126715,generation_2,4,0,0,0.9940937161445618,0.9951684325933456,4,137,0,True
qwen3_4b,test,21126715,generation_3,4,0,0,0.9916977882385254,0.9938884228467941,4,135,0,True
qwen3_4b,test,21219851,generation_1,4,0,3,0.0106262899935245,0.2616405147127807,4,152,0,False
qwen3_4b,test,21219851,generation_2,4,0,3,0.0218307487666606,0.2700116615742445,4,157,0,False
qwen3_4b,test,21219851,generation_3,4,0,3,0.0012412121286615,0.25098904900369234,4,176,0,False
qwen3_4b,test,21405999,generation_1,15,1,6,0.0008459294913336,0.5972592961974442,15,160,2,False
qwen3_4b,test,21405999,generation_2,15,1,6,0.0007107634446583,0.5835373159497976,15,185,2,False
qwen3_4b,test,21405999,generation_3,15,1,6,0.0028455830179154,0.5971291774262985,15,222,2,False
qwen3_4b,test,21684788,generation_1,4,0,0,0.9953109622001648,0.9962680041790009,4,168,0,True
qwen3_4b,test,21684788,generation_2,4,0,0,0.9949095845222472,0.9960383027791977,4,143,0,True
qwen3_4b,test,21684788,generation_3,4,0,0,0.9950113296508788,0.9958683401346207,4,172,0,True
qwen3_4b,test,21750150,generation_1,8,0,3,0.0124483238905668,0.6241145399399102,8,210,0,False
qwen3_4b,test,21750150,generation_2,8,0,3,0.0089948223903775,0.620555805042386,8,206,0,False
qwen3_4b,test,21750150,generation_3,8,0,3,0.0324386730790138,0.6359596317633986,8,222,0,False
qwen3_4b,test,21879313,generation_1,21,1,8,0.0003473996184766,0.5896209349767083,21,261,2,False
qwen3_4b,test,21879313,generation_2,21,1,8,0.0008865968557074,0.5944155945963714,21,187,2,False
qwen3_4b,test,21879313,generation_3,21,1,6,0.0002975732204504,0.6782674004345954,21,239,2,False
qwen3_4b,test,21976953,generation_1,1,0,0,0.9963655471801758,0.9963655471801758,1,160,0,True
qwen3_4b,test,21976953,generation_2,1,0,0,0.9964205026626588,0.9964205026626588,1,204,0,True
qwen3_4b,test,21976953,generation_3,1,0,0,0.9962117671966552,0.9962117671966552,1,150,0,True
qwen3_4b,test,22369755,generation_1,32,0,19,0.0002172092936234,0.36938835087448746,32,227,2,False
qwen3_4b,test,22369755,generation_2,32,0,23,0.0002141189179383,0.29712946412246305,32,221,2,False
qwen3_4b,test,22369755,generation_3,32,0,22,0.0002432071050861,0.31219881611059463,32,266,2,False
qwen3_4b,test,22729903,generation_1,6,0,2,0.0002089175395667,0.6594863790960517,6,188,0,False
qwen3_4b,test,22729903,generation_2,6,0,2,0.000214697283809,0.6583412781692459,6,208,0,False
qwen3_4b,test,22729903,generation_3,6,0,1,0.0002041681000264,0.8216030336649661,6,190,0,False
qwen3_4b,test,23069675,generation_1,15,0,8,0.0002579596766736,0.46177431381074713,15,282,2,False
qwen3_4b,test,23069675,generation_2,15,0,7,0.0002383095998084,0.5303639017870105,15,234,2,False
qwen3_4b,test,23069675,generation_3,15,0,10,0.0002333130832994,0.35562401008695205,15,261,2,False
qwen3_4b,test,24114426,generation_1,4,0,0,0.9780482053756714,0.978745698928833,4,184,0,True
qwen3_4b,test,24114426,generation_2,4,0,0,0.9814188480377196,0.9819927513599396,4,160,0,True
qwen3_4b,test,24114426,generation_3,4,0,0,0.9803234338760376,0.9815520495176315,4,151,0,True
qwen3_4b,test,24442316,generation_1,21,0,9,0.0002402556565357,0.5825511422472551,21,260,2,False
qwen3_4b,test,24442316,generation_2,21,0,12,0.000218173401663,0.4195364770698472,21,220,2,False
qwen3_4b,test,24442316,generation_3,21,0,8,0.0006610522395931,0.5931686081263857,21,279,2,False
qwen3_4b,test,24671324,generation_1,12,3,2,0.0043056081049144,0.602888677890102,12,137,1,False
qwen3_4b,test,24671324,generation_2,12,3,1,0.0225025098770856,0.6779013021538655,12,144,1,True
qwen3_4b,test,24671324,generation_3,12,3,3,0.0008259906899183,0.5016896651456287,12,224,1,False
qwen3_4b,test,24717468,generation_1,5,1,0,0.0844885930418968,0.8007831975817681,5,143,0,True
qwen3_4b,test,24717468,generation_2,5,1,0,0.039537351578474,0.7913416467607022,5,139,0,True
qwen3_4b,test,24717468,generation_3,5,1,0,0.1535245776176452,0.8156017184257507,5,156,0,True
qwen3_4b,test,24739405,generation_1,6,1,0,0.0353331379592418,0.7722688385595878,6,189,0,True
qwen3_4b,test,24739405,generation_2,6,1,0,0.0276647228747606,0.8216771983231107,6,184,0,True
qwen3_4b,test,24739405,generation_3,6,1,0,0.0567055866122245,0.8260013349354267,6,255,0,True
qwen3_4b,test,24840785,generation_1,8,0,3,0.0006639788043685,0.5701429849505075,8,164,0,False
qwen3_4b,test,24840785,generation_2,8,0,5,0.0053846156224608,0.41214615281205624,8,179,0,False
qwen3_4b,test,24840785,generation_3,8,0,5,0.0003149540279991,0.4555696065435768,8,195,0,False
qwen3_4b,test,2491010,generation_1,1,0,1,0.138167604804039,0.138167604804039,1,180,0,False
qwen3_4b,test,2491010,generation_2,1,0,0,0.8213352560997009,0.8213352560997009,1,148,0,True
qwen3_4b,test,2491010,generation_3,1,0,1,0.0470099374651908,0.0470099374651908,1,174,0,False
qwen3_4b,test,25006961,generation_1,12,0,9,0.0003023291064891,0.30705957189638866,12,186,1,False
qwen3_4b,test,25006961,generation_2,12,0,7,0.0002763235534075,0.39487129463668674,12,174,1,False
qwen3_4b,test,25006961,generation_3,12,0,7,0.0003763434069696,0.3648004191321282,12,236,1,False
qwen3_4b,test,25277705,generation_1,45,0,36,0.0001961517846211,0.2202941681352159,45,233,2,False
qwen3_4b,test,25277705,generation_2,45,0,31,0.0001945052208611,0.2903582627768628,45,273,2,False
qwen3_4b,test,25277705,generation_3,45,0,33,0.0001940585934789,0.25065562122779533,45,252,2,False
qwen3_4b,test,25874935,generation_1,10,0,9,0.0001820670586312,0.16110850066324928,10,182,1,False
qwen3_4b,test,25874935,generation_2,10,0,8,0.0001788926456356,0.21383241982111936,10,293,1,False
qwen3_4b,test,25874935,generation_3,10,0,8,0.0001803577179089,0.20121330783586014,10,206,1,False
qwen3_4b,test,26110643,generation_1,23,0,8,0.000385923020076,0.6457642794551287,23,211,2,False
qwen3_4b,test,26110643,generation_2,23,0,9,0.0001974267797777,0.6087721031046543,23,209,2,False
qwen3_4b,test,26110643,generation_3,23,0,9,0.0005735579179599,0.6112439831055742,23,204,2,False
qwen3_4b,test,26449539,generation_1,41,0,35,0.0001780570746632,0.19628975883789254,41,200,2,False
qwen3_4b,test,26449539,generation_2,41,0,33,0.0001802428741939,0.21330516969056784,41,219,2,False
qwen3_4b,test,26449539,generation_3,41,0,28,0.0001790675887605,0.3120355334724924,41,273,2,False
qwen3_4b,test,26615423,generation_1,6,0,4,0.005921181757003,0.34499122691340744,6,197,0,False
qwen3_4b,test,26615423,generation_2,6,0,4,0.0063277827575802,0.33405896920400363,6,141,0,False
qwen3_4b,test,26615423,generation_3,6,0,4,0.0089074419811367,0.36494028971840936,6,156,0,False
qwen3_4b,test,26847345,generation_1,11,0,1,0.0980350449681282,0.8131144866347313,11,169,1,True
qwen3_4b,test,26847345,generation_2,11,0,7,0.0167619921267032,0.4042182999917052,11,194,1,False
qwen3_4b,test,26847345,generation_3,11,0,6,0.0113503858447074,0.46047008714892645,11,160,1,False
qwen3_4b,test,26900322,generation_1,5,0,2,0.0044587217271327,0.5993892293423413,5,105,0,False
qwen3_4b,test,26900322,generation_2,5,0,2,0.0046095238067209,0.6004823696799576,5,129,0,False
qwen3_4b,test,26900322,generation_3,5,0,2,0.0042524663731455,0.5997456260025501,5,134,0,False
qwen3_4b,test,26937641,generation_1,107,0,103,0.0001754368422552,0.037303662239426966,107,183,2,False
qwen3_4b,test,26937641,generation_2,107,0,103,0.0001767050416674,0.03874192347140242,107,170,2,False
qwen3_4b,test,26937641,generation_3,107,0,103,0.0001753547257976,0.03735966529538328,107,158,2,False
qwen3_4b,test,26991973,generation_1,4,1,2,0.0085847545415163,0.21475279238075012,4,115,0,False
qwen3_4b,test,26991973,generation_2,4,1,3,0.0167646817862987,0.0704037826508283,4,125,0,False
qwen3_4b,test,26991973,generation_3,4,1,2,0.0123807052150368,0.4633034863509238,4,151,0,False
qwen3_4b,test,27384305,generation_1,11,0,4,0.0027449526824057,0.5744926141024652,11,227,1,False
qwen3_4b,test,27384305,generation_2,11,0,4,0.0005006350111216,0.601852078223601,11,200,1,False
qwen3_4b,test,27384305,generation_3,11,0,11,0.0008130186470225,0.028474780953150525,11,195,1,False
qwen3_4b,test,27464336,generation_1,14,0,6,0.0001856782473623,0.5514848789618034,14,209,2,False
qwen3_4b,test,27464336,generation_2,14,0,6,0.0001829729153541,0.5898181358227573,14,216,2,False
qwen3_4b,test,27464336,generation_3,14,0,6,0.0001875188318081,0.5621801382814218,14,171,2,False
qwen3_4b,test,27798239,generation_1,15,0,7,0.0100222481414675,0.6137951673939824,15,156,2,False
qwen3_4b,test,27798239,generation_2,15,0,3,0.0125078037381172,0.7559303072591622,15,172,2,False
qwen3_4b,test,27798239,generation_3,15,0,4,0.016293067485094,0.6962610753873985,15,217,2,False
qwen3_4b,test,27959387,generation_1,31,0,16,0.0003026246849913,0.45170635762605665,31,220,2,False
qwen3_4b,test,27959387,generation_2,31,0,18,0.000436799833551,0.4064566377295001,31,253,2,False
qwen3_4b,test,27959387,generation_3,31,0,20,0.0002446719154249,0.41453787020403854,31,194,2,False
qwen3_4b,test,27993978,generation_1,5,0,4,0.0002960109850391,0.26653592090588063,5,183,0,False
qwen3_4b,test,27993978,generation_2,5,0,2,0.0042449319735169,0.48033034410327674,5,203,0,False
qwen3_4b,test,27993978,generation_3,5,0,2,0.0004129331500735,0.5954818058002275,5,206,0,False
qwen3_4b,test,28068934,generation_1,4,0,0,0.9731797575950624,0.986099049448967,4,182,0,True
qwen3_4b,test,28068934,generation_2,4,0,0,0.9911059737205504,0.9933634847402573,4,151,0,True
qwen3_4b,test,28068934,generation_3,4,0,0,0.9912638664245604,0.9926168769598007,4,115,0,True
qwen3_4b,test,28481876,generation_1,8,1,2,0.0006585649680346,0.6442696867015911,8,215,0,False
qwen3_4b,test,28481876,generation_2,8,1,2,0.0040869377553462,0.682850235607475,8,179,0,False
qwen3_4b,test,28481876,generation_3,8,1,2,0.0009406341705471,0.6264898877416272,8,176,0,False
qwen3_4b,test,28684635,generation_1,8,0,3,0.035672266036272,0.6419332828372717,8,249,0,False
qwen3_4b,test,28684635,generation_2,8,0,4,0.001137601211667,0.49932562292087823,8,189,0,False
qwen3_4b,test,28684635,generation_3,8,0,2,0.0037947911769151,0.7306192487012595,8,242,0,False
qwen3_4b,test,28846666,generation_1,43,0,19,0.0001963632385013,0.557942006193835,43,262,2,False
qwen3_4b,test,28846666,generation_2,43,0,22,0.000181751398486,0.4832170658943184,43,199,2,False
qwen3_4b,test,28846666,generation_3,43,0,18,0.0001821842743083,0.5894480031464238,43,270,2,False
qwen3_4b,test,8829135,generation_1,12,4,1,0.0176567491143941,0.5867264942886928,12,230,1,True
qwen3_4b,test,8829135,generation_2,12,4,2,0.000219516135985,0.49697426288670005,12,222,1,False
qwen3_4b,test,8829135,generation_3,12,4,1,0.0004588798910845,0.5724219438222159,12,220,1,True
qwen3_4b,test,9672936,generation_1,2,0,1,0.0078051285818219,0.49755660677328706,2,144,0,False
qwen3_4b,test,9672936,generation_2,2,0,1,0.0071834046393632,0.3075039247050881,2,162,0,False
qwen3_4b,test,9672936,generation_3,2,0,1,0.0065306681208312,0.4969971308019012,2,126,0,False
qwen3_4b,train,10491763,generation_1,3,0,0,0.9589823484420776,0.9806368748346964,3,159,0,True
qwen3_4b,train,10491763,generation_2,3,0,0,0.8590530157089233,0.9451115727424622,3,165,0,True
qwen3_4b,train,10491763,generation_3,3,0,0,0.5415237545967102,0.8392359813054403,3,179,0,True
qwen3_4b,train,10661407,generation_1,1,1,0,0.0379798039793968,0.0379798039793968,1,156,0,True
qwen3_4b,train,10661407,generation_2,1,1,0,0.2326703369617462,0.2326703369617462,1,152,0,True
qwen3_4b,train,10661407,generation_3,1,1,0,0.1893713325262069,0.1893713325262069,1,145,0,True
qwen3_4b,train,10788334,generation_1,8,0,3,0.0084353508427739,0.6248561018146574,8,157,0,False
qwen3_4b,train,10788334,generation_2,8,0,1,0.0093803256750106,0.809548756107688,8,182,0,False
qwen3_4b,train,10788334,generation_3,8,0,3,0.0186880175024271,0.5954691295046359,8,204,0,False
qwen3_4b,train,11009181,generation_1,4,0,0,0.9653127193450928,0.9775915741920471,4,195,0,True
qwen3_4b,train,11009181,generation_2,4,0,0,0.9776586890220642,0.9813042879104614,4,154,0,True
qwen3_4b,train,11009181,generation_3,4,0,0,0.923700749874115,0.966009259223938,4,145,0,True
qwen3_4b,train,11054569,generation_1,5,0,0,0.9812594056129456,0.9852985858917236,5,101,0,True
qwen3_4b,train,11054569,generation_2,5,0,0,0.9845343828201294,0.9873839497566224,5,147,0,True
qwen3_4b,train,11054569,generation_3,5,0,0,0.982822597026825,0.9859403848648072,5,86,0,True
qwen3_4b,train,11773892,generation_1,6,0,0,0.6381978392601013,0.8872303068637848,6,177,0,True
qwen3_4b,train,11773892,generation_2,6,0,1,0.1453410536050796,0.7980692113439242,6,158,0,False
qwen3_4b,train,11773892,generation_3,6,0,0,0.7743625640869141,0.9365548690160116,6,206,0,True
qwen3_4b,train,12442272,generation_1,2,0,1,0.0173663850873708,0.5066072819754481,2,141,0,False
qwen3_4b,train,12442272,generation_2,2,0,1,0.0293300915509462,0.5123216295614839,2,193,0,False
qwen3_4b,train,12442272,generation_3,2,0,1,0.022075705230236,0.5090085230767726,2,150,0,False
qwen3_4b,train,1353340,generation_1,2,0,1,0.0025134661700576,0.4993615437997505,2,207,0,False
qwen3_4b,train,1353340,generation_2,2,0,1,0.0029352335259318,0.4995484068058431,2,165,0,False
qwen3_4b,train,1353340,generation_3,2,0,1,0.0036743662785738,0.4996244203066453,2,149,0,False
qwen3_4b,train,14722929,generation_1,1,0,0,0.9959461092948914,0.9959461092948914,1,159,0,True
qwen3_4b,train,14722929,generation_2,1,0,0,0.9961736798286438,0.9961736798286438,1,143,0,True
qwen3_4b,train,14722929,generation_3,1,0,0,0.9967660903930664,0.9967660903930664,1,145,0,True
qwen3_4b,train,15033202,generation_1,1,0,0,0.996127188205719,0.996127188205719,1,136,0,True
qwen3_4b,train,15033202,generation_2,1,0,0,0.9960083961486816,0.9960083961486816,1,122,0,True
qwen3_4b,train,15033202,generation_3,1,0,0,0.9954223036766052,0.9954223036766052,1,173,0,True
qwen3_4b,train,15042318,generation_1,5,0,3,0.0003346197481732,0.393054585129721,5,140,0,False
qwen3_4b,train,15042318,generation_2,5,0,3,0.000328865047777,0.39391957240295594,5,132,0,False
qwen3_4b,train,15042318,generation_3,5,0,3,0.0003974106512032,0.3939598469936755,5,145,0,False
qwen3_4b,train,15064320,generation_1,3,0,1,0.0004211290506646,0.6640601629624143,3,166,0,False
qwen3_4b,train,15064320,generation_2,3,0,0,0.9019182324409484,0.9507301449775696,3,154,0,True
qwen3_4b,train,15064320,generation_3,3,0,0,0.9880425930023192,0.991939107577006,3,160,0,True
qwen3_4b,train,15075188,generation_1,19,0,4,0.0828550457954406,0.7507265645422434,19,266,2,False
qwen3_4b,train,15075188,generation_2,19,0,7,0.00985589902848,0.6061097249682796,19,241,2,False
qwen3_4b,train,15075188,generation_3,19,0,4,0.0214172042906284,0.7554306284965653,19,234,2,False
qwen3_4b,train,15099351,generation_1,6,0,3,0.013278747908771,0.5108297493619224,6,168,0,False
qwen3_4b,train,15099351,generation_2,6,0,2,0.0095464149489998,0.6658608691456417,6,185,0,False
qwen3_4b,train,15099351,generation_3,6,0,3,0.0120285023003816,0.5155667883033553,6,198,0,False
qwen3_4b,train,15122708,generation_1,6,0,0,0.9903627038002014,0.9940833449363708,6,202,0,True
qwen3_4b,train,15122708,generation_2,6,0,0,0.9854084849357604,0.9904980063438414,6,132,0,True
qwen3_4b,train,15122708,generation_3,6,0,1,0.0060396566987037,0.8304614586134752,6,173,0,False
qwen3_4b,train,15122711,generation_1,9,0,0,0.9888131022453308,0.9952869150373671,9,185,1,True
qwen3_4b,train,15122711,generation_2,9,0,0,0.9100708365440368,0.984022749794854,9,195,1,True
qwen3_4b,train,15122711,generation_3,9,0,0,0.9888730645179749,0.9950518740548028,9,201,1,True
qwen3_4b,train,15145918,generation_1,16,0,8,0.0004806302022188,0.5234496700577438,16,236,2,False
qwen3_4b,train,15145918,generation_2,16,0,6,0.0003844888415187,0.6188269346457673,16,249,2,False
qwen3_4b,train,15145918,generation_3,16,0,5,0.0183509979397058,0.6892268707742915,16,200,2,False
qwen3_4b,train,15177686,generation_1,1,0,1,0.0002288527175551,0.0002288527175551,1,159,0,False
qwen3_4b,train,15177686,generation_2,1,0,1,0.0002213532861787,0.0002213532861787,1,136,0,False
qwen3_4b,train,15177686,generation_3,1,0,1,0.0002172596141463,0.0002172596141463,1,151,0,False
qwen3_4b,train,15184369,generation_1,4,0,3,0.0213732253760099,0.3012132910080254,4,142,0,False
qwen3_4b,train,15184369,generation_2,4,0,2,0.0103219011798501,0.4330189193133265,4,171,0,False
qwen3_4b,train,15184369,generation_3,4,0,3,0.084552563726902,0.360956035554409,4,146,0,False
qwen3_4b,train,15188772,generation_1,4,0,1,0.0424394905567169,0.7475012019276619,4,198,0,False
qwen3_4b,train,15188772,generation_2,4,0,2,0.0132588688284158,0.4464157782495021,4,163,0,False
qwen3_4b,train,15188772,generation_3,4,0,0,0.9412562251091005,0.9702041149139404,4,158,0,True
qwen3_4b,train,15191352,generation_1,6,0,1,0.0241462104022502,0.8274916528413693,6,181,0,False
qwen3_4b,train,15191352,generation_2,6,0,2,0.0030053313821554,0.6650496049939344,6,154,0,False
qwen3_4b,train,15191352,generation_3,6,0,2,0.0006285706767812,0.6640840456141935,6,143,0,False
qwen3_4b,train,15198485,generation_1,4,0,0,0.9203124046325684,0.9695617854595184,4,159,0,True
qwen3_4b,train,15198485,generation_2,4,0,0,0.976969599723816,0.986741304397583,4,138,0,True
qwen3_4b,train,15198485,generation_3,4,0,0,0.9750000834465028,0.9870552420616151,4,138,0,True
qwen3_4b,train,15200408,generation_1,6,0,0,0.8904517889022827,0.9706562360127767,6,157,0,True
qwen3_4b,train,15200408,generation_2,6,0,0,0.9887869954109192,0.9941487908363342,6,235,0,True
qwen3_4b,train,15200408,generation_3,6,0,2,0.0039390181191265,0.6636912599982073,6,182,0,False
qwen3_4b,train,15241482,generation_1,2,0,0,0.993599772453308,0.9956154227256774,2,220,0,True
qwen3_4b,train,15241482,generation_2,2,0,0,0.9886416792869568,0.9929255247116089,2,189,0,True
qwen3_4b,train,15241482,generation_3,2,0,0,0.9936876893043518,0.9957142770290375,2,212,0,True
qwen3_4b,train,15266215,generation_1,6,1,2,0.065647967159748,0.5681660274664561,6,154,0,False
qwen3_4b,train,15266215,generation_2,6,1,2,0.0781254544854164,0.5786599591374397,6,161,0,False
qwen3_4b,train,15266215,generation_3,6,1,1,0.0600702837109565,0.6385237375895182,6,160,0,False
qwen3_4b,train,15278670,generation_1,8,0,1,0.0038679651916027,0.8190561360679567,8,251,0,False
qwen3_4b,train,15278670,generation_2,8,0,3,0.0059442943893373,0.6160444036941044,8,241,0,False
qwen3_4b,train,15278670,generation_3,8,0,6,0.0078405104577541,0.3311601735185832,8,251,0,False
qwen3_4b,train,15459183,generation_1,6,0,2,0.0191721487790346,0.6684399731457233,6,167,0,False
qwen3_4b,train,15459183,generation_2,6,0,1,0.0135411648079752,0.818493873346597,6,157,0,False
qwen3_4b,train,15459183,generation_3,6,0,2,0.0086475824937224,0.6767087055680653,6,177,0,False
qwen3_4b,train,15523499,generation_1,12,0,1,0.1848141700029373,0.8631762030224005,12,145,1,True
qwen3_4b,train,15523499,generation_2,12,0,6,0.0036630418617278,0.5031977307711107,12,152,1,False
qwen3_4b,train,15523499,generation_3,12,0,0,0.5496345162391663,0.8714926540851593,12,185,1,True
qwen3_4b,train,15599941,generation_1,4,0,1,0.1047688648104667,0.7718391846865416,4,168,0,False
qwen3_4b,train,15599941,generation_2,4,0,1,0.0050262408331036,0.7476139564532787,4,162,0,False
qwen3_4b,train,15599941,generation_3,4,0,1,0.0063446727581322,0.7481383226113394,4,169,0,False
qwen3_4b,train,15602202,generation_1,4,0,0,0.955583393573761,0.9715583473443985,4,157,0,True
qwen3_4b,train,15602202,generation_2,4,0,0,0.9674316048622132,0.9748005867004395,4,166,0,True
qwen3_4b,train,15602202,generation_3,4,0,0,0.8975636959075928,0.9598546922206879,4,166,0,True
qwen3_4b,train,15609295,generation_1,8,3,1,0.0004498213238548,0.48848188763440703,8,174,0,False
qwen3_4b,train,15609295,generation_2,8,3,0,0.0003191044088453,0.8157272836833727,8,193,0,True
qwen3_4b,train,15609295,generation_3,8,3,1,0.0003784069267567,0.7933568366970576,8,190,0,False
qwen3_4b,train,15614572,generation_1,15,0,1,0.4557606875896454,0.9284159481525421,15,234,2,True
qwen3_4b,train,15614572,generation_2,15,0,3,0.0138314422219991,0.7708162893851598,15,228,2,False
qwen3_4b,train,15614572,generation_3,15,0,2,0.0006051893578842,0.8212203088294093,15,215,2,True
qwen3_4b,train,15623763,generation_1,11,0,7,0.0008730169502086,0.4215482100685635,11,192,1,False
qwen3_4b,train,15623763,generation_2,11,0,2,0.0084695639088749,0.7948080705140125,11,246,1,False
qwen3_4b,train,15623763,generation_3,11,0,7,0.0003571251581888,0.3967278115610084,11,217,1,False
qwen3_4b,train,15630069,generation_1,17,3,1,0.0002573632227722,0.6837524996389059,17,224,2,True
qwen3_4b,train,15630069,generation_2,17,3,4,0.0002849245502147,0.5880643904743278,17,226,2,False
qwen3_4b,train,15630069,generation_3,17,3,1,0.0002431867324048,0.7144456917089615,17,252,2,True
qwen3_4b,train,15649253,generation_1,4,0,1,0.0353539213538169,0.624846687540412,4,152,0,False
qwen3_4b,train,15649253,generation_2,4,0,2,0.0111455060541629,0.5253597507253289,4,128,0,False
qwen3_4b,train,15649253,generation_3,4,0,1,0.0964754298329353,0.685628117993474,4,155,0,False
qwen3_4b,train,15686794,generation_1,3,0,1,0.0278364084661006,0.5366868066291014,3,209,0,False
qwen3_4b,train,15686794,generation_2,3,0,2,0.0357696004211902,0.36601996545990306,3,243,0,False
qwen3_4b,train,15686794,generation_3,3,0,2,0.0527531579136848,0.49185519665479654,3,156,0,False
qwen3_4b,train,15748645,generation_1,3,0,0,0.673744261264801,0.868330160776774,3,159,0,True
qwen3_4b,train,15748645,generation_2,3,0,2,0.0245885290205478,0.417868128667275,3,142,0,False
qwen3_4b,train,15748645,generation_3,3,0,0,0.957221746444702,0.9719042778015137,3,171,0,True
qwen3_4b,train,15749661,generation_1,14,0,1,0.0005953520303592,0.9171861212151791,14,222,2,True
qwen3_4b,train,15749661,generation_2,14,0,1,0.0004396720614749,0.8920706956435295,14,195,2,True
qwen3_4b,train,15749661,generation_3,14,0,2,0.0022289687767624,0.847658526451726,14,174,2,True
qwen3_4b,train,15755837,generation_1,5,0,0,0.9452351927757264,0.9773732542991638,5,177,0,True
qwen3_4b,train,15755837,generation_2,5,0,0,0.9054242372512816,0.9689203500747681,5,172,0,True
qwen3_4b,train,15755837,generation_3,5,0,1,0.3527362048625946,0.8609010636806488,5,176,0,False
qwen3_4b,train,15770495,generation_1,8,0,0,0.8426972031593323,0.9690693840384483,8,173,0,True
qwen3_4b,train,15770495,generation_2,8,0,1,0.2274315953254699,0.8821427822113037,8,169,0,False
qwen3_4b,train,15770495,generation_3,8,0,0,0.9967843294143676,0.9974057525396347,8,195,0,True
qwen3_4b,train,15807692,generation_1,1,0,0,0.9953226447105408,0.9953226447105408,1,165,0,True
qwen3_4b,train,15807692,generation_2,1,0,0,0.994496762752533,0.994496762752533,1,155,0,True
qwen3_4b,train,15807692,generation_3,1,0,0,0.9947106838226318,0.9947106838226318,1,175,0,True
qwen3_4b,train,15814629,generation_1,4,0,0,0.9875311255455016,0.9932429790496826,4,154,0,True
qwen3_4b,train,15814629,generation_2,4,0,0,0.9924709796905518,0.9945334643125534,4,190,0,True
qwen3_4b,train,15814629,generation_3,4,0,0,0.9938660264015198,0.9950540065765381,4,170,0,True
qwen3_4b,train,15817013,generation_1,3,0,2,0.0052704834379255,0.331868276776125,3,169,0,False
qwen3_4b,train,15817013,generation_2,3,0,2,0.0067450981587171,0.2828907035291195,3,198,0,False
qwen3_4b,train,15817013,generation_3,3,0,2,0.0030485610477626,0.33084078521157306,3,167,0,False
qwen3_4b,train,15851735,generation_1,2,0,0,0.9781378507614136,0.9865076839923859,2,142,0,True
qwen3_4b,train,15851735,generation_2,2,0,0,0.97349351644516,0.9846976399421692,2,143,0,True
qwen3_4b,train,15851735,generation_3,2,0,0,0.9621173739433287,0.978455901145935,2,174,0,True
qwen3_4b,train,15858223,generation_1,9,0,6,0.0042999414727091,0.3279507089302771,9,207,1,False
qwen3_4b,train,15858223,generation_2,9,0,6,0.0047466275282204,0.3607397271941105,9,144,1,False
qwen3_4b,train,15858223,generation_3,9,0,6,0.0043733995407819,0.35371909187071854,9,162,1,False
qwen3_4b,train,15859361,generation_1,9,2,1,0.0014663047622889,0.6340109328998046,9,196,1,True
qwen3_4b,train,15859361,generation_2,9,2,1,0.0007861935882829,0.6559945687121298,9,187,1,True
qwen3_4b,train,15859361,generation_3,9,2,2,0.0019082532962784,0.5635001445577169,9,177,1,False
qwen3_4b,train,15893386,generation_1,1,0,0,0.9813058972358704,0.9813058972358704,1,167,0,True
qwen3_4b,train,15893386,generation_2,1,0,0,0.9772325158119202,0.9772325158119202,1,127,0,True
qwen3_4b,train,15893386,generation_3,1,0,0,0.9803187251091005,0.9803187251091005,1,128,0,True
qwen3_4b,train,15897593,generation_1,23,2,1,0.0002987329498864,0.8560269957221032,23,224,2,True
qwen3_4b,train,15897593,generation_2,23,2,2,0.0003307834558654,0.80786890975888,23,238,2,True
qwen3_4b,train,15897593,generation_3,23,2,3,0.0003719806845765,0.765559311777748,23,211,2,False
qwen3_4b,train,15957009,generation_1,12,0,6,0.0080908434465527,0.5796650086995214,12,186,1,False
qwen3_4b,train,15957009,generation_2,12,0,2,0.0224932897835969,0.7950204103253782,12,214,1,False
qwen3_4b,train,15957009,generation_3,12,0,1,0.0382831022143363,0.8180219028145075,12,249,1,True
qwen3_4b,train,15970799,generation_1,13,0,0,0.5508537292480469,0.9579618114691514,13,202,2,True
qwen3_4b,train,15970799,generation_2,13,0,0,0.9805725812911988,0.9927343772007868,13,161,2,True
qwen3_4b,train,15970799,generation_3,13,0,3,0.0047591375187039,0.7760182056002892,13,227,2,False
qwen3_4b,train,15983230,generation_1,14,0,1,0.0002055929799098,0.9130912136939254,14,148,2,True
qwen3_4b,train,15983230,generation_2,14,0,0,0.8297590613365173,0.9786968614373889,14,174,2,True
qwen3_4b,train,15983230,generation_3,14,0,1,0.2387978434562683,0.9098450371197292,14,186,2,True
qwen3_4b,train,16001362,generation_1,4,0,0,0.7146689295768738,0.9202977865934372,4,159,0,True
qwen3_4b,train,16001362,generation_2,4,0,1,0.2190893739461898,0.7896705232560635,4,208,0,False
qwen3_4b,train,16001362,generation_3,4,0,2,0.0436267964541912,0.5403240984305739,4,190,0,False
qwen3_4b,train,16005363,generation_1,1,0,0,0.9960297346115112,0.9960297346115112,1,127,0,True
qwen3_4b,train,16005363,generation_2,1,0,0,0.9961469173431396,0.9961469173431396,1,148,0,True
qwen3_4b,train,16005363,generation_3,1,0,0,0.9959797859191896,0.9959797859191896,1,138,0,True
qwen3_4b,train,16120104,generation_1,1,0,0,0.99052232503891,0.99052232503891,1,158,0,True
qwen3_4b,train,16120104,generation_2,1,0,0,0.9894763231277466,0.9894763231277466,1,149,0,True
qwen3_4b,train,16120104,generation_3,1,0,0,0.9933187961578368,0.9933187961578368,1,150,0,True
qwen3_4b,train,16157158,generation_1,2,0,0,0.9869869351387024,0.9903497695922852,2,197,0,True
qwen3_4b,train,16157158,generation_2,2,0,0,0.9902995824813844,0.9919952750205994,2,286,0,True
qwen3_4b,train,16157158,generation_3,2,0,0,0.9886882901191713,0.9912655651569366,2,148,0,True
qwen3_4b,train,16158428,generation_1,3,0,0,0.9957244396209716,0.9961685538291931,3,152,0,True
qwen3_4b,train,16158428,generation_2,3,0,0,0.9953846335411072,0.9958768884340922,3,169,0,True
qwen3_4b,train,16158428,generation_3,3,0,0,0.9949352145195008,0.9958864251772562,3,142,0,True
qwen3_4b,train,16160878,generation_1,7,0,3,0.014421877451241,0.547933546161013,7,160,0,False
qwen3_4b,train,16160878,generation_2,7,0,3,0.0101310815662145,0.5502382737717458,7,156,0,False
qwen3_4b,train,16160878,generation_3,7,0,2,0.0161829013377428,0.6888282131403685,7,143,0,False
qwen3_4b,train,16167916,generation_1,7,0,0,0.6725672483444214,0.9099196110452924,7,213,0,True
qwen3_4b,train,16167916,generation_2,7,0,2,0.0191380456089973,0.6802129458103862,7,236,0,False
qwen3_4b,train,16167916,generation_3,7,0,3,0.007436903193593,0.5905353884611811,7,220,0,False
qwen3_4b,train,16200390,generation_1,1,0,0,0.6162086129188538,0.6162086129188538,1,145,0,True
qwen3_4b,train,16200390,generation_2,1,0,0,0.727415144443512,0.727415144443512,1,152,0,True
qwen3_4b,train,16200390,generation_3,1,0,0,0.9531891942024232,0.9531891942024232,1,140,0,True
qwen3_4b,train,16288197,generation_1,10,0,2,0.0002026147412834,0.7875117932635476,10,197,1,False
qwen3_4b,train,16288197,generation_2,10,0,0,0.9760268330574036,0.9941196799278259,10,217,1,True
qwen3_4b,train,16288197,generation_3,10,0,2,0.0002139595453627,0.7915970434580231,10,178,1,False
qwen3_4b,train,16288199,generation_1,4,0,0,0.989395797252655,0.991082563996315,4,169,0,True
qwen3_4b,train,16288199,generation_2,4,0,0,0.9833736419677734,0.9890817701816559,4,174,0,True
qwen3_4b,train,16288199,generation_3,4,0,0,0.9914904236793518,0.9923017024993896,4,178,0,True
qwen3_4b,train,16309808,generation_1,7,1,5,0.0033656512387096,0.18084028582753872,7,166,0,False
qwen3_4b,train,16309808,generation_2,7,1,5,0.0007641780539415,0.2352742353770216,7,181,0,False
qwen3_4b,train,16309808,generation_3,7,1,5,0.0205357540398836,0.295652501018984,7,183,0,False
qwen3_4b,train,16321363,generation_1,3,0,0,0.9576715230941772,0.9747407039006551,3,166,0,True
qwen3_4b,train,16321363,generation_2,3,0,0,0.9666537642478944,0.9860412677129111,3,200,0,True
qwen3_4b,train,16321363,generation_3,3,0,0,0.9301003813743592,0.9738989273707072,3,204,0,True
qwen3_4b,train,16364460,generation_1,5,0,2,0.0066489912569522,0.602080961316824,5,167,0,False
qwen3_4b,train,16364460,generation_2,5,0,2,0.0428925119340419,0.5920510716736316,5,192,0,False
qwen3_4b,train,16364460,generation_3,5,0,2,0.1723977923393249,0.6657925724983216,5,168,0,False
qwen3_4b,train,16369751,generation_1,12,1,8,0.0025567694101482,0.29662302173286054,12,227,1,False
qwen3_4b,train,16369751,generation_2,12,1,7,0.0010883248178288,0.375230898411246,12,186,1,False
qwen3_4b,train,16369751,generation_3,12,1,6,0.0002168872742913,0.41374047108304995,12,239,1,False
qwen3_4b,train,16391785,generation_1,7,0,4,0.0003214567841496,0.4251075595841809,7,164,0,False
qwen3_4b,train,16391785,generation_2,7,0,5,0.0008895479259081,0.28728074895583894,7,177,0,False
qwen3_4b,train,16391785,generation_3,7,0,4,0.0002725298108998,0.3859406994930135,7,208,0,False
qwen3_4b,train,16410744,generation_1,5,0,2,0.0247992016375064,0.609355728328228,5,149,0,False
qwen3_4b,train,16410744,generation_2,5,0,2,0.0738177895545959,0.6443727642297744,5,178,0,False
qwen3_4b,train,16410744,generation_3,5,0,2,0.0334238298237323,0.6147035650908946,5,151,0,False
qwen3_4b,train,16412238,generation_1,5,0,1,0.0202294830232858,0.7993551541119814,5,119,0,False
qwen3_4b,train,16412238,generation_2,5,0,1,0.0313504710793495,0.7992381766438484,5,139,0,False
qwen3_4b,train,16412238,generation_3,5,0,1,0.0200625602155923,0.7988460291177034,5,155,0,False
qwen3_4b,train,16418600,generation_1,1,0,0,0.9970425963401794,0.9970425963401794,1,145,0,True
qwen3_4b,train,16418600,generation_2,1,0,0,0.9958143830299376,0.9958143830299376,1,162,0,True
qwen3_4b,train,16418600,generation_3,1,0,0,0.9945054650306702,0.9945054650306702,1,208,0,True
qwen3_4b,train,16506214,generation_1,9,1,1,0.0045353285968303,0.7758086154030429,9,140,1,True
qwen3_4b,train,16506214,generation_2,9,1,1,0.0066172736696898,0.7797096251096163,9,136,1,True
qwen3_4b,train,16506214,generation_3,9,1,1,0.0071480865590274,0.874324858136889,9,182,1,True
qwen3_4b,train,16541406,generation_1,2,0,0,0.9943233728408812,0.9944256842136382,2,157,0,True
qwen3_4b,train,16541406,generation_2,2,0,0,0.9952665567398072,0.9952866733074188,2,154,0,True
qwen3_4b,train,16541406,generation_3,2,0,0,0.9947392344474792,0.9948409795761108,2,135,0,True
qwen3_4b,train,16543197,generation_1,6,0,0,0.9898275136947632,0.9942878484725952,6,201,0,True
qwen3_4b,train,16543197,generation_2,6,0,0,0.9899976849555968,0.9942092100779215,6,270,0,True
qwen3_4b,train,16543197,generation_3,6,0,0,0.9935994148254396,0.9954170187314352,6,186,0,True
qwen3_4b,train,16574712,generation_1,2,0,2,0.013883102685213,0.01862359885126345,2,163,0,False
qwen3_4b,train,16574712,generation_2,2,0,2,0.0081162825226783,0.01250464189797635,2,198,0,False
qwen3_4b,train,16574712,generation_3,2,0,2,0.0126851489767432,0.0147829880006611,2,183,0,False
qwen3_4b,train,16574713,generation_1,6,0,2,0.0005327185499481,0.7289828810511002,6,145,0,False
qwen3_4b,train,16574713,generation_2,6,0,0,0.7309264540672302,0.944691797097524,6,185,0,True
qwen3_4b,train,16574713,generation_3,6,0,1,0.1034723222255706,0.8349595715602239,6,161,0,False
qwen3_4b,train,16575011,generation_1,8,2,0,0.0020655791740864,0.7430871737597045,8,196,0,True
qwen3_4b,train,16575011,generation_2,8,2,2,0.003976325970143,0.562790458498057,8,241,0,False
qwen3_4b,train,16575011,generation_3,8,2,0,0.0021702172234654,0.7580318596446887,8,158,0,True
qwen3_4b,train,16584858,generation_1,41,0,1,0.0133263897150754,0.9481105858505499,41,285,2,True
qwen3_4b,train,16584858,generation_2,41,0,3,0.0012854646192863,0.9108618461816549,41,213,2,False
qwen3_4b,train,16584858,generation_3,41,0,2,0.3623122274875641,0.9368424168447169,41,293,2,True
qwen3_4b,train,16586083,generation_1,7,0,0,0.8542734384536743,0.9646918518202645,7,179,0,True
qwen3_4b,train,16586083,generation_2,7,0,0,0.9665765762329102,0.9776985730443682,7,187,0,True
qwen3_4b,train,16586083,generation_3,7,0,0,0.8331723213195801,0.9607010994638715,7,205,0,True
qwen3_4b,train,16596970,generation_1,3,0,0,0.9746525287628174,0.977326234181722,3,118,0,True
qwen3_4b,train,16596970,generation_2,3,0,2,0.0152301518246531,0.311854927179714,3,132,0,False
qwen3_4b,train,16596970,generation_3,3,0,0,0.9781618118286132,0.9790561397870382,3,141,0,True
qwen3_4b,train,16634859,generation_1,1,0,0,0.9780435562133788,0.9780435562133788,1,141,0,True
qwen3_4b,train,16634859,generation_2,1,0,0,0.9779224395751952,0.9779224395751952,1,200,0,True
qwen3_4b,train,16634859,generation_3,1,0,0,0.980834662914276,0.980834662914276,1,167,0,True
qwen3_4b,train,16720068,generation_1,39,1,10,0.000261397100985,0.6986775707859451,39,298,2,False
qwen3_4b,train,16720068,generation_2,39,1,22,0.0006434451788663,0.40801477560009325,39,202,2,False
qwen3_4b,train,16720068,generation_3,39,1,21,0.0045099384151399,0.43524218419901073,39,242,2,False
qwen3_4b,train,16725121,generation_1,19,0,9,0.000251040502917,0.5488597389041004,19,253,2,False
qwen3_4b,train,16725121,generation_2,19,0,7,0.0215031243860721,0.6472517744098839,19,248,2,False
qwen3_4b,train,16725121,generation_3,19,0,7,0.0003294704074505,0.6431137097855466,19,265,2,False
qwen3_4b,train,16737910,generation_1,2,0,0,0.9524736404418944,0.9751060009002686,2,160,0,True
qwen3_4b,train,16737910,generation_2,2,0,0,0.9920148849487304,0.994762897491455,2,120,0,True
qwen3_4b,train,16737910,generation_3,2,0,0,0.9893769025802612,0.993374228477478,2,132,0,True
qwen3_4b,train,16755009,generation_1,9,0,1,0.0263525061309337,0.8630690289040407,9,167,1,True
qwen3_4b,train,16755009,generation_2,9,0,1,0.0272705797106027,0.8751531733820835,9,156,1,True
qwen3_4b,train,16755009,generation_3,9,0,1,0.0343299247324466,0.8758704964485433,9,175,1,True
qwen3_4b,train,16781314,generation_1,3,0,0,0.9950714111328124,0.9960419734319051,3,186,0,True
qwen3_4b,train,16781314,generation_2,3,0,0,0.9949504137039183,0.9968137145042419,3,144,0,True
qwen3_4b,train,16781314,generation_3,3,0,0,0.9948134422302246,0.9965519507726034,3,172,0,True
qwen3_4b,train,16786513,generation_1,7,0,4,0.0068590566515922,0.4482827146670648,7,173,0,False
qwen3_4b,train,16786513,generation_2,7,0,4,0.0002045586152235,0.43166581069817767,7,201,0,False
qwen3_4b,train,16786513,generation_3,7,0,1,0.0070478958077728,0.8448213004241032,7,202,0,False
qwen3_4b,train,16801510,generation_1,5,0,3,0.0087534440681338,0.40424077175557616,5,204,0,False
qwen3_4b,train,16801510,generation_2,5,0,3,0.006205475423485,0.4031574326567352,5,258,0,False
qwen3_4b,train,16801510,generation_3,5,0,3,0.0067394524812698,0.4597730016335845,5,192,0,False
qwen3_4b,train,16810074,generation_1,12,0,7,0.0036534171085804,0.44073227752232924,12,225,1,False
qwen3_4b,train,16810074,generation_2,12,0,8,0.0203940216451883,0.42177383508533234,12,246,1,False
qwen3_4b,train,16810074,generation_3,12,0,6,0.0141536779701709,0.5419708716993531,12,201,1,False
qwen3_4b,train,16822828,generation_1,1,0,0,0.9903882145881652,0.9903882145881652,1,158,0,True
qwen3_4b,train,16822828,generation_2,1,0,0,0.9923766255378724,0.9923766255378724,1,156,0,True
qwen3_4b,train,16822828,generation_3,1,0,0,0.9959027171134948,0.9959027171134948,1,159,0,True
qwen3_4b,train,16843501,generation_1,2,0,0,0.987855851650238,0.9921135008335114,2,167,0,True
qwen3_4b,train,16843501,generation_2,2,0,0,0.9911062121391296,0.9939371645450592,2,117,0,True
qwen3_4b,train,16843501,generation_3,2,0,0,0.9932109713554382,0.9953919053077698,2,132,0,True
qwen3_4b,train,16904497,generation_1,11,0,7,0.0008314038277603,0.3639592854941094,11,223,1,False
qwen3_4b,train,16904497,generation_2,11,0,7,0.0002803873212542,0.35915705167942424,11,160,1,False
qwen3_4b,train,16904497,generation_3,11,0,7,0.0003920432936865,0.36049977260038507,11,151,1,False
qwen3_4b,train,16920333,generation_1,6,3,0,0.0003020119329448,0.5391246072395006,6,171,0,True
qwen3_4b,train,16920333,generation_2,6,3,1,0.0003281040699221,0.32760852126133,6,161,0,False
qwen3_4b,train,16920333,generation_3,6,3,0,0.0003126375959254,0.4662786051727987,6,142,0,True
qwen3_4b,train,17000021,generation_1,7,0,0,0.7290783524513245,0.926544325692313,7,130,0,True
qwen3_4b,train,17000021,generation_2,7,0,0,0.8270389437675476,0.9641672372817993,7,179,0,True
qwen3_4b,train,17000021,generation_3,7,0,0,0.7339799404144287,0.9488704204559326,7,156,0,True
qwen3_4b,train,17003357,generation_1,3,0,0,0.9301807284355164,0.9700491031010946,3,149,0,True
qwen3_4b,train,17003357,generation_2,3,0,0,0.9225001931190492,0.9664549231529236,3,123,0,True
qwen3_4b,train,17003357,generation_3,3,0,1,0.4833571016788482,0.8214270770549774,3,135,0,False
qwen3_4b,train,17006606,generation_1,7,0,1,0.189155101776123,0.8738302418163845,7,186,0,False
qwen3_4b,train,17006606,generation_2,7,0,1,0.0406214036047458,0.8402658706264836,7,193,0,False
qwen3_4b,train,17006606,generation_3,7,0,1,0.3421168923377991,0.8952567321913583,7,188,0,False
qwen3_4b,train,17033686,generation_1,9,0,0,0.969290554523468,0.9930870334307352,9,162,1,True
qwen3_4b,train,17033686,generation_2,9,0,1,0.0521563403308391,0.8902706516285738,9,147,1,True
qwen3_4b,train,17033686,generation_3,9,0,0,0.845089852809906,0.9785042073991563,9,197,1,True
qwen3_4b,train,17035713,generation_1,11,0,5,0.0077339755371212,0.5379616171968254,11,242,1,False
qwen3_4b,train,17035713,generation_2,11,0,9,0.0002811012091115,0.24565840047911144,11,167,1,False
qwen3_4b,train,17035713,generation_3,11,0,9,0.0008457755320705,0.24561824497703288,11,181,1,False
qwen3_4b,train,17042910,generation_1,11,0,3,0.0012087678769603,0.6978198808554391,11,156,1,False
qwen3_4b,train,17042910,generation_2,11,0,3,0.0065265637822449,0.7012288828211074,11,178,1,False
qwen3_4b,train,17042910,generation_3,11,0,3,0.0150142675265669,0.6851895518431609,11,187,1,False
qwen3_4b,train,17065198,generation_1,3,0,0,0.989582657814026,0.9928993384043375,3,188,0,True
qwen3_4b,train,17065198,generation_2,3,0,0,0.9802068471908568,0.9899727900822958,3,161,0,True
qwen3_4b,train,17065198,generation_3,3,0,0,0.9809958338737488,0.9903278350830078,3,157,0,True
qwen3_4b,train,17074608,generation_1,3,0,2,0.0118272611871361,0.3275975066547592,3,149,0,False
qwen3_4b,train,17074608,generation_2,3,0,2,0.0228455569595098,0.34410401744147134,3,158,0,False
qwen3_4b,train,17074608,generation_3,3,0,2,0.0316338799893856,0.34180758769313496,3,160,0,False
qwen3_4b,train,17083016,generation_1,9,3,1,0.0001980652014026,0.842573139287803,9,176,1,True
qwen3_4b,train,17083016,generation_2,9,3,1,0.000198901121621,0.8618279629752377,9,148,1,True
qwen3_4b,train,17083016,generation_3,9,3,1,0.0009065316990017,0.854476353050106,9,156,1,True
qwen3_4b,train,1711760,generation_1,1,0,0,0.9797877073287964,0.9797877073287964,1,139,0,True
qwen3_4b,train,1711760,generation_2,1,0,0,0.9804980754852296,0.9804980754852296,1,148,0,True
qwen3_4b,train,1711760,generation_3,1,0,0,0.979328989982605,0.979328989982605,1,169,0,True
qwen3_4b,train,17177139,generation_1,8,0,2,0.0068155964836478,0.713429716299288,8,190,0,False
qwen3_4b,train,17177139,generation_2,8,0,2,0.0043765753507614,0.7420887839980423,8,183,0,False
qwen3_4b,train,17177139,generation_3,8,0,4,0.012669357471168,0.549277157173492,8,186,0,False
qwen3_4b,train,17185386,generation_1,3,0,0,0.9190871715545654,0.9698238968849182,3,126,0,True
qwen3_4b,train,17185386,generation_2,3,0,1,0.0016612957697361,0.6622763855848461,3,153,0,False
qwen3_4b,train,17185386,generation_3,3,0,1,0.0555209927260875,0.6740209398170313,3,123,0,False
qwen3_4b,train,17192049,generation_1,2,0,1,0.0182401575148105,0.5077196676284075,2,138,0,False
qwen3_4b,train,17192049,generation_2,2,0,1,0.0216769222170114,0.5095687629655002,2,227,0,False
qwen3_4b,train,17192049,generation_3,2,0,1,0.016854977235198,0.5070367334410548,2,137,0,False
qwen3_4b,train,17194457,generation_1,10,0,4,0.014046486467123,0.5427806999534368,10,187,1,False
qwen3_4b,train,17194457,generation_2,10,0,3,0.0193281024694442,0.6856916978955269,10,162,1,False
qwen3_4b,train,17194457,generation_3,10,0,5,0.022815378382802,0.49375691656023263,10,254,1,False
qwen3_4b,train,17221831,generation_1,6,0,0,0.5578218102455139,0.8667502601941427,6,173,0,True
qwen3_4b,train,17221831,generation_2,6,0,1,0.0937498435378074,0.8383773900568485,6,183,0,False
qwen3_4b,train,17221831,generation_3,6,0,0,0.6419981122016907,0.9338347315788269,6,162,0,True
qwen3_4b,train,17244258,generation_1,10,2,0,0.0004827174416277,0.75521050762909,10,207,1,True
qwen3_4b,train,17244258,generation_2,10,2,0,0.0057711973786354,0.7609494214877486,10,195,1,True
qwen3_4b,train,17244258,generation_3,10,2,0,0.0108293537050485,0.7300452934578061,10,219,1,True
qwen3_4b,train,17250663,generation_1,2,0,0,0.980248749256134,0.9873829483985901,2,166,0,True
qwen3_4b,train,17250663,generation_2,2,0,0,0.9773874878883362,0.9858369827270508,2,143,0,True
qwen3_4b,train,17250663,generation_3,2,0,0,0.9785239696502686,0.9863660931587219,2,128,0,True
qwen3_4b,train,17273972,generation_1,2,0,1,0.0007310594664886,0.49428058095509186,2,163,0,False
qwen3_4b,train,17273972,generation_2,2,0,1,0.00069010007428,0.4161183523538057,2,159,0,False
qwen3_4b,train,17273972,generation_3,2,0,1,0.0038558121304959,0.49663951375987375,2,122,0,False
qwen3_4b,train,17286451,generation_1,2,0,0,0.99499773979187,0.9950256645679474,2,150,0,True
qwen3_4b,train,17286451,generation_2,2,0,0,0.9947426319122314,0.9948214590549469,2,161,0,True
qwen3_4b,train,17286451,generation_3,2,0,0,0.9945663213729858,0.9948487281799316,2,151,0,True
qwen3_4b,train,17304550,generation_1,6,0,0,0.8619001507759094,0.968427817026774,6,162,0,True
qwen3_4b,train,17304550,generation_2,6,0,0,0.9911632537841796,0.9959812859694163,6,125,0,True
qwen3_4b,train,17304550,generation_3,6,0,0,0.9882001876831056,0.9945755898952484,6,177,0,True
qwen3_4b,train,17318851,generation_1,25,0,10,0.0002238257438875,0.5859707048122073,25,181,2,False
qwen3_4b,train,17318851,generation_2,25,0,12,0.0002523074508644,0.5210715566249564,25,212,2,False
qwen3_4b,train,17318851,generation_3,25,0,10,0.0002105551538988,0.5958720445452491,25,219,2,False
qwen3_4b,train,17327131,generation_1,1,0,0,0.9889694452285768,0.9889694452285768,1,137,0,True
qwen3_4b,train,17327131,generation_2,1,0,0,0.9865455031394958,0.9865455031394958,1,138,0,True
qwen3_4b,train,17327131,generation_3,1,0,0,0.9837915897369384,0.9837915897369384,1,133,0,True
qwen3_4b,train,17344330,generation_1,7,1,1,0.0005145334289409,0.7012980045567799,7,190,0,False
qwen3_4b,train,17344330,generation_2,7,1,1,0.0008396978955715,0.6985375938072268,7,225,0,False
qwen3_4b,train,17344330,generation_3,7,1,1,0.000438551971456,0.7063646512896022,7,156,0,False
qwen3_4b,train,17351238,generation_1,4,0,1,0.0090838996693491,0.6170231632422655,4,201,0,False
qwen3_4b,train,17351238,generation_2,4,0,2,0.0595042295753955,0.5779883610084653,4,195,0,False
qwen3_4b,train,17351238,generation_3,4,0,2,0.3927383720874786,0.7012907639145851,4,139,0,False
qwen3_4b,train,17379047,generation_1,7,1,2,0.007422886788845,0.5711717485849347,7,145,0,False
qwen3_4b,train,17379047,generation_2,7,1,2,0.0032659540884196,0.5709996744325118,7,175,0,False
qwen3_4b,train,17379047,generation_3,7,1,2,0.0030055502429604,0.5671082983857819,7,205,0,False
qwen3_4b,train,17391797,generation_1,5,1,1,0.0003383117727935,0.5958948041312396,5,156,0,False
qwen3_4b,train,17391797,generation_2,5,1,1,0.0005642488831654,0.5937506471993401,5,171,0,False
qwen3_4b,train,17391797,generation_3,5,1,1,0.0009990966646,0.5940740319667384,5,186,0,False
qwen3_4b,train,17439425,generation_1,8,0,5,0.0077622323296964,0.39873103826539585,8,227,0,False
qwen3_4b,train,17439425,generation_2,8,0,2,0.0313035659492015,0.7199249728582799,8,162,0,False
qwen3_4b,train,17439425,generation_3,8,0,3,0.0335938706994056,0.6138688074424863,8,196,0,False
qwen3_4b,train,17495183,generation_1,17,0,4,0.0006868279888294,0.7466395480304902,17,234,2,False
qwen3_4b,train,17495183,generation_2,17,0,5,0.0005847404827363,0.69215694646803,17,209,2,False
qwen3_4b,train,17495183,generation_3,17,0,4,0.0025519414339214,0.7448412901311017,17,195,2,False
qwen3_4b,train,17572393,generation_1,10,0,1,0.0240268595516681,0.8111204493790865,10,155,1,True
qwen3_4b,train,17572393,generation_2,10,0,4,0.0817780494689941,0.6020665273070336,10,194,1,False
qwen3_4b,train,17572393,generation_3,10,0,3,0.0579785592854023,0.7089753277599812,10,171,1,False
qwen3_4b,train,17595233,generation_1,6,0,0,0.9676424860954284,0.9901515245437622,6,154,0,True
qwen3_4b,train,17595233,generation_2,6,0,1,0.0943747609853744,0.8453335637847582,6,171,0,False
qwen3_4b,train,17595233,generation_3,6,0,0,0.9365187287330629,0.9845905800660452,6,174,0,True
qwen3_4b,train,17615423,generation_1,15,3,4,0.0006051963428035,0.5720268341208187,15,262,2,False
qwen3_4b,train,17615423,generation_2,15,3,5,0.0007023477228358,0.4921013579393427,15,246,2,False
qwen3_4b,train,17615423,generation_3,15,3,5,0.000471044157166,0.49354928594160197,15,219,2,False
qwen3_4b,train,17628794,generation_1,2,0,0,0.9933269023895264,0.9952249228954315,2,144,0,True
qwen3_4b,train,17628794,generation_2,2,0,0,0.9943925738334656,0.9959017038345337,2,181,0,True
qwen3_4b,train,17628794,generation_3,2,0,0,0.994580328464508,0.996019184589386,2,161,0,True
qwen3_4b,train,17634480,generation_1,6,0,3,0.0046131177805364,0.5178533023378501,6,175,0,False
qwen3_4b,train,17634480,generation_2,6,0,3,0.0104889329522848,0.5093552976225814,6,152,0,False
qwen3_4b,train,17634480,generation_3,6,0,3,0.0231780670583248,0.5177234839648007,6,167,0,False
qwen3_4b,train,17639754,generation_1,3,0,1,0.2015509009361267,0.721083402633667,3,170,0,False
qwen3_4b,train,17639754,generation_2,3,0,0,0.6642647385597229,0.8753835161526998,3,153,0,True
qwen3_4b,train,17639754,generation_3,3,0,0,0.955162525177002,0.9735895196596781,3,137,0,True
qwen3_4b,train,17683901,generation_1,2,0,1,0.0050357263535261,0.5008494993671774,2,136,0,False
qwen3_4b,train,17683901,generation_2,2,0,1,0.0049693416804075,0.500575921498239,2,150,0,False
qwen3_4b,train,17683901,generation_3,2,0,1,0.0076862727291882,0.5020076411310582,2,134,0,False
qwen3_4b,train,17854040,generation_1,2,0,0,0.981240689754486,0.9851309657096862,2,159,0,True
qwen3_4b,train,17854040,generation_2,2,0,0,0.926805853843689,0.9580289423465729,2,165,0,True
qwen3_4b,train,17854040,generation_3,2,0,0,0.7718799114227295,0.8804433345794678,2,156,0,True
qwen3_4b,train,17877751,generation_1,5,0,1,0.0775127410888671,0.7296423196792603,5,164,0,False
qwen3_4b,train,17877751,generation_2,5,0,0,0.969478189945221,0.9868170857429505,5,172,0,True
qwen3_4b,train,17877751,generation_3,5,0,0,0.9588282108306884,0.986283802986145,5,148,0,True
qwen3_4b,train,17910065,generation_1,3,0,1,0.0091608967632055,0.6668342420210441,3,162,0,False
qwen3_4b,train,17910065,generation_2,3,0,1,0.3299858570098877,0.7733537753423055,3,145,0,False
qwen3_4b,train,17910065,generation_3,3,0,1,0.3690617978572845,0.7864149709542593,3,149,0,False
qwen3_4b,train,17951029,generation_1,1,0,0,0.997069537639618,0.997069537639618,1,179,0,True
qwen3_4b,train,17951029,generation_2,1,0,0,0.9972935318946838,0.9972935318946838,1,143,0,True
qwen3_4b,train,17951029,generation_3,1,0,0,0.9975205063819884,0.9975205063819884,1,130,0,True
qwen3_4b,train,17959715,generation_1,8,0,2,0.0432615056633949,0.7602137560024858,8,127,0,False
qwen3_4b,train,17959715,generation_2,8,0,2,0.0149613227695226,0.7663450303953141,8,164,0,False
qwen3_4b,train,17959715,generation_3,8,0,2,0.0093119647353887,0.7346918534021825,8,191,0,False
qwen3_4b,train,17965424,generation_1,10,1,5,0.001429822994396,0.3899080949136987,10,199,1,False
qwen3_4b,train,17965424,generation_2,10,1,4,0.0020763364154845,0.5186949117342009,10,182,1,False
qwen3_4b,train,17965424,generation_3,10,1,0,0.0014227259671315,0.8779446803382598,10,197,1,True
qwen3_4b,train,17975693,generation_1,3,0,1,0.0133434403687715,0.6591135816027721,3,138,0,False
qwen3_4b,train,17975693,generation_2,3,0,1,0.0128895072266459,0.658539216654996,3,145,0,False
qwen3_4b,train,17975693,generation_3,3,0,1,0.0143718551844358,0.6588741087665161,3,146,0,False
qwen3_4b,train,18050247,generation_1,6,0,0,0.9853197932243348,0.990211675564448,6,244,0,True
qwen3_4b,train,18050247,generation_2,6,0,1,0.0003537736483849,0.8210698300293492,6,193,0,False
qwen3_4b,train,18050247,generation_3,6,0,0,0.9846943020820618,0.9914892117182413,6,221,0,True
qwen3_4b,train,18083142,generation_1,16,0,0,0.9187543988227844,0.9743833281099796,16,264,2,True
qwen3_4b,train,18083142,generation_2,16,0,2,0.0005791326984763,0.8575781983672641,16,256,2,True
qwen3_4b,train,18083142,generation_3,16,0,1,0.0023215771652758,0.8976408898888621,16,255,2,True
qwen3_4b,train,18165598,generation_1,15,2,2,0.000228680379223,0.6931471920708039,15,251,2,True
qwen3_4b,train,18165598,generation_2,15,2,3,0.0007129390724003,0.6916822173632682,15,293,2,False
qwen3_4b,train,18165598,generation_3,15,2,3,0.0010153371840715,0.6526095976432165,15,267,2,False
qwen3_4b,train,18166824,generation_1,8,0,0,0.987984836101532,0.9954372420907021,8,181,0,True
qwen3_4b,train,18166824,generation_2,8,0,0,0.9602830410003662,0.9903593733906746,8,192,0,True
qwen3_4b,train,18166824,generation_3,8,0,0,0.8207229971885681,0.9681488648056984,8,218,0,True
qwen3_4b,train,18182964,generation_1,5,1,0,0.0578575246036052,0.7877730391919612,5,173,0,True
qwen3_4b,train,18182964,generation_2,5,1,0,0.4448896944522857,0.8687275111675262,5,212,0,True
qwen3_4b,train,18182964,generation_3,5,1,0,0.0289993397891521,0.775970759242773,5,216,0,True
qwen3_4b,train,18189233,generation_1,5,0,1,0.015710275620222,0.7988808713853359,5,141,0,False
qwen3_4b,train,18189233,generation_2,5,0,1,0.0002272998244734,0.795689838627004,5,149,0,False
qwen3_4b,train,18189233,generation_3,5,0,1,0.0173742957413196,0.7966816700994969,5,164,0,False
qwen3_4b,train,18235024,generation_1,2,0,0,0.9972699284553528,0.9973384737968445,2,137,0,True
qwen3_4b,train,18235024,generation_2,2,0,0,0.9963239431381226,0.9963732659816742,2,168,0,True
qwen3_4b,train,18235024,generation_3,2,0,0,0.9965776801109314,0.9966543018817902,2,210,0,True
qwen3_4b,train,18262054,generation_1,2,0,0,0.9870398640632628,0.9883623421192168,2,149,0,True
qwen3_4b,train,18262054,generation_2,2,0,0,0.9925087094306946,0.9926730394363403,2,204,0,True
qwen3_4b,train,18262054,generation_3,2,0,0,0.9917588829994202,0.9926031231880188,2,149,0,True
qwen3_4b,train,18270997,generation_1,4,0,0,0.961090326309204,0.9759628176689148,4,154,0,True
qwen3_4b,train,18270997,generation_2,4,0,0,0.8171451091766357,0.9156962782144547,4,176,0,True
qwen3_4b,train,18270997,generation_3,4,0,0,0.9641730189323424,0.979702889919281,4,178,0,True
qwen3_4b,train,18310445,generation_1,36,0,27,0.0001793537958292,0.23662055240088695,36,197,2,False
qwen3_4b,train,18310445,generation_2,36,0,26,0.0001767257490428,0.2804873346277519,36,202,2,False
qwen3_4b,train,18310445,generation_3,36,0,27,0.000177259571501,0.2420424996651288,36,269,2,False
qwen3_4b,train,18340638,generation_1,7,0,3,0.0106267211958765,0.5891336158716253,7,182,0,False
qwen3_4b,train,18340638,generation_2,7,0,3,0.0155342146754264,0.5603705852159432,7,212,0,False
qwen3_4b,train,18340638,generation_3,7,0,3,0.0059105874970555,0.5423691400459835,7,151,0,False
qwen3_4b,train,18356633,generation_1,8,0,5,0.0016040082555264,0.3159085538936779,8,146,0,False
qwen3_4b,train,18356633,generation_2,8,0,4,0.0043636914342641,0.5552495214506052,8,188,0,False
qwen3_4b,train,18356633,generation_3,8,0,4,0.0006535632419399,0.48600633108435426,8,184,0,False
qwen3_4b,train,18366737,generation_1,5,0,0,0.992145836353302,0.9945913910865783,5,132,0,True
qwen3_4b,train,18366737,generation_2,5,0,0,0.9937108755111694,0.9951503038406372,5,149,0,True
qwen3_4b,train,18366737,generation_3,5,0,0,0.9951979517936708,0.9955750465393066,5,162,0,True
qwen3_4b,train,18397285,generation_1,3,0,0,0.9729493856430054,0.9882336457570394,3,196,0,True
qwen3_4b,train,18397285,generation_2,3,0,0,0.988458812236786,0.9930582841237386,3,140,0,True
qwen3_4b,train,18397285,generation_3,3,0,0,0.9268661737442015,0.9720577796300253,3,153,0,True
qwen3_4b,train,18408250,generation_1,3,0,1,0.0002886488218791,0.601338599595086,3,160,0,False
qwen3_4b,train,18408250,generation_2,3,0,1,0.000320024206303,0.657477122847922,3,168,0,False
qwen3_4b,train,18408250,generation_3,3,0,1,0.0003028437495231,0.6322223916649817,3,172,0,False
qwen3_4b,train,18410508,generation_1,12,0,4,0.0019374616676941,0.6642576212082835,12,221,1,False
qwen3_4b,train,18410508,generation_2,12,0,3,0.0064750965684652,0.6877054205785195,12,173,1,False
qwen3_4b,train,18410508,generation_3,12,0,5,0.000606459681876,0.600045373867033,12,177,1,False
qwen3_4b,train,18410548,generation_1,3,0,0,0.9947946667671204,0.9960588415463766,3,137,0,True
qwen3_4b,train,18410548,generation_2,3,0,0,0.9910287261009216,0.994889497756958,3,138,0,True
qwen3_4b,train,18410548,generation_3,3,0,0,0.9954258799552916,0.9963991443316141,3,145,0,True
qwen3_4b,train,18422462,generation_1,16,8,0,0.0002612864773254,0.4912940225840429,16,194,2,True
qwen3_4b,train,18422462,generation_2,16,8,0,0.0004266897740308,0.49318042181948835,16,241,2,True
qwen3_4b,train,18422462,generation_3,16,8,0,0.0003036118578165,0.48791186547350657,16,242,2,True
qwen3_4b,train,18439317,generation_1,2,0,0,0.993819773197174,0.9958184659481049,2,189,0,True
qwen3_4b,train,18439317,generation_2,2,0,0,0.9930077791213988,0.9953246116638184,2,165,0,True
qwen3_4b,train,18439317,generation_3,2,0,0,0.9921312928199768,0.9949015974998474,2,168,0,True
qwen3_4b,train,18442015,generation_1,15,1,5,0.000218589004362,0.6535610256658402,15,226,2,False
qwen3_4b,train,18442015,generation_2,15,1,5,0.0018960804445669,0.6711915751841541,15,223,2,False
qwen3_4b,train,18442015,generation_3,15,1,8,0.0116231022402644,0.4794206508124868,15,221,2,False
qwen3_4b,train,18470323,generation_1,2,0,0,0.982964813709259,0.9897472858428955,2,246,0,True
qwen3_4b,train,18470323,generation_2,2,0,0,0.9914662837982178,0.9937506020069122,2,191,0,True
qwen3_4b,train,18470323,generation_3,2,0,0,0.9879184365272522,0.9920774102210999,2,214,0,True
qwen3_4b,train,18483878,generation_1,7,0,3,0.0278050061315298,0.6215199793555907,7,153,0,False
qwen3_4b,train,18483878,generation_2,7,0,1,0.0414910279214382,0.8026817180216312,7,154,0,False
qwen3_4b,train,18483878,generation_3,7,0,1,0.0147146917879581,0.7410242094525269,7,176,0,False
qwen3_4b,train,18487244,generation_1,2,0,0,0.9951446652412416,0.9957474172115326,2,179,0,True
qwen3_4b,train,18487244,generation_2,2,0,0,0.9939256310462952,0.9945090115070343,2,192,0,True
qwen3_4b,train,18487244,generation_3,2,0,0,0.9949846267700196,0.9961997866630554,2,135,0,True
qwen3_4b,train,18541230,generation_1,13,0,2,0.3595998287200928,0.820969806267665,13,188,2,True
qwen3_4b,train,18541230,generation_2,13,0,1,0.2510177493095398,0.9109804951227628,13,165,2,True
qwen3_4b,train,18541230,generation_3,13,0,3,0.0932715237140655,0.7760100737214088,13,189,2,False
qwen3_4b,train,18544179,generation_1,10,2,1,0.0150718698278069,0.7028509791009128,10,197,1,True
qwen3_4b,train,18544179,generation_2,10,2,1,0.0109952874481678,0.6959816470742226,10,170,1,True
qwen3_4b,train,18544179,generation_3,10,2,1,0.0216716341674327,0.6704488271847368,10,178,1,True
qwen3_4b,train,18593936,generation_1,51,0,17,0.0002309083938598,0.6651625160770445,51,274,2,False
qwen3_4b,train,18593936,generation_2,51,0,13,0.007758461870253,0.7476050686091185,51,254,2,False
qwen3_4b,train,18593936,generation_3,51,0,15,0.0002092057839035,0.7108319911117981,51,237,2,False
qwen3_4b,train,18631865,generation_1,7,1,2,0.0004608046729117,0.5770340031345508,7,194,0,False
qwen3_4b,train,18631865,generation_2,7,1,2,0.0004452941648196,0.5366553861074083,7,190,0,False
qwen3_4b,train,18631865,generation_3,7,1,3,0.0003668164426926,0.4795923459418451,7,185,0,False
qwen3_4b,train,18657397,generation_1,2,0,1,0.2979203164577484,0.6390769630670547,2,158,0,False
qwen3_4b,train,18657397,generation_2,2,0,1,0.0856057181954383,0.5303974635899067,2,145,0,False
qwen3_4b,train,18657397,generation_3,2,0,2,0.0583621896803379,0.2447792161256075,2,166,0,False
qwen3_4b,train,18672102,generation_1,24,0,0,0.993532657623291,0.995423307021459,24,201,2,True
qwen3_4b,train,18672102,generation_2,24,0,3,0.0114160403609275,0.8896110116814574,24,199,2,False
qwen3_4b,train,18672102,generation_3,24,0,4,0.0077026453800499,0.8195925246885357,24,143,2,False
qwen3_4b,train,18674790,generation_1,19,0,6,0.0001873427972896,0.6495978046694194,19,250,2,False
qwen3_4b,train,18674790,generation_2,19,0,9,0.0001894200977403,0.5353621258239544,19,281,2,False
qwen3_4b,train,18674790,generation_3,19,0,10,0.0060563189908862,0.4945509286205235,19,293,2,False
qwen3_4b,train,18681856,generation_1,6,0,1,0.128025472164154,0.8467583556969961,6,207,0,False
qwen3_4b,train,18681856,generation_2,6,0,3,0.0165157318115234,0.5188249802837769,6,202,0,False
qwen3_4b,train,18681856,generation_3,6,0,3,0.0093806404620409,0.554600492119789,6,158,0,False
qwen3_4b,train,18699851,generation_1,5,0,0,0.97676420211792,0.9923345804214477,5,205,0,True
qwen3_4b,train,18699851,generation_2,5,0,0,0.9715880751609802,0.9917680025100708,5,179,0,True
qwen3_4b,train,18699851,generation_3,5,0,0,0.8997382521629333,0.9766297221183777,5,166,0,True
qwen3_4b,train,18752389,generation_1,17,1,7,0.000759916845709,0.5615672620615977,17,218,2,False
qwen3_4b,train,18752389,generation_2,17,1,7,0.0021047685295343,0.5272382246878218,17,197,2,False
qwen3_4b,train,18752389,generation_3,17,1,6,0.0016581235686317,0.6309025158681085,17,182,2,False
qwen3_4b,train,18754075,generation_1,9,0,2,0.0279056560248136,0.7521268913729323,9,154,1,False
qwen3_4b,train,18754075,generation_2,9,0,1,0.3987678289413452,0.8762167361047533,9,205,1,True
qwen3_4b,train,18754075,generation_3,9,0,4,0.0317554473876953,0.5827373146182961,9,201,1,False
qwen3_4b,train,18768591,generation_1,24,0,3,0.0004541002854239,0.8278022591051316,24,230,2,False
qwen3_4b,train,18768591,generation_2,24,0,5,0.0100068133324384,0.7758785646098355,24,276,2,False
qwen3_4b,train,18768591,generation_3,24,0,9,0.0018878380069509,0.6428820726238579,24,264,2,False
qwen3_4b,train,18772193,generation_1,14,0,5,0.0243017710745334,0.6416750292160681,14,210,2,False
qwen3_4b,train,18772193,generation_2,14,0,6,0.0032098742667585,0.6034338506371049,14,179,2,False
qwen3_4b,train,18772193,generation_3,14,0,2,0.0001868341933004,0.8103708499568582,14,165,2,True
qwen3_4b,train,18779591,generation_1,9,1,1,0.0001973283360712,0.8847369327817837,9,158,1,True
qwen3_4b,train,18779591,generation_2,9,1,1,0.0001846832601586,0.877555115162977,9,175,1,True
qwen3_4b,train,18779591,generation_3,9,1,2,0.000347997614881,0.7590931611517185,9,192,1,False
qwen3_4b,train,18790087,generation_1,2,0,0,0.9939007759094238,0.9940489530563354,2,160,0,True
qwen3_4b,train,18790087,generation_2,2,0,0,0.9934114813804626,0.9941335618495941,2,151,0,True
qwen3_4b,train,18790087,generation_3,2,0,0,0.9936996698379515,0.9940883815288544,2,165,0,True
qwen3_4b,train,18791947,generation_1,1,0,1,0.0264893248677253,0.0264893248677253,1,145,0,False
qwen3_4b,train,18791947,generation_2,1,0,1,0.0073762224055826,0.0073762224055826,1,137,0,False
qwen3_4b,train,18791947,generation_3,1,0,1,0.0124601460993289,0.0124601460993289,1,146,0,False
qwen3_4b,train,18808529,generation_1,12,0,3,0.0769961923360824,0.7367861097057661,12,201,1,False
qwen3_4b,train,18808529,generation_2,12,0,4,0.0024211786221712,0.6831905907602049,12,202,1,False
qwen3_4b,train,18808529,generation_3,12,0,1,0.4851343035697937,0.8793924351533254,12,214,1,True
qwen3_4b,train,18809400,generation_1,12,0,2,0.0296651665121316,0.7889556954614818,12,182,1,False
qwen3_4b,train,18809400,generation_2,12,0,2,0.0384549051523208,0.8395856308440367,12,213,1,False
qwen3_4b,train,18809400,generation_3,12,0,1,0.0202067848294973,0.8942565699107945,12,162,1,True
qwen3_4b,train,18827003,generation_1,10,1,2,0.007188003975898,0.799378725560382,10,211,1,False
qwen3_4b,train,18827003,generation_2,10,1,2,0.0275339223444461,0.8052865449339152,10,180,1,False
qwen3_4b,train,18827003,generation_3,10,1,2,0.009394995868206,0.7687652606517077,10,187,1,False
qwen3_4b,train,18945288,generation_1,2,0,0,0.9741942286491394,0.9850151240825653,2,142,0,True
qwen3_4b,train,18945288,generation_2,2,0,0,0.9409186840057372,0.9682474136352538,2,126,0,True
qwen3_4b,train,18945288,generation_3,2,0,0,0.940204620361328,0.9679035544395447,2,161,0,True
qwen3_4b,train,18945509,generation_1,12,4,4,0.0003701382665894,0.2889428054040763,12,238,1,False
qwen3_4b,train,18945509,generation_2,12,4,4,0.000422041513957,0.3284568199208782,12,171,1,False
qwen3_4b,train,18945509,generation_3,12,4,3,0.0003667503187898,0.41696794168577367,12,228,1,False
qwen3_4b,train,18987260,generation_1,14,0,0,0.9068140983581544,0.9749539153916496,14,219,2,True
qwen3_4b,train,18987260,generation_2,14,0,0,0.8722445368766785,0.968699323279517,14,206,2,True
qwen3_4b,train,18987260,generation_3,14,0,0,0.6730576157569885,0.9542633720806667,14,268,2,True
qwen3_4b,train,19037252,generation_1,1,0,0,0.9977739453315736,0.9977739453315736,1,169,0,True
qwen3_4b,train,19037252,generation_2,1,0,0,0.9956568479537964,0.9956568479537964,1,179,0,True
qwen3_4b,train,19037252,generation_3,1,0,0,0.996204435825348,0.996204435825348,1,169,0,True
qwen3_4b,train,19048115,generation_1,12,1,0,0.8373991847038269,0.9812747836112976,12,252,1,True
qwen3_4b,train,19048115,generation_2,12,1,0,0.6694410443305969,0.9619741588830948,12,239,1,True
qwen3_4b,train,19048115,generation_3,12,1,0,0.7741832733154297,0.9766792605320612,12,255,1,True
qwen3_4b,train,19058010,generation_1,21,1,8,0.0574491322040557,0.582695158464568,21,192,2,False
qwen3_4b,train,19058010,generation_2,21,1,10,0.0250371415168046,0.5129555948965606,21,135,2,False
qwen3_4b,train,19058010,generation_3,21,1,9,0.0142878964543342,0.617180636596112,21,238,2,False
qwen3_4b,train,19067809,generation_1,6,0,2,0.0005093542858958,0.6868239322987696,6,154,0,False
qwen3_4b,train,19067809,generation_2,6,0,2,0.0119539834558963,0.6763353887945414,6,158,0,False
qwen3_4b,train,19067809,generation_3,6,0,1,0.0082196583971381,0.8088686265982687,6,144,0,False
qwen3_4b,train,19082493,generation_1,5,0,1,0.0038353337440639,0.7643498208839447,5,176,0,False
qwen3_4b,train,19082493,generation_2,5,0,2,0.0102998428046703,0.5982649197801947,5,154,0,False
qwen3_4b,train,19082493,generation_3,5,0,1,0.0409224517643451,0.7882041431963444,5,160,0,False
qwen3_4b,train,19101703,generation_1,3,0,1,0.0060893520712852,0.6662686144312223,3,207,0,False
qwen3_4b,train,19101703,generation_2,3,0,1,0.0062085022218525,0.6663634853127102,3,153,0,False
qwen3_4b,train,19101703,generation_3,3,0,0,0.96440327167511,0.9857466816902161,3,164,0,True
qwen3_4b,train,19108278,generation_1,12,0,3,0.0007309235516004,0.7469686343635354,12,179,1,False
qwen3_4b,train,19108278,generation_2,12,0,3,0.0004144818230997,0.7404756709365756,12,172,1,False
qwen3_4b,train,19108278,generation_3,12,0,3,0.000933032890316,0.7356200972911514,12,159,1,False
qwen3_4b,train,19110214,generation_1,6,0,0,0.9457216858863832,0.9853152732054392,6,196,0,True
qwen3_4b,train,19110214,generation_2,6,0,1,0.0003922327887266,0.8187392808419341,6,154,0,False
qwen3_4b,train,19110214,generation_3,6,0,0,0.9689794182777404,0.9881432751814524,6,230,0,True
qwen3_4b,train,19160446,generation_1,2,0,0,0.9929043650627136,0.9931650459766388,2,173,0,True
qwen3_4b,train,19160446,generation_2,2,0,0,0.9931839108467102,0.9934865832328796,2,149,0,True
qwen3_4b,train,19160446,generation_3,2,0,0,0.9912322163581848,0.9918710291385651,2,217,0,True
qwen3_4b,train,19218574,generation_1,11,0,2,0.0004098799254279,0.7827116157198113,11,206,1,False
qwen3_4b,train,19218574,generation_2,11,0,1,0.0003187140391673,0.8975436261257115,11,233,1,True
qwen3_4b,train,19218574,generation_3,11,0,2,0.0002898616658058,0.7927978050508748,11,154,1,False
qwen3_4b,train,19234905,generation_1,1,0,0,0.9789624810218812,0.9789624810218812,1,160,0,True
qwen3_4b,train,19234905,generation_2,1,0,0,0.9791913628578186,0.9791913628578186,1,179,0,True
qwen3_4b,train,19234905,generation_3,1,0,0,0.97953861951828,0.97953861951828,1,159,0,True
qwen3_4b,train,19306381,generation_1,43,5,33,0.0001765319175319,0.11728455096098785,43,174,2,False
qwen3_4b,train,19306381,generation_2,43,5,29,0.000183732874575,0.20964578022641603,43,181,2,False
qwen3_4b,train,19306381,generation_3,43,5,30,0.0001885393139673,0.21838352174990872,43,197,2,False
qwen3_4b,train,19319147,generation_1,5,0,2,0.0338085368275642,0.6708182588219642,5,158,0,False
qwen3_4b,train,19319147,generation_2,5,0,2,0.024615291506052,0.5865468479692936,5,137,0,False
qwen3_4b,train,19319147,generation_3,5,0,2,0.0436657257378101,0.6100517861545085,5,145,0,False
qwen3_4b,train,19346865,generation_1,2,0,0,0.9622411727905272,0.9693189561367035,2,145,0,True
qwen3_4b,train,19346865,generation_2,2,0,0,0.916055142879486,0.9514259994029998,2,182,0,True
qwen3_4b,train,19346865,generation_3,2,0,0,0.8890875577926636,0.9371544420719147,2,133,0,True
qwen3_4b,train,19365571,generation_1,3,0,0,0.9898866415023804,0.9936968485514323,3,145,0,True
qwen3_4b,train,19365571,generation_2,3,0,0,0.9805816411972046,0.9900720715522766,3,169,0,True
qwen3_4b,train,19365571,generation_3,3,0,0,0.9815402626991272,0.9908965428670248,3,167,0,True
qwen3_4b,train,19370764,generation_1,7,0,1,0.0024196070153266,0.8358533660814699,7,153,0,False
qwen3_4b,train,19370764,generation_2,7,0,2,0.0004390206595417,0.7029155590696193,7,195,0,False
qwen3_4b,train,19370764,generation_3,7,0,1,0.0071778674609959,0.8405420493467578,7,190,0,False
qwen3_4b,train,19445921,generation_1,16,0,3,0.0002045821893261,0.7864183106257769,16,261,2,False
qwen3_4b,train,19445921,generation_2,16,0,1,0.0270196795463562,0.9236995950341225,16,203,2,True
qwen3_4b,train,19445921,generation_3,16,0,3,0.0002189830702263,0.8277299427008984,16,222,2,False
qwen3_4b,train,19463742,generation_1,46,1,26,0.0001793575502233,0.3760504345298851,46,250,2,False
qwen3_4b,train,19463742,generation_2,46,1,27,0.0001794880954548,0.4090924069792179,46,288,2,False
qwen3_4b,train,19463742,generation_3,46,1,24,0.0001796444266801,0.43215716705985274,46,251,2,False
qwen3_4b,train,19508969,generation_1,28,0,2,0.0350365415215492,0.9112336505204439,28,157,2,True
qwen3_4b,train,19508969,generation_2,28,0,0,0.7030988335609436,0.9621524959802628,28,219,2,True
qwen3_4b,train,19508969,generation_3,28,0,0,0.9753080606460572,0.9841635950974056,28,227,2,True
qwen3_4b,train,19521089,generation_1,1,0,0,0.9931049942970276,0.9931049942970276,1,130,0,True
qwen3_4b,train,19521089,generation_2,1,0,0,0.993111252784729,0.993111252784729,1,156,0,True
qwen3_4b,train,19521089,generation_3,1,0,0,0.99366694688797,0.99366694688797,1,155,0,True
qwen3_4b,train,19536134,generation_1,30,1,11,0.0001861946948338,0.6408124901897584,30,223,2,False
qwen3_4b,train,19536134,generation_2,30,1,11,0.0001853830035543,0.6313887778461018,30,192,2,False
qwen3_4b,train,19536134,generation_3,30,1,11,0.0001835604052757,0.6102939623272202,30,189,2,False
qwen3_4b,train,19549709,generation_1,5,0,0,0.7586813569068909,0.9097277164459229,5,188,0,True
qwen3_4b,train,19549709,generation_2,5,0,0,0.8591943383216858,0.9406580805778504,5,191,0,True
qwen3_4b,train,19549709,generation_3,5,0,0,0.8035480976104736,0.9464859366416931,5,170,0,True
qwen3_4b,train,19592582,generation_1,5,0,0,0.9018246531486512,0.9740991234779358,5,186,0,True
qwen3_4b,train,19592582,generation_2,5,0,1,0.0539380982518196,0.8058245077729225,5,178,0,False
qwen3_4b,train,19592582,generation_3,5,0,0,0.918599247932434,0.9781090140342712,5,160,0,True
qwen3_4b,train,19631624,generation_1,8,0,5,0.0013660605764016,0.37791910515807103,8,155,0,False
qwen3_4b,train,19631624,generation_2,8,0,4,0.00151165376883,0.485184834440588,8,197,0,False
qwen3_4b,train,19631624,generation_3,8,0,4,0.0009604201186448,0.44696594346896745,8,164,0,False
qwen3_4b,train,19642243,generation_1,6,1,1,0.2109861671924591,0.8351638466119766,6,164,0,False
qwen3_4b,train,19642243,generation_2,6,1,0,0.8894518613815308,0.9508809149265289,6,139,0,True
qwen3_4b,train,19642243,generation_3,6,1,1,0.1405503004789352,0.815982865790526,6,132,0,False
qwen3_4b,train,19672862,generation_1,22,0,2,0.0004661632992792,0.8803938220596386,22,256,2,True
qwen3_4b,train,19672862,generation_2,22,0,2,0.0006457372801378,0.8715830070696856,22,276,2,True
qwen3_4b,train,19672862,generation_3,22,0,3,0.0006272870232351,0.8541518832657444,22,206,2,False
qwen3_4b,train,19692487,generation_1,14,0,7,0.0006647576228715,0.503882004517696,14,239,2,False
qwen3_4b,train,19692487,generation_2,14,0,6,0.005738059990108,0.5537682252137789,14,180,2,False
qwen3_4b,train,19692487,generation_3,14,0,7,0.0002839096123352,0.51243233995878,14,179,2,False
qwen3_4b,train,19696792,generation_1,8,0,2,0.0003369333862792,0.7308979888039175,8,180,0,False
qwen3_4b,train,19696792,generation_2,8,0,2,0.0005041037802584,0.730284421457327,8,149,0,False
qwen3_4b,train,19696792,generation_3,8,0,2,0.000386554893339,0.7403228129078343,8,160,0,False
qwen3_4b,train,19707748,generation_1,2,0,0,0.9746276140213012,0.983689546585083,2,146,0,True
qwen3_4b,train,19707748,generation_2,2,0,0,0.7343037128448486,0.8628225028514862,2,160,0,True
qwen3_4b,train,19707748,generation_3,2,0,0,0.8390591740608215,0.9136779308319092,2,149,0,True
qwen3_4b,train,19719056,generation_1,2,0,1,0.0550740584731102,0.519260298460722,2,157,0,False
qwen3_4b,train,19719056,generation_2,2,0,1,0.0004001830529887,0.49213343732117215,2,183,0,False
qwen3_4b,train,19719056,generation_3,2,0,1,0.0311239250004291,0.5069312993437052,2,154,0,False
qwen3_4b,train,19721134,generation_1,19,0,12,0.0003316012152936,0.3574089374589292,19,250,2,False
qwen3_4b,train,19721134,generation_2,19,0,16,0.0001782463077688,0.15551898158293237,19,218,2,False
qwen3_4b,train,19721134,generation_3,19,0,16,0.0001778463629307,0.15131483725838876,19,221,2,False
qwen3_4b,train,19728177,generation_1,3,0,0,0.9828445911407472,0.9832809964815775,3,159,0,True
qwen3_4b,train,19728177,generation_2,3,0,0,0.9828145503997804,0.9831551710764567,3,138,0,True
qwen3_4b,train,19728177,generation_3,3,0,0,0.8825211524963379,0.9498113393783569,3,168,0,True
qwen3_4b,train,19779499,generation_1,5,0,1,0.0081240478903055,0.7924431312829257,5,180,0,False
qwen3_4b,train,19779499,generation_2,5,0,1,0.0092375371605157,0.7920962352305649,5,147,0,False
qwen3_4b,train,19779499,generation_3,5,0,2,0.0449622869491577,0.6146097354590893,5,174,0,False
qwen3_4b,train,19811499,generation_1,20,0,7,0.0002197001886088,0.6477031270544102,20,165,2,False
qwen3_4b,train,19811499,generation_2,20,0,7,0.0006089270464144,0.6305512743914733,20,225,2,False
qwen3_4b,train,19811499,generation_3,20,0,11,0.0002026802249019,0.4651544401720457,20,218,2,False
qwen3_4b,train,19825989,generation_1,27,4,11,0.0002516650129109,0.47367670897963554,27,252,2,False
qwen3_4b,train,19825989,generation_2,27,4,16,0.0002363883540965,0.40838048973819235,27,204,2,False
qwen3_4b,train,19825989,generation_3,27,4,13,0.0002205640776082,0.511456919279428,27,246,2,False
qwen3_4b,train,19841052,generation_1,2,0,1,0.3009999692440033,0.6313853710889816,2,151,0,False
qwen3_4b,train,19841052,generation_2,2,0,1,0.0548417083919048,0.5119909998029469,2,141,0,False
qwen3_4b,train,19841052,generation_3,2,0,1,0.0574545376002788,0.5143905337899923,2,156,0,False
qwen3_4b,train,19881468,generation_1,13,0,8,0.0002004514390137,0.3718331688757574,13,141,2,False
qwen3_4b,train,19881468,generation_2,13,0,6,0.0001989773882087,0.5046400304955359,13,177,2,False
qwen3_4b,train,19881468,generation_3,13,0,7,0.0002274663129355,0.45748603270420485,13,173,2,False
qwen3_4b,train,19889778,generation_1,4,0,3,0.0077727665193378,0.20039469387847925,4,163,0,False
qwen3_4b,train,19889778,generation_2,4,0,1,0.0072132055647671,0.6802110300632194,4,169,0,False
qwen3_4b,train,19889778,generation_3,4,0,3,0.0082824518904089,0.2865182671230286,4,168,0,False
qwen3_4b,train,19891556,generation_1,2,0,0,0.9886434674263,0.9912786483764648,2,130,0,True
qwen3_4b,train,19891556,generation_2,2,0,0,0.9863329529762268,0.9904412031173706,2,143,0,True
qwen3_4b,train,19891556,generation_3,2,0,0,0.988079845905304,0.9911912381649017,2,145,0,True
qwen3_4b,train,19918264,generation_1,2,0,0,0.9733459949493408,0.9843042492866516,2,156,0,True
qwen3_4b,train,19918264,generation_2,2,0,0,0.9452475905418396,0.9694983065128326,2,120,0,True
qwen3_4b,train,19918264,generation_3,2,0,0,0.9422977566719056,0.9687654972076416,2,166,0,True
qwen3_4b,train,19923525,generation_1,6,0,2,0.0111754918470978,0.6801193767848114,6,145,0,False
qwen3_4b,train,19923525,generation_2,6,0,2,0.0120861772447824,0.6541787597040335,6,122,0,False
qwen3_4b,train,19923525,generation_3,6,0,2,0.0103032868355512,0.5873649508381883,6,144,0,False
qwen3_4b,train,19996135,generation_1,1,0,1,0.005767990835011,0.005767990835011,1,185,0,False
qwen3_4b,train,19996135,generation_2,1,0,0,0.9724419116973876,0.9724419116973876,1,148,0,True
qwen3_4b,train,19996135,generation_3,1,0,1,0.0091509092599153,0.0091509092599153,1,248,0,False
qwen3_4b,train,20005218,generation_1,4,0,1,0.4338091015815735,0.8543902188539505,4,154,0,False
qwen3_4b,train,20005218,generation_2,4,0,0,0.9765971302986144,0.9892291277647018,4,164,0,True
qwen3_4b,train,20005218,generation_3,4,0,0,0.9682763814926147,0.9886827170848846,4,170,0,True
qwen3_4b,train,20034406,generation_1,8,1,1,0.0008732320275157,0.7389502367877867,8,162,0,False
qwen3_4b,train,20034406,generation_2,8,1,1,0.0048306477256119,0.8303327994071878,8,181,0,False
qwen3_4b,train,20034406,generation_3,8,1,2,0.0021110272500663,0.6186532506544609,8,160,0,False
qwen3_4b,train,20046642,generation_1,22,1,16,0.0001801313774194,0.25324044764354103,22,212,2,False
qwen3_4b,train,20046642,generation_2,22,1,12,0.0026162867434322,0.4296876364599236,22,258,2,False
qwen3_4b,train,20046642,generation_3,22,1,11,0.0001834246359067,0.44787922439189226,22,225,2,False
qwen3_4b,train,20080916,generation_1,3,0,2,0.0030374280177056,0.4833748953727384,3,140,0,False
qwen3_4b,train,20080916,generation_2,3,0,2,0.0028459758032113,0.4697749426122754,3,128,0,False
qwen3_4b,train,20080916,generation_3,3,0,2,0.0028906913939863,0.4451845140041162,3,134,0,False
qwen3_4b,train,20080983,generation_1,3,0,1,0.0144617371261119,0.6599179841578007,3,138,0,False
qwen3_4b,train,20080983,generation_2,3,0,1,0.0794107615947723,0.6017420589923859,3,147,0,False
qwen3_4b,train,20080983,generation_3,3,0,1,0.036059483885765,0.6657756119966507,3,120,0,False
qwen3_4b,train,20086182,generation_1,6,0,0,0.93482905626297,0.9788741966088613,6,162,0,True
qwen3_4b,train,20086182,generation_2,6,0,1,0.0409764721989631,0.8166333548724651,6,171,0,False
qwen3_4b,train,20086182,generation_3,6,0,2,0.0643334910273552,0.6629494180281957,6,178,0,False
qwen3_4b,train,20105280,generation_1,17,0,7,0.0027566340286284,0.6160122405819815,17,266,2,False
qwen3_4b,train,20105280,generation_2,17,0,13,0.0034474586136639,0.30379546543254565,17,199,2,False
qwen3_4b,train,20105280,generation_3,17,0,8,0.000239953486016,0.5046857390843797,17,276,2,False
qwen3_4b,train,20105310,generation_1,31,1,3,0.0100164925679564,0.9012352039196319,31,250,2,False
qwen3_4b,train,20105310,generation_2,31,1,1,0.033717080950737,0.9633510742456682,31,259,2,True
qwen3_4b,train,20105310,generation_3,31,1,5,0.0002461331023368,0.8372016749128834,31,304,2,False
qwen3_4b,train,20129423,generation_1,2,0,0,0.9814597368240356,0.9830810725688934,2,129,0,True
qwen3_4b,train,20129423,generation_2,2,0,0,0.9841704368591307,0.9847781658172607,2,135,0,True
qwen3_4b,train,20129423,generation_3,2,0,0,0.9788634181022644,0.9815865457057953,2,154,0,True
qwen3_4b,train,20226780,generation_1,6,0,2,0.0004061963409185,0.6486062640324235,6,189,0,False
qwen3_4b,train,20226780,generation_2,6,0,1,0.0002545281313359,0.8199998564862957,6,168,0,False
qwen3_4b,train,20226780,generation_3,6,0,1,0.0352455824613571,0.7221264218290647,6,133,0,False
qwen3_4b,train,20331935,generation_1,3,0,0,0.9768962264060974,0.9783416390419006,3,130,0,True
qwen3_4b,train,20331935,generation_2,3,0,0,0.930207371711731,0.9624658028284708,3,170,0,True
qwen3_4b,train,20331935,generation_3,3,0,0,0.9716749787330629,0.976161539554596,3,157,0,True
qwen3_4b,train,20335448,generation_1,12,0,0,0.7479018568992615,0.9626181970040003,12,216,1,True
qwen3_4b,train,20335448,generation_2,12,0,0,0.7500752806663513,0.962758868932724,12,153,1,True
qwen3_4b,train,20335448,generation_3,12,0,1,0.1678473204374313,0.9072609382371107,12,213,1,True
qwen3_4b,train,20367983,generation_1,4,0,1,0.0119795957580208,0.7496574262622744,4,147,0,False
qwen3_4b,train,20367983,generation_2,4,0,1,0.0141714205965399,0.7502950129564852,4,169,0,False
qwen3_4b,train,20367983,generation_3,4,0,1,0.0198706369847059,0.7517066891305149,4,165,0,False
qwen3_4b,train,20401977,generation_1,3,0,0,0.9699519276618958,0.987749437491099,3,130,0,True
qwen3_4b,train,20401977,generation_2,3,0,0,0.965065062046051,0.9859137932459513,3,141,0,True
qwen3_4b,train,20401977,generation_3,3,0,0,0.9842432737350464,0.9919894138971964,3,148,0,True
qwen3_4b,train,20415560,generation_1,7,0,1,0.0009106025099754,0.8395761964576585,7,165,0,False
qwen3_4b,train,20415560,generation_2,7,0,0,0.8269723057746887,0.9624132428850446,7,187,0,True
qwen3_4b,train,20415560,generation_3,7,0,0,0.9743196964263916,0.9858433433941433,7,150,0,True
qwen3_4b,train,20428796,generation_1,16,7,7,0.0002411042514722,0.34143410162323556,16,197,2,False
qwen3_4b,train,20428796,generation_2,16,7,6,0.0007926468388177,0.5011826941954496,16,230,2,False
qwen3_4b,train,20428796,generation_3,16,7,7,0.0021780477836728,0.44583452184451744,16,219,2,False
qwen3_4b,train,20431083,generation_1,2,0,1,0.0139701589941978,0.48428396508097654,2,153,0,False
qwen3_4b,train,20431083,generation_2,2,0,1,0.0143661089241504,0.5000418219715356,2,146,0,False
qwen3_4b,train,20431083,generation_3,2,0,1,0.0053387163206934,0.4827539264224469,2,172,0,False
qwen3_4b,train,20447294,generation_1,9,1,0,0.0361663475632667,0.8783252744211091,9,194,1,True
qwen3_4b,train,20447294,generation_2,9,1,0,0.2733384668827057,0.9059026406870948,9,272,1,True
qwen3_4b,train,20447294,generation_3,9,1,0,0.0497783198952674,0.880342481036981,9,221,1,True
qwen3_4b,train,20477932,generation_1,14,0,5,0.0060335481539368,0.6221366249956191,14,222,2,False
qwen3_4b,train,20477932,generation_2,14,0,6,0.0021186047233641,0.5648315592136767,14,245,2,False
qwen3_4b,train,20477932,generation_3,14,0,7,0.0006053682882338,0.4966115974654843,14,310,2,False
qwen3_4b,train,20510337,generation_1,26,0,6,0.0001892280124593,0.7579444465871068,26,214,2,False
qwen3_4b,train,20510337,generation_2,26,0,5,0.0055738482624292,0.777456260429552,26,222,2,False
qwen3_4b,train,20510337,generation_3,26,0,8,0.000184886084753,0.712997049898639,26,289,2,False
qwen3_4b,train,20520283,generation_1,7,1,1,0.0040072128176689,0.6752017864159175,7,149,0,False
qwen3_4b,train,20520283,generation_2,7,1,2,0.0258721243590116,0.5851040897624833,7,177,0,False
qwen3_4b,train,20520283,generation_3,7,1,1,0.0071432692930102,0.7048011702884521,7,156,0,False
qwen3_4b,train,20523265,generation_1,8,0,0,0.9570876359939576,0.9812132567167282,8,202,0,True
qwen3_4b,train,20523265,generation_2,8,0,0,0.7451489567756653,0.9482272416353226,8,236,0,True
qwen3_4b,train,20523265,generation_3,8,0,0,0.90565288066864,0.9659849628806114,8,216,0,True
qwen3_4b,train,20528871,generation_1,6,3,0,0.0017668673535808,0.5219709363106327,6,122,0,True
qwen3_4b,train,20528871,generation_2,6,3,1,0.001508743269369,0.3688351398256297,6,136,0,False
qwen3_4b,train,20528871,generation_3,6,3,0,0.040793128311634,0.4959374610334635,6,123,0,True
qwen3_4b,train,20533999,generation_1,10,1,4,0.00226422958076,0.5208370784297586,10,221,1,False
qwen3_4b,train,20533999,generation_2,10,1,6,0.0182916428893804,0.3949289398267865,10,183,1,False
qwen3_4b,train,20533999,generation_3,10,1,3,0.0014316147426143,0.6035594888613559,10,185,1,False
qwen3_4b,train,20534142,generation_1,14,0,3,0.0011411025188863,0.8156180281657726,14,246,2,False
qwen3_4b,train,20534142,generation_2,14,0,2,0.0160075612366199,0.8592155525194747,14,191,2,True
qwen3_4b,train,20534142,generation_3,14,0,2,0.0528413392603397,0.8602488746068307,14,199,2,True
qwen3_4b,train,20558148,generation_1,12,0,4,0.0019475234439596,0.6594447364235142,12,235,1,False
qwen3_4b,train,20558148,generation_2,12,0,3,0.0122071895748376,0.7128589549101889,12,240,1,False
qwen3_4b,train,20558148,generation_3,12,0,6,0.000311780051561,0.4942508701157446,12,223,1,False
qwen3_4b,train,20579626,generation_1,5,0,0,0.9848782420158386,0.9933866024017334,5,227,0,True
qwen3_4b,train,20579626,generation_2,5,0,0,0.9830251932144164,0.9930220365524292,5,187,0,True
qwen3_4b,train,20579626,generation_3,5,0,0,0.9850987195968628,0.9937158823013306,5,148,0,True
qwen3_4b,train,20583543,generation_1,5,0,1,0.0109421629458665,0.7999585513025522,5,135,0,False
qwen3_4b,train,20583543,generation_2,5,0,1,0.0053762947209179,0.7988694460131228,5,163,0,False
qwen3_4b,train,20583543,generation_3,5,0,1,0.0035690448712557,0.7978831128682942,5,175,0,False
qwen3_4b,train,20588063,generation_1,7,0,0,0.9836800694465636,0.9951615418706622,7,158,0,True
qwen3_4b,train,20588063,generation_2,7,0,0,0.9800826907157898,0.9945964217185974,7,141,0,True
qwen3_4b,train,20588063,generation_3,7,0,0,0.9642271995544434,0.990296619279044,7,188,0,True
qwen3_4b,train,20606392,generation_1,2,0,0,0.9977861642837524,0.9978300333023071,2,134,0,True
qwen3_4b,train,20606392,generation_2,2,0,0,0.9966448545455932,0.997168242931366,2,208,0,True
qwen3_4b,train,20606392,generation_3,2,0,0,0.9897699356079102,0.9936105310916901,2,125,0,True
qwen3_4b,train,20667451,generation_1,7,0,0,0.9803699254989624,0.9844531076295036,7,164,0,True
qwen3_4b,train,20667451,generation_2,7,0,0,0.9535597562789916,0.9802227020263672,7,132,0,True
qwen3_4b,train,20667451,generation_3,7,0,0,0.9751649498939514,0.9836302059037345,7,159,0,True
qwen3_4b,train,20683499,generation_1,8,0,3,0.0007407244411297,0.6503525387306581,8,147,0,False
qwen3_4b,train,20683499,generation_2,8,0,3,0.0004997750511392,0.6348340567637933,8,151,0,False
qwen3_4b,train,20683499,generation_3,8,0,3,0.0172040443867445,0.6027217337395996,8,166,0,False
qwen3_4b,train,20708777,generation_1,12,0,0,0.985047459602356,0.9928498367468516,12,200,1,True
qwen3_4b,train,20708777,generation_2,12,0,0,0.9848671555519104,0.9919633716344833,12,159,1,True
qwen3_4b,train,20708777,generation_3,12,0,0,0.9682739973068236,0.9904248466094335,12,216,1,True
qwen3_4b,train,20722491,generation_1,20,0,14,0.0002130522334482,0.2964605616711196,20,206,2,False
qwen3_4b,train,20722491,generation_2,20,0,15,0.0001825710351113,0.24289462892920705,20,145,2,False
qwen3_4b,train,20722491,generation_3,20,0,15,0.0001806568470783,0.24674325512823994,20,178,2,False
qwen3_4b,train,20801104,generation_1,4,0,0,0.9208390712738036,0.9765704125165938,4,125,0,True
qwen3_4b,train,20801104,generation_2,4,0,0,0.9641240239143372,0.9873093366622925,4,160,0,True
qwen3_4b,train,20801104,generation_3,4,0,0,0.9049453139305116,0.9726330041885376,4,133,0,True
qwen3_4b,train,20806042,generation_1,3,0,0,0.9941646456718444,0.9951477845509847,3,165,0,True
qwen3_4b,train,20806042,generation_2,3,0,0,0.9950346946716307,0.996120830376943,3,156,0,True
qwen3_4b,train,20806042,generation_3,3,0,0,0.9951862692832948,0.9962791005770365,3,162,0,True
qwen3_4b,train,20828385,generation_1,5,0,2,0.1890236437320709,0.7268764674663544,5,198,0,False
qwen3_4b,train,20828385,generation_2,5,0,2,0.0175652280449867,0.6012740634381771,5,166,0,False
qwen3_4b,train,20828385,generation_3,5,0,1,0.039239764213562,0.7297340989112854,5,166,0,False
qwen3_4b,train,20846357,generation_1,6,0,0,0.92016339302063,0.9588062365849813,6,169,0,True
qwen3_4b,train,20846357,generation_2,6,0,3,0.004858904518187,0.45616121822968125,6,183,0,False
qwen3_4b,train,20846357,generation_3,6,0,4,0.0264261811971664,0.39777738228440285,6,152,0,False
qwen3_4b,train,20854438,generation_1,7,0,4,0.0013573924079537,0.48104007239453495,7,165,0,False
qwen3_4b,train,20854438,generation_2,7,0,2,0.0066271354444324,0.686187245018248,7,185,0,False
qwen3_4b,train,20854438,generation_3,7,0,4,0.0009489313233643,0.43887111973682685,7,163,0,False
qwen3_4b,train,20949073,generation_1,2,0,1,0.0135376369580626,0.5054248529486358,2,183,0,False
qwen3_4b,train,20949073,generation_2,2,0,1,0.0064505864866077,0.501831408822909,2,196,0,False
qwen3_4b,train,20949073,generation_3,2,0,1,0.0001918431662488,0.4986417470645392,2,187,0,False
qwen3_4b,train,20973483,generation_1,7,0,4,0.0010330890072509,0.41736116251974764,7,185,0,False
qwen3_4b,train,20973483,generation_2,7,0,5,0.0041802604682743,0.34731314810259,7,153,0,False
qwen3_4b,train,20973483,generation_3,7,0,5,0.0003017641138285,0.2815381905695955,7,201,0,False
qwen3_4b,train,21059483,generation_1,2,0,0,0.9542882442474364,0.9748730063438416,2,156,0,True
qwen3_4b,train,21059483,generation_2,2,0,0,0.9908740520477296,0.9933401346206666,2,149,0,True
qwen3_4b,train,21059483,generation_3,2,0,1,0.2259822189807891,0.6106853634119034,2,164,0,False
qwen3_4b,train,21070631,generation_1,15,1,4,0.0017044165870174,0.7553667462353284,15,236,2,False
qwen3_4b,train,21070631,generation_2,15,1,2,0.0027802414260804,0.7960951131768524,15,239,2,True
qwen3_4b,train,21070631,generation_3,15,1,1,0.0127635728567838,0.8897896576672792,15,182,2,True
qwen3_4b,train,21080147,generation_1,10,1,1,0.1387928873300552,0.9088907852768898,10,186,1,True
qwen3_4b,train,21080147,generation_2,10,1,1,0.3623977601528168,0.9276903718709946,10,233,1,True
qwen3_4b,train,21080147,generation_3,10,1,1,0.0373316295444965,0.894989924505353,10,155,1,True
qwen3_4b,train,21135151,generation_1,1,0,0,0.9956759810447692,0.9956759810447692,1,145,0,True
qwen3_4b,train,21135151,generation_2,1,0,0,0.9953351616859436,0.9953351616859436,1,159,0,True
qwen3_4b,train,21135151,generation_3,1,0,0,0.995618999004364,0.995618999004364,1,140,0,True
qwen3_4b,train,21163864,generation_1,2,0,1,0.001889819279313,0.49881115276366467,2,144,0,False
qwen3_4b,train,21163864,generation_2,2,0,1,0.0174565128982067,0.5062985923141241,2,147,0,False
qwen3_4b,train,21163864,generation_3,2,0,1,0.0014866718556731,0.49860242649447173,2,149,0,False
qwen3_4b,train,21195121,generation_1,12,0,1,0.0398925095796585,0.8824382784465948,12,215,1,True
qwen3_4b,train,21195121,generation_2,12,0,1,0.0950518026947975,0.8438166212290525,12,228,1,True
qwen3_4b,train,21195121,generation_3,12,0,2,0.0338795110583305,0.8001997787505388,12,248,1,False
qwen3_4b,train,21238926,generation_1,7,0,2,0.0008208846556954,0.7096979929649804,7,155,0,False
qwen3_4b,train,21238926,generation_2,7,0,2,0.0007511545554734,0.768432002256824,7,158,0,False
qwen3_4b,train,21238926,generation_3,7,0,2,0.000548158888705,0.6664312972155001,7,186,0,False
qwen3_4b,train,21325775,generation_1,2,0,1,0.0297651067376136,0.5087997801601886,2,145,0,False
qwen3_4b,train,21325775,generation_2,2,0,1,0.0438140630722045,0.5173952281475067,2,123,0,False
qwen3_4b,train,21325775,generation_3,2,0,1,0.0842253491282463,0.5362255237996577,2,137,0,False
qwen3_4b,train,21496008,generation_1,2,0,0,0.9951907396316528,0.9960849285125732,2,164,0,True
qwen3_4b,train,21496008,generation_2,2,0,0,0.9941241145133972,0.9948604702949524,2,167,0,True
qwen3_4b,train,21496008,generation_3,2,0,0,0.9924436211586,0.9932350218296051,2,171,0,True
qwen3_4b,train,21533187,generation_1,3,0,0,0.9946075081825256,0.994798501332601,3,143,0,True
qwen3_4b,train,21533187,generation_2,3,0,0,0.9937697052955629,0.9943406780560812,3,162,0,True
qwen3_4b,train,21533187,generation_3,3,0,0,0.9947249293327332,0.9951854944229126,3,195,0,True
qwen3_4b,train,21615796,generation_1,5,0,1,0.1610762327909469,0.8244478672742843,5,137,0,False
qwen3_4b,train,21615796,generation_2,5,0,1,0.0248731095343828,0.7981680575758219,5,189,0,False
qwen3_4b,train,21615796,generation_3,5,0,1,0.0390423871576786,0.7953709550201893,5,163,0,False
qwen3_4b,train,21666969,generation_1,6,0,0,0.9881987571716307,0.9918382267157236,6,201,0,True
qwen3_4b,train,21666969,generation_2,6,0,0,0.9849655628204346,0.992173453172048,6,169,0,True
qwen3_4b,train,21666969,generation_3,6,0,0,0.9882270693778992,0.9927389522393545,6,147,0,True
qwen3_4b,train,21682595,generation_1,4,0,1,0.0170678701251745,0.736597856041044,4,163,0,False
qwen3_4b,train,21682595,generation_2,4,0,2,0.0609329454600811,0.5322765102609992,4,151,0,False
qwen3_4b,train,21682595,generation_3,4,0,1,0.0111083695665001,0.7433721052948385,4,163,0,False
qwen3_4b,train,21695597,generation_1,6,0,2,0.1960838884115219,0.6883944099148115,6,182,0,False
qwen3_4b,train,21695597,generation_2,6,0,2,0.0567647367715835,0.6244882841904958,6,193,0,False
qwen3_4b,train,21695597,generation_3,6,0,3,0.0332985669374465,0.5601854523022969,6,181,0,False
qwen3_4b,train,21699520,generation_1,3,0,1,0.0197893567383289,0.6704887015124162,3,166,0,False
qwen3_4b,train,21699520,generation_2,3,0,1,0.0247642751783132,0.6715908367186785,3,147,0,False
qwen3_4b,train,21699520,generation_3,3,0,1,0.015308360569179,0.6696171894048651,3,179,0,False
qwen3_4b,train,21771880,generation_1,3,0,0,0.8617029190063477,0.9501633445421854,3,141,0,True
qwen3_4b,train,21771880,generation_2,3,0,0,0.9440207481384276,0.9778173565864563,3,198,0,True
qwen3_4b,train,21771880,generation_3,3,0,0,0.9712870717048644,0.9865647753079733,3,165,0,True
qwen3_4b,train,21810259,generation_1,25,0,7,0.001742870779708,0.7353178169950843,25,197,2,False
qwen3_4b,train,21810259,generation_2,25,0,4,0.0120159527286887,0.8045647849887609,25,148,2,False
qwen3_4b,train,21810259,generation_3,25,0,1,0.0489870607852935,0.9186430180072784,25,268,2,True
qwen3_4b,train,21904390,generation_1,3,0,0,0.9918347597122192,0.9949817458788554,3,230,0,True
qwen3_4b,train,21904390,generation_2,3,0,0,0.9856823086738586,0.9928839604059855,3,176,0,True
qwen3_4b,train,21904390,generation_3,3,0,0,0.9870826005935668,0.9930126269658407,3,161,0,True
qwen3_4b,train,21911891,generation_1,2,0,1,0.1046816483139991,0.5451691932976246,2,118,0,False
qwen3_4b,train,21911891,generation_2,2,0,1,0.0943610146641731,0.5405557192862034,2,125,0,False
qwen3_4b,train,21911891,generation_3,2,0,1,0.1065319031476974,0.547969751060009,2,145,0,False
qwen3_4b,train,22048266,generation_1,5,0,0,0.9566495418548584,0.9732986807823181,5,214,0,True
qwen3_4b,train,22048266,generation_2,5,0,0,0.9913495779037476,0.9932884812355042,5,120,0,True
qwen3_4b,train,22048266,generation_3,5,0,1,0.4097122848033905,0.8127517998218536,5,123,0,False
qwen3_4b,train,22051099,generation_1,7,1,0,0.0008346693939529,0.849334490543697,7,173,0,True
qwen3_4b,train,22051099,generation_2,7,1,0,0.0005529847112484,0.8463847598343689,7,201,0,True
qwen3_4b,train,22051099,generation_3,7,1,0,0.000601565290708,0.8502571122205284,7,191,0,True
qwen3_4b,train,22104738,generation_1,3,0,0,0.9733651876449584,0.9842825333277384,3,160,0,True
qwen3_4b,train,22104738,generation_2,3,0,0,0.9634575247764589,0.9802318612734476,3,161,0,True
qwen3_4b,train,22104738,generation_3,3,0,1,0.243200421333313,0.7364578048388163,3,204,0,False
qwen3_4b,train,22180037,generation_1,4,0,1,0.3049065470695495,0.8108346909284592,4,140,0,False
qwen3_4b,train,22180037,generation_2,4,0,0,0.9550531506538392,0.9748520851135255,4,145,0,True
qwen3_4b,train,22180037,generation_3,4,0,0,0.9001895189285278,0.9648955911397934,4,129,0,True
qwen3_4b,train,22303482,generation_1,30,0,15,0.000201461603865,0.5170935212585998,30,230,2,False
qwen3_4b,train,22303482,generation_2,30,0,18,0.0002003937406698,0.3860579152266534,30,232,2,False
qwen3_4b,train,22303482,generation_3,30,0,14,0.000199986010557,0.5251551483292133,30,219,2,False
qwen3_4b,train,22808010,generation_1,33,1,5,0.0001860697520896,0.8025634020190354,33,203,2,False
qwen3_4b,train,22808010,generation_2,33,1,3,0.0001931258739205,0.9007481994044748,33,205,2,False
qwen3_4b,train,22808010,generation_3,33,1,3,0.0005121224094182,0.8945812150680771,33,219,2,False
qwen3_4b,train,22836123,generation_1,6,0,1,0.0440029501914978,0.6766747434933981,6,176,0,False
qwen3_4b,train,22836123,generation_2,6,0,2,0.0253264512866735,0.6575766885653138,6,207,0,False
qwen3_4b,train,22836123,generation_3,6,0,1,0.039954125881195,0.7674206892649332,6,190,0,False
qwen3_4b,train,22859398,generation_1,7,0,1,0.3240644335746765,0.8902056728090558,7,222,0,False
qwen3_4b,train,22859398,generation_2,7,0,2,0.0413930714130401,0.7778212385518211,7,172,0,False
qwen3_4b,train,22859398,generation_3,7,0,1,0.1024048551917076,0.8583663393344197,7,190,0,False
qwen3_4b,train,23791840,generation_1,15,0,3,0.005429558455944,0.7760194970294834,15,175,2,False
qwen3_4b,train,23791840,generation_2,15,0,2,0.0067324116826057,0.8496443087855975,15,212,2,True
qwen3_4b,train,23791840,generation_3,15,0,2,0.0044344114139676,0.8657548751061162,15,210,2,True
qwen3_4b,train,23864035,generation_1,5,1,0,0.6389156579971313,0.9125480413436889,5,151,0,True
qwen3_4b,train,23864035,generation_2,5,1,0,0.5277066230773926,0.891490352153778,5,202,0,True
qwen3_4b,train,23864035,generation_3,5,1,0,0.7242006063461304,0.9253988862037659,5,241,0,True
qwen3_4b,train,23949582,generation_1,5,0,0,0.9823007583618164,0.9837107181549072,5,158,0,True
qwen3_4b,train,23949582,generation_2,5,0,0,0.9795149564743042,0.9825872421264649,5,155,0,True
qwen3_4b,train,23949582,generation_3,5,0,0,0.9824175238609314,0.9838629245758057,5,157,0,True
qwen3_4b,train,23952588,generation_1,2,0,0,0.9812467694282532,0.9840618073940277,2,150,0,True
qwen3_4b,train,23952588,generation_2,2,0,0,0.9813774228096008,0.9834833145141602,2,170,0,True
qwen3_4b,train,23952588,generation_3,2,0,0,0.9790673851966858,0.9823409914970398,2,155,0,True
qwen3_4b,train,24055495,generation_1,14,0,5,0.0169656705111265,0.6917953354173473,14,197,2,False
qwen3_4b,train,24055495,generation_2,14,0,5,0.0153876645490527,0.6393564119269806,14,197,2,False
qwen3_4b,train,24055495,generation_3,14,0,6,0.0167213641107082,0.5771877422396626,14,200,2,False
qwen3_4b,train,24100257,generation_1,3,0,1,0.204319030046463,0.6713272631168365,3,156,0,False
qwen3_4b,train,24100257,generation_2,3,0,1,0.0403393656015396,0.6167186746994654,3,142,0,False
qwen3_4b,train,24100257,generation_3,3,0,2,0.0021260592620819,0.3360640588992585,3,116,0,False
qwen3_4b,train,24126708,generation_1,10,0,3,0.0337236672639846,0.7200822353363037,10,234,1,False
qwen3_4b,train,24126708,generation_2,10,0,4,0.0024188749957829,0.6050239632138983,10,188,1,False
qwen3_4b,train,24126708,generation_3,10,0,3,0.0051684593781828,0.7330381396226584,10,198,1,False
qwen3_4b,train,24132704,generation_1,16,0,7,0.0001815674477256,0.5815016360238587,16,165,2,False
qwen3_4b,train,24132704,generation_2,16,0,7,0.0001801099133444,0.5984178355975018,16,216,2,False
qwen3_4b,train,24132704,generation_3,16,0,7,0.0001780124439392,0.5874858501683775,16,202,2,False
qwen3_4b,train,2422478,generation_1,4,0,3,0.0210766289383173,0.32167515764012933,4,137,0,False
qwen3_4b,train,2422478,generation_2,4,0,1,0.0194945279508829,0.7299942509271204,4,149,0,False
qwen3_4b,train,2422478,generation_3,4,0,1,0.0402067862451076,0.7406271388754249,4,157,0,False
qwen3_4b,train,24309294,generation_1,10,0,5,0.0031553066801279,0.48474323430564253,10,221,1,False
qwen3_4b,train,24309294,generation_2,10,0,6,0.0013478723121806,0.44229593843920156,10,248,1,False
qwen3_4b,train,24309294,generation_3,10,0,1,0.3131583631038666,0.9115574270486831,10,236,1,True
qwen3_4b,train,24341598,generation_1,7,1,1,0.000650065485388,0.6972258530690202,7,180,0,False
qwen3_4b,train,24341598,generation_2,7,1,0,0.0039094700478017,0.8389406121069831,7,210,0,True
qwen3_4b,train,24341598,generation_3,7,1,0,0.0054157897830009,0.8236505037971905,7,125,0,True
qwen3_4b,train,24477591,generation_1,10,0,1,0.0326063930988311,0.8878189772367477,10,203,1,True
qwen3_4b,train,24477591,generation_2,10,0,1,0.1397105306386947,0.8928940996527672,10,181,1,True
qwen3_4b,train,24477591,generation_3,10,0,1,0.0440100207924842,0.8920581318438053,10,234,1,True
qwen3_4b,train,24535067,generation_1,8,1,1,0.0181063916534185,0.7462072919588536,8,177,0,False
qwen3_4b,train,24535067,generation_2,8,1,3,0.0105279926210641,0.4482278414070606,8,158,0,False
qwen3_4b,train,24535067,generation_3,8,1,2,0.0015192209975793,0.643490477828891,8,198,0,False
qwen3_4b,train,24587916,generation_1,8,0,2,0.0006506440695375,0.7729531749791931,8,173,0,False
qwen3_4b,train,24587916,generation_2,8,0,0,0.973990261554718,0.9819655939936638,8,156,0,True
qwen3_4b,train,24587916,generation_3,8,0,0,0.8555243015289307,0.9654201120138168,8,151,0,True
qwen3_4b,train,24588023,generation_1,1,0,1,0.0074004917405545,0.0074004917405545,1,154,0,False
qwen3_4b,train,24588023,generation_2,1,0,1,0.0068412073887884,0.0068412073887884,1,178,0,False
qwen3_4b,train,24588023,generation_3,1,0,1,0.0068446979857981,0.0068446979857981,1,133,0,False
qwen3_4b,train,24623966,generation_1,12,0,5,0.0001871333806775,0.5705271330079995,12,199,1,False
qwen3_4b,train,24623966,generation_2,12,0,5,0.0002027449809247,0.5695300112674886,12,207,1,False
qwen3_4b,train,24623966,generation_3,12,0,3,0.0111336456611752,0.6979622531216592,12,210,1,False
qwen3_4b,train,24632946,generation_1,13,0,5,0.0001832765556173,0.5933033683003697,13,162,2,False
qwen3_4b,train,24632946,generation_2,13,0,4,0.0001894404995255,0.7223071435023135,13,225,2,False
qwen3_4b,train,24632946,generation_3,13,0,5,0.0002059993566945,0.6194636385995321,13,258,2,False
qwen3_4b,train,24709919,generation_1,6,0,3,0.0045383931137621,0.47617836638043315,6,206,0,False
qwen3_4b,train,24709919,generation_2,6,0,1,0.0297660287469625,0.8023319551721215,6,125,0,False
qwen3_4b,train,24709919,generation_3,6,0,2,0.0201894287019968,0.624756844403843,6,227,0,False
qwen3_4b,train,24742750,generation_1,2,0,0,0.9798378944396972,0.9806250929832458,2,153,0,True
qwen3_4b,train,24742750,generation_2,2,0,0,0.971370279788971,0.9763360619544983,2,146,0,True
qwen3_4b,train,24742750,generation_3,2,0,0,0.9702908992767334,0.975168764591217,2,148,0,True
qwen3_4b,train,24743235,generation_1,9,1,1,0.0040814764797687,0.804729387578037,9,164,1,True
qwen3_4b,train,24743235,generation_2,9,1,4,0.000212175262277,0.576891173112219,9,160,1,False
qwen3_4b,train,24743235,generation_3,9,1,3,0.0008975643431767,0.6554863337401508,9,158,1,False
qwen3_4b,train,24768818,generation_1,21,2,1,0.0001952017482835,0.8379376223879046,21,212,2,True
qwen3_4b,train,24768818,generation_2,21,2,1,0.0001928116107592,0.893188670538837,21,257,2,True
qwen3_4b,train,24768818,generation_3,21,2,3,0.0001966701820492,0.7645015861572964,21,225,2,False
qwen3_4b,train,24842192,generation_1,20,0,4,0.1432431191205978,0.8180095799267292,20,244,2,False
qwen3_4b,train,24842192,generation_2,20,0,2,0.0694454535841941,0.8883552458137274,20,242,2,True
qwen3_4b,train,24842192,generation_3,20,0,4,0.0002041677216766,0.7856865371621098,20,227,2,False
qwen3_4b,train,24853300,generation_1,13,1,3,0.0001823323545977,0.7015308210572514,13,260,2,False
qwen3_4b,train,24853300,generation_2,13,1,4,0.0003834352246485,0.6833806372014806,13,203,2,False
qwen3_4b,train,24853300,generation_3,13,1,3,0.0001802090118872,0.7535651010358169,13,198,2,False
qwen3_4b,train,24902786,generation_1,13,0,8,0.0086246756836771,0.3399429817039233,13,244,2,False
qwen3_4b,train,24902786,generation_2,13,0,8,0.0051980107091367,0.43686788654527986,13,265,2,False
qwen3_4b,train,24902786,generation_3,13,0,6,0.0177855305373668,0.5116959863270705,13,304,2,False
qwen3_4b,train,24911645,generation_1,16,1,3,0.0196632575243711,0.7069493137532845,16,237,2,False
qwen3_4b,train,24911645,generation_2,16,1,4,0.0169498287141323,0.7333470673765987,16,253,2,False
qwen3_4b,train,24911645,generation_3,16,1,3,0.0232139471918344,0.6857783865416422,16,172,2,False
qwen3_4b,train,24914936,generation_1,10,0,5,0.0003494990232866,0.5517188586032716,10,190,1,False
qwen3_4b,train,24914936,generation_2,10,0,5,0.0002090008201776,0.5013042816251982,10,231,1,False
qwen3_4b,train,24914936,generation_3,10,0,4,0.0002916101657319,0.6313561221264535,10,206,1,False
qwen3_4b,train,24927617,generation_1,13,5,1,0.0007262120489031,0.5837745063472539,13,282,2,True
qwen3_4b,train,24927617,generation_2,13,5,2,0.0036930462811142,0.482803174169161,13,227,2,True
qwen3_4b,train,24927617,generation_3,13,5,1,0.0008500115363858,0.6035200843381552,13,216,2,True
qwen3_4b,train,24971338,generation_1,24,1,13,0.0012901647714897,0.4219194286997663,24,210,2,False
qwen3_4b,train,24971338,generation_2,24,1,14,0.000211822145502,0.367842726006226,24,241,2,False
qwen3_4b,train,24971338,generation_3,24,1,10,0.0001922579394886,0.5393614230033563,24,229,2,False
qwen3_4b,train,25054547,generation_1,13,0,3,0.0002615710836835,0.6985832974851991,13,172,2,False
qwen3_4b,train,25054547,generation_2,13,0,3,0.0002146573533536,0.7204779797119465,13,160,2,False
qwen3_4b,train,25054547,generation_3,13,0,5,0.0002604924957267,0.636006547541071,13,202,2,False
qwen3_4b,train,25218136,generation_1,18,3,7,0.0001854643196566,0.4826276289232838,18,200,2,False
qwen3_4b,train,25218136,generation_2,18,3,7,0.0001874340814538,0.485797204215487,18,232,2,False
qwen3_4b,train,25218136,generation_3,18,3,6,0.0001834505237638,0.545877221075999,18,231,2,False
qwen3_4b,train,25263533,generation_1,28,2,24,0.0001804779749363,0.12043959889914337,28,218,2,False
qwen3_4b,train,25263533,generation_2,28,2,18,0.0002917264064308,0.3162641918679583,28,258,2,False
qwen3_4b,train,25263533,generation_3,28,2,17,0.0001847297826316,0.3565118133374198,28,217,2,False
qwen3_4b,train,25305591,generation_1,27,0,16,0.0002667603257577,0.4384291758706914,27,271,2,False
qwen3_4b,train,25305591,generation_2,27,0,15,0.0002049279573839,0.45105198827675647,27,191,2,False
qwen3_4b,train,25305591,generation_3,27,0,16,0.0001972540485439,0.4090381845485858,27,216,2,False
qwen3_4b,train,25622904,generation_1,26,0,12,0.0002143176679965,0.545225555570841,26,300,2,False
qwen3_4b,train,25622904,generation_2,26,0,15,0.0002041252737399,0.4549311987844143,26,304,2,False
qwen3_4b,train,25622904,generation_3,26,0,10,0.0002061763952951,0.619106836660089,26,279,2,False
qwen3_4b,train,25946186,generation_1,13,0,2,0.00825871899724,0.7648396609494319,13,199,2,True
qwen3_4b,train,25946186,generation_2,13,0,2,0.0080982754006981,0.8291122573069655,13,235,2,True
qwen3_4b,train,25946186,generation_3,13,0,2,0.0581053644418716,0.7960126038927299,13,185,2,True
qwen3_4b,train,25979836,generation_1,55,2,25,0.0001796886062948,0.5461954079785342,55,281,2,False
qwen3_4b,train,25979836,generation_2,55,2,26,0.0001813499402487,0.491880174761437,55,242,2,False
qwen3_4b,train,25979836,generation_3,55,2,29,0.0001852937566582,0.4649663148368497,55,251,2,False
qwen3_4b,train,25983002,generation_1,9,0,1,0.0148068647831678,0.8494728470428122,9,185,1,True
qwen3_4b,train,25983002,generation_2,9,0,0,0.7619237303733826,0.9582164486249288,9,159,1,True
qwen3_4b,train,25983002,generation_3,9,0,1,0.0255474019795656,0.8671937206139168,9,204,1,True
qwen3_4b,train,25986755,generation_1,16,0,4,0.0005681933835148,0.737693091694382,16,253,2,False
qwen3_4b,train,25986755,generation_2,16,0,6,0.0003106549265794,0.6120502082267194,16,224,2,False
qwen3_4b,train,25986755,generation_3,16,0,2,0.0060531911440193,0.8431662764924113,16,261,2,True
qwen3_4b,train,26027517,generation_1,31,0,20,0.0001789651432773,0.3819338943703182,31,204,2,False
qwen3_4b,train,26027517,generation_2,31,0,13,0.0002031498006545,0.5766449998242728,31,343,2,False
qwen3_4b,train,26027517,generation_3,31,0,19,0.000180766597623,0.36623009130210354,31,222,2,False
qwen3_4b,train,26102294,generation_1,14,0,3,0.0002379243524046,0.7635051953142725,14,168,2,False
qwen3_4b,train,26102294,generation_2,14,0,4,0.0002110753703163,0.7343462084650777,14,227,2,False
qwen3_4b,train,26102294,generation_3,14,0,2,0.0002863234549295,0.8291640297019123,14,215,2,True
qwen3_4b,train,26115410,generation_1,1,0,0,0.9763715267181396,0.9763715267181396,1,110,0,True
qwen3_4b,train,26115410,generation_2,1,0,0,0.9795469641685486,0.9795469641685486,1,114,0,True
qwen3_4b,train,26115410,generation_3,1,0,0,0.9766995906829834,0.9766995906829834,1,135,0,True
qwen3_4b,train,26270232,generation_1,25,0,3,0.0009014815441332,0.8621999211772345,25,198,2,False
qwen3_4b,train,26270232,generation_2,25,0,4,0.0001976166095118,0.8292854749719845,25,195,2,False
qwen3_4b,train,26270232,generation_3,25,0,10,0.0006741503602825,0.5794312482490205,25,211,2,False
qwen3_4b,train,26411452,generation_1,8,1,0,0.8526756763458252,0.9584253132343292,8,243,0,True
qwen3_4b,train,26411452,generation_2,8,1,1,0.2760378420352936,0.8274046927690506,8,219,0,False
qwen3_4b,train,26411452,generation_3,8,1,0,0.8826629519462585,0.9718208685517311,8,191,0,True
qwen3_4b,train,26516699,generation_1,59,0,9,0.0001865703816292,0.826669133945824,59,174,2,False
qwen3_4b,train,26516699,generation_2,59,0,4,0.0001836871670093,0.9291330796429174,59,189,2,False
qwen3_4b,train,26516699,generation_3,59,0,7,0.0001870365231297,0.87847525879205,59,164,2,False
qwen3_4b,train,26731607,generation_1,1,0,1,0.3318412005901336,0.3318412005901336,1,206,0,False
qwen3_4b,train,26731607,generation_2,1,0,1,0.0154008045792579,0.0154008045792579,1,169,0,False
qwen3_4b,train,26731607,generation_3,1,0,1,0.0605524405837059,0.0605524405837059,1,148,0,False
qwen3_4b,train,27014915,generation_1,23,2,2,0.0003832865331787,0.7713121528972608,23,267,2,True
qwen3_4b,train,27014915,generation_2,23,2,7,0.0002003929839702,0.6208292472665957,23,267,2,False
qwen3_4b,train,27014915,generation_3,23,2,4,0.0002950302441604,0.7862964847135236,23,306,2,False
qwen3_4b,train,27084744,generation_1,30,0,5,0.0015645533567294,0.8345059656344044,30,289,2,False
qwen3_4b,train,27084744,generation_2,30,0,8,0.0002233961422462,0.7388137198548066,30,298,2,False
qwen3_4b,train,27084744,generation_3,30,0,5,0.0002125034370692,0.8196276570112483,30,297,2,False
qwen3_4b,train,27134166,generation_1,14,0,7,0.0015867876354604,0.5076994882796758,14,234,2,False
qwen3_4b,train,27134166,generation_2,14,0,3,0.0030182634945958,0.7867814006915849,14,249,2,False
qwen3_4b,train,27134166,generation_3,14,0,7,0.0002019628009293,0.49814574026926745,14,248,2,False
qwen3_4b,train,27172902,generation_1,18,1,7,0.0001873928267741,0.577367436183623,18,278,2,False
qwen3_4b,train,27172902,generation_2,18,1,6,0.0001949376310221,0.6086928379962855,18,230,2,False
qwen3_4b,train,27172902,generation_3,18,1,7,0.0001855862064985,0.5936698438931166,18,230,2,False
qwen3_4b,train,27184800,generation_1,5,0,0,0.7541595101356506,0.905988085269928,5,151,0,True
qwen3_4b,train,27184800,generation_2,5,0,0,0.8947805762290955,0.9559437155723571,5,160,0,True
qwen3_4b,train,27184800,generation_3,5,0,0,0.9611626863479614,0.9786314606666565,5,157,0,True
qwen3_4b,train,27248656,generation_1,37,0,14,0.0001882558426586,0.5875329361482039,37,194,2,False
qwen3_4b,train,27248656,generation_2,37,0,13,0.000189931524801,0.6672770603594521,37,250,2,False
qwen3_4b,train,27248656,generation_3,37,0,19,0.0001870211708592,0.5011161625942977,37,262,2,False
qwen3_4b,train,27292643,generation_1,6,0,0,0.9270268082618712,0.9789063235123953,6,176,0,True
qwen3_4b,train,27292643,generation_2,6,0,0,0.7310096621513367,0.9476501941680908,6,148,0,True
qwen3_4b,train,27292643,generation_3,6,0,1,0.03334816172719,0.8222094010561705,6,194,0,False
qwen3_4b,train,27630165,generation_1,14,0,3,0.0005401359521783,0.7539406586812609,14,185,2,False
qwen3_4b,train,27630165,generation_2,14,0,5,0.0010037686442956,0.6676914852578193,14,184,2,False
qwen3_4b,train,27630165,generation_3,14,0,1,0.0276970565319061,0.9068237734692437,14,176,2,True
qwen3_4b,train,27640183,generation_1,6,0,0,0.983714520931244,0.9932205975055695,6,116,0,True
qwen3_4b,train,27640183,generation_2,6,0,1,0.1679021269083023,0.8462028329571089,6,168,0,False
qwen3_4b,train,27640183,generation_3,6,0,0,0.6106593608856201,0.8583713968594869,6,189,0,True
qwen3_4b,train,27643404,generation_1,9,0,0,0.941578447818756,0.9802905254893832,9,242,1,True
qwen3_4b,train,27643404,generation_2,9,0,1,0.0262479614466428,0.8809637739840481,9,195,1,True
qwen3_4b,train,27643404,generation_3,9,0,1,0.1727565079927444,0.8905990338987775,9,211,1,True
qwen3_4b,train,27779699,generation_1,10,0,0,0.9541886448860168,0.9866595208644867,10,180,1,True
qwen3_4b,train,27779699,generation_2,10,0,0,0.7700742483139038,0.9640334486961365,10,190,1,True
qwen3_4b,train,27779699,generation_3,10,0,0,0.961836040019989,0.9875504016876221,10,166,1,True
qwen3_4b,train,27825100,generation_1,10,0,5,0.0099777467548847,0.5254922993481159,10,241,1,False
qwen3_4b,train,27825100,generation_2,10,0,3,0.0067588426172733,0.6749641064554452,10,264,1,False
qwen3_4b,train,27825100,generation_3,10,0,1,0.0235288366675376,0.8002361856400967,10,237,1,True
qwen3_4b,train,27860244,generation_1,19,0,7,0.0099758058786392,0.6366805117087144,19,270,2,False
qwen3_4b,train,27860244,generation_2,19,0,6,0.0071837822906672,0.6676392107956896,19,223,2,False
qwen3_4b,train,27860244,generation_3,19,0,8,0.0086018983274698,0.5761810122057796,19,201,2,False
qwen3_4b,train,27930654,generation_1,9,2,0,0.9645154476165771,0.9908807343906827,9,168,1,True
qwen3_4b,train,27930654,generation_2,9,2,0,0.9773504734039308,0.9919369551870558,9,157,1,True
qwen3_4b,train,27930654,generation_3,9,2,0,0.9775582551956176,0.9902014003859626,9,177,1,True
qwen3_4b,train,27941998,generation_1,16,0,10,0.000302320724586,0.37867474787344685,16,157,2,False
qwen3_4b,train,27941998,generation_2,16,0,6,0.0006411814247258,0.5977091442218807,16,208,2,False
qwen3_4b,train,27941998,generation_3,16,0,10,0.0003142731438856,0.35485041958600044,16,181,2,False
qwen3_4b,train,27959382,generation_1,8,0,3,0.0002629493537824,0.5354407349623216,8,208,0,False
qwen3_4b,train,27959382,generation_2,8,0,3,0.0060619818978011,0.5597623991197906,8,178,0,False
qwen3_4b,train,27959382,generation_3,8,0,5,0.0055673769675195,0.40134909952757875,8,258,0,False
qwen3_4b,train,27974047,generation_1,24,0,3,0.0004107510321773,0.8742399956087562,24,231,2,False
qwen3_4b,train,27974047,generation_2,24,0,5,0.0004375245189294,0.7990624140560006,24,202,2,False
qwen3_4b,train,27974047,generation_3,24,0,4,0.0017415704205632,0.8270822987348462,24,224,2,False
qwen3_4b,train,27999109,generation_1,10,0,3,0.0006987245869822,0.6892037186597009,10,217,1,False
qwen3_4b,train,27999109,generation_2,10,0,3,0.0002822761598508,0.6966926182300085,10,267,1,False
qwen3_4b,train,27999109,generation_3,10,0,3,0.0029342302586883,0.735915389447473,10,212,1,False
qwen3_4b,train,28075473,generation_1,13,0,5,0.0003153936122544,0.626340214731709,13,184,2,False
qwen3_4b,train,28075473,generation_2,13,0,3,0.0003266502753831,0.7410470634886923,13,200,2,False
qwen3_4b,train,28075473,generation_3,13,0,2,0.0002900953113567,0.8080803591090864,13,251,2,True
qwen3_4b,train,28098423,generation_1,11,1,2,0.0003424165188334,0.7351098320478658,11,200,1,False
qwen3_4b,train,28098423,generation_2,11,1,2,0.1618129611015319,0.8354145071723245,11,174,1,False
qwen3_4b,train,28098423,generation_3,11,1,2,0.0004803750489372,0.734697920929069,11,221,1,False
qwen3_4b,train,28101574,generation_1,7,0,3,0.000310790608637,0.6240830109288383,7,159,0,False
qwen3_4b,train,28101574,generation_2,7,0,3,0.0001887116231955,0.6572289790908273,7,216,0,False
qwen3_4b,train,28101574,generation_3,7,0,4,0.0001845931401476,0.5504543365012589,7,144,0,False
qwen3_4b,train,28148288,generation_1,9,0,2,0.0031869250815361,0.7080636685455425,9,167,1,False
qwen3_4b,train,28148288,generation_2,9,0,3,0.0035230114590376,0.6195398009020008,9,180,1,False
qwen3_4b,train,28148288,generation_3,9,0,2,0.004559839144349,0.7299850831429163,9,224,1,False
qwen3_4b,train,28151486,generation_1,8,0,4,0.0096187414601445,0.5601583985844627,8,195,0,False
qwen3_4b,train,28151486,generation_2,8,0,3,0.0005542474100366,0.5817079970875056,8,189,0,False
qwen3_4b,train,28151486,generation_3,8,0,3,0.000520511821378,0.6180263615460717,8,209,0,False
qwen3_4b,train,28204828,generation_1,16,0,5,0.0003520569589454,0.6421805593945464,16,190,2,False
qwen3_4b,train,28204828,generation_2,16,0,5,0.0002776918699964,0.6863648019534594,16,257,2,False
qwen3_4b,train,28204828,generation_3,16,0,5,0.0023601849097758,0.6552836298506008,16,226,2,False
qwen3_4b,train,28260056,generation_1,16,0,4,0.0012233478482812,0.7207515400223201,16,220,2,False
qwen3_4b,train,28260056,generation_2,16,0,4,0.0181447938084602,0.7145452051190659,16,174,2,False
qwen3_4b,train,28260056,generation_3,16,0,8,0.0006338128005154,0.47500803454386187,16,193,2,False
qwen3_4b,train,28260077,generation_1,16,0,5,0.0004318440915085,0.6808897186019749,16,208,2,False
qwen3_4b,train,28260077,generation_2,16,0,5,0.0005345919635146,0.6677116099017439,16,192,2,False
qwen3_4b,train,28260077,generation_3,16,0,6,0.0005609395448118,0.6252913159114541,16,191,2,False
qwen3_4b,train,28260110,generation_1,21,1,6,0.0002255814615637,0.7044944069902634,21,236,2,False
qwen3_4b,train,28260110,generation_2,21,1,6,0.0002464914578013,0.6463121048221919,21,184,2,False
qwen3_4b,train,28260110,generation_3,21,1,8,0.0001819837634684,0.6084292401092604,21,247,2,False
qwen3_4b,train,28279980,generation_1,17,0,5,0.0235936641693115,0.6894107960602817,17,221,2,False
qwen3_4b,train,28279980,generation_2,17,0,5,0.013570362702012,0.6991149049033137,17,254,2,False
qwen3_4b,train,28279980,generation_3,17,0,5,0.0301995147019624,0.7194456945666495,17,219,2,False
qwen3_4b,train,28346429,generation_1,8,1,3,0.0007280122954398,0.5190029169025365,8,180,0,False
qwen3_4b,train,28346429,generation_2,8,1,5,0.0002072236966341,0.27671562038813136,8,184,0,False
qwen3_4b,train,28346429,generation_3,8,1,4,0.0002085774031002,0.3694492459871981,8,192,0,False
qwen3_4b,train,28348168,generation_1,3,0,0,0.9835431575775146,0.9919504721959432,3,124,0,True
qwen3_4b,train,28348168,generation_2,3,0,0,0.5229103565216064,0.8378130793571472,3,148,0,True
qwen3_4b,train,28348168,generation_3,3,0,0,0.9908644556999208,0.9936517675717672,3,167,0,True
qwen3_4b,train,28368423,generation_1,18,0,5,0.0001815586147131,0.6894953646874961,18,245,2,False
qwen3_4b,train,28368423,generation_2,18,0,6,0.0005485712317749,0.6461116345502281,18,269,2,False
qwen3_4b,train,28368423,generation_3,18,0,12,0.000202263428946,0.3518085772326837,18,200,2,False
qwen3_4b,train,28368537,generation_1,8,1,1,0.0169229228049516,0.8707740420941263,8,198,0,False
qwen3_4b,train,28368537,generation_2,8,1,1,0.2281444817781448,0.8735478390008211,8,188,0,False
qwen3_4b,train,28368537,generation_3,8,1,0,0.5183046460151672,0.935713104903698,8,185,0,True
qwen3_4b,train,28398555,generation_1,11,1,2,0.0210350975394248,0.784491749649698,11,259,1,False
qwen3_4b,train,28398555,generation_2,11,1,3,0.0031908189412206,0.7357423801440746,11,165,1,False
qwen3_4b,train,28398555,generation_3,11,1,2,0.0467624627053737,0.8082519373433157,11,215,1,False
qwen3_4b,train,28411266,generation_1,10,0,4,0.0282200705260038,0.6059936942532659,10,187,1,False
qwen3_4b,train,28411266,generation_2,10,0,3,0.0680864602327346,0.681399580836296,10,202,1,False
qwen3_4b,train,28411266,generation_3,10,0,6,0.0230716206133365,0.4982663821429014,10,164,1,False
qwen3_4b,train,28416580,generation_1,16,0,1,0.0481652058660984,0.8914601209107786,16,240,2,True
qwen3_4b,train,28416580,generation_2,16,0,1,0.066103808581829,0.8795059467665851,16,255,2,True
qwen3_4b,train,28416580,generation_3,16,0,4,0.0095087867230176,0.745146272238344,16,256,2,False
qwen3_4b,train,28428256,generation_1,18,1,6,0.0002420428354525,0.6327208049713389,18,171,2,False
qwen3_4b,train,28428256,generation_2,18,1,9,0.0001785324129741,0.4471854690216585,18,175,2,False
qwen3_4b,train,28428256,generation_3,18,1,6,0.0002366787957726,0.6630961004872612,18,252,2,False
qwen3_4b,train,28468941,generation_1,25,0,20,0.0002033495984505,0.1972081071475986,25,242,2,False
qwen3_4b,train,28468941,generation_2,25,0,17,0.0002035513462033,0.3175883450056426,25,254,2,False
qwen3_4b,train,28468941,generation_3,25,0,19,0.000201796501642,0.23550745725457087,25,206,2,False
qwen3_4b,train,28472177,generation_1,36,0,6,0.0002061732520814,0.8378354258590358,36,194,2,False
qwen3_4b,train,28472177,generation_2,36,0,5,0.0001972884638234,0.8551621302018854,36,186,2,False
qwen3_4b,train,28472177,generation_3,36,0,5,0.0001989344891626,0.8560168562030918,36,202,2,False
qwen3_4b,train,28487437,generation_1,13,0,6,0.0004136235511396,0.5417674296253469,13,264,2,False
qwen3_4b,train,28487437,generation_2,13,0,5,0.000332420138875,0.6129498962030854,13,277,2,False
qwen3_4b,train,28487437,generation_3,13,0,6,0.0002898124803323,0.5359492527271729,13,190,2,False
qwen3_4b,train,28512644,generation_1,27,0,11,0.0002281472698086,0.5894999600277515,27,175,2,False
qwen3_4b,train,28512644,generation_2,27,0,10,0.0002519226109143,0.6281552789894502,27,257,2,False
qwen3_4b,train,28512644,generation_3,27,0,10,0.0002364307001698,0.6262316409319518,27,180,2,False
qwen3_4b,train,28584052,generation_1,5,0,1,0.3410868942737579,0.8645694196224213,5,165,0,False
qwen3_4b,train,28584052,generation_2,5,0,1,0.0386995486915111,0.8038681112229824,5,164,0,False
qwen3_4b,train,28584052,generation_3,5,0,0,0.9880727529525756,0.9934560656547546,5,184,0,True
qwen3_4b,train,28604678,generation_1,10,0,10,0.0003389718476682,0.00221200967498586,10,175,1,False
qwen3_4b,train,28604678,generation_2,10,0,9,0.0005638115690089,0.12234443312045182,10,125,1,False
qwen3_4b,train,28604678,generation_3,10,0,8,0.0004888898693025,0.19521432491019364,10,127,1,False
qwen3_4b,train,28650467,generation_1,14,1,4,0.0003111413388978,0.6558701519700533,14,233,2,False
qwen3_4b,train,28650467,generation_2,14,1,3,0.0019588824361562,0.7469713518928204,14,244,2,False
qwen3_4b,train,28650467,generation_3,14,1,3,0.0008589676581323,0.6912472741345742,14,238,2,False
qwen3_4b,train,28660748,generation_1,14,0,2,0.0187744628638029,0.8245667483923691,14,254,2,True
qwen3_4b,train,28660748,generation_2,14,0,3,0.0119914030656218,0.7607833641315145,14,209,2,False
qwen3_4b,train,28660748,generation_3,14,0,3,0.1164474859833717,0.7904197706707886,14,215,2,False
qwen3_4b,train,28687665,generation_1,3,0,0,0.9918599724769592,0.992977519830068,3,143,0,True
qwen3_4b,train,28687665,generation_2,3,0,0,0.9941774606704712,0.9945203065872192,3,169,0,True
qwen3_4b,train,28687665,generation_3,3,0,0,0.993850827217102,0.9943903883298238,3,143,0,True
qwen3_4b,train,28747658,generation_1,27,0,3,0.0002122622536262,0.8975634253017941,27,167,2,False
qwen3_4b,train,28747658,generation_2,27,0,1,0.0002027420850936,0.9600333603394339,27,200,2,True
qwen3_4b,train,28747658,generation_3,27,0,1,0.0002116521354764,0.9575873148299892,27,163,2,True
qwen3_4b,train,28777492,generation_1,12,1,1,0.0182214584201574,0.7959948180553814,12,249,1,True
qwen3_4b,train,28777492,generation_2,12,1,2,0.0001905591634567,0.7630475203307773,12,191,1,False
qwen3_4b,train,28777492,generation_3,12,1,1,0.0064001423306763,0.8350779206569617,12,209,1,True
qwen3_4b,train,28851297,generation_1,16,0,3,0.0011387304402887,0.779174837138271,16,236,2,False
qwen3_4b,train,28851297,generation_2,16,0,4,0.0058901668526232,0.803336556913564,16,155,2,False
qwen3_4b,train,28851297,generation_3,16,0,3,0.0074836090207099,0.785803962033242,16,214,2,False
qwen3_4b,train,28883039,generation_1,13,3,1,0.0002740462659858,0.8509689213376708,13,235,2,True
qwen3_4b,train,28883039,generation_2,13,3,2,0.0002707983658183,0.7405018096883745,13,172,2,True
qwen3_4b,train,28883039,generation_3,13,3,2,0.0002888313028961,0.7007223415152671,13,174,2,True
qwen3_4b,train,29045486,generation_1,25,0,6,0.0040493197739124,0.7486389709822834,25,197,2,False
qwen3_4b,train,29045486,generation_2,25,0,6,0.0043837805278599,0.7216957390867174,25,174,2,False
qwen3_4b,train,29045486,generation_3,25,0,9,0.0005550181958824,0.6515400810330175,25,200,2,False
qwen3_4b,train,29222418,generation_1,11,0,9,0.0002346350520383,0.1801943468533202,11,218,1,False
qwen3_4b,train,29222418,generation_2,11,0,7,0.000193792337086,0.32875430411579804,11,264,1,False
qwen3_4b,train,29222418,generation_3,11,0,7,0.0001913380838232,0.38688994675943494,11,183,1,False
qwen3_4b,train,30442153,generation_1,38,0,14,0.0002284807560499,0.6253013437526533,38,229,2,False
qwen3_4b,train,30442153,generation_2,38,0,20,0.000205458360142,0.46951441126063737,38,221,2,False
qwen3_4b,train,30442153,generation_3,38,0,14,0.000194622480194,0.6086292603703394,38,209,2,False
qwen3_4b,train,30836660,generation_1,51,0,33,0.0001822974008973,0.34744678567507187,51,271,2,False
qwen3_4b,train,30836660,generation_2,51,0,47,0.0001842382916947,0.07763679947289771,51,183,2,False
qwen3_4b,train,30836660,generation_3,51,0,46,0.0001801233011065,0.09319200613804149,51,180,2,False
qwen3_4b,train,7018927,generation_1,4,0,0,0.9091127514839172,0.9578382372856139,4,169,0,True
qwen3_4b,train,7018927,generation_2,4,0,1,0.2150462120771408,0.791559275239706,4,113,0,False
qwen3_4b,train,7018927,generation_3,4,0,0,0.973019242286682,0.9828245490789413,4,143,0,True
qwen3_4b,train,7468724,generation_1,5,0,4,0.0006034588441252,0.15885096397250886,5,270,0,False
qwen3_4b,train,7468724,generation_2,5,0,2,0.0097373453900218,0.49283509608358145,5,176,0,False
qwen3_4b,train,7468724,generation_3,5,0,3,0.0137418815866112,0.3956768820062279,5,173,0,False
qwen3_4b,train,7668252,generation_1,4,0,3,0.0062989746220409,0.2927741027669981,4,163,0,False
qwen3_4b,train,7668252,generation_2,4,0,2,0.0116867516189813,0.5082017467357218,4,157,0,False
qwen3_4b,train,7668252,generation_3,4,0,2,0.0111531186848878,0.4921279060654341,4,148,0,False
qwen3_4b,train,7905839,generation_1,6,0,0,0.9842678904533386,0.9925423264503479,6,153,0,True
qwen3_4b,train,7905839,generation_2,6,0,0,0.9875264763832092,0.9939110477765402,6,161,0,True
qwen3_4b,train,7905839,generation_3,6,0,0,0.9789446592330932,0.9875928262869517,6,175,0,True
qwen3_4b,train,8002973,generation_1,1,0,0,0.9977235198020936,0.9977235198020936,1,172,0,True
qwen3_4b,train,8002973,generation_2,1,0,0,0.997546374797821,0.997546374797821,1,175,0,True
qwen3_4b,train,8002973,generation_3,1,0,0,0.9976254105567932,0.9976254105567932,1,160,0,True
qwen3_4b,train,8755918,generation_1,2,0,0,0.9960898160934448,0.9964059293270111,2,152,0,True
qwen3_4b,train,8755918,generation_2,2,0,0,0.995422065258026,0.9956412315368652,2,124,0,True
qwen3_4b,train,8755918,generation_3,2,0,0,0.9947208166122437,0.9950183629989624,2,164,0,True
qwen3_4b,train,9294109,generation_1,2,0,1,0.057793378829956,0.5275436341762542,2,168,0,False
qwen3_4b,train,9294109,generation_2,2,0,1,0.0504074804484844,0.5240583773702383,2,136,0,False
qwen3_4b,train,9294109,generation_3,2,0,1,0.0228514000773429,0.51026576384902,2,159,0,False
qwen3_4b,train,9647766,generation_1,9,3,0,0.001225123880431,0.6657187736127526,9,240,1,True
qwen3_4b,train,9647766,generation_2,9,3,1,0.0204580798745155,0.608392108645704,9,259,1,True
qwen3_4b,train,9647766,generation_3,9,3,1,0.0011705713113769,0.6047002965351567,9,198,1,True
qwen3_4b,train,9746003,generation_1,10,4,2,0.0003488910151645,0.4013775479135802,10,182,1,False
qwen3_4b,train,9746003,generation_2,10,4,3,0.0004662452556658,0.3050762852217303,10,199,1,False
qwen3_4b,train,9746003,generation_3,10,4,2,0.0005883039557375,0.3871051626570988,10,193,1,False
qwen3_8b,dev,14510914,generation_1,7,0,3,0.0018476484110578,0.5649794118445632,7,339,0,False
qwen3_8b,dev,14510914,generation_2,7,0,3,0.0055213519372045,0.5883464861794242,7,231,0,False
qwen3_8b,dev,14510914,generation_3,7,0,3,0.0022817945573478,0.5280545713446502,7,262,0,False
qwen3_8b,dev,15018851,generation_1,7,0,3,0.0056506367400288,0.5613446032096233,7,147,0,False
qwen3_8b,dev,15018851,generation_2,7,0,3,0.0058280741795897,0.5620508547207074,7,230,0,False
qwen3_8b,dev,15018851,generation_3,7,0,3,0.0045114862732589,0.5455449562785881,7,194,0,False
qwen3_8b,dev,15041272,generation_1,8,0,3,0.000518339278642,0.5352922140154986,8,210,0,False
qwen3_8b,dev,15041272,generation_2,8,0,5,0.0002822347159963,0.3466708057203505,8,210,0,False
qwen3_8b,dev,15041272,generation_3,8,0,4,0.0002951135393232,0.40075364562653704,8,206,0,False
qwen3_8b,dev,15069170,generation_1,6,0,1,0.0033025196753442,0.8134547381196171,6,150,0,False
qwen3_8b,dev,15069170,generation_2,6,0,1,0.0013655176153406,0.8040596304732995,6,219,0,False
qwen3_8b,dev,15069170,generation_3,6,0,1,0.0019370928639546,0.8055533868609928,6,141,0,False
qwen3_8b,dev,15086325,generation_1,1,0,0,0.9961349964141846,0.9961349964141846,1,172,0,True
qwen3_8b,dev,15086325,generation_2,1,0,0,0.9959900975227356,0.9959900975227356,1,161,0,True
qwen3_8b,dev,15086325,generation_3,1,0,0,0.9956753849983216,0.9956753849983216,1,175,0,True
qwen3_8b,dev,15096016,generation_1,1,0,0,0.980539083480835,0.980539083480835,1,160,0,True
qwen3_8b,dev,15096016,generation_2,1,0,0,0.9811754822731018,0.9811754822731018,1,193,0,True
qwen3_8b,dev,15096016,generation_3,1,0,0,0.981713891029358,0.981713891029358,1,217,0,True
qwen3_8b,dev,15579441,generation_1,5,0,2,0.0731021240353584,0.6876934066414833,5,133,0,False
qwen3_8b,dev,15579441,generation_2,5,0,1,0.066952608525753,0.8034992977976799,5,152,0,False
qwen3_8b,dev,15579441,generation_3,5,0,2,0.0076465802267193,0.5966702861711382,5,214,0,False
qwen3_8b,dev,15754732,generation_1,9,0,1,0.003948874771595,0.8574263527989388,9,234,1,True
qwen3_8b,dev,15754732,generation_2,9,0,1,0.010121339932084,0.8839579483287202,9,230,1,True
qwen3_8b,dev,15754732,generation_3,9,0,1,0.000248215656029,0.883799641448099,9,207,1,True
qwen3_8b,dev,15867855,generation_1,4,0,0,0.9782729148864746,0.9885765463113785,4,315,0,True
qwen3_8b,dev,15867855,generation_2,4,0,0,0.825480580329895,0.950462132692337,4,171,0,True
qwen3_8b,dev,15867855,generation_3,4,0,0,0.971608579158783,0.9876449555158615,4,256,0,True
qwen3_8b,dev,15951966,generation_1,2,0,0,0.992817997932434,0.9928666353225708,2,209,0,True
qwen3_8b,dev,15951966,generation_2,2,0,0,0.9925671815872192,0.9926698505878448,2,167,0,True
qwen3_8b,dev,15951966,generation_3,2,0,0,0.9926607608795166,0.992696613073349,2,178,0,True
qwen3_8b,dev,15991002,generation_1,4,0,1,0.4321370422840118,0.8412180915474892,4,133,0,False
qwen3_8b,dev,15991002,generation_2,4,0,0,0.6647082567214966,0.8970652371644974,4,137,0,True
qwen3_8b,dev,15991002,generation_3,4,0,0,0.9317080974578856,0.9608816653490067,4,148,0,True
qwen3_8b,dev,16000134,generation_1,5,0,2,0.0916182696819305,0.6051988318562508,5,316,0,False
qwen3_8b,dev,16000134,generation_2,5,0,2,0.0383734442293643,0.662157417088747,5,198,0,False
qwen3_8b,dev,16000134,generation_3,5,0,2,0.0341891013085842,0.6371610008180142,5,254,0,False
qwen3_8b,dev,16018252,generation_1,1,0,0,0.9965134263038636,0.9965134263038636,1,232,0,True
qwen3_8b,dev,16018252,generation_2,1,0,0,0.9976915121078492,0.9976915121078492,1,268,0,True
qwen3_8b,dev,16018252,generation_3,1,0,0,0.996917486190796,0.996917486190796,1,230,0,True
qwen3_8b,dev,16051693,generation_1,5,0,2,0.0008209906518459,0.5864049658179283,5,157,0,False
qwen3_8b,dev,16051693,generation_2,5,0,3,0.0008230813546106,0.40973906887229533,5,149,0,False
qwen3_8b,dev,16051693,generation_3,5,0,3,0.0004154339840169,0.39849036957020867,5,178,0,False
qwen3_8b,dev,16152606,generation_1,4,0,0,0.989531397819519,0.9910016357898712,4,140,0,True
qwen3_8b,dev,16152606,generation_2,4,0,0,0.9895780682563782,0.9907578825950623,4,144,0,True
qwen3_8b,dev,16152606,generation_3,4,0,0,0.9881330132484436,0.9895789176225662,4,161,0,True
qwen3_8b,dev,16181814,generation_1,3,0,1,0.0081019829958677,0.6327463133881489,3,174,0,False
qwen3_8b,dev,16181814,generation_2,3,0,1,0.0219016317278146,0.6647420407583317,3,170,0,False
qwen3_8b,dev,16181814,generation_3,3,0,1,0.1028061583638191,0.6955224499106407,3,196,0,False
qwen3_8b,dev,16225977,generation_1,9,1,0,0.077020451426506,0.8607010096311569,9,195,1,True
qwen3_8b,dev,16225977,generation_2,9,1,1,0.0501177720725536,0.7665234092209074,9,220,1,True
qwen3_8b,dev,16225977,generation_3,9,1,1,0.0634127184748649,0.8133988570835855,9,206,1,True
qwen3_8b,dev,16277682,generation_1,4,0,1,0.0053271069191396,0.7464481446659192,4,159,0,False
qwen3_8b,dev,16277682,generation_2,4,0,1,0.0242080725729465,0.7498844573274255,4,151,0,False
qwen3_8b,dev,16277682,generation_3,4,0,1,0.0119617972522974,0.7490437128581107,4,184,0,False
qwen3_8b,dev,16419642,generation_1,4,0,1,0.0057773068547248,0.7445240784436464,4,208,0,False
qwen3_8b,dev,16419642,generation_2,4,0,1,0.0190077163279056,0.7277173334732652,4,162,0,False
qwen3_8b,dev,16419642,generation_3,4,0,2,0.0087436186149716,0.5526225429493933,4,171,0,False
qwen3_8b,dev,16565833,generation_1,9,0,2,0.031081324443221,0.8117206533335977,9,187,1,False
qwen3_8b,dev,16565833,generation_2,9,0,1,0.001066121389158,0.8573154379846527,9,264,1,True
qwen3_8b,dev,16565833,generation_3,9,0,2,0.000898121157661,0.7369401767694702,9,246,1,False
qwen3_8b,dev,16611040,generation_1,1,0,0,0.9944968819618224,0.9944968819618224,1,220,0,True
qwen3_8b,dev,16611040,generation_2,1,0,0,0.995305836200714,0.995305836200714,1,239,0,True
qwen3_8b,dev,16611040,generation_3,1,0,0,0.995271623134613,0.995271623134613,1,170,0,True
qwen3_8b,dev,16680561,generation_1,6,1,1,0.0067736348137259,0.6571452246668438,6,159,0,False
qwen3_8b,dev,16680561,generation_2,6,1,1,0.0051361159421503,0.6764353685236224,6,207,0,False
qwen3_8b,dev,16680561,generation_3,6,1,1,0.0022028784733265,0.6714957832591608,6,158,0,False
qwen3_8b,dev,1671881,generation_1,6,0,3,0.0005170900840312,0.524002902326174,6,224,0,False
qwen3_8b,dev,1671881,generation_2,6,0,3,0.0005017687217332,0.4867287057859357,6,213,0,False
qwen3_8b,dev,1671881,generation_3,6,0,1,0.0005247248918749,0.8081376495247241,6,165,0,False
qwen3_8b,dev,16838170,generation_1,14,0,8,0.0032583542633801,0.42787583383531974,14,235,2,False
qwen3_8b,dev,16838170,generation_2,14,0,9,0.0017002028180286,0.383284933923278,14,242,2,False
qwen3_8b,dev,16838170,generation_3,14,0,11,0.0065624178387224,0.2969887588239674,14,200,2,False
qwen3_8b,dev,16867021,generation_1,12,0,6,0.0049357949756085,0.5265166612807661,12,223,1,False
qwen3_8b,dev,16867021,generation_2,12,0,4,0.0050137182697653,0.6549819758317122,12,267,1,False
qwen3_8b,dev,16867021,generation_3,12,0,3,0.0065171094611287,0.75403629654708,12,280,1,False
qwen3_8b,dev,16867246,generation_1,6,0,3,0.0076960842125117,0.5073045230625818,6,162,0,False
qwen3_8b,dev,16867246,generation_2,6,0,3,0.0095387706533074,0.5432828206879398,6,197,0,False
qwen3_8b,dev,16867246,generation_3,6,0,2,0.0724341124296188,0.7019314393401146,6,189,0,False
qwen3_8b,dev,17033974,generation_1,6,0,1,0.2884967923164367,0.8277344803015391,6,185,0,False
qwen3_8b,dev,17033974,generation_2,6,0,0,0.8238266110420227,0.9285351832707723,6,209,0,True
qwen3_8b,dev,17033974,generation_3,6,0,1,0.0169900860637426,0.8207502995307246,6,220,0,False
qwen3_8b,dev,17042884,generation_1,5,0,3,0.0047262175939977,0.4053654379211366,5,147,0,False
qwen3_8b,dev,17042884,generation_2,5,0,0,0.8504478931427002,0.9538165688514709,5,128,0,True
qwen3_8b,dev,17042884,generation_3,5,0,1,0.003410235280171,0.7666844398248941,5,213,0,False
qwen3_8b,dev,17151160,generation_1,9,1,6,0.0011829641880467,0.26573595198957867,9,272,1,False
qwen3_8b,dev,17151160,generation_2,9,1,7,0.0005686872755177,0.17755138768633408,9,196,1,False
qwen3_8b,dev,17151160,generation_3,9,1,5,0.0003447775670792,0.325608094646466,9,216,1,False
qwen3_8b,dev,17255138,generation_1,21,3,16,0.0002144717873306,0.09645214449639226,21,244,2,False
qwen3_8b,dev,17255138,generation_2,21,3,16,0.0002467966696713,0.09821699704376179,21,311,2,False
qwen3_8b,dev,17255138,generation_3,21,3,16,0.0002392204478383,0.09824271022669213,21,248,2,False
qwen3_8b,dev,17297207,generation_1,8,0,7,0.0061062290333211,0.15453003387665373,8,172,0,False
qwen3_8b,dev,17297207,generation_2,8,0,7,0.0041383504867553,0.13335896370699624,8,197,0,False
qwen3_8b,dev,17297207,generation_3,8,0,7,0.0023421072401106,0.12982640051632185,8,170,0,False
qwen3_8b,dev,17345627,generation_1,16,0,8,0.0001903852098621,0.49830484496123967,16,235,2,False
qwen3_8b,dev,17345627,generation_2,16,0,8,0.0001873870933195,0.4981003641860297,16,200,2,False
qwen3_8b,dev,17345627,generation_3,16,0,8,0.0001909017883008,0.5046582261811636,16,235,2,False
qwen3_8b,dev,17384765,generation_1,9,0,6,0.0004121791862417,0.34968231520421494,9,268,1,False
qwen3_8b,dev,17384765,generation_2,9,0,5,0.0004222533607389,0.4544728026925845,9,260,1,False
qwen3_8b,dev,17384765,generation_3,9,0,5,0.0004802205658052,0.44184521921043696,9,224,1,False
qwen3_8b,dev,17395743,generation_1,7,0,2,0.0005450344760902,0.7058125628973357,7,213,0,False
qwen3_8b,dev,17395743,generation_2,7,0,4,0.0251623801887035,0.47648959287575304,7,205,0,False
qwen3_8b,dev,17395743,generation_3,7,0,2,0.0350539349019527,0.6766732276550361,7,156,0,False
qwen3_8b,dev,17397547,generation_1,66,0,37,0.0001946031698025,0.4382777203515588,66,309,2,False
qwen3_8b,dev,17397547,generation_2,66,0,36,0.0002097408432746,0.45789609407603904,66,259,2,False
qwen3_8b,dev,17397547,generation_3,66,0,35,0.000237652726355,0.4758312463895753,66,321,2,False
qwen3_8b,dev,17445520,generation_1,2,0,2,0.0038272549863904,0.0045598788419737996,2,266,0,False
qwen3_8b,dev,17445520,generation_2,2,0,2,0.0005047406302765,0.000598861312028,2,207,0,False
qwen3_8b,dev,17445520,generation_3,2,0,2,0.0009673228487372,0.00237671926151955,2,226,0,False
qwen3_8b,dev,17549393,generation_1,2,1,0,0.0411581024527549,0.5168506614863873,2,166,0,True
qwen3_8b,dev,17549393,generation_2,2,1,0,0.1580579876899719,0.5760869085788727,2,165,0,True
qwen3_8b,dev,17549393,generation_3,2,1,0,0.3163129687309265,0.6103760004043579,2,167,0,True
qwen3_8b,dev,17600377,generation_1,13,0,6,0.0002330780553165,0.564177632204239,13,255,2,False
qwen3_8b,dev,17600377,generation_2,13,0,6,0.0014187193010002,0.5370438070430492,13,211,2,False
qwen3_8b,dev,17600377,generation_3,13,0,5,0.0006188711267895,0.6028855194812283,13,262,2,False
qwen3_8b,dev,17608141,generation_1,11,0,7,0.0060124434530735,0.4101550407199697,11,234,1,False
qwen3_8b,dev,17608141,generation_2,11,0,8,0.0003462763561401,0.2755262697438328,11,188,1,False
qwen3_8b,dev,17608141,generation_3,11,0,7,0.0045697456225752,0.36242712500759144,11,195,1,False
qwen3_8b,dev,17671735,generation_1,2,0,0,0.9313007593154908,0.963538259267807,2,204,0,True
qwen3_8b,dev,17671735,generation_2,2,0,0,0.969154417514801,0.9828404784202576,2,137,0,True
qwen3_8b,dev,17671735,generation_3,2,0,0,0.9772037267684937,0.986733466386795,2,157,0,True
qwen3_8b,dev,17943461,generation_1,19,0,6,0.0001858282630564,0.7038118806705921,19,278,2,False
qwen3_8b,dev,17943461,generation_2,19,0,3,0.0001883021614048,0.8367220878947257,19,278,2,False
qwen3_8b,dev,17943461,generation_3,19,0,12,0.0001873872824944,0.39260503496839905,19,244,2,False
qwen3_8b,dev,17962394,generation_1,2,0,1,0.0669638067483902,0.532272644340992,2,159,0,False
qwen3_8b,dev,17962394,generation_2,2,0,0,0.9772342443466188,0.9874296486377716,2,166,0,True
qwen3_8b,dev,17962394,generation_3,2,0,0,0.9748216271400452,0.9862147867679596,2,160,0,True
qwen3_8b,dev,17968299,generation_1,1,0,0,0.990276336669922,0.990276336669922,1,263,0,True
qwen3_8b,dev,17968299,generation_2,1,0,0,0.9863358736038208,0.9863358736038208,1,160,0,True
qwen3_8b,dev,17968299,generation_3,1,0,0,0.9913978576660156,0.9913978576660156,1,243,0,True
qwen3_8b,dev,18046082,generation_1,2,1,0,0.9884021878242492,0.9917952716350555,2,225,0,True
qwen3_8b,dev,18046082,generation_2,2,1,0,0.9862907528877258,0.9902989268302917,2,210,0,True
qwen3_8b,dev,18046082,generation_3,2,1,0,0.9775026440620422,0.9860304892063141,2,133,0,True
qwen3_8b,dev,18162529,generation_1,21,0,16,0.0047069019638001,0.2676651795128626,21,251,2,False
qwen3_8b,dev,18162529,generation_2,21,0,12,0.0003309531894046,0.43190997573020423,21,278,2,False
qwen3_8b,dev,18162529,generation_3,21,0,12,0.0009768829913809,0.4179110348368773,21,235,2,False
qwen3_8b,dev,18308784,generation_1,6,0,4,0.0003636791370809,0.356958337360993,6,167,0,False
qwen3_8b,dev,18308784,generation_2,6,0,3,0.0004476481408346,0.435572340390839,6,187,0,False
qwen3_8b,dev,18308784,generation_3,6,0,4,0.0006482981843873,0.3549859469252017,6,191,0,False
qwen3_8b,dev,18385794,generation_1,14,0,6,0.0011773771839216,0.5750765064814394,14,246,2,False
qwen3_8b,dev,18385794,generation_2,14,0,9,0.001068802550435,0.3326399617695382,14,185,2,False
qwen3_8b,dev,18385794,generation_3,14,0,6,0.0108686322346329,0.5764963950828782,14,194,2,False
qwen3_8b,dev,18951540,generation_1,1,0,0,0.9808492064476012,0.9808492064476012,1,179,0,True
qwen3_8b,dev,18951540,generation_2,1,0,0,0.9800793528556824,0.9800793528556824,1,231,0,True
qwen3_8b,dev,18951540,generation_3,1,0,0,0.9698628783226012,0.9698628783226012,1,162,0,True
qwen3_8b,dev,19300402,generation_1,36,0,25,0.0001914913591463,0.3150316743776784,36,285,2,False
qwen3_8b,dev,19300402,generation_2,36,0,26,0.0001832567941164,0.27687242336145973,36,348,2,False
qwen3_8b,dev,19300402,generation_3,36,0,26,0.0001918985944939,0.29153515799933094,36,311,2,False
qwen3_8b,dev,19759529,generation_1,15,0,8,0.0012791355838999,0.4613221921259537,15,216,2,False
qwen3_8b,dev,19759529,generation_2,15,0,5,0.0092216301709413,0.6523625902831555,15,226,2,False
qwen3_8b,dev,19759529,generation_3,15,0,7,0.0015280348015949,0.5374592381063849,15,224,2,False
qwen3_8b,dev,19880293,generation_1,2,0,0,0.9872851967811584,0.9903558790683746,2,166,0,True
qwen3_8b,dev,19880293,generation_2,2,0,0,0.9905434250831604,0.992207795381546,2,191,0,True
qwen3_8b,dev,19880293,generation_3,2,0,0,0.9898478388786316,0.9914325177669525,2,260,0,True
qwen3_8b,dev,19914299,generation_1,4,0,1,0.2495715618133545,0.7904427498579025,4,178,0,False
qwen3_8b,dev,19914299,generation_2,4,0,1,0.2329085767269134,0.7865610048174858,4,139,0,False
qwen3_8b,dev,19914299,generation_3,4,0,2,0.0725029781460762,0.6232432965189219,4,145,0,False
qwen3_8b,dev,20126413,generation_1,1,0,0,0.988375186920166,0.988375186920166,1,226,0,True
qwen3_8b,dev,20126413,generation_2,1,0,0,0.9935218691825868,0.9935218691825868,1,165,0,True
qwen3_8b,dev,20126413,generation_3,1,0,0,0.9937465190887452,0.9937465190887452,1,172,0,True
qwen3_8b,dev,20143913,generation_1,1,0,0,0.988295555114746,0.988295555114746,1,230,0,True
qwen3_8b,dev,20143913,generation_2,1,0,0,0.9889230728149414,0.9889230728149414,1,168,0,True
qwen3_8b,dev,20143913,generation_3,1,0,0,0.990236222743988,0.990236222743988,1,192,0,True
qwen3_8b,dev,20195852,generation_1,6,0,2,0.0011939371470361,0.6510222188274687,6,189,0,False
qwen3_8b,dev,20195852,generation_2,6,0,1,0.0141014829277992,0.8193145953118801,6,203,0,False
qwen3_8b,dev,20195852,generation_3,6,0,3,0.0262147244066,0.5372360895077387,6,209,0,False
qwen3_8b,dev,20540798,generation_1,5,0,2,0.0002416197530692,0.5941031646361807,5,159,0,False
qwen3_8b,dev,20540798,generation_2,5,0,1,0.0075257453136146,0.7948320514522493,5,166,0,False
qwen3_8b,dev,20540798,generation_3,5,0,1,0.0003844676248263,0.7925788080261554,5,254,0,False
qwen3_8b,dev,20621845,generation_1,10,0,4,0.0001793753472156,0.5671991075767437,10,215,1,False
qwen3_8b,dev,20621845,generation_2,10,0,4,0.000222062706598,0.5908337322282022,10,193,1,False
qwen3_8b,dev,20621845,generation_3,10,0,4,0.0001782429317245,0.5884997165994719,10,162,1,False
qwen3_8b,dev,20682662,generation_1,2,0,1,0.0039695403538644,0.4975232433062046,2,162,0,False
qwen3_8b,dev,20682662,generation_2,2,0,1,0.0037714501377195,0.49841506581287837,2,168,0,False
qwen3_8b,dev,20682662,generation_3,2,0,1,0.0049590514972805,0.4984330856241285,2,224,0,False
qwen3_8b,dev,20801540,generation_1,16,2,9,0.0043974961154162,0.43790246543358075,16,244,2,False
qwen3_8b,dev,20801540,generation_2,16,2,6,0.0003303551638964,0.5770740621392179,16,232,2,False
qwen3_8b,dev,20801540,generation_3,16,2,7,0.0006714182673022,0.5297317757431301,16,260,2,False
qwen3_8b,dev,20859899,generation_1,17,4,8,0.0006084063206799,0.3894199003801024,17,276,2,False
qwen3_8b,dev,20859899,generation_2,17,4,8,0.0002581191074568,0.36147469734286836,17,232,2,False
qwen3_8b,dev,20859899,generation_3,17,4,9,0.0005482362466864,0.299257491095512,17,233,2,False
qwen3_8b,dev,20959502,generation_1,17,3,10,0.0002756688627414,0.25243442211820577,17,335,2,False
qwen3_8b,dev,20959502,generation_2,17,3,3,0.0003216643235646,0.607764322678764,17,263,2,False
qwen3_8b,dev,20959502,generation_3,17,3,3,0.0003106120275333,0.6410916735082591,17,237,2,False
qwen3_8b,dev,21042587,generation_1,22,1,9,0.0011009847512468,0.5925323180801404,22,290,2,False
qwen3_8b,dev,21042587,generation_2,22,1,8,0.0006221237708814,0.624879365842472,22,261,2,False
qwen3_8b,dev,21042587,generation_3,22,1,10,0.0004289027419872,0.5737056228337513,22,262,2,False
qwen3_8b,dev,21054465,generation_1,2,0,0,0.982664167881012,0.9881831109523773,2,160,0,True
qwen3_8b,dev,21054465,generation_2,2,0,0,0.9876052141189576,0.9908581078052521,2,221,0,True
qwen3_8b,dev,21054465,generation_3,2,0,0,0.9795231819152832,0.9864122271537781,2,172,0,True
qwen3_8b,dev,21130517,generation_1,6,0,0,0.985028862953186,0.9908306499322256,6,213,0,True
qwen3_8b,dev,21130517,generation_2,6,0,0,0.9799672961235046,0.9898103574911753,6,155,0,True
qwen3_8b,dev,21130517,generation_3,6,0,0,0.9829932451248168,0.9925191203753153,6,237,0,True
qwen3_8b,dev,21799811,generation_1,4,0,0,0.965416133403778,0.986370950937271,4,150,0,True
qwen3_8b,dev,21799811,generation_2,4,0,0,0.971065104007721,0.984010711312294,4,130,0,True
qwen3_8b,dev,21799811,generation_3,4,0,0,0.97503000497818,0.9824819415807724,4,209,0,True
qwen3_8b,dev,21903317,generation_1,6,0,0,0.7545149326324463,0.9505751530329386,6,225,0,True
qwen3_8b,dev,21903317,generation_2,6,0,1,0.0394306145608425,0.7868452264616886,6,154,0,False
qwen3_8b,dev,21903317,generation_3,6,0,2,0.0177249889820814,0.6706660566851497,6,235,0,False
qwen3_8b,dev,22711886,generation_1,15,0,9,0.0002638770965859,0.4894995958486106,15,243,2,False
qwen3_8b,dev,22711886,generation_2,15,0,11,0.0002469968167133,0.26395246039610354,15,257,2,False
qwen3_8b,dev,22711886,generation_3,15,0,5,0.000214040337596,0.6192945678039299,15,209,2,False
qwen3_8b,dev,23285048,generation_1,16,0,6,0.0010325073963031,0.6390251293996698,16,223,2,False
qwen3_8b,dev,23285048,generation_2,16,0,6,0.0057299905456602,0.5896606255846564,16,261,2,False
qwen3_8b,dev,23285048,generation_3,16,0,9,0.0010139346122741,0.42708842728461605,16,252,2,False
qwen3_8b,dev,23651211,generation_1,42,0,39,0.0002026178262894,0.11089382786615581,42,217,2,False
qwen3_8b,dev,23651211,generation_2,42,0,38,0.0002069322654278,0.09927853240619043,42,242,2,False
qwen3_8b,dev,23651211,generation_3,42,0,26,0.0002046225708909,0.3972410083751172,42,250,2,False
qwen3_8b,dev,23872883,generation_1,17,0,3,0.1502934992313385,0.8398153904606315,17,197,2,False
qwen3_8b,dev,23872883,generation_2,17,0,6,0.0163338147103786,0.6523638455306783,17,219,2,False
qwen3_8b,dev,23872883,generation_3,17,0,6,0.05822129920125,0.6720561987775213,17,252,2,False
qwen3_8b,dev,24014394,generation_1,16,0,5,0.0001902802905533,0.6807874781534338,16,227,2,False
qwen3_8b,dev,24014394,generation_2,16,0,5,0.0006340955151244,0.6809557728738582,16,253,2,False
qwen3_8b,dev,24014394,generation_3,16,0,6,0.0001888379774754,0.6198312261476531,16,229,2,False
qwen3_8b,dev,24036311,generation_1,19,3,12,0.0016698485706001,0.23613964649848634,19,231,2,False
qwen3_8b,dev,24036311,generation_2,19,3,11,0.0002258931199321,0.3563612376188087,19,253,2,False
qwen3_8b,dev,24036311,generation_3,19,3,12,0.0001864386140368,0.2603222524906557,19,250,2,False
qwen3_8b,dev,24288432,generation_1,20,10,3,0.0002204955380875,0.5466950024827384,20,267,2,False
qwen3_8b,dev,24288432,generation_2,20,10,1,0.000224146497203,0.46981387290361454,20,231,2,True
qwen3_8b,dev,24288432,generation_3,20,10,1,0.0002142586163245,0.6232457892889215,20,240,2,True
qwen3_8b,dev,24333387,generation_1,16,0,3,0.0001859549956861,0.8108354807209253,16,192,2,False
qwen3_8b,dev,24333387,generation_2,16,0,3,0.000239741479163,0.7789958958137504,16,254,2,False
qwen3_8b,dev,24333387,generation_3,16,0,1,0.1660216599702835,0.9069281974807382,16,238,2,True
qwen3_8b,dev,24438483,generation_1,13,1,5,0.0004457549366634,0.5466518837649625,13,289,2,False
qwen3_8b,dev,24438483,generation_2,13,1,9,0.0002919595572166,0.2425119366469936,13,368,2,False
qwen3_8b,dev,24438483,generation_3,13,1,5,0.0002666880609467,0.5379031921083179,13,284,2,False
qwen3_8b,dev,25080425,generation_1,12,0,5,0.0006131276022642,0.6006016479611086,12,227,1,False
qwen3_8b,dev,25080425,generation_2,12,0,4,0.0011511768680065,0.6688357506063767,12,246,1,False
qwen3_8b,dev,25080425,generation_3,12,0,4,0.0021270338911563,0.6604649222960385,12,253,1,False
qwen3_8b,dev,25119790,generation_1,17,0,8,0.000302057393128,0.5315964821202215,17,264,2,False
qwen3_8b,dev,25119790,generation_2,17,0,6,0.0002733833971433,0.620185476667864,17,269,2,False
qwen3_8b,dev,25119790,generation_3,17,0,10,0.0002166946214856,0.4040699189191561,17,310,2,False
qwen3_8b,dev,25550469,generation_1,13,1,7,0.0055776396766304,0.4318792179871637,13,231,2,False
qwen3_8b,dev,25550469,generation_2,13,1,10,0.0003435422549955,0.25580436118000827,13,273,2,False
qwen3_8b,dev,25550469,generation_3,13,1,9,0.00030529970536,0.3142518665766916,13,229,2,False
qwen3_8b,dev,25589620,generation_1,9,0,4,0.0062436489388346,0.6115676968668898,9,308,1,False
qwen3_8b,dev,25589620,generation_2,9,0,3,0.0034249525051563,0.6736833123852395,9,243,1,False
qwen3_8b,dev,25589620,generation_3,9,0,2,0.013761930167675,0.7261604554951191,9,268,1,False
qwen3_8b,dev,26684240,generation_1,51,0,4,0.0003932956024073,0.9074440161302667,51,318,2,False
qwen3_8b,dev,26684240,generation_2,51,0,24,0.0001997830404434,0.5275704273785689,51,288,2,False
qwen3_8b,dev,26684240,generation_3,51,0,7,0.000506934185978,0.8503123701518109,51,250,2,False
qwen3_8b,dev,27090298,generation_1,7,0,5,0.0013362609315663,0.3288530297909996,7,155,0,False
qwen3_8b,dev,27090298,generation_2,7,0,3,0.00301443785429,0.5215184422475951,7,158,0,False
qwen3_8b,dev,27090298,generation_3,7,0,5,0.0025934586301445,0.34347614472998034,7,160,0,False
qwen3_8b,dev,27103577,generation_1,7,0,7,0.0014101434499025,0.048230047121510924,7,247,0,False
qwen3_8b,dev,27103577,generation_2,7,0,5,0.0004965591360814,0.308930195227731,7,203,0,False
qwen3_8b,dev,27103577,generation_3,7,0,5,0.0007745638722553,0.26420345038474935,7,256,0,False
qwen3_8b,dev,27491646,generation_1,15,0,7,0.0001854245347203,0.5197282669415775,15,275,2,False
qwen3_8b,dev,27491646,generation_2,15,0,9,0.0001862169010564,0.440006024055765,15,261,2,False
qwen3_8b,dev,27491646,generation_3,15,0,6,0.0001832842390285,0.5841071831334071,15,235,2,False
qwen3_8b,dev,27509880,generation_1,17,1,11,0.0019663712009787,0.30883451158126046,17,230,2,False
qwen3_8b,dev,27509880,generation_2,17,1,11,0.0001926148106576,0.3285874445487827,17,260,2,False
qwen3_8b,dev,27509880,generation_3,17,1,9,0.000188202902791,0.4113725894926841,17,333,2,False
qwen3_8b,dev,27663860,generation_1,8,0,5,0.0058875284157693,0.422155522450339,8,203,0,False
qwen3_8b,dev,27663860,generation_2,8,0,3,0.0003984800423495,0.6192056272047921,8,168,0,False
qwen3_8b,dev,27663860,generation_3,8,0,2,0.0003420750144869,0.7225811244279612,8,160,0,False
qwen3_8b,dev,27707793,generation_1,5,0,2,0.0164488703012466,0.5686568230390548,5,194,0,False
qwen3_8b,dev,27707793,generation_2,5,0,3,0.0027044320013374,0.4138524256180972,5,176,0,False
qwen3_8b,dev,27707793,generation_3,5,0,3,0.0061899153515696,0.47349396739155053,5,263,0,False
qwen3_8b,dev,27729412,generation_1,15,0,14,0.000219318215386,0.07416230137944993,15,253,2,False
qwen3_8b,dev,27729412,generation_2,15,0,15,0.0002682042249944,0.016726129170274315,15,243,2,False
qwen3_8b,dev,27729412,generation_3,15,0,14,0.000190748978639,0.0793856072540317,15,239,2,False
qwen3_8b,dev,27807193,generation_1,8,0,3,0.0005750141572207,0.5904722471823334,8,196,0,False
qwen3_8b,dev,27807193,generation_2,8,0,3,0.0008337306207977,0.6221408597994014,8,207,0,False
qwen3_8b,dev,27807193,generation_3,8,0,2,0.0005564944585785,0.7381325032838504,8,184,0,False
qwen3_8b,dev,27840894,generation_1,2,0,1,0.0016403421759605,0.49872560426592827,2,168,0,False
qwen3_8b,dev,27840894,generation_2,2,0,1,0.0019708327017724,0.498700651107356,2,129,0,False
qwen3_8b,dev,27840894,generation_3,2,0,1,0.0013462282950058,0.49873274454148486,2,171,0,False
qwen3_8b,dev,27860185,generation_1,8,0,2,0.0100940689444541,0.7433415885316208,8,157,0,False
qwen3_8b,dev,27860185,generation_2,8,0,2,0.0262243300676345,0.7479006554931402,8,153,0,False
qwen3_8b,dev,27860185,generation_3,8,0,2,0.007073379587382,0.7401110917562619,8,214,0,False
qwen3_8b,dev,27866394,generation_1,19,0,16,0.000231954967603,0.1631345104971459,19,247,2,False
qwen3_8b,dev,27866394,generation_2,19,0,11,0.0139299593865871,0.42608365563577727,19,282,2,False
qwen3_8b,dev,27866394,generation_3,19,0,15,0.0008867697324603,0.2186146358940995,19,236,2,False
qwen3_8b,dev,28259923,generation_1,12,0,10,0.0002164047327823,0.18458193803962783,12,232,1,False
qwen3_8b,dev,28259923,generation_2,12,0,8,0.0001957891072379,0.3238583692982501,12,226,1,False
qwen3_8b,dev,28259923,generation_3,12,0,9,0.0040909186936914,0.30220488765432185,12,230,1,False
qwen3_8b,dev,28393239,generation_1,7,0,3,0.0005346618127077,0.5297751072295276,7,273,0,False
qwen3_8b,dev,28393239,generation_2,7,0,3,0.0005892601911909,0.6212021227942647,7,177,0,False
qwen3_8b,dev,28393239,generation_3,7,0,1,0.0029848108533769,0.753616127085739,7,173,0,False
qwen3_8b,dev,28518143,generation_1,31,0,17,0.0007622369448654,0.46548079649519714,31,292,2,False
qwen3_8b,dev,28518143,generation_2,31,0,22,0.0037190329749137,0.28747666398093347,31,349,2,False
qwen3_8b,dev,28518143,generation_3,31,0,22,0.0003039043513126,0.3054754180747324,31,291,2,False
qwen3_8b,dev,29049388,generation_1,9,0,2,0.0073357364162802,0.775396213038928,9,166,1,False
qwen3_8b,dev,29049388,generation_2,9,0,2,0.0033073353115469,0.7730880906132774,9,180,1,False
qwen3_8b,dev,29049388,generation_3,9,0,2,0.0051374221220612,0.7753924686565168,9,175,1,False
qwen3_8b,dev,29183288,generation_1,33,0,21,0.0001835229486459,0.36442972752521385,33,245,2,False
qwen3_8b,dev,29183288,generation_2,33,0,21,0.0002908083552028,0.37598160574755934,33,305,2,False
qwen3_8b,dev,29183288,generation_3,33,0,24,0.0001838841271819,0.2840487349727261,33,261,2,False
qwen3_8b,dev,6086495,generation_1,1,0,1,0.0047836666926741,0.0047836666926741,1,178,0,False
qwen3_8b,dev,6086495,generation_2,1,0,1,0.0091696791350841,0.0091696791350841,1,171,0,False
qwen3_8b,dev,6086495,generation_3,1,0,1,0.0207183677703142,0.0207183677703142,1,145,0,False
qwen3_8b,dev,7811247,generation_1,4,0,1,0.0021298686042428,0.6796468833927065,4,171,0,False
qwen3_8b,dev,7811247,generation_2,4,0,3,0.0008168712374754,0.20997027489647732,4,158,0,False
qwen3_8b,dev,7811247,generation_3,4,0,3,0.0003935921122319,0.30162175065197516,4,161,0,False
qwen3_8b,test,15000256,generation_1,6,0,0,0.9260427355766296,0.9748513400554657,6,179,0,True
qwen3_8b,test,15000256,generation_2,6,0,1,0.2317022830247879,0.8581473752856255,6,139,0,False
qwen3_8b,test,15000256,generation_3,6,0,2,0.1616440713405609,0.7638164162635803,6,156,0,False
qwen3_8b,test,15036754,generation_1,25,6,13,0.0004512480227276,0.266753267198801,25,221,2,False
qwen3_8b,test,15036754,generation_2,25,6,10,0.0002543170994613,0.3844912468781695,25,263,2,False
qwen3_8b,test,15036754,generation_3,25,6,16,0.0002934900403488,0.18431824600673277,25,262,2,False
qwen3_8b,test,15111599,generation_1,2,0,0,0.994635283946991,0.99612095952034,2,144,0,True
qwen3_8b,test,15111599,generation_2,2,0,0,0.9938502311706544,0.9954548180103302,2,183,0,True
qwen3_8b,test,15111599,generation_3,2,0,0,0.9940939545631408,0.9957107603549957,2,130,0,True
qwen3_8b,test,15130900,generation_1,2,0,1,0.0175533331930637,0.49792516417801386,2,186,0,False
qwen3_8b,test,15130900,generation_2,2,0,1,0.0124344620853662,0.49619119334965944,2,193,0,False
qwen3_8b,test,15130900,generation_3,2,0,1,0.0114862443879246,0.4962075413204729,2,203,0,False
qwen3_8b,test,15233872,generation_1,7,0,2,0.0004991288296878,0.6750279249224279,7,191,0,False
qwen3_8b,test,15233872,generation_2,7,0,4,0.0037667162250727,0.5267600375560245,7,216,0,False
qwen3_8b,test,15233872,generation_3,7,0,4,0.000260634580627,0.5037277178905372,7,173,0,False
qwen3_8b,test,15459975,generation_1,1,0,0,0.9941065311431884,0.9941065311431884,1,194,0,True
qwen3_8b,test,15459975,generation_2,1,0,0,0.995144248008728,0.995144248008728,1,172,0,True
qwen3_8b,test,15459975,generation_3,1,0,0,0.994925022125244,0.994925022125244,1,170,0,True
qwen3_8b,test,15464247,generation_1,1,0,0,0.9952998161315918,0.9952998161315918,1,182,0,True
qwen3_8b,test,15464247,generation_2,1,0,1,0.0812298879027366,0.0812298879027366,1,176,0,False
qwen3_8b,test,15464247,generation_3,1,0,1,0.4225134551525116,0.4225134551525116,1,229,0,False
qwen3_8b,test,15485686,generation_1,12,0,1,0.0026333078276365,0.8684314815909602,12,279,1,True
qwen3_8b,test,15485686,generation_2,12,0,1,0.002686430234462,0.898528858126762,12,271,1,True
qwen3_8b,test,15485686,generation_3,12,0,0,0.9499756693840028,0.9806407988071442,12,254,1,True
qwen3_8b,test,15668505,generation_1,6,0,2,0.0226837489753961,0.7070930417006215,6,137,0,False
qwen3_8b,test,15668505,generation_2,6,0,2,0.0122782886028289,0.6610203723733624,6,139,0,False
qwen3_8b,test,15668505,generation_3,6,0,2,0.0095563111826777,0.6539169158786535,6,177,0,False
qwen3_8b,test,15673851,generation_1,12,0,5,0.008959624916315,0.6019924692033479,12,252,1,False
qwen3_8b,test,15673851,generation_2,12,0,5,0.0103155020624399,0.5930546098388731,12,263,1,False
qwen3_8b,test,15673851,generation_3,12,0,4,0.0088952938094735,0.6863147747547677,12,257,1,False
qwen3_8b,test,15811908,generation_1,17,2,8,0.0049889404326677,0.43362930477322903,17,254,2,False
qwen3_8b,test,15811908,generation_2,17,2,6,0.0006873675156384,0.5556718389750185,17,223,2,False
qwen3_8b,test,15811908,generation_3,17,2,9,0.0003830853966064,0.3471412089249283,17,194,2,False
qwen3_8b,test,15818664,generation_1,4,0,1,0.0096416445448994,0.7425063692498952,4,145,0,False
qwen3_8b,test,15818664,generation_2,4,0,4,0.0004579701344482,0.06777833930391347,4,267,0,False
qwen3_8b,test,15818664,generation_3,4,0,1,0.3216933310031891,0.8266096636652946,4,149,0,False
qwen3_8b,test,15820770,generation_1,6,0,1,0.0048609543591737,0.7716260878369212,6,283,0,False
qwen3_8b,test,15820770,generation_2,6,0,3,0.0002360702928854,0.5684365391959242,6,214,0,False
qwen3_8b,test,15820770,generation_3,6,0,3,0.0426301509141922,0.5673063571254412,6,186,0,False
qwen3_8b,test,15824163,generation_1,1,0,0,0.987281858921051,0.987281858921051,1,205,0,True
qwen3_8b,test,15824163,generation_2,1,0,0,0.977976143360138,0.977976143360138,1,236,0,True
qwen3_8b,test,15824163,generation_3,1,0,0,0.9758728742599488,0.9758728742599488,1,159,0,True
qwen3_8b,test,15987266,generation_1,5,0,4,0.0009771287441253,0.26312961466610424,5,188,0,False
qwen3_8b,test,15987266,generation_2,5,0,4,0.0011049396125599,0.20950772108044471,5,182,0,False
qwen3_8b,test,15987266,generation_3,5,0,4,0.0003640312352217,0.21002758938120678,5,162,0,False
qwen3_8b,test,16046395,generation_1,3,0,0,0.9838477969169616,0.9908467928568522,3,163,0,True
qwen3_8b,test,16046395,generation_2,3,0,1,0.0531795024871826,0.6812741160392761,3,182,0,False
qwen3_8b,test,16046395,generation_3,3,0,0,0.9949888586997986,0.9958585302035013,3,199,0,True
qwen3_8b,test,16112787,generation_1,15,0,5,0.0002859655360225,0.655944821415081,15,284,2,False
qwen3_8b,test,16112787,generation_2,15,0,6,0.0051537184044718,0.6104253251105547,15,197,2,False
qwen3_8b,test,16112787,generation_3,15,0,6,0.0006588578107766,0.5941457325864273,15,249,2,False
qwen3_8b,test,16116131,generation_1,2,0,0,0.9791975021362304,0.9801232218742371,2,154,0,True
qwen3_8b,test,16116131,generation_2,2,0,0,0.9800074696540833,0.9806207418441772,2,168,0,True
qwen3_8b,test,16116131,generation_3,2,0,0,0.9780977964401244,0.9787037968635558,2,133,0,True
qwen3_8b,test,16186368,generation_1,3,0,2,0.0096622202545404,0.340870871519049,3,153,0,False
qwen3_8b,test,16186368,generation_2,3,0,2,0.0073920511640608,0.3387808301486075,3,144,0,False
qwen3_8b,test,16186368,generation_3,3,0,2,0.0137300342321395,0.3422780664016803,3,150,0,False
qwen3_8b,test,16252083,generation_1,6,0,3,0.0014926993753761,0.511035768276391,6,172,0,False
qwen3_8b,test,16252083,generation_2,6,0,3,0.0009755786159075,0.5012299524872409,6,208,0,False
qwen3_8b,test,16252083,generation_3,6,0,3,0.0022285180166363,0.5070845405571163,6,147,0,False
qwen3_8b,test,16330669,generation_1,7,0,0,0.949834644794464,0.9906218307358878,7,216,0,True
qwen3_8b,test,16330669,generation_2,7,0,0,0.993587613105774,0.9972850169454303,7,176,0,True
qwen3_8b,test,16330669,generation_3,7,0,0,0.99342679977417,0.9963970099176679,7,136,0,True
qwen3_8b,test,16428827,generation_1,9,0,1,0.1316306740045547,0.8053047607342402,9,196,1,True
qwen3_8b,test,16428827,generation_2,9,0,3,0.0524972155690193,0.6855201025803884,9,297,1,False
qwen3_8b,test,16428827,generation_3,9,0,1,0.0228079464286565,0.8731294727573792,9,260,1,True
qwen3_8b,test,16629641,generation_1,14,1,7,0.0022209086455404,0.47093349951319396,14,241,2,False
qwen3_8b,test,16629641,generation_2,14,1,8,0.0027698879130184,0.3670230869403374,14,247,2,False
qwen3_8b,test,16629641,generation_3,14,1,8,0.0037627778947353,0.36247579919706496,14,224,2,False
qwen3_8b,test,16731636,generation_1,11,0,5,0.0024148041848093,0.5620040069122545,11,281,1,False
qwen3_8b,test,16731636,generation_2,11,0,1,0.0514514744281768,0.8539275283163245,11,158,1,True
qwen3_8b,test,16731636,generation_3,11,0,3,0.0197059586644172,0.7529514445499941,11,260,1,False
qwen3_8b,test,16820346,generation_1,7,0,4,0.0004054860328324,0.420448693621438,7,136,0,False
qwen3_8b,test,16820346,generation_2,7,0,4,0.0002366966364206,0.42190733992070556,7,134,0,False
qwen3_8b,test,16820346,generation_3,7,0,3,0.0053010322153568,0.5758035198918411,7,160,0,False
qwen3_8b,test,16840830,generation_1,1,0,0,0.9956721067428588,0.9956721067428588,1,147,0,True
qwen3_8b,test,16840830,generation_2,1,0,0,0.9961379170417786,0.9961379170417786,1,233,0,True
qwen3_8b,test,16840830,generation_3,1,0,0,0.9959996938705444,0.9959996938705444,1,199,0,True
qwen3_8b,test,16844102,generation_1,24,0,11,0.0002026858273893,0.5209690461409385,24,257,2,False
qwen3_8b,test,16844102,generation_2,24,0,12,0.000213975465158,0.5065261884592474,24,273,2,False
qwen3_8b,test,16844102,generation_3,24,0,12,0.0002176103880628,0.4941037830988837,24,258,2,False
qwen3_8b,test,16849419,generation_1,3,0,1,0.0372470989823341,0.6583667521675428,3,228,0,False
qwen3_8b,test,16849419,generation_2,3,0,2,0.0227585136890411,0.3684100856383641,3,158,0,False
qwen3_8b,test,16849419,generation_3,3,0,1,0.0308772586286067,0.5647279111047586,3,147,0,False
qwen3_8b,test,16970763,generation_1,3,0,0,0.9943538904190063,0.9945945342381796,3,149,0,True
qwen3_8b,test,16970763,generation_2,3,0,0,0.9945831894874572,0.9950640797615051,3,151,0,True
qwen3_8b,test,16970763,generation_3,3,0,0,0.9946150183677672,0.9948176940282186,3,171,0,True
qwen3_8b,test,17003923,generation_1,15,0,4,0.0026687942445278,0.6945924601828058,15,259,2,False
qwen3_8b,test,17003923,generation_2,15,0,4,0.004324376117438,0.7650565705883007,15,262,2,False
qwen3_8b,test,17003923,generation_3,15,0,7,0.0021759360097348,0.5165906523354351,15,219,2,False
qwen3_8b,test,17059986,generation_1,7,1,3,0.0003313165216241,0.3975463619364226,7,181,0,False
qwen3_8b,test,17059986,generation_2,7,1,3,0.0002384255058132,0.4144175210219276,7,169,0,False
qwen3_8b,test,17059986,generation_3,7,1,3,0.0045394683256745,0.4484120002016425,7,145,0,False
qwen3_8b,test,17166870,generation_1,4,1,0,0.900554358959198,0.971178263425827,4,185,0,True
qwen3_8b,test,17166870,generation_2,4,1,0,0.410710722208023,0.8456221297383307,4,190,0,True
qwen3_8b,test,17166870,generation_3,4,1,0,0.1906230598688125,0.7931699194014072,4,198,0,True
qwen3_8b,test,17491223,generation_1,2,0,1,0.0111590316519141,0.49532039416953927,2,213,0,False
qwen3_8b,test,17491223,generation_2,2,0,1,0.0171487741172313,0.49578522704541683,2,222,0,False
qwen3_8b,test,17491223,generation_3,2,0,1,0.0079009346663951,0.49523537419736374,2,231,0,False
qwen3_8b,test,17511042,generation_1,7,1,4,0.0074683586135506,0.3169888763555458,7,229,0,False
qwen3_8b,test,17511042,generation_2,7,1,1,0.0060559920966625,0.7115112857094833,7,190,0,False
qwen3_8b,test,17511042,generation_3,7,1,3,0.0128566771745681,0.4815159067511558,7,208,0,False
qwen3_8b,test,17562951,generation_1,6,1,3,0.0002518868132028,0.30865399126681337,6,164,0,False
qwen3_8b,test,17562951,generation_2,6,1,4,0.0002706408849917,0.2891858770259811,6,267,0,False
qwen3_8b,test,17562951,generation_3,6,1,2,0.0003213342279195,0.4990826033366223,6,226,0,False
qwen3_8b,test,17879945,generation_1,10,0,5,0.0065706456080079,0.509997241012752,10,247,1,False
qwen3_8b,test,17879945,generation_2,10,0,4,0.0005795714096166,0.5771357759891543,10,262,1,False
qwen3_8b,test,17879945,generation_3,10,0,4,0.0005484993453137,0.5743638901680241,10,232,1,False
qwen3_8b,test,17935240,generation_1,1,0,0,0.9961626529693604,0.9961626529693604,1,154,0,True
qwen3_8b,test,17935240,generation_2,1,0,0,0.9960817694664,0.9960817694664,1,143,0,True
qwen3_8b,test,17935240,generation_3,1,0,0,0.9964305758476256,0.9964305758476256,1,143,0,True
qwen3_8b,test,18179903,generation_1,3,0,2,0.0012113641714677,0.33288952044676984,3,181,0,False
qwen3_8b,test,18179903,generation_2,3,0,2,0.0034857273567467,0.3348006509089221,3,217,0,False
qwen3_8b,test,18179903,generation_3,3,0,2,0.0027547285426408,0.33153023252574104,3,163,0,False
qwen3_8b,test,18257781,generation_1,3,0,0,0.8605554699897766,0.9515565832455953,3,191,0,True
qwen3_8b,test,18257781,generation_2,3,0,0,0.8360826373100281,0.9431787729263306,3,159,0,True
qwen3_8b,test,18257781,generation_3,3,0,0,0.9182313680648804,0.9708875020345052,3,137,0,True
qwen3_8b,test,18399341,generation_1,1,0,1,0.0023622675798833,0.0023622675798833,1,166,0,False
qwen3_8b,test,18399341,generation_2,1,0,1,0.0033153519034385,0.0033153519034385,1,243,0,False
qwen3_8b,test,18399341,generation_3,1,0,1,0.0028745376039296,0.0028745376039296,1,245,0,False
qwen3_8b,test,18439803,generation_1,14,1,4,0.0119830397889018,0.7168063991703093,14,198,2,False
qwen3_8b,test,18439803,generation_2,14,1,4,0.0058985520154237,0.6369251616166106,14,190,2,False
qwen3_8b,test,18439803,generation_3,14,1,3,0.01565364561975,0.6702887184385743,14,260,2,False
qwen3_8b,test,18441470,generation_1,4,0,2,0.0258749946951866,0.5049864053726196,4,191,0,False
qwen3_8b,test,18441470,generation_2,4,0,2,0.008683506399393,0.4927187205757946,4,179,0,False
qwen3_8b,test,18441470,generation_3,4,0,2,0.0107728224247694,0.49770823819562793,4,239,0,False
qwen3_8b,test,18457324,generation_1,15,0,5,0.0002489316102582,0.6939370833492527,15,281,2,False
qwen3_8b,test,18457324,generation_2,15,0,5,0.0011606274638324,0.6471963122099017,15,326,2,False
qwen3_8b,test,18457324,generation_3,15,0,6,0.0003300563839729,0.6110464705367727,15,272,2,False
qwen3_8b,test,1848636,generation_1,7,0,5,0.0095333671197295,0.3674880520307591,7,229,0,False
qwen3_8b,test,1848636,generation_2,7,0,4,0.0104798506945371,0.44966058792280295,7,216,0,False
qwen3_8b,test,1848636,generation_3,7,0,5,0.0092970170080661,0.34717047028243536,7,180,0,False
qwen3_8b,test,18503483,generation_1,6,1,2,0.0002675123978406,0.49327808834884007,6,216,0,False
qwen3_8b,test,18503483,generation_2,6,1,3,0.0003941972390748,0.32901374629000196,6,179,0,False
qwen3_8b,test,18503483,generation_3,6,1,2,0.0088679175823926,0.4975222077531119,6,218,0,False
qwen3_8b,test,18507837,generation_1,11,0,4,0.0003299997770227,0.6499010691556826,11,198,1,False
qwen3_8b,test,18507837,generation_2,11,0,1,0.0004028374387416,0.8421543700625823,11,219,1,True
qwen3_8b,test,18507837,generation_3,11,0,1,0.0006054599652998,0.897655860579107,11,270,1,True
qwen3_8b,test,18991055,generation_1,11,0,2,0.3141409754753113,0.8791013549674641,11,171,1,False
qwen3_8b,test,18991055,generation_2,11,0,1,0.0171409789472818,0.8569947801191699,11,177,1,True
qwen3_8b,test,18991055,generation_3,11,0,2,0.0141378045082092,0.8080330541865393,11,220,1,False
qwen3_8b,test,19207031,generation_1,2,0,2,0.0019745803438127,0.0031553148292005,2,192,0,False
qwen3_8b,test,19207031,generation_2,2,0,2,0.0044408221729099,0.01929218159057195,2,205,0,False
qwen3_8b,test,19207031,generation_3,2,0,2,0.0030458620749413,0.23737225192598993,2,152,0,False
qwen3_8b,test,19208385,generation_1,5,0,0,0.9935792684555054,0.9951255202293396,5,200,0,True
qwen3_8b,test,19208385,generation_2,5,0,0,0.9948062300682068,0.9952946782112122,5,171,0,True
qwen3_8b,test,19208385,generation_3,5,0,0,0.9944233298301696,0.9958131194114686,5,232,0,True
qwen3_8b,test,19276632,generation_1,11,0,6,0.0247184876352548,0.5157315834340724,11,162,1,False
qwen3_8b,test,19276632,generation_2,11,0,4,0.0295973867177963,0.6481213278391145,11,189,1,False
qwen3_8b,test,19276632,generation_3,11,0,3,0.0868638977408409,0.6706854355606165,11,201,1,False
qwen3_8b,test,19353688,generation_1,2,0,0,0.9979283809661864,0.9980237185955048,2,196,0,True
qwen3_8b,test,19353688,generation_2,2,0,0,0.997684359550476,0.9977830350399017,2,206,0,True
qwen3_8b,test,19353688,generation_3,2,0,0,0.9976825714111328,0.9977591335773468,2,171,0,True
qwen3_8b,test,19394258,generation_1,2,0,0,0.9940176010131836,0.9940723776817322,2,156,0,True
qwen3_8b,test,19394258,generation_2,2,0,0,0.9955224990844728,0.9957358241081238,2,163,0,True
qwen3_8b,test,19394258,generation_3,2,0,0,0.98795086145401,0.9895212054252625,2,158,0,True
qwen3_8b,test,19484664,generation_1,1,0,0,0.9976438879966736,0.9976438879966736,1,182,0,True
qwen3_8b,test,19484664,generation_2,1,0,0,0.9980835914611816,0.9980835914611816,1,159,0,True
qwen3_8b,test,19484664,generation_3,1,0,0,0.997257649898529,0.997257649898529,1,228,0,True
qwen3_8b,test,19531695,generation_1,8,1,3,0.0023119011893868,0.4387026995536871,8,161,0,False
qwen3_8b,test,19531695,generation_2,8,1,3,0.0099023263901472,0.5535321438219398,8,160,0,False
qwen3_8b,test,19531695,generation_3,8,1,4,0.0105699598789215,0.4835593616589904,8,181,0,False
qwen3_8b,test,19565319,generation_1,11,0,3,0.0016755547840148,0.7188011383934115,11,204,1,False
qwen3_8b,test,19565319,generation_2,11,0,4,0.0003845172468572,0.630218640059783,11,201,1,False
qwen3_8b,test,19565319,generation_3,11,0,3,0.0004628296592272,0.7202822179533541,11,195,1,False
qwen3_8b,test,19681452,generation_1,13,0,1,0.0052685611881315,0.9059604717633472,13,201,2,True
qwen3_8b,test,19681452,generation_2,13,0,2,0.0013445176882669,0.8280167049602963,13,241,2,True
qwen3_8b,test,19681452,generation_3,13,0,3,0.0012706175912171,0.7565958324569062,13,210,2,False
qwen3_8b,test,19789368,generation_1,11,1,9,0.0005104128504171,0.19694553129904133,11,282,1,False
qwen3_8b,test,19789368,generation_2,11,1,6,0.0006433892995119,0.4113915712699633,11,230,1,False
qwen3_8b,test,19789368,generation_3,11,1,9,0.0004084733955096,0.2321563211338467,11,228,1,False
qwen3_8b,test,19957053,generation_1,5,1,2,0.0002975601528305,0.39356724392273457,5,248,0,False
qwen3_8b,test,19957053,generation_2,5,1,1,0.0011920478427782,0.6003323315875605,5,192,0,False
qwen3_8b,test,19957053,generation_3,5,1,1,0.0007377568399533,0.5744243980152532,5,168,0,False
qwen3_8b,test,20534762,generation_1,2,0,1,0.3062779903411865,0.6503612697124481,2,142,0,False
qwen3_8b,test,20534762,generation_2,2,0,0,0.9942052960395812,0.9950968027114868,2,125,0,True
qwen3_8b,test,20534762,generation_3,2,0,0,0.9936238527297974,0.9937492311000824,2,162,0,True
qwen3_8b,test,20648600,generation_1,15,1,7,0.0010976116172969,0.4562869796374192,15,279,2,False
qwen3_8b,test,20648600,generation_2,15,1,8,0.0011424723779782,0.4029545074639221,15,204,2,False
qwen3_8b,test,20648600,generation_3,15,1,7,0.0003524231433402,0.4970598688329725,15,192,2,False
qwen3_8b,test,20705401,generation_1,19,0,8,0.030149657279253,0.6387090148698342,19,220,2,False
qwen3_8b,test,20705401,generation_2,19,0,2,0.0250909067690372,0.8127158827295429,19,246,2,True
qwen3_8b,test,20705401,generation_3,19,0,6,0.0172516349703073,0.6507345484079499,19,180,2,False
qwen3_8b,test,20709368,generation_1,4,0,2,0.0094080464914441,0.5036724417004734,4,164,0,False
qwen3_8b,test,20709368,generation_2,4,0,2,0.0162791647017002,0.5062001170590519,4,132,0,False
qwen3_8b,test,20709368,generation_3,4,0,2,0.0105535667389631,0.5050553344190121,4,165,0,False
qwen3_8b,test,21126715,generation_1,4,0,0,0.9938404560089112,0.9953303188085556,4,198,0,True
qwen3_8b,test,21126715,generation_2,4,0,0,0.9564334154129028,0.9752447307109833,4,161,0,True
qwen3_8b,test,21126715,generation_3,4,0,0,0.9937654733657836,0.9956392943859099,4,166,0,True
qwen3_8b,test,21219851,generation_1,4,0,3,0.0066303191706538,0.25594947091303766,4,164,0,False
qwen3_8b,test,21219851,generation_2,4,0,3,0.0010694991797208,0.25031166427652346,4,135,0,False
qwen3_8b,test,21219851,generation_3,4,0,3,0.0001810925023164,0.2493783296195033,4,146,0,False
qwen3_8b,test,21405999,generation_1,15,1,6,0.0006656110053882,0.5963945577891233,15,242,2,False
qwen3_8b,test,21405999,generation_2,15,1,6,0.0005335132591426,0.5927359716695112,15,215,2,False
qwen3_8b,test,21405999,generation_3,15,1,6,0.000834429229144,0.5982039722187135,15,210,2,False
qwen3_8b,test,21684788,generation_1,4,0,0,0.9745076894760132,0.9897594600915908,4,125,0,True
qwen3_8b,test,21684788,generation_2,4,0,0,0.9350509643554688,0.9801632016897202,4,167,0,True
qwen3_8b,test,21684788,generation_3,4,0,0,0.9939245581626892,0.9956244379281998,4,135,0,True
qwen3_8b,test,21750150,generation_1,8,0,4,0.0188077874481678,0.5140025254804641,8,191,0,False
qwen3_8b,test,21750150,generation_2,8,0,4,0.0040113981813192,0.49556340428534895,8,212,0,False
qwen3_8b,test,21750150,generation_3,8,0,2,0.0047209630720317,0.7594519042759202,8,186,0,False
qwen3_8b,test,21879313,generation_1,21,1,11,0.0004083912645,0.465165797389567,21,228,2,False
qwen3_8b,test,21879313,generation_2,21,1,7,0.0004714066744782,0.6406933148280674,21,278,2,False
qwen3_8b,test,21879313,generation_3,21,1,7,0.0003850161156151,0.6418323174875695,21,233,2,False
qwen3_8b,test,21976953,generation_1,1,0,0,0.9963167905807496,0.9963167905807496,1,163,0,True
qwen3_8b,test,21976953,generation_2,1,0,0,0.9963294863700868,0.9963294863700868,1,129,0,True
qwen3_8b,test,21976953,generation_3,1,0,0,0.9962366223335266,0.9962366223335266,1,182,0,True
qwen3_8b,test,22369755,generation_1,32,0,24,0.0007884653750807,0.2532762463888502,32,230,2,False
qwen3_8b,test,22369755,generation_2,32,0,23,0.0002068506000796,0.28195301154710245,32,263,2,False
qwen3_8b,test,22369755,generation_3,32,0,22,0.0002394691837253,0.31059074738777775,32,277,2,False
qwen3_8b,test,22729903,generation_1,6,0,1,0.0006045209593139,0.8229821342101786,6,186,0,False
qwen3_8b,test,22729903,generation_2,6,0,0,0.95042222738266,0.9863918920358022,6,164,0,True
qwen3_8b,test,22729903,generation_3,6,0,1,0.0008411621674895,0.8235568539239466,6,202,0,False
qwen3_8b,test,23069675,generation_1,15,0,10,0.0002608981449156,0.3435130239095694,15,234,2,False
qwen3_8b,test,23069675,generation_2,15,0,10,0.0002246537915198,0.3341723681194707,15,237,2,False
qwen3_8b,test,23069675,generation_3,15,0,10,0.0002727704995777,0.3491154894640204,15,211,2,False
qwen3_8b,test,24114426,generation_1,4,0,0,0.980269491672516,0.9810091555118561,4,171,0,True
qwen3_8b,test,24114426,generation_2,4,0,0,0.9825305342674256,0.9829565435647964,4,220,0,True
qwen3_8b,test,24114426,generation_3,4,0,0,0.9815770983695984,0.9817159473896026,4,182,0,True
qwen3_8b,test,24442316,generation_1,21,0,8,0.0010478520998731,0.6028562937142505,21,285,2,False
qwen3_8b,test,24442316,generation_2,21,0,9,0.0002257290616398,0.5691287504790429,21,247,2,False
qwen3_8b,test,24442316,generation_3,21,0,10,0.0001838478201534,0.5131124394538347,21,246,2,False
qwen3_8b,test,24671324,generation_1,12,3,2,0.0030133575201034,0.5752789908243964,12,184,1,False
qwen3_8b,test,24671324,generation_2,12,3,4,0.0068954308517277,0.45317468035500497,12,157,1,False
qwen3_8b,test,24671324,generation_3,12,3,4,0.0024936303962022,0.4262111375768048,12,279,1,False
qwen3_8b,test,24717468,generation_1,5,1,1,0.001415254548192,0.608350059762597,5,152,0,False
qwen3_8b,test,24717468,generation_2,5,1,0,0.0094799706712365,0.7869255604222417,5,270,0,True
qwen3_8b,test,24717468,generation_3,5,1,0,0.0083024352788925,0.7857146352529526,5,188,0,True
qwen3_8b,test,24739405,generation_1,6,1,0,0.0485228784382343,0.7463259877016147,6,192,0,True
qwen3_8b,test,24739405,generation_2,6,1,0,0.0233849622309207,0.8026606893787781,6,185,0,True
qwen3_8b,test,24739405,generation_3,6,1,1,0.0372717194259166,0.6346800979226827,6,167,0,False
qwen3_8b,test,24840785,generation_1,8,0,1,0.0064901942387223,0.7561293273465708,8,267,0,False
qwen3_8b,test,24840785,generation_2,8,0,2,0.0041730906814336,0.7327163489535451,8,225,0,False
qwen3_8b,test,24840785,generation_3,8,0,3,0.0022032125853002,0.599595759762451,8,276,0,False
qwen3_8b,test,2491010,generation_1,1,0,1,0.2351846098899841,0.2351846098899841,1,160,0,False
qwen3_8b,test,2491010,generation_2,1,0,1,0.0083345081657171,0.0083345081657171,1,235,0,False
qwen3_8b,test,2491010,generation_3,1,0,1,0.028405986726284,0.028405986726284,1,156,0,False
qwen3_8b,test,25006961,generation_1,12,0,10,0.0006891697412356,0.26044217734791647,12,231,1,False
qwen3_8b,test,25006961,generation_2,12,0,8,0.0012424646411091,0.3118734589661471,12,250,1,False
qwen3_8b,test,25006961,generation_3,12,0,9,0.0002787141129374,0.2968198611755118,12,225,1,False
qwen3_8b,test,25277705,generation_1,45,0,41,0.0002193711261497,0.09340705702812147,45,307,2,False
qwen3_8b,test,25277705,generation_2,45,0,40,0.0001913873129524,0.13626019285519655,45,351,2,False
qwen3_8b,test,25277705,generation_3,45,0,40,0.0002213207626482,0.11319038069858729,45,300,2,False
qwen3_8b,test,25874935,generation_1,10,0,8,0.0001797732838895,0.19003295569273174,10,299,1,False
qwen3_8b,test,25874935,generation_2,10,0,9,0.0002876079815905,0.15256098975951313,10,218,1,False
qwen3_8b,test,25874935,generation_3,10,0,9,0.0001830046676332,0.14922501944092798,10,248,1,False
qwen3_8b,test,26110643,generation_1,23,0,9,0.0001915735629154,0.6093470076302765,23,267,2,False
qwen3_8b,test,26110643,generation_2,23,0,9,0.0003498602600302,0.6114655625791309,23,273,2,False
qwen3_8b,test,26110643,generation_3,23,0,9,0.0002003303088713,0.6080811170844675,23,246,2,False
qwen3_8b,test,26449539,generation_1,41,0,30,0.0001746903435559,0.28585166142537916,41,253,2,False
qwen3_8b,test,26449539,generation_2,41,0,25,0.0001797307631932,0.35257194276292886,41,265,2,False
qwen3_8b,test,26449539,generation_3,41,0,30,0.0001828562235459,0.26714167939555805,41,264,2,False
qwen3_8b,test,26615423,generation_1,6,0,4,0.004929962567985,0.3344578989005336,6,189,0,False
qwen3_8b,test,26615423,generation_2,6,0,2,0.0123599832877516,0.6349407439120114,6,146,0,False
qwen3_8b,test,26615423,generation_3,6,0,4,0.0059704002924263,0.3443678717594594,6,182,0,False
qwen3_8b,test,26847345,generation_1,11,0,7,0.001550109591335,0.3673525106542828,11,185,1,False
qwen3_8b,test,26847345,generation_2,11,0,7,0.0088200373575091,0.398934170349755,11,151,1,False
qwen3_8b,test,26847345,generation_3,11,0,5,0.0223955437541008,0.6150119423188947,11,201,1,False
qwen3_8b,test,26900322,generation_1,5,0,2,0.0046213422901928,0.600420921575278,5,134,0,False
qwen3_8b,test,26900322,generation_2,5,0,2,0.0044328854419291,0.6021463015116751,5,173,0,False
qwen3_8b,test,26900322,generation_3,5,0,2,0.0043343883007764,0.5994840726256371,5,193,0,False
qwen3_8b,test,26937641,generation_1,107,0,103,0.0001723201276035,0.03733372918839309,107,224,2,False
qwen3_8b,test,26937641,generation_2,107,0,103,0.0001752064708853,0.03732686602074221,107,184,2,False
qwen3_8b,test,26937641,generation_3,107,0,103,0.0001727188937366,0.03732905818993182,107,278,2,False
qwen3_8b,test,26991973,generation_1,4,1,3,0.0081146704033017,0.2611666375305503,4,179,0,False
qwen3_8b,test,26991973,generation_2,4,1,3,0.0008085638983175,0.01990433523315,4,170,0,False
qwen3_8b,test,26991973,generation_3,4,1,3,0.0073305983096361,0.16114959120750422,4,169,0,False
qwen3_8b,test,27384305,generation_1,11,0,7,0.0002160484582418,0.4138478623314189,11,245,1,False
qwen3_8b,test,27384305,generation_2,11,0,4,0.0006790984771214,0.6236020317883231,11,312,1,False
qwen3_8b,test,27384305,generation_3,11,0,5,0.0006471012020483,0.5210279616294429,11,292,1,False
qwen3_8b,test,27464336,generation_1,14,0,5,0.0139912012964487,0.5147653071741972,14,234,2,False
qwen3_8b,test,27464336,generation_2,14,0,5,0.0035124977584928,0.6595204214266103,14,225,2,False
qwen3_8b,test,27464336,generation_3,14,0,11,0.0035363549832254,0.22996954491827634,14,222,2,False
qwen3_8b,test,27798239,generation_1,15,0,3,0.0709068104624748,0.7638130560517311,15,229,2,False
qwen3_8b,test,27798239,generation_2,15,0,3,0.0136231807991862,0.8130597829818725,15,230,2,False
qwen3_8b,test,27798239,generation_3,15,0,4,0.0066475416533648,0.7284790367819369,15,227,2,False
qwen3_8b,test,27959387,generation_1,31,0,12,0.0005344931269064,0.5785680114884951,31,244,2,False
qwen3_8b,test,27959387,generation_2,31,0,21,0.000220079862629,0.35775295648894706,31,233,2,False
qwen3_8b,test,27959387,generation_3,31,0,19,0.0002016018552239,0.3736705136637488,31,315,2,False
qwen3_8b,test,27993978,generation_1,5,0,3,0.0002608009090181,0.27049723511445334,5,149,0,False
qwen3_8b,test,27993978,generation_2,5,0,3,0.0002848466101568,0.4176487674412782,5,220,0,False
qwen3_8b,test,27993978,generation_3,5,0,1,0.00379020255059,0.7702007656916976,5,174,0,False
qwen3_8b,test,28068934,generation_1,4,0,0,0.9481263160705566,0.9747593700885773,4,116,0,True
qwen3_8b,test,28068934,generation_2,4,0,0,0.9923937320709229,0.9937417358160019,4,237,0,True
qwen3_8b,test,28068934,generation_3,4,0,0,0.9420168399810792,0.9735693037509918,4,163,0,True
qwen3_8b,test,28481876,generation_1,8,1,2,0.0003471767995506,0.6258729965702514,8,220,0,False
qwen3_8b,test,28481876,generation_2,8,1,2,0.0005518905236385,0.6294664445595117,8,232,0,False
qwen3_8b,test,28481876,generation_3,8,1,1,0.0013522743247449,0.7925039224210195,8,246,0,False
qwen3_8b,test,28684635,generation_1,8,0,2,0.0071017048321664,0.6670567851397209,8,173,0,False
qwen3_8b,test,28684635,generation_2,8,0,4,0.0004643622087314,0.5326172694476554,8,206,0,False
qwen3_8b,test,28684635,generation_3,8,0,3,0.0029634668026119,0.6195444152399432,8,247,0,False
qwen3_8b,test,28846666,generation_1,43,0,17,0.0002156944538,0.6121069094596625,43,286,2,False
qwen3_8b,test,28846666,generation_2,43,0,15,0.0001981267851078,0.6325954856174364,43,272,2,False
qwen3_8b,test,28846666,generation_3,43,0,17,0.0002002164983423,0.5859939334474147,43,266,2,False
qwen3_8b,test,8829135,generation_1,12,4,3,0.0011523958528414,0.4295887491995624,12,222,1,False
qwen3_8b,test,8829135,generation_2,12,4,1,0.0005428977892734,0.5753223593783331,12,197,1,True
qwen3_8b,test,8829135,generation_3,12,4,0,0.0153676718473434,0.6507919325958937,12,225,1,True
qwen3_8b,test,9672936,generation_1,2,0,1,0.0082917865365743,0.4977797297760843,2,145,0,False
qwen3_8b,test,9672936,generation_2,2,0,1,0.0085545731708407,0.498238769825548,2,168,0,False
qwen3_8b,test,9672936,generation_3,2,0,1,0.0062546883709728,0.4975101428572088,2,268,0,False
qwen3_8b,train,10491763,generation_1,3,0,0,0.9511496424674988,0.9766359726587931,3,196,0,True
qwen3_8b,train,10491763,generation_2,3,0,0,0.937836527824402,0.973194936911265,3,175,0,True
qwen3_8b,train,10491763,generation_3,3,0,0,0.9186764359474182,0.9642954667409261,3,164,0,True
qwen3_8b,train,10661407,generation_1,1,1,0,0.1150298044085502,0.1150298044085502,1,158,0,True
qwen3_8b,train,10661407,generation_2,1,1,0,0.0267059486359357,0.0267059486359357,1,135,0,True
qwen3_8b,train,10661407,generation_3,1,1,0,0.0425883010029792,0.0425883010029792,1,122,0,True
qwen3_8b,train,10788334,generation_1,8,0,3,0.0055371364578604,0.6185875051887706,8,289,0,False
qwen3_8b,train,10788334,generation_2,8,0,3,0.0066051944158971,0.6232044554199092,8,194,0,False
qwen3_8b,train,10788334,generation_3,8,0,1,0.0133350938558578,0.8319478388875723,8,199,0,False
qwen3_8b,train,11009181,generation_1,4,0,0,0.9704684615135192,0.9807225912809372,4,146,0,True
qwen3_8b,train,11009181,generation_2,4,0,0,0.9764176607131958,0.9822350293397902,4,156,0,True
qwen3_8b,train,11009181,generation_3,4,0,0,0.9369266629219056,0.9664424955844879,4,159,0,True
qwen3_8b,train,11054569,generation_1,5,0,0,0.9826992750167848,0.9864860057830811,5,135,0,True
qwen3_8b,train,11054569,generation_2,5,0,0,0.9416067600250244,0.9744806289672852,5,146,0,True
qwen3_8b,train,11054569,generation_3,5,0,0,0.5699076652526855,0.8448328852653504,5,140,0,True
qwen3_8b,train,11773892,generation_1,6,0,2,0.0526864789426326,0.6990460647890965,6,281,0,False
qwen3_8b,train,11773892,generation_2,6,0,1,0.2163000255823135,0.8177101040879885,6,236,0,False
qwen3_8b,train,11773892,generation_3,6,0,2,0.0315197557210922,0.640817062308391,6,280,0,False
qwen3_8b,train,12442272,generation_1,2,0,0,0.9701488018035888,0.9817771911621094,2,154,0,True
qwen3_8b,train,12442272,generation_2,2,0,0,0.7572583556175232,0.8764409422874451,2,158,0,True
qwen3_8b,train,12442272,generation_3,2,0,1,0.029131107032299,0.5123943351209163,2,171,0,False
qwen3_8b,train,1353340,generation_1,2,0,1,0.0028892043046653,0.49954118742607534,2,169,0,False
qwen3_8b,train,1353340,generation_2,2,0,1,0.0040582539513707,0.49993637809529895,2,205,0,False
qwen3_8b,train,1353340,generation_3,2,0,1,0.0017476644134148,0.49891713092802087,2,216,0,False
qwen3_8b,train,14722929,generation_1,1,0,0,0.9948933124542236,0.9948933124542236,1,167,0,True
qwen3_8b,train,14722929,generation_2,1,0,0,0.996121108531952,0.996121108531952,1,161,0,True
qwen3_8b,train,14722929,generation_3,1,0,0,0.9963954091072084,0.9963954091072084,1,176,0,True
qwen3_8b,train,15033202,generation_1,1,0,0,0.997538924217224,0.997538924217224,1,145,0,True
qwen3_8b,train,15033202,generation_2,1,0,0,0.9974677562713624,0.9974677562713624,1,145,0,True
qwen3_8b,train,15033202,generation_3,1,0,0,0.9974752068519592,0.9974752068519592,1,154,0,True
qwen3_8b,train,15042318,generation_1,5,0,3,0.0015007961774244,0.3966886720852926,5,183,0,False
qwen3_8b,train,15042318,generation_2,5,0,3,0.0002536441606935,0.39331176791456524,5,173,0,False
qwen3_8b,train,15042318,generation_3,5,0,3,0.000386834697565,0.3929779465950559,5,217,0,False
qwen3_8b,train,15064320,generation_1,3,0,0,0.989784061908722,0.9938002030054728,3,179,0,True
qwen3_8b,train,15064320,generation_2,3,0,0,0.9877013564109802,0.9929734071095785,3,255,0,True
qwen3_8b,train,15064320,generation_3,3,0,0,0.944784700870514,0.97721399863561,3,226,0,True
qwen3_8b,train,15075188,generation_1,19,0,3,0.0348871797323226,0.8339019425605473,19,251,2,False
qwen3_8b,train,15075188,generation_2,19,0,4,0.0050223795697093,0.8039623492544419,19,215,2,False
qwen3_8b,train,15075188,generation_3,19,0,5,0.0006658310885541,0.6900588833500239,19,213,2,False
qwen3_8b,train,15099351,generation_1,6,0,2,0.0166551973670721,0.669722561724484,6,135,0,False
qwen3_8b,train,15099351,generation_2,6,0,2,0.010558545589447,0.6647408441640437,6,199,0,False
qwen3_8b,train,15099351,generation_3,6,0,3,0.00683832494542,0.5203472874903431,6,216,0,False
qwen3_8b,train,15122708,generation_1,6,0,0,0.9940780401229858,0.9958483080069224,6,203,0,True
qwen3_8b,train,15122708,generation_2,6,0,0,0.9955494403839112,0.9963889122009277,6,226,0,True
qwen3_8b,train,15122708,generation_3,6,0,0,0.9931188821792604,0.9946306844552358,6,164,0,True
qwen3_8b,train,15122711,generation_1,9,0,1,0.0148147484287619,0.8547883446638783,9,162,1,True
qwen3_8b,train,15122711,generation_2,9,0,0,0.5441515445709229,0.9390117658509148,9,237,1,True
qwen3_8b,train,15122711,generation_3,9,0,0,0.8691571950912476,0.9806527892748514,9,226,1,True
qwen3_8b,train,15145918,generation_1,16,0,3,0.0159675795584917,0.8137222883524373,16,233,2,False
qwen3_8b,train,15145918,generation_2,16,0,4,0.0136308064684271,0.7283509660628624,16,255,2,False
qwen3_8b,train,15145918,generation_3,16,0,5,0.0223567485809326,0.71223452873528,16,263,2,False
qwen3_8b,train,15177686,generation_1,1,0,1,0.0003165105299558,0.0003165105299558,1,163,0,False
qwen3_8b,train,15177686,generation_2,1,0,1,0.0002217632863903,0.0002217632863903,1,167,0,False
qwen3_8b,train,15177686,generation_3,1,0,1,0.0002041067782556,0.0002041067782556,1,195,0,False
qwen3_8b,train,15184369,generation_1,4,0,2,0.0090239457786083,0.46207904536277056,4,161,0,False
qwen3_8b,train,15184369,generation_2,4,0,3,0.0084702121093869,0.258877282962203,4,177,0,False
qwen3_8b,train,15184369,generation_3,4,0,3,0.0014973218785598,0.24778453950420948,4,144,0,False
qwen3_8b,train,15188772,generation_1,4,0,1,0.0153726944699883,0.7374355199281126,4,160,0,False
qwen3_8b,train,15188772,generation_2,4,0,1,0.0703902319073677,0.7530784625560045,4,247,0,False
qwen3_8b,train,15188772,generation_3,4,0,2,0.0321545600891113,0.5180199164897203,4,154,0,False
qwen3_8b,train,15191352,generation_1,6,0,1,0.3914001882076263,0.8929492980241776,6,199,0,False
qwen3_8b,train,15191352,generation_2,6,0,2,0.0009923054603859,0.7131829373344468,6,141,0,False
qwen3_8b,train,15191352,generation_3,6,0,1,0.0021066605113446,0.7960956285241991,6,172,0,False
qwen3_8b,train,15198485,generation_1,4,0,0,0.9689745306968688,0.9862953871488571,4,153,0,True
qwen3_8b,train,15198485,generation_2,4,0,0,0.9636817574501038,0.9845152795314789,4,227,0,True
qwen3_8b,train,15198485,generation_3,4,0,0,0.95717191696167,0.9827130138874055,4,172,0,True
qwen3_8b,train,15200408,generation_1,6,0,0,0.9932976365089417,0.9948646624883016,6,162,0,True
qwen3_8b,train,15200408,generation_2,6,0,0,0.9874665141105652,0.993291954199473,6,241,0,True
qwen3_8b,train,15200408,generation_3,6,0,0,0.981995701789856,0.9931665857632955,6,182,0,True
qwen3_8b,train,15241482,generation_1,2,0,0,0.9930511713027954,0.9953059554100037,2,152,0,True
qwen3_8b,train,15241482,generation_2,2,0,0,0.9936187267303468,0.9957410991191864,2,187,0,True
qwen3_8b,train,15241482,generation_3,2,0,0,0.9934705495834352,0.9947032928466798,2,208,0,True
qwen3_8b,train,15266215,generation_1,6,1,1,0.0713427066802978,0.7001551886399587,6,223,0,False
qwen3_8b,train,15266215,generation_2,6,1,1,0.0023659246508032,0.6653860044122363,6,191,0,False
qwen3_8b,train,15266215,generation_3,6,1,1,0.0444205291569232,0.677277872338891,6,246,0,False
qwen3_8b,train,15278670,generation_1,8,0,4,0.0050897733308374,0.4299834272242151,8,190,0,False
qwen3_8b,train,15278670,generation_2,8,0,4,0.0029674666002392,0.5396440992481075,8,246,0,False
qwen3_8b,train,15278670,generation_3,8,0,6,0.0005657488945871,0.3317557406553533,8,165,0,False
qwen3_8b,train,15459183,generation_1,6,0,1,0.0132209109142422,0.8295286802264551,6,173,0,False
qwen3_8b,train,15459183,generation_2,6,0,1,0.0264727156609296,0.8327976611132423,6,195,0,False
qwen3_8b,train,15459183,generation_3,6,0,1,0.2035633474588394,0.8528361842036247,6,176,0,False
qwen3_8b,train,15523499,generation_1,12,0,6,0.000639951787889,0.501442066549013,12,185,1,False
qwen3_8b,train,15523499,generation_2,12,0,6,0.0017947006272152,0.5011472358989219,12,126,1,False
qwen3_8b,train,15523499,generation_3,12,0,9,0.0003252475871704,0.25754103172221215,12,179,1,False
qwen3_8b,train,15599941,generation_1,4,0,0,0.991664707660675,0.9946783185005188,4,146,0,True
qwen3_8b,train,15599941,generation_2,4,0,0,0.9912739396095276,0.9942550361156464,4,134,0,True
qwen3_8b,train,15599941,generation_3,4,0,0,0.9806389212608336,0.9918933510780333,4,216,0,True
qwen3_8b,train,15602202,generation_1,4,0,0,0.8496493101119995,0.9393944144248962,4,175,0,True
qwen3_8b,train,15602202,generation_2,4,0,1,0.1167294681072235,0.764698751270771,4,190,0,False
qwen3_8b,train,15602202,generation_3,4,0,0,0.8999189734458923,0.9609354734420776,4,207,0,True
qwen3_8b,train,15609295,generation_1,8,3,0,0.8920380473136902,0.9731303304433823,8,248,0,True
qwen3_8b,train,15609295,generation_2,8,3,1,0.0003101905749645,0.6586745605018223,8,219,0,False
qwen3_8b,train,15609295,generation_3,8,3,0,0.0010007064556702,0.7564867348846747,8,224,0,True
qwen3_8b,train,15614572,generation_1,15,0,1,0.0413818210363388,0.9088393876949946,15,204,2,True
qwen3_8b,train,15614572,generation_2,15,0,2,0.0398437902331352,0.8548480813701947,15,241,2,True
qwen3_8b,train,15614572,generation_3,15,0,1,0.0529766306281089,0.9196454659104347,15,276,2,True
qwen3_8b,train,15623763,generation_1,11,0,4,0.0042750085704028,0.6336999149908397,11,197,1,False
qwen3_8b,train,15623763,generation_2,11,0,2,0.0801130458712577,0.7488532201810316,11,274,1,False
qwen3_8b,train,15623763,generation_3,11,0,2,0.0024950443767011,0.8131808977658775,11,225,1,False
qwen3_8b,train,15630069,generation_1,17,3,4,0.0002775018219836,0.5983091127589646,17,250,2,False
qwen3_8b,train,15630069,generation_2,17,3,4,0.0002797779743559,0.6103286094525281,17,282,2,False
qwen3_8b,train,15630069,generation_3,17,3,7,0.0002643716579768,0.4040911078918725,17,251,2,False
qwen3_8b,train,15649253,generation_1,4,0,0,0.7464121580123901,0.9321175366640091,4,161,0,True
qwen3_8b,train,15649253,generation_2,4,0,2,0.0057778107002377,0.4878954922314732,4,172,0,False
qwen3_8b,train,15649253,generation_3,4,0,2,0.2143994569778442,0.6392490640282631,4,132,0,False
qwen3_8b,train,15686794,generation_1,3,0,0,0.661812424659729,0.8550770084063212,3,289,0,True
qwen3_8b,train,15686794,generation_2,3,0,0,0.9026861190795898,0.9547938505808512,3,170,0,True
qwen3_8b,train,15686794,generation_3,3,0,1,0.3928635716438293,0.7845308780670166,3,303,0,False
qwen3_8b,train,15748645,generation_1,3,0,1,0.0377215258777141,0.6258773443599542,3,151,0,False
qwen3_8b,train,15748645,generation_2,3,0,3,0.0117358434945344,0.13060927453140414,3,164,0,False
qwen3_8b,train,15748645,generation_3,3,0,2,0.0105860596522688,0.28664698296537,3,178,0,False
qwen3_8b,train,15749661,generation_1,14,0,1,0.0044959033839404,0.9023597782943398,14,268,2,True
qwen3_8b,train,15749661,generation_2,14,0,4,0.0008312834543175,0.6872172795410734,14,225,2,False
qwen3_8b,train,15749661,generation_3,14,0,3,0.0002667404769454,0.779575682471789,14,271,2,False
qwen3_8b,train,15755837,generation_1,5,0,0,0.9788432121276855,0.9847769856452941,5,224,0,True
qwen3_8b,train,15755837,generation_2,5,0,1,0.3592008650302887,0.8626026690006257,5,158,0,False
qwen3_8b,train,15755837,generation_3,5,0,0,0.9663385152816772,0.9821710109710693,5,190,0,True
qwen3_8b,train,15770495,generation_1,8,0,0,0.8619973063468933,0.973073422908783,8,151,0,True
qwen3_8b,train,15770495,generation_2,8,0,5,0.0606996566057205,0.388203052803874,8,136,0,False
qwen3_8b,train,15770495,generation_3,8,0,5,0.0353072807192802,0.4626118624582886,8,160,0,False
qwen3_8b,train,15807692,generation_1,1,0,0,0.991051435470581,0.991051435470581,1,161,0,True
qwen3_8b,train,15807692,generation_2,1,0,0,0.993777632713318,0.993777632713318,1,201,0,True
qwen3_8b,train,15807692,generation_3,1,0,0,0.9935182929039,0.9935182929039,1,134,0,True
qwen3_8b,train,15814629,generation_1,4,0,0,0.9924363493919371,0.9931789040565491,4,160,0,True
qwen3_8b,train,15814629,generation_2,4,0,0,0.920869767665863,0.9746493697166443,4,136,0,True
qwen3_8b,train,15814629,generation_3,4,0,0,0.9946314096450806,0.9953433871269225,4,237,0,True
qwen3_8b,train,15817013,generation_1,3,0,2,0.0214548241347074,0.35083990606168897,3,206,0,False
qwen3_8b,train,15817013,generation_2,3,0,3,0.0087657747790217,0.07284928206354377,3,161,0,False
qwen3_8b,train,15817013,generation_3,3,0,2,0.007094862870872,0.30591661265740794,3,280,0,False
qwen3_8b,train,15851735,generation_1,2,0,0,0.979170560836792,0.9880040287971497,2,192,0,True
qwen3_8b,train,15851735,generation_2,2,0,0,0.979911744594574,0.9886131882667542,2,147,0,True
qwen3_8b,train,15851735,generation_3,2,0,0,0.9771578311920166,0.9867883324623108,2,160,0,True
qwen3_8b,train,15858223,generation_1,9,0,7,0.0028883006889373,0.24762186863356161,9,244,1,False
qwen3_8b,train,15858223,generation_2,9,0,7,0.0015648578992113,0.2954245388326752,9,242,1,False
qwen3_8b,train,15858223,generation_3,9,0,7,0.003734586527571,0.2564799802946961,9,230,1,False
qwen3_8b,train,15859361,generation_1,9,2,1,0.0006850756471976,0.6373763172240514,9,240,1,True
qwen3_8b,train,15859361,generation_2,9,2,2,0.0005939538241364,0.5556821844915653,9,175,1,False
qwen3_8b,train,15859361,generation_3,9,2,1,0.0002955110394395,0.655551058828779,9,164,1,True
qwen3_8b,train,15893386,generation_1,1,0,0,0.9820652604103088,0.9820652604103088,1,241,0,True
qwen3_8b,train,15893386,generation_2,1,0,0,0.9807631969451904,0.9807631969451904,1,233,0,True
qwen3_8b,train,15893386,generation_3,1,0,0,0.9810404181480408,0.9810404181480408,1,254,0,True
qwen3_8b,train,15897593,generation_1,23,2,0,0.0003749503521248,0.8974455543161046,23,294,2,True
qwen3_8b,train,15897593,generation_2,23,2,0,0.0002682773629203,0.8855174491207277,23,281,2,True
qwen3_8b,train,15897593,generation_3,23,2,0,0.0003144122019875,0.8938480832464689,23,246,2,True
qwen3_8b,train,15957009,generation_1,12,0,5,0.0396880619227886,0.6172932373980681,12,262,1,False
qwen3_8b,train,15957009,generation_2,12,0,6,0.0143700595945119,0.5308020886344215,12,229,1,False
qwen3_8b,train,15957009,generation_3,12,0,4,0.0075163091532886,0.6616615102393553,12,234,1,False
qwen3_8b,train,15970799,generation_1,13,0,0,0.9840826392173768,0.9934367399949294,13,218,2,True
qwen3_8b,train,15970799,generation_2,13,0,0,0.9727852940559388,0.9919567750050471,13,247,2,True
qwen3_8b,train,15970799,generation_3,13,0,1,0.4269223213195801,0.9430201237018292,13,181,2,True
qwen3_8b,train,15983230,generation_1,14,0,0,0.6385809779167175,0.9585019094603402,14,208,2,True
qwen3_8b,train,15983230,generation_2,14,0,2,0.0001926054537761,0.8706659094916956,14,258,2,True
qwen3_8b,train,15983230,generation_3,14,0,2,0.1145403534173965,0.8875956269247192,14,259,2,True
qwen3_8b,train,16001362,generation_1,4,0,0,0.9924252033233644,0.9949734061956406,4,167,0,True
qwen3_8b,train,16001362,generation_2,4,0,2,0.011490436270833,0.6207496230490506,4,218,0,False
qwen3_8b,train,16001362,generation_3,4,0,1,0.1202376782894134,0.7503921017050743,4,190,0,False
qwen3_8b,train,16005363,generation_1,1,0,0,0.995712161064148,0.995712161064148,1,155,0,True
qwen3_8b,train,16005363,generation_2,1,0,0,0.9961554408073424,0.9961554408073424,1,136,0,True
qwen3_8b,train,16005363,generation_3,1,0,0,0.9929929971694946,0.9929929971694946,1,215,0,True
qwen3_8b,train,16120104,generation_1,1,0,0,0.9925049543380736,0.9925049543380736,1,167,0,True
qwen3_8b,train,16120104,generation_2,1,0,0,0.9934707880020142,0.9934707880020142,1,174,0,True
qwen3_8b,train,16120104,generation_3,1,0,0,0.9942856431007384,0.9942856431007384,1,143,0,True
qwen3_8b,train,16157158,generation_1,2,0,0,0.9893752336502076,0.9918521344661713,2,161,0,True
qwen3_8b,train,16157158,generation_2,2,0,0,0.988467276096344,0.9915979504585266,2,159,0,True
qwen3_8b,train,16157158,generation_3,2,0,0,0.9908114671707152,0.9928126335144042,2,215,0,True
qwen3_8b,train,16158428,generation_1,3,0,0,0.9958336353302002,0.996616780757904,3,149,0,True
qwen3_8b,train,16158428,generation_2,3,0,0,0.9960387945175172,0.9966938694318136,3,164,0,True
qwen3_8b,train,16158428,generation_3,3,0,0,0.9961451292037964,0.9967332681020101,3,148,0,True
qwen3_8b,train,16160878,generation_1,7,0,2,0.0026964980643242,0.6961276785004884,7,152,0,False
qwen3_8b,train,16160878,generation_2,7,0,1,0.0542359948158264,0.7952503561973572,7,170,0,False
qwen3_8b,train,16160878,generation_3,7,0,1,0.2397903949022293,0.8235483786889485,7,155,0,False
qwen3_8b,train,16167916,generation_1,7,0,2,0.0242382194846868,0.7016551648931844,7,162,0,False
qwen3_8b,train,16167916,generation_2,7,0,4,0.0004559176450129,0.434158213349292,7,191,0,False
qwen3_8b,train,16167916,generation_3,7,0,4,0.0007746503106318,0.4832976597411159,7,155,0,False
qwen3_8b,train,16200390,generation_1,1,0,1,0.3979169428348541,0.3979169428348541,1,162,0,False
qwen3_8b,train,16200390,generation_2,1,0,0,0.5337216854095459,0.5337216854095459,1,141,0,True
qwen3_8b,train,16200390,generation_3,1,0,0,0.8753225207328796,0.8753225207328796,1,161,0,True
qwen3_8b,train,16288197,generation_1,10,0,2,0.0169436261057853,0.7974040204659104,10,175,1,False
qwen3_8b,train,16288197,generation_2,10,0,0,0.9738485813140868,0.9939790010452271,10,212,1,True
qwen3_8b,train,16288197,generation_3,10,0,1,0.0452597178518772,0.8935933772474527,10,235,1,True
qwen3_8b,train,16288199,generation_1,4,0,0,0.8572791218757629,0.9500716030597687,4,201,0,True
qwen3_8b,train,16288199,generation_2,4,0,0,0.9923264980316162,0.9927299171686172,4,177,0,True
qwen3_8b,train,16288199,generation_3,4,0,0,0.9891197681427002,0.9911628663539886,4,205,0,True
qwen3_8b,train,16309808,generation_1,7,1,2,0.0031261083204299,0.5089180428601269,7,256,0,False
qwen3_8b,train,16309808,generation_2,7,1,5,0.0046446737833321,0.23222840983154516,7,225,0,False
qwen3_8b,train,16309808,generation_3,7,1,2,0.0132839204743504,0.5638459938179169,7,227,0,False
qwen3_8b,train,16321363,generation_1,3,0,0,0.7370511293411255,0.8958959182103475,3,197,0,True
qwen3_8b,train,16321363,generation_2,3,0,0,0.7830631136894226,0.9088850418726603,3,154,0,True
qwen3_8b,train,16321363,generation_3,3,0,1,0.3346383273601532,0.7751701573530833,3,174,0,False
qwen3_8b,train,16364460,generation_1,5,0,1,0.04496655985713,0.7877959690988063,5,169,0,False
qwen3_8b,train,16364460,generation_2,5,0,1,0.1326107531785965,0.8120416671037674,5,173,0,False
qwen3_8b,train,16364460,generation_3,5,0,1,0.0971362814307212,0.8062988564372062,5,200,0,False
qwen3_8b,train,16369751,generation_1,12,1,7,0.0010852421401068,0.34412212018893723,12,208,1,False
qwen3_8b,train,16369751,generation_2,12,1,6,0.0112975304946303,0.4278997697401792,12,227,1,False
qwen3_8b,train,16369751,generation_3,12,1,4,0.0077294395305216,0.5806767628916228,12,189,1,False
qwen3_8b,train,16391785,generation_1,7,0,3,0.0003791513445321,0.5284832560615281,7,216,0,False
qwen3_8b,train,16391785,generation_2,7,0,3,0.0010524131357669,0.5605059744058443,7,236,0,False
qwen3_8b,train,16391785,generation_3,7,0,5,0.0012639883207157,0.29149360495752513,7,204,0,False
qwen3_8b,train,16410744,generation_1,5,0,2,0.0325595326721668,0.6730312205851078,5,160,0,False
qwen3_8b,train,16410744,generation_2,5,0,1,0.0459613129496574,0.7357369408011436,5,162,0,False
qwen3_8b,train,16410744,generation_3,5,0,2,0.0740608870983123,0.6346072256565094,5,149,0,False
qwen3_8b,train,16412238,generation_1,5,0,2,0.0128642152994871,0.619987003132701,5,154,0,False
qwen3_8b,train,16412238,generation_2,5,0,1,0.0187884289771318,0.7980140272527934,5,182,0,False
qwen3_8b,train,16412238,generation_3,5,0,2,0.0198967214673757,0.6985774587839841,5,159,0,False
qwen3_8b,train,16418600,generation_1,1,0,0,0.9959279894828796,0.9959279894828796,1,110,0,True
qwen3_8b,train,16418600,generation_2,1,0,0,0.988952100276947,0.988952100276947,1,150,0,True
qwen3_8b,train,16418600,generation_3,1,0,0,0.9972123503684998,0.9972123503684998,1,178,0,True
qwen3_8b,train,16506214,generation_1,9,1,1,0.0059483330696821,0.8117854460659955,9,208,1,True
qwen3_8b,train,16506214,generation_2,9,1,1,0.0047912346199154,0.8633014730488261,9,227,1,True
qwen3_8b,train,16506214,generation_3,9,1,1,0.0172383598983287,0.877620853897598,9,185,1,True
qwen3_8b,train,16541406,generation_1,2,0,0,0.9947437047958374,0.9948582649230957,2,147,0,True
qwen3_8b,train,16541406,generation_2,2,0,0,0.9948099851608276,0.9951332211494446,2,219,0,True
qwen3_8b,train,16541406,generation_3,2,0,0,0.9940489530563354,0.9943833649158478,2,159,0,True
qwen3_8b,train,16543197,generation_1,6,0,0,0.9629379510879515,0.9885037243366241,6,140,0,True
qwen3_8b,train,16543197,generation_2,6,0,0,0.9928798079490662,0.9952621757984161,6,146,0,True
qwen3_8b,train,16543197,generation_3,6,0,0,0.9735548496246338,0.990736186504364,6,187,0,True
qwen3_8b,train,16574712,generation_1,2,0,2,0.0079689053818583,0.010570452082902151,2,202,0,False
qwen3_8b,train,16574712,generation_2,2,0,2,0.0207172259688377,0.030532531440258,2,168,0,False
qwen3_8b,train,16574712,generation_3,2,0,2,0.0013571215094998,0.00344356970163055,2,150,0,False
qwen3_8b,train,16574713,generation_1,6,0,1,0.1174759715795517,0.8412506754199663,6,176,0,False
qwen3_8b,train,16574713,generation_2,6,0,0,0.6006821393966675,0.922684371471405,6,178,0,True
qwen3_8b,train,16574713,generation_3,6,0,1,0.434710144996643,0.8825880090395609,6,158,0,False
qwen3_8b,train,16575011,generation_1,8,2,0,0.0017759188776835,0.751799586971174,8,234,0,True
qwen3_8b,train,16575011,generation_2,8,2,1,0.0777167454361915,0.706278589554131,8,187,0,False
qwen3_8b,train,16575011,generation_3,8,2,0,0.0783922225236892,0.8156970459967852,8,186,0,True
qwen3_8b,train,16584858,generation_1,41,0,0,0.7846307158470154,0.9839085689405116,41,313,2,True
qwen3_8b,train,16584858,generation_2,41,0,2,0.290867418050766,0.9541370476164469,41,249,2,True
qwen3_8b,train,16584858,generation_3,41,0,5,0.0012222089571878,0.8823317603929332,41,279,2,False
qwen3_8b,train,16586083,generation_1,7,0,0,0.8809086680412292,0.9627511756760734,7,271,0,True
qwen3_8b,train,16586083,generation_2,7,0,0,0.9619182348251344,0.9789774588176182,7,202,0,True
qwen3_8b,train,16586083,generation_3,7,0,0,0.9751836657524108,0.9829712510108948,7,241,0,True
qwen3_8b,train,16596970,generation_1,3,0,0,0.9795061349868774,0.9802475770314535,3,165,0,True
qwen3_8b,train,16596970,generation_2,3,0,0,0.9807416796684264,0.9818793137868246,3,186,0,True
qwen3_8b,train,16596970,generation_3,3,0,0,0.9789063930511476,0.98039710521698,3,203,0,True
qwen3_8b,train,16634859,generation_1,1,0,0,0.9805456399917604,0.9805456399917604,1,158,0,True
qwen3_8b,train,16634859,generation_2,1,0,0,0.9337744116783142,0.9337744116783142,1,173,0,True
qwen3_8b,train,16634859,generation_3,1,0,0,0.977957546710968,0.977957546710968,1,187,0,True
qwen3_8b,train,16720068,generation_1,39,1,19,0.0013580983504652,0.5019365742725009,39,300,2,False
qwen3_8b,train,16720068,generation_2,39,1,26,0.0004197474918328,0.29557251887849695,39,294,2,False
qwen3_8b,train,16720068,generation_3,39,1,29,0.0007720616995356,0.24114397820533034,39,247,2,False
qwen3_8b,train,16725121,generation_1,19,0,8,0.0002665792417246,0.5762702153128645,19,287,2,False
qwen3_8b,train,16725121,generation_2,19,0,8,0.0002425679558655,0.5751970925814117,19,298,2,False
qwen3_8b,train,16725121,generation_3,19,0,10,0.0002932237985078,0.514950499779508,19,270,2,False
qwen3_8b,train,16737910,generation_1,2,0,0,0.9947718977928162,0.9958948791027069,2,172,0,True
qwen3_8b,train,16737910,generation_2,2,0,0,0.9903824925422668,0.9934371709823608,2,172,0,True
qwen3_8b,train,16737910,generation_3,2,0,0,0.9916269779205322,0.9943273365497589,2,242,0,True
qwen3_8b,train,16755009,generation_1,9,0,1,0.0110450740903615,0.8756499660925733,9,243,1,True
qwen3_8b,train,16755009,generation_2,9,0,1,0.0019156365888193,0.8707770576002076,9,218,1,True
qwen3_8b,train,16755009,generation_3,9,0,1,0.0168263018131256,0.8739682800239987,9,223,1,True
qwen3_8b,train,16781314,generation_1,3,0,0,0.9954167604446412,0.9967871308326721,3,187,0,True
qwen3_8b,train,16781314,generation_2,3,0,0,0.9949938654899596,0.9963900844256083,3,235,0,True
qwen3_8b,train,16781314,generation_3,3,0,0,0.9944899082183838,0.9965284665425619,3,203,0,True
qwen3_8b,train,16786513,generation_1,7,0,4,0.0047594397328794,0.4338796144750501,7,261,0,False
qwen3_8b,train,16786513,generation_2,7,0,2,0.0064176679588854,0.7111581742896566,7,197,0,False
qwen3_8b,train,16786513,generation_3,7,0,4,0.0035293854307383,0.4344351124351046,7,239,0,False
qwen3_8b,train,16801510,generation_1,5,0,3,0.0062015918083488,0.3895883178338408,5,198,0,False
qwen3_8b,train,16801510,generation_2,5,0,3,0.0057647107169032,0.3832628102973103,5,225,0,False
qwen3_8b,train,16801510,generation_3,5,0,3,0.0062448983080685,0.39861816428601743,5,287,0,False
qwen3_8b,train,16810074,generation_1,12,0,6,0.0075051663443446,0.5070714086759835,12,246,1,False
qwen3_8b,train,16810074,generation_2,12,0,7,0.0032377615571022,0.44450118734190863,12,288,1,False
qwen3_8b,train,16810074,generation_3,12,0,8,0.0013984479010105,0.34638801380060613,12,282,1,False
qwen3_8b,train,16822828,generation_1,1,0,0,0.996307134628296,0.996307134628296,1,185,0,True
qwen3_8b,train,16822828,generation_2,1,0,0,0.99003404378891,0.99003404378891,1,142,0,True
qwen3_8b,train,16822828,generation_3,1,0,0,0.9964693784713744,0.9964693784713744,1,164,0,True
qwen3_8b,train,16843501,generation_1,2,0,0,0.9921532273292542,0.99417644739151,2,150,0,True
qwen3_8b,train,16843501,generation_2,2,0,0,0.9939823746681212,0.9958281517028809,2,173,0,True
qwen3_8b,train,16843501,generation_3,2,0,0,0.9939674139022828,0.9957599937915802,2,132,0,True
qwen3_8b,train,16904497,generation_1,11,0,6,0.0012056544655933,0.4882496640784666,11,270,1,False
qwen3_8b,train,16904497,generation_2,11,0,6,0.0012001227587461,0.46267377570356155,11,267,1,False
qwen3_8b,train,16904497,generation_3,11,0,6,0.0007714857929386,0.46647577824346215,11,229,1,False
qwen3_8b,train,16920333,generation_1,6,3,1,0.0003202060761395,0.3612113375614474,6,144,0,False
qwen3_8b,train,16920333,generation_2,6,3,0,0.0004237516259308,0.5130545956150551,6,131,0,True
qwen3_8b,train,16920333,generation_3,6,3,0,0.0002810687874443,0.4612751702176561,6,202,0,True
qwen3_8b,train,17000021,generation_1,7,0,0,0.6948399543762207,0.9458361864089966,7,168,0,True
qwen3_8b,train,17000021,generation_2,7,0,1,0.0074950503185391,0.845692235045135,7,207,0,False
qwen3_8b,train,17000021,generation_3,7,0,0,0.73328697681427,0.9500264184815543,7,140,0,True
qwen3_8b,train,17003357,generation_1,3,0,0,0.9713733196258544,0.9842466711997986,3,174,0,True
qwen3_8b,train,17003357,generation_2,3,0,0,0.9322386980056764,0.9701998035113016,3,198,0,True
qwen3_8b,train,17003357,generation_3,3,0,0,0.9705788493156432,0.9820396502812704,3,152,0,True
qwen3_8b,train,17006606,generation_1,7,0,2,0.010276005603373,0.6795320129022002,7,209,0,False
qwen3_8b,train,17006606,generation_2,7,0,3,0.0002805523399729,0.6070728813938331,7,199,0,False
qwen3_8b,train,17006606,generation_3,7,0,2,0.3753639459609985,0.8175974317959377,7,224,0,False
qwen3_8b,train,17033686,generation_1,9,0,1,0.1636224091053009,0.9038131866190169,9,194,1,True
qwen3_8b,train,17033686,generation_2,9,0,1,0.3689498603343963,0.9262979527314504,9,210,1,True
qwen3_8b,train,17033686,generation_3,9,0,0,0.8198986649513245,0.9768831531206766,9,196,1,True
qwen3_8b,train,17035713,generation_1,11,0,8,0.0002842337999027,0.2598426243136849,11,185,1,False
qwen3_8b,train,17035713,generation_2,11,0,5,0.0036013931967318,0.5369982687671754,11,282,1,False
qwen3_8b,train,17035713,generation_3,11,0,8,0.0001982119865715,0.27764585516838863,11,155,1,False
qwen3_8b,train,17042910,generation_1,11,0,2,0.0148609410971403,0.7106270695274527,11,255,1,False
qwen3_8b,train,17042910,generation_2,11,0,3,0.0143948793411254,0.7064655900678851,11,233,1,False
qwen3_8b,train,17042910,generation_3,11,0,4,0.0135125061497092,0.6100769619542089,11,244,1,False
qwen3_8b,train,17065198,generation_1,3,0,0,0.9921436309814452,0.9939296841621399,3,138,0,True
qwen3_8b,train,17065198,generation_2,3,0,0,0.975510835647583,0.9871515432993571,3,185,0,True
qwen3_8b,train,17065198,generation_3,3,0,0,0.990218460559845,0.9930097659428915,3,153,0,True
qwen3_8b,train,17074608,generation_1,3,0,0,0.971498429775238,0.9736584623654684,3,146,0,True
qwen3_8b,train,17074608,generation_2,3,0,1,0.0699595287442207,0.5513563379645348,3,155,0,False
qwen3_8b,train,17074608,generation_3,3,0,0,0.9680583477020264,0.9743273854255676,3,159,0,True
qwen3_8b,train,17083016,generation_1,9,3,0,0.7739852070808411,0.9442374110221863,9,210,1,True
qwen3_8b,train,17083016,generation_2,9,3,0,0.8392401933670044,0.9589277969466315,9,242,1,True
qwen3_8b,train,17083016,generation_3,9,3,0,0.8548365831375122,0.964683387014601,9,234,1,True
qwen3_8b,train,1711760,generation_1,1,0,0,0.9772523641586304,0.9772523641586304,1,247,0,True
qwen3_8b,train,1711760,generation_2,1,0,0,0.9804062843322754,0.9804062843322754,1,246,0,True
qwen3_8b,train,1711760,generation_3,1,0,0,0.973793625831604,0.973793625831604,1,270,0,True
qwen3_8b,train,17177139,generation_1,8,0,2,0.0045655742287635,0.7387885064817965,8,188,0,False
qwen3_8b,train,17177139,generation_2,8,0,2,0.004580751992762,0.7113261312479153,8,147,0,False
qwen3_8b,train,17177139,generation_3,8,0,5,0.0121048325672745,0.40194837760645896,8,206,0,False
qwen3_8b,train,17185386,generation_1,3,0,1,0.007182762492448,0.6658079576057693,3,180,0,False
qwen3_8b,train,17185386,generation_2,3,0,1,0.0020419203210622,0.6616362281298885,3,197,0,False
qwen3_8b,train,17185386,generation_3,3,0,1,0.2115940004587173,0.7337103337049484,3,177,0,False
qwen3_8b,train,17192049,generation_1,2,0,0,0.9169105887413024,0.9571069180965424,2,222,0,True
qwen3_8b,train,17192049,generation_2,2,0,1,0.1986455768346786,0.5979250892996788,2,257,0,False
qwen3_8b,train,17192049,generation_3,2,0,0,0.9659900069236756,0.9816678762435914,2,136,0,True
qwen3_8b,train,17194457,generation_1,10,0,3,0.0456972084939479,0.6615833401679992,10,291,1,False
qwen3_8b,train,17194457,generation_2,10,0,4,0.0125565975904464,0.6179673112928867,10,222,1,False
qwen3_8b,train,17194457,generation_3,10,0,5,0.0005739781190641,0.5147950152226258,10,265,1,False
qwen3_8b,train,17221831,generation_1,6,0,1,0.0466919727623462,0.8368320595473051,6,265,0,False
qwen3_8b,train,17221831,generation_2,6,0,1,0.0130220539867877,0.7758518935491642,6,197,0,False
qwen3_8b,train,17221831,generation_3,6,0,1,0.4322273433208465,0.8990085472663244,6,144,0,False
qwen3_8b,train,17244258,generation_1,10,2,3,0.0119737340137362,0.511799437366426,10,253,1,False
qwen3_8b,train,17244258,generation_2,10,2,1,0.00505509134382,0.6630781046114862,10,246,1,True
qwen3_8b,train,17244258,generation_3,10,2,2,0.0168736353516578,0.5592977186664939,10,198,1,False
qwen3_8b,train,17250663,generation_1,2,0,0,0.9804645776748656,0.9874444305896758,2,153,0,True
qwen3_8b,train,17250663,generation_2,2,0,0,0.9805020689964294,0.9880259931087494,2,131,0,True
qwen3_8b,train,17250663,generation_3,2,0,0,0.9810390472412108,0.9883260130882262,2,133,0,True
qwen3_8b,train,17273972,generation_1,2,0,1,0.0017457837238907,0.48260734649375076,2,151,0,False
qwen3_8b,train,17273972,generation_2,2,0,1,0.0039231609553098,0.3459179019555449,2,142,0,False
qwen3_8b,train,17273972,generation_3,2,0,2,0.0031964259687811,0.030372446519322648,2,160,0,False
qwen3_8b,train,17286451,generation_1,2,0,0,0.994851052761078,0.9951502084732056,2,193,0,True
qwen3_8b,train,17286451,generation_2,2,0,0,0.994881272315979,0.9953136742115021,2,140,0,True
qwen3_8b,train,17286451,generation_3,2,0,0,0.9938685297966005,0.993936836719513,2,155,0,True
qwen3_8b,train,17304550,generation_1,6,0,0,0.9903325438499452,0.9942107995351156,6,153,0,True
qwen3_8b,train,17304550,generation_2,6,0,0,0.9881199598312378,0.9954208234945933,6,177,0,True
qwen3_8b,train,17304550,generation_3,6,0,0,0.988011598587036,0.9946272472540537,6,207,0,True
qwen3_8b,train,17318851,generation_1,25,0,10,0.0002096452808473,0.5793890465318691,25,267,2,False
qwen3_8b,train,17318851,generation_2,25,0,10,0.0002135415270458,0.5968472834920976,25,249,2,False
qwen3_8b,train,17318851,generation_3,25,0,10,0.0002572481462266,0.5951817976136227,25,205,2,False
qwen3_8b,train,17327131,generation_1,1,0,0,0.9897654056549072,0.9897654056549072,1,174,0,True
qwen3_8b,train,17327131,generation_2,1,0,0,0.9941686391830444,0.9941686391830444,1,246,0,True
qwen3_8b,train,17327131,generation_3,1,0,0,0.9765923619270324,0.9765923619270324,1,138,0,True
qwen3_8b,train,17344330,generation_1,7,1,1,0.0011077240342274,0.7038553638683099,7,170,0,False
qwen3_8b,train,17344330,generation_2,7,1,1,0.0005210218369029,0.7075418589021345,7,170,0,False
qwen3_8b,train,17344330,generation_3,7,1,1,0.0047694374807178,0.7084559037882302,7,194,0,False
qwen3_8b,train,17351238,generation_1,4,0,1,0.3999785780906677,0.7353246659040451,4,167,0,False
qwen3_8b,train,17351238,generation_2,4,0,2,0.0028661622200161,0.49145849101478234,4,226,0,False
qwen3_8b,train,17351238,generation_3,4,0,1,0.1549907475709915,0.6961395777761936,4,202,0,False
qwen3_8b,train,17379047,generation_1,7,1,2,0.007772802375257,0.5688254492623466,7,234,0,False
qwen3_8b,train,17379047,generation_2,7,1,3,0.0493937358260154,0.5694501900247165,7,151,0,False
qwen3_8b,train,17379047,generation_3,7,1,2,0.014678930863738,0.5362861031400306,7,187,0,False
qwen3_8b,train,17391797,generation_1,5,1,1,0.0006741741672158,0.5723237549886108,5,186,0,False
qwen3_8b,train,17391797,generation_2,5,1,1,0.0003315876820124,0.584327273175586,5,200,0,False
qwen3_8b,train,17391797,generation_3,5,1,1,0.0082477983087301,0.5997517554089427,5,195,0,False
qwen3_8b,train,17439425,generation_1,8,0,4,0.0058843088336288,0.4749133743462152,8,158,0,False
qwen3_8b,train,17439425,generation_2,8,0,3,0.0908347144722938,0.609272520057857,8,213,0,False
qwen3_8b,train,17439425,generation_3,8,0,4,0.0318938009440898,0.4880629326216876,8,201,0,False
qwen3_8b,train,17495183,generation_1,17,0,4,0.0002226397627964,0.780025035930414,17,226,2,False
qwen3_8b,train,17495183,generation_2,17,0,2,0.0002147765189874,0.862580957084634,17,210,2,True
qwen3_8b,train,17495183,generation_3,17,0,7,0.0002003786357818,0.6483505310256185,17,210,2,False
qwen3_8b,train,17572393,generation_1,10,0,4,0.0321069061756134,0.6093758136034012,10,231,1,False
qwen3_8b,train,17572393,generation_2,10,0,4,0.0165755860507488,0.6293456416577101,10,253,1,False
qwen3_8b,train,17572393,generation_3,10,0,3,0.076619952917099,0.6648848563432692,10,235,1,False
qwen3_8b,train,17595233,generation_1,6,0,0,0.9717653393745422,0.9920157094796499,6,197,0,True
qwen3_8b,train,17595233,generation_2,6,0,2,0.0003415954997763,0.6466241860180162,6,213,0,False
qwen3_8b,train,17595233,generation_3,6,0,0,0.9567689895629884,0.9892968535423279,6,183,0,True
qwen3_8b,train,17615423,generation_1,15,3,6,0.0003623284574132,0.427180515860285,15,228,2,False
qwen3_8b,train,17615423,generation_2,15,3,6,0.0004446928796824,0.41323375830931275,15,246,2,False
qwen3_8b,train,17615423,generation_3,15,3,3,0.0002787640551105,0.6024562377637873,15,269,2,False
qwen3_8b,train,17628794,generation_1,2,0,0,0.9945406317710876,0.9960471987724304,2,163,0,True
qwen3_8b,train,17628794,generation_2,2,0,0,0.9851459264755248,0.9909513890743256,2,177,0,True
qwen3_8b,train,17628794,generation_3,2,0,0,0.9936419129371644,0.9951152503490448,2,179,0,True
qwen3_8b,train,17634480,generation_1,6,0,3,0.0169734973460435,0.5115766429031888,6,179,0,False
qwen3_8b,train,17634480,generation_2,6,0,3,0.0089411018416285,0.5201927906212707,6,227,0,False
qwen3_8b,train,17634480,generation_3,6,0,3,0.0256547480821609,0.5280366061876217,6,206,0,False
qwen3_8b,train,17639754,generation_1,3,0,0,0.9478552341461182,0.9621011217435201,3,144,0,True
qwen3_8b,train,17639754,generation_2,3,0,0,0.9590404629707336,0.9654827117919922,3,144,0,True
qwen3_8b,train,17639754,generation_3,3,0,0,0.957693874835968,0.968655506769816,3,198,0,True
qwen3_8b,train,17683901,generation_1,2,0,1,0.004789070226252,0.5006906469352543,2,223,0,False
qwen3_8b,train,17683901,generation_2,2,0,1,0.2708791196346283,0.6337098032236099,2,121,0,False
qwen3_8b,train,17683901,generation_3,2,0,1,0.0055892537347972,0.5011529063340275,2,139,0,False
qwen3_8b,train,17854040,generation_1,2,0,1,0.2019999623298645,0.5885109901428223,2,235,0,False
qwen3_8b,train,17854040,generation_2,2,0,1,0.0089081367477774,0.49887328548356885,2,162,0,False
qwen3_8b,train,17854040,generation_3,2,0,1,0.4386085569858551,0.713450476527214,2,181,0,False
qwen3_8b,train,17877751,generation_1,5,0,0,0.9672553539276124,0.9882667422294616,5,233,0,True
qwen3_8b,train,17877751,generation_2,5,0,0,0.9633020758628844,0.986605191230774,5,224,0,True
qwen3_8b,train,17877751,generation_3,5,0,2,0.0608731806278228,0.6746588587760926,5,173,0,False
qwen3_8b,train,17910065,generation_1,3,0,1,0.0076087820343673,0.6663583751457433,3,178,0,False
qwen3_8b,train,17910065,generation_2,3,0,1,0.007351336069405,0.6665846298759183,3,145,0,False
qwen3_8b,train,17910065,generation_3,3,0,1,0.0114691639319062,0.6677255757773916,3,189,0,False
qwen3_8b,train,17951029,generation_1,1,0,0,0.996908724308014,0.996908724308014,1,142,0,True
qwen3_8b,train,17951029,generation_2,1,0,0,0.9971774816513062,0.9971774816513062,1,168,0,True
qwen3_8b,train,17951029,generation_3,1,0,0,0.9974714517593384,0.9974714517593384,1,138,0,True
qwen3_8b,train,17959715,generation_1,8,0,2,0.1122663393616676,0.7585052149370313,8,155,0,False
qwen3_8b,train,17959715,generation_2,8,0,3,0.0157311949878931,0.6304716325830668,8,139,0,False
qwen3_8b,train,17959715,generation_3,8,0,1,0.3190136849880218,0.8983176089823246,8,197,0,False
qwen3_8b,train,17965424,generation_1,10,1,6,0.0013412366388365,0.33602624541381376,10,269,1,False
qwen3_8b,train,17965424,generation_2,10,1,6,0.0008733851718716,0.3239327743824105,10,262,1,False
qwen3_8b,train,17965424,generation_3,10,1,3,0.0037938246969133,0.5123313883552327,10,313,1,False
qwen3_8b,train,17975693,generation_1,3,0,1,0.0123530765995383,0.6591430750365058,3,149,0,False
qwen3_8b,train,17975693,generation_2,3,0,1,0.0165432505309581,0.6608738042414188,3,186,0,False
qwen3_8b,train,17975693,generation_3,3,0,1,0.0199439246207475,0.6626024749130011,3,187,0,False
qwen3_8b,train,18050247,generation_1,6,0,0,0.96406352519989,0.986729085445404,6,211,0,True
qwen3_8b,train,18050247,generation_2,6,0,0,0.8991703987121582,0.9695288936297098,6,214,0,True
qwen3_8b,train,18050247,generation_3,6,0,0,0.9834649562835692,0.9908925493558248,6,214,0,True
qwen3_8b,train,18083142,generation_1,16,0,2,0.0005665610660798,0.8089828484407917,16,323,2,True
qwen3_8b,train,18083142,generation_2,16,0,5,0.0035734740085899,0.6514018914022017,16,313,2,False
qwen3_8b,train,18083142,generation_3,16,0,5,0.0002219634188804,0.692201361827756,16,241,2,False
qwen3_8b,train,18165598,generation_1,15,2,5,0.0047103306278586,0.5707303243378798,15,271,2,False
qwen3_8b,train,18165598,generation_2,15,2,2,0.0004777297726832,0.7203363980127809,15,248,2,True
qwen3_8b,train,18165598,generation_3,15,2,2,0.0013266007881611,0.6771441424110284,15,320,2,True
qwen3_8b,train,18166824,generation_1,8,0,3,0.0098341172561049,0.6535437310812995,8,234,0,False
qwen3_8b,train,18166824,generation_2,8,0,1,0.1808434128761291,0.8876271471381187,8,207,0,False
qwen3_8b,train,18166824,generation_3,8,0,0,0.9920485615730286,0.9950283244252205,8,215,0,True
qwen3_8b,train,18182964,generation_1,5,1,0,0.2506572604179382,0.8127207159996033,5,155,0,True
qwen3_8b,train,18182964,generation_2,5,1,0,0.2123308181762695,0.8200892210006714,5,165,0,True
qwen3_8b,train,18182964,generation_3,5,1,0,0.0432545654475688,0.7828637264668942,5,182,0,True
qwen3_8b,train,18189233,generation_1,5,0,1,0.0002580634900368,0.7940979312290437,5,168,0,False
qwen3_8b,train,18189233,generation_2,5,0,2,0.0472739078104496,0.6178487874567509,5,150,0,False
qwen3_8b,train,18189233,generation_3,5,0,1,0.00929562933743,0.7907980177551508,5,225,0,False
qwen3_8b,train,18235024,generation_1,2,0,0,0.9974088072776794,0.9975429773330688,2,163,0,True
qwen3_8b,train,18235024,generation_2,2,0,0,0.997148096561432,0.9972980916500092,2,159,0,True
qwen3_8b,train,18235024,generation_3,2,0,0,0.9973547458648682,0.9975889921188354,2,203,0,True
qwen3_8b,train,18262054,generation_1,2,0,0,0.9935908317565918,0.9943330585956573,2,227,0,True
qwen3_8b,train,18262054,generation_2,2,0,0,0.9947178959846495,0.9954352974891661,2,160,0,True
qwen3_8b,train,18262054,generation_3,2,0,0,0.994228720664978,0.9947910308837891,2,224,0,True
qwen3_8b,train,18270997,generation_1,4,0,0,0.9640030264854432,0.9780588746070862,4,188,0,True
qwen3_8b,train,18270997,generation_2,4,0,0,0.9423749446868896,0.9682274013757706,4,147,0,True
qwen3_8b,train,18270997,generation_3,4,0,0,0.9683618545532228,0.9767986834049225,4,164,0,True
qwen3_8b,train,18310445,generation_1,36,0,28,0.0001935120380949,0.2145075286603565,36,239,2,False
qwen3_8b,train,18310445,generation_2,36,0,29,0.0001830706460168,0.21581757351102873,36,289,2,False
qwen3_8b,train,18310445,generation_3,36,0,31,0.0001901609648484,0.1765759832350239,36,290,2,False
qwen3_8b,train,18340638,generation_1,7,0,3,0.0149917472153902,0.5666816173387424,7,212,0,False
qwen3_8b,train,18340638,generation_2,7,0,2,0.016086284071207,0.7045887612870761,7,220,0,False
qwen3_8b,train,18340638,generation_3,7,0,2,0.005807991605252,0.7046041817936514,7,281,0,False
qwen3_8b,train,18356633,generation_1,8,0,4,0.0363118015229702,0.5297789461910725,8,169,0,False
qwen3_8b,train,18356633,generation_2,8,0,0,0.68536376953125,0.9276681318879128,8,234,0,True
qwen3_8b,train,18356633,generation_3,8,0,4,0.0099463025107979,0.4999302157666534,8,217,0,False
qwen3_8b,train,18366737,generation_1,5,0,0,0.988593578338623,0.9927145719528199,5,171,0,True
qwen3_8b,train,18366737,generation_2,5,0,0,0.8140124082565308,0.9573311805725098,5,168,0,True
qwen3_8b,train,18366737,generation_3,5,0,0,0.9531615376472472,0.9838597297668457,5,169,0,True
qwen3_8b,train,18397285,generation_1,3,0,0,0.9907159805297852,0.994401216506958,3,161,0,True
qwen3_8b,train,18397285,generation_2,3,0,0,0.9832509160041808,0.9919203718503317,3,162,0,True
qwen3_8b,train,18397285,generation_3,3,0,0,0.9903064966201782,0.9941239356994629,3,208,0,True
qwen3_8b,train,18408250,generation_1,3,0,1,0.0002908892929553,0.5507296187182268,3,189,0,False
qwen3_8b,train,18408250,generation_2,3,0,1,0.0003152345889247,0.6578515124080392,3,192,0,False
qwen3_8b,train,18408250,generation_3,3,0,1,0.000288535200525,0.6417190594947897,3,198,0,False
qwen3_8b,train,18410508,generation_1,12,0,4,0.0065752966329455,0.6707814498028407,12,279,1,False
qwen3_8b,train,18410508,generation_2,12,0,3,0.0136299105361104,0.7461611410447707,12,267,1,False
qwen3_8b,train,18410508,generation_3,12,0,3,0.0028199083171784,0.7641403263357157,12,251,1,False
qwen3_8b,train,18410548,generation_1,3,0,0,0.9945662021636964,0.9961981376012167,3,200,0,True
qwen3_8b,train,18410548,generation_2,3,0,0,0.9949440360069276,0.9961513876914978,3,149,0,True
qwen3_8b,train,18410548,generation_3,3,0,0,0.9954078793525696,0.9964733123779297,3,165,0,True
qwen3_8b,train,18422462,generation_1,16,8,1,0.0002221236645709,0.43613983448267385,16,219,2,True
qwen3_8b,train,18422462,generation_2,16,8,0,0.0003442821034695,0.48919500707597763,16,202,2,True
qwen3_8b,train,18422462,generation_3,16,8,0,0.0004835237923543,0.49514455070129765,16,198,2,True
qwen3_8b,train,18439317,generation_1,2,0,1,0.000215319043491,0.498841180029558,2,244,0,False
qwen3_8b,train,18439317,generation_2,2,0,0,0.994404435157776,0.9958303272724152,2,210,0,True
qwen3_8b,train,18439317,generation_3,2,0,0,0.9941892623901368,0.9955112636089326,2,215,0,True
qwen3_8b,train,18442015,generation_1,15,1,4,0.041487380862236,0.7138554476201534,15,290,2,False
qwen3_8b,train,18442015,generation_2,15,1,5,0.0147944809868931,0.6343287587786715,15,235,2,False
qwen3_8b,train,18442015,generation_3,15,1,8,0.0016403002664446,0.4619219609691451,15,259,2,False
qwen3_8b,train,18470323,generation_1,2,0,0,0.9898070693016052,0.9930427670478821,2,147,0,True
qwen3_8b,train,18470323,generation_2,2,0,0,0.9923357367515564,0.9943986535072327,2,258,0,True
qwen3_8b,train,18470323,generation_3,2,0,0,0.9905989766120912,0.9934319257736206,2,175,0,True
qwen3_8b,train,18483878,generation_1,7,0,2,0.0269410070031881,0.7133232341813189,7,237,0,False
qwen3_8b,train,18483878,generation_2,7,0,1,0.0132468901574611,0.8320232879902635,7,169,0,False
qwen3_8b,train,18483878,generation_3,7,0,1,0.0167191531509161,0.7857182778950248,7,167,0,False
qwen3_8b,train,18487244,generation_1,2,0,0,0.9956347346305848,0.996728390455246,2,201,0,True
qwen3_8b,train,18487244,generation_2,2,0,0,0.995345175266266,0.9965205788612366,2,199,0,True
qwen3_8b,train,18487244,generation_3,2,0,0,0.9949629306793212,0.9962369799613953,2,173,0,True
qwen3_8b,train,18541230,generation_1,13,0,1,0.2193633317947387,0.9049061720187848,13,216,2,True
qwen3_8b,train,18541230,generation_2,13,0,4,0.0529895760118961,0.7268667797056528,13,224,2,False
qwen3_8b,train,18541230,generation_3,13,0,1,0.3382708728313446,0.9200030175539163,13,221,2,True
qwen3_8b,train,18544179,generation_1,10,2,2,0.0126921962946653,0.6460867343470454,10,227,1,False
qwen3_8b,train,18544179,generation_2,10,2,2,0.0110932476818561,0.6089765340089798,10,172,1,False
qwen3_8b,train,18544179,generation_3,10,2,0,0.0149986157193779,0.749226835463196,10,198,1,True
qwen3_8b,train,18593936,generation_1,51,0,14,0.0003641256480477,0.7099865261755208,51,306,2,False
qwen3_8b,train,18593936,generation_2,51,0,11,0.0002230719546787,0.7750567655933921,51,262,2,False
qwen3_8b,train,18593936,generation_3,51,0,13,0.0005701445043087,0.7488575494966889,51,303,2,False
qwen3_8b,train,18631865,generation_1,7,1,3,0.0026258216239511,0.4221988706849515,7,237,0,False
qwen3_8b,train,18631865,generation_2,7,1,3,0.000556077749934,0.39844393835768904,7,216,0,False
qwen3_8b,train,18631865,generation_3,7,1,3,0.0035084357950836,0.4351041186933538,7,233,0,False
qwen3_8b,train,18657397,generation_1,2,0,1,0.010634334757924,0.33675022516399616,2,209,0,False
qwen3_8b,train,18657397,generation_2,2,0,0,0.6572779417037964,0.8179571628570557,2,144,0,True
qwen3_8b,train,18657397,generation_3,2,0,1,0.2318429499864578,0.3988459184765816,2,188,0,False
qwen3_8b,train,18672102,generation_1,24,0,3,0.0042890142649412,0.8610969991617216,24,150,2,False
qwen3_8b,train,18672102,generation_2,24,0,1,0.0116548780351877,0.9463784804102033,24,235,2,True
qwen3_8b,train,18672102,generation_3,24,0,3,0.0052065094932913,0.871421221566076,24,171,2,False
qwen3_8b,train,18674790,generation_1,19,0,9,0.0001900313654914,0.5188377539575173,19,243,2,False
qwen3_8b,train,18674790,generation_2,19,0,10,0.000187497556908,0.47361078089038766,19,270,2,False
qwen3_8b,train,18674790,generation_3,19,0,9,0.0053416085429489,0.5707765111062479,19,284,2,False
qwen3_8b,train,18681856,generation_1,6,0,2,0.0085101434960961,0.660138758054624,6,142,0,False
qwen3_8b,train,18681856,generation_2,6,0,2,0.0287161339074373,0.6742833129440745,6,142,0,False
qwen3_8b,train,18681856,generation_3,6,0,2,0.0136768072843551,0.6285611176863313,6,185,0,False
qwen3_8b,train,18699851,generation_1,5,0,0,0.9971386194229126,0.9975739479064941,5,221,0,True
qwen3_8b,train,18699851,generation_2,5,0,0,0.9976625442504884,0.9979636907577515,5,203,0,True
qwen3_8b,train,18699851,generation_3,5,0,0,0.9975442290306092,0.9978639245033264,5,232,0,True
qwen3_8b,train,18752389,generation_1,17,1,7,0.0004505040415097,0.533939145561924,17,290,2,False
qwen3_8b,train,18752389,generation_2,17,1,7,0.000268172007054,0.5325542636051336,17,325,2,False
qwen3_8b,train,18752389,generation_3,17,1,6,0.003743028268218,0.6266171969473362,17,280,2,False
qwen3_8b,train,18754075,generation_1,9,0,2,0.0377887226641178,0.6945351333253913,9,189,1,False
qwen3_8b,train,18754075,generation_2,9,0,1,0.1017726883292198,0.8620464031895002,9,230,1,True
qwen3_8b,train,18754075,generation_3,9,0,4,0.0439039804041385,0.5697543066408899,9,223,1,False
qwen3_8b,train,18768591,generation_1,24,0,13,0.0001806923246476,0.4691832955377322,24,273,2,False
qwen3_8b,train,18768591,generation_2,24,0,8,0.0002004938869504,0.6484820960437597,24,230,2,False
qwen3_8b,train,18768591,generation_3,24,0,8,0.0001960356894414,0.6637058156472145,24,278,2,False
qwen3_8b,train,18772193,generation_1,14,0,3,0.034248661249876,0.7148954043430942,14,206,2,False
qwen3_8b,train,18772193,generation_2,14,0,7,0.0009629861451685,0.501735933890034,14,245,2,False
qwen3_8b,train,18772193,generation_3,14,0,8,0.0043078805319964,0.42608408293952893,14,259,2,False
qwen3_8b,train,18779591,generation_1,9,1,1,0.0004219109832774,0.8810709283861797,9,231,1,True
qwen3_8b,train,18779591,generation_2,9,1,1,0.0001815285068005,0.8839994572465204,9,242,1,True
qwen3_8b,train,18779591,generation_3,9,1,1,0.0004492300213314,0.8840598651376139,9,196,1,True
qwen3_8b,train,18790087,generation_1,2,0,0,0.9941006302833556,0.9942954480648041,2,171,0,True
qwen3_8b,train,18790087,generation_2,2,0,0,0.994201958179474,0.9944741725921632,2,178,0,True
qwen3_8b,train,18790087,generation_3,2,0,0,0.9942917823791504,0.9946167171001434,2,143,0,True
qwen3_8b,train,18791947,generation_1,1,0,1,0.0132123492658138,0.0132123492658138,1,168,0,False
qwen3_8b,train,18791947,generation_2,1,0,1,0.0064627304673194,0.0064627304673194,1,272,0,False
qwen3_8b,train,18791947,generation_3,1,0,1,0.0063414578326046,0.0063414578326046,1,210,0,False
qwen3_8b,train,18808529,generation_1,12,0,1,0.0398717112839221,0.8478360986337066,12,210,1,True
qwen3_8b,train,18808529,generation_2,12,0,2,0.000464385462692,0.8176123492182038,12,171,1,False
qwen3_8b,train,18808529,generation_3,12,0,2,0.0007181276450864,0.7823496134709179,12,222,1,False
qwen3_8b,train,18809400,generation_1,12,0,2,0.0147236445918679,0.801270186357821,12,203,1,False
qwen3_8b,train,18809400,generation_2,12,0,2,0.0203529987484216,0.8249168068480989,12,210,1,False
qwen3_8b,train,18809400,generation_3,12,0,1,0.0132984099909663,0.8819867983305206,12,211,1,True
qwen3_8b,train,18827003,generation_1,10,1,1,0.0784247368574142,0.865482984483242,10,234,1,True
qwen3_8b,train,18827003,generation_2,10,1,2,0.0245095454156398,0.7713894817978144,10,232,1,False
qwen3_8b,train,18827003,generation_3,10,1,3,0.0076426877640187,0.7654392661061138,10,261,1,False
qwen3_8b,train,18945288,generation_1,2,0,0,0.995084822177887,0.995130330324173,2,154,0,True
qwen3_8b,train,18945288,generation_2,2,0,1,0.0169705059379339,0.5059339059516788,2,184,0,False
qwen3_8b,train,18945288,generation_3,2,0,0,0.9308475255966188,0.9632991552352905,2,191,0,True
qwen3_8b,train,18945509,generation_1,12,4,3,0.0004023422079626,0.4586151707941705,12,195,1,False
qwen3_8b,train,18945509,generation_2,12,4,5,0.0003017868439201,0.25547960266461206,12,264,1,False
qwen3_8b,train,18945509,generation_3,12,4,4,0.0003263685794081,0.33543563649679226,12,228,1,False
qwen3_8b,train,18987260,generation_1,14,0,1,0.3851635158061981,0.9395158269575664,14,238,2,True
qwen3_8b,train,18987260,generation_2,14,0,0,0.9008692502975464,0.9775882874216352,14,218,2,True
qwen3_8b,train,18987260,generation_3,14,0,0,0.74391770362854,0.9658176217760358,14,292,2,True
qwen3_8b,train,19037252,generation_1,1,0,0,0.9976563453674316,0.9976563453674316,1,138,0,True
qwen3_8b,train,19037252,generation_2,1,0,0,0.9968664050102234,0.9968664050102234,1,203,0,True
qwen3_8b,train,19037252,generation_3,1,0,0,0.9977496266365052,0.9977496266365052,1,193,0,True
qwen3_8b,train,19048115,generation_1,12,1,1,0.0024143690243363,0.91083402132305,12,330,1,True
qwen3_8b,train,19048115,generation_2,12,1,0,0.961955189704895,0.9919040451447169,12,236,1,True
qwen3_8b,train,19048115,generation_3,12,1,1,0.30616495013237,0.9333671058217684,12,240,1,True
qwen3_8b,train,19058010,generation_1,21,1,10,0.0631175264716148,0.5091295848999705,21,221,2,False
qwen3_8b,train,19058010,generation_2,21,1,5,0.0965141579508781,0.7177511560065406,21,219,2,False
qwen3_8b,train,19058010,generation_3,21,1,11,0.0118372375145554,0.48490205828455235,21,267,2,False
qwen3_8b,train,19067809,generation_1,6,0,2,0.0283680371940135,0.6703891170521578,6,145,0,False
qwen3_8b,train,19067809,generation_2,6,0,2,0.0196006298065185,0.6697927533338467,6,144,0,False
qwen3_8b,train,19067809,generation_3,6,0,1,0.2065217494964599,0.8326213558514913,6,208,0,False
qwen3_8b,train,19082493,generation_1,5,0,1,0.0240470953285694,0.789266137033701,5,224,0,False
qwen3_8b,train,19082493,generation_2,5,0,0,0.7615384459495544,0.9193252444267273,5,214,0,True
qwen3_8b,train,19082493,generation_3,5,0,1,0.2908975481986999,0.8435503363609314,5,160,0,False
qwen3_8b,train,19101703,generation_1,3,0,1,0.0118326572701334,0.6682269582524896,3,206,0,False
qwen3_8b,train,19101703,generation_2,3,0,1,0.0067037269473075,0.6666805918018023,3,164,0,False
qwen3_8b,train,19101703,generation_3,3,0,1,0.0077992151491343,0.6668736163216332,3,198,0,False
qwen3_8b,train,19108278,generation_1,12,0,2,0.0003468815120868,0.8168152644211659,12,271,1,False
qwen3_8b,train,19108278,generation_2,12,0,2,0.0123950913548469,0.8242204735676447,12,165,1,False
qwen3_8b,train,19108278,generation_3,12,0,3,0.0061602191999554,0.7389301316967855,12,187,1,False
qwen3_8b,train,19110214,generation_1,6,0,2,0.0006868750788271,0.6532942498646055,6,218,0,False
qwen3_8b,train,19110214,generation_2,6,0,2,0.0002858761290553,0.6613747601950308,6,197,0,False
qwen3_8b,train,19110214,generation_3,6,0,1,0.0003955026331823,0.8084961417625891,6,162,0,False
qwen3_8b,train,19160446,generation_1,2,0,0,0.9945645332336426,0.9948839545249939,2,242,0,True
qwen3_8b,train,19160446,generation_2,2,0,0,0.9932911396026612,0.9937768876552582,2,148,0,True
qwen3_8b,train,19160446,generation_3,2,0,0,0.9917550086975098,0.9926308393478394,2,153,0,True
qwen3_8b,train,19218574,generation_1,11,0,0,0.5504688024520874,0.9446615901860324,11,252,1,True
qwen3_8b,train,19218574,generation_2,11,0,1,0.0007342719472944,0.8980196608145806,11,240,1,True
qwen3_8b,train,19218574,generation_3,11,0,2,0.0014197025448083,0.820763779126785,11,222,1,False
qwen3_8b,train,19234905,generation_1,1,0,0,0.9798981547355652,0.9798981547355652,1,166,0,True
qwen3_8b,train,19234905,generation_2,1,0,0,0.979116141796112,0.979116141796112,1,179,0,True
qwen3_8b,train,19234905,generation_3,1,0,0,0.980985462665558,0.980985462665558,1,258,0,True
qwen3_8b,train,19306381,generation_1,43,5,25,0.0001762063475325,0.31028596801428815,43,284,2,False
qwen3_8b,train,19306381,generation_2,43,5,28,0.0001798370358301,0.24727664748748196,43,266,2,False
qwen3_8b,train,19306381,generation_3,43,5,27,0.0001771651150193,0.2689003915486039,43,228,2,False
qwen3_8b,train,19319147,generation_1,5,0,2,0.0137626538053154,0.5976856777444481,5,173,0,False
qwen3_8b,train,19319147,generation_2,5,0,2,0.0103470217436552,0.6470348265022039,5,162,0,False
qwen3_8b,train,19319147,generation_3,5,0,2,0.0138232624158263,0.6022817490622401,5,175,0,False
qwen3_8b,train,19346865,generation_1,2,0,0,0.9762442111968994,0.9816561937332153,2,137,0,True
qwen3_8b,train,19346865,generation_2,2,0,0,0.9759184122085572,0.9803137183189392,2,177,0,True
qwen3_8b,train,19346865,generation_3,2,0,0,0.9648478031158448,0.9767766296863556,2,217,0,True
qwen3_8b,train,19365571,generation_1,3,0,0,0.994775652885437,0.9963642557462057,3,245,0,True
qwen3_8b,train,19365571,generation_2,3,0,0,0.9936352968215942,0.9958969354629517,3,176,0,True
qwen3_8b,train,19365571,generation_3,3,0,0,0.9940316081047058,0.9958017071088155,3,188,0,True
qwen3_8b,train,19370764,generation_1,7,0,1,0.0013159071095287,0.8428173598035106,7,173,0,False
qwen3_8b,train,19370764,generation_2,7,0,1,0.005387932062149,0.8174747611795153,7,182,0,False
qwen3_8b,train,19370764,generation_3,7,0,2,0.000183504569577,0.6779022639592378,7,159,0,False
qwen3_8b,train,19445921,generation_1,16,0,2,0.0002467865997459,0.8612339246374177,16,292,2,True
qwen3_8b,train,19445921,generation_2,16,0,2,0.0012195655144751,0.8785305019991938,16,256,2,True
qwen3_8b,train,19445921,generation_3,16,0,2,0.0003550002293195,0.8625111161800305,16,203,2,True
qwen3_8b,train,19463742,generation_1,46,1,28,0.0001805500796763,0.3604184218980347,46,332,2,False
qwen3_8b,train,19463742,generation_2,46,1,28,0.0001761720632202,0.37527255187223596,46,332,2,False
qwen3_8b,train,19463742,generation_3,46,1,28,0.0001766635978128,0.3893687411299375,46,275,2,False
qwen3_8b,train,19508969,generation_1,28,0,0,0.8745021224021912,0.9816511124372482,28,193,2,True
qwen3_8b,train,19508969,generation_2,28,0,7,0.0040023988112807,0.7122974515493427,28,291,2,False
qwen3_8b,train,19508969,generation_3,28,0,3,0.0426378957927227,0.8961932428979448,28,244,2,False
qwen3_8b,train,19521089,generation_1,1,0,0,0.9930819869041444,0.9930819869041444,1,163,0,True
qwen3_8b,train,19521089,generation_2,1,0,0,0.9943041205406188,0.9943041205406188,1,153,0,True
qwen3_8b,train,19521089,generation_3,1,0,0,0.994001805782318,0.994001805782318,1,145,0,True
qwen3_8b,train,19536134,generation_1,30,1,11,0.0002500293485354,0.6394160512708671,30,245,2,False
qwen3_8b,train,19536134,generation_2,30,1,11,0.0002494155778549,0.6067220332062182,30,228,2,False
qwen3_8b,train,19536134,generation_3,30,1,10,0.0002186086057918,0.6386069627745504,30,204,2,False
qwen3_8b,train,19549709,generation_1,5,0,0,0.97303968667984,0.9861214756965637,5,203,0,True
qwen3_8b,train,19549709,generation_2,5,0,0,0.9712626338005066,0.9862427830696106,5,181,0,True
qwen3_8b,train,19549709,generation_3,5,0,0,0.9810965657234192,0.9877941727638244,5,207,0,True
qwen3_8b,train,19592582,generation_1,5,0,0,0.9606438279151917,0.9874866485595704,5,167,0,True
qwen3_8b,train,19592582,generation_2,5,0,0,0.97686368227005,0.9868163228034973,5,204,0,True
qwen3_8b,train,19592582,generation_3,5,0,0,0.949294090270996,0.9836095333099365,5,266,0,True
qwen3_8b,train,19631624,generation_1,8,0,7,0.0005098018446005,0.13387333013088204,8,162,0,False
qwen3_8b,train,19631624,generation_2,8,0,5,0.0009162324713543,0.3746097405528417,8,224,0,False
qwen3_8b,train,19631624,generation_3,8,0,5,0.0013858415186405,0.3766601676179562,8,180,0,False
qwen3_8b,train,19642243,generation_1,6,1,0,0.7838985323905945,0.9447085460027059,6,188,0,True
qwen3_8b,train,19642243,generation_2,6,1,0,0.7596622705459595,0.9438167611757914,6,195,0,True
qwen3_8b,train,19642243,generation_3,6,1,0,0.8247902989387512,0.953478087981542,6,294,0,True
qwen3_8b,train,19672862,generation_1,22,0,3,0.0038330457173287,0.8668032748074356,22,235,2,False
qwen3_8b,train,19672862,generation_2,22,0,4,0.0002409578737569,0.7904176795081267,22,233,2,False
qwen3_8b,train,19672862,generation_3,22,0,2,0.0004371076938696,0.8720188043424225,22,248,2,True
qwen3_8b,train,19692487,generation_1,14,0,9,0.0002955101954285,0.4153568545194243,14,309,2,False
qwen3_8b,train,19692487,generation_2,14,0,5,0.0088271107524633,0.66166939280395,14,263,2,False
qwen3_8b,train,19692487,generation_3,14,0,7,0.000268020958174,0.4877225156441064,14,229,2,False
qwen3_8b,train,19696792,generation_1,8,0,2,0.0002807913115248,0.7392600346611289,8,180,0,False
qwen3_8b,train,19696792,generation_2,8,0,2,0.0003380831913091,0.7128341670140799,8,189,0,False
qwen3_8b,train,19696792,generation_3,8,0,2,0.0003354767686687,0.7386744061877835,8,161,0,False
qwen3_8b,train,19707748,generation_1,2,0,1,0.1125639677047729,0.5523800253868102,2,191,0,False
qwen3_8b,train,19707748,generation_2,2,0,1,0.0041120531968772,0.49741815938614303,2,195,0,False
qwen3_8b,train,19707748,generation_3,2,0,0,0.9746053814888,0.983821451663971,2,171,0,True
qwen3_8b,train,19719056,generation_1,2,0,0,0.8694717884063721,0.9269005656242371,2,221,0,True
qwen3_8b,train,19719056,generation_2,2,0,1,0.1696478128433227,0.5765711963176727,2,243,0,False
qwen3_8b,train,19719056,generation_3,2,0,1,0.449049711227417,0.7169317305088043,2,197,0,False
qwen3_8b,train,19721134,generation_1,19,0,11,0.0002361387596465,0.43369692049332353,19,249,2,False
qwen3_8b,train,19721134,generation_2,19,0,16,0.000268908101134,0.21129006584707985,19,269,2,False
qwen3_8b,train,19721134,generation_3,19,0,13,0.0004766558413393,0.31381877516335066,19,277,2,False
qwen3_8b,train,19728177,generation_1,3,0,0,0.9831121563911438,0.983411947886149,3,244,0,True
qwen3_8b,train,19728177,generation_2,3,0,0,0.9836132526397704,0.983714242776235,3,220,0,True
qwen3_8b,train,19728177,generation_3,3,0,0,0.9797423481941224,0.9816043774286906,3,188,0,True
qwen3_8b,train,19779499,generation_1,5,0,1,0.0088954707607626,0.7056227354332805,5,179,0,False
qwen3_8b,train,19779499,generation_2,5,0,1,0.00469058053568,0.7840174899436534,5,165,0,False
qwen3_8b,train,19779499,generation_3,5,0,1,0.0094522098079323,0.7871464462950826,5,180,0,False
qwen3_8b,train,19811499,generation_1,20,0,4,0.0031997188925743,0.7844369553728029,20,233,2,False
qwen3_8b,train,19811499,generation_2,20,0,6,0.000342628423823,0.6739548140889383,20,208,2,False
qwen3_8b,train,19811499,generation_3,20,0,7,0.0024090092629194,0.65243088491261,20,218,2,False
qwen3_8b,train,19825989,generation_1,27,4,14,0.00028444849886,0.42214935810921744,27,296,2,False
qwen3_8b,train,19825989,generation_2,27,4,11,0.0002883569395635,0.503250045237278,27,305,2,False
qwen3_8b,train,19825989,generation_3,27,4,11,0.0005901594413444,0.5850465556205664,27,254,2,False
qwen3_8b,train,19841052,generation_1,2,0,1,0.0529440715909004,0.5076172389090061,2,178,0,False
qwen3_8b,train,19841052,generation_2,2,0,1,0.016841085627675,0.49437178764492273,2,149,0,False
qwen3_8b,train,19841052,generation_3,2,0,1,0.0359031558036804,0.5058355629444122,2,215,0,False
qwen3_8b,train,19881468,generation_1,13,0,10,0.0001932352897711,0.23217124014067492,13,236,2,False
qwen3_8b,train,19881468,generation_2,13,0,9,0.0001813949202187,0.3132339456978326,13,229,2,False
qwen3_8b,train,19881468,generation_3,13,0,10,0.0001753517135512,0.22988353768484485,13,208,2,False
qwen3_8b,train,19889778,generation_1,4,0,2,0.0099031310528516,0.5381453479640186,4,205,0,False
qwen3_8b,train,19889778,generation_2,4,0,3,0.0078872749581933,0.3452138009015471,4,208,0,False
qwen3_8b,train,19889778,generation_3,4,0,2,0.0086982222273945,0.4456839098129421,4,162,0,False
qwen3_8b,train,19891556,generation_1,2,0,0,0.9870107173919678,0.9906773567199707,2,255,0,True
qwen3_8b,train,19891556,generation_2,2,0,0,0.9771729707717896,0.984971433877945,2,231,0,True
qwen3_8b,train,19891556,generation_3,2,0,0,0.9839780926704408,0.9889471530914308,2,130,0,True
qwen3_8b,train,19918264,generation_1,2,0,0,0.9711732268333436,0.9830822348594666,2,172,0,True
qwen3_8b,train,19918264,generation_2,2,0,0,0.6065024137496948,0.800808846950531,2,151,0,True
qwen3_8b,train,19918264,generation_3,2,0,0,0.9600381851196288,0.9770103991031647,2,124,0,True
qwen3_8b,train,19923525,generation_1,6,0,3,0.0110587133094668,0.5070255037086705,6,239,0,False
qwen3_8b,train,19923525,generation_2,6,0,2,0.0078873708844184,0.6496226388650636,6,288,0,False
qwen3_8b,train,19923525,generation_3,6,0,2,0.0094430763274431,0.6597134281570712,6,144,0,False
qwen3_8b,train,19996135,generation_1,1,0,0,0.9664584398269652,0.9664584398269652,1,194,0,True
qwen3_8b,train,19996135,generation_2,1,0,0,0.9767516851425172,0.9767516851425172,1,264,0,True
qwen3_8b,train,19996135,generation_3,1,0,0,0.9695284962654114,0.9695284962654114,1,237,0,True
qwen3_8b,train,20005218,generation_1,4,0,0,0.9765464067459106,0.9902430921792984,4,134,0,True
qwen3_8b,train,20005218,generation_2,4,0,0,0.9575051665306092,0.985301360487938,4,142,0,True
qwen3_8b,train,20005218,generation_3,4,0,0,0.9735413789749146,0.9896387904882431,4,251,0,True
qwen3_8b,train,20034406,generation_1,8,1,1,0.4138046205043793,0.8709306307137012,8,213,0,False
qwen3_8b,train,20034406,generation_2,8,1,1,0.064325250685215,0.7945685097947717,8,236,0,False
qwen3_8b,train,20034406,generation_3,8,1,1,0.0578820817172527,0.7659554365091026,8,182,0,False
qwen3_8b,train,20046642,generation_1,22,1,14,0.0004678404075093,0.3314101802957752,22,259,2,False
qwen3_8b,train,20046642,generation_2,22,1,12,0.0001755723933456,0.44328092180975626,22,268,2,False
qwen3_8b,train,20046642,generation_3,22,1,16,0.0008113621152006,0.26331020160895685,22,235,2,False
qwen3_8b,train,20080916,generation_1,3,0,2,0.0031615579500794,0.3724990241850416,3,156,0,False
qwen3_8b,train,20080916,generation_2,3,0,2,0.0035424088127911,0.37312342242027324,3,198,0,False
qwen3_8b,train,20080916,generation_3,3,0,2,0.0032915819901973,0.45537639820637793,3,156,0,False
qwen3_8b,train,20080983,generation_1,3,0,1,0.0431591644883155,0.6678034191330272,3,152,0,False
qwen3_8b,train,20080983,generation_2,3,0,1,0.0364136733114719,0.6637186221778393,3,125,0,False
qwen3_8b,train,20080983,generation_3,3,0,1,0.0205777585506439,0.6616827150185902,3,162,0,False
qwen3_8b,train,20086182,generation_1,6,0,1,0.0025409902445971,0.7550117347855121,6,241,0,False
qwen3_8b,train,20086182,generation_2,6,0,1,0.4903495907783508,0.9052016238371531,6,130,0,False
qwen3_8b,train,20086182,generation_3,6,0,0,0.963249444961548,0.9853629469871521,6,164,0,True
qwen3_8b,train,20105280,generation_1,17,0,12,0.0006865780451335,0.32649979351759506,17,235,2,False
qwen3_8b,train,20105280,generation_2,17,0,9,0.0202058088034391,0.45616130311699477,17,251,2,False
qwen3_8b,train,20105280,generation_3,17,0,8,0.0094063943251967,0.5528681992060122,17,312,2,False
qwen3_8b,train,20105310,generation_1,31,1,4,0.0004357603611424,0.8660820298415098,31,286,2,False
qwen3_8b,train,20105310,generation_2,31,1,3,0.0002500527189113,0.8739537445081007,31,281,2,False
qwen3_8b,train,20105310,generation_3,31,1,4,0.0002771927102003,0.867660067379362,31,251,2,False
qwen3_8b,train,20129423,generation_1,2,0,0,0.97950541973114,0.9809893369674683,2,257,0,True
qwen3_8b,train,20129423,generation_2,2,0,0,0.9846192002296448,0.9848865866661072,2,242,0,True
qwen3_8b,train,20129423,generation_3,2,0,0,0.9820181131362916,0.9831303358078004,2,152,0,True
qwen3_8b,train,20226780,generation_1,6,0,0,0.7278413772583008,0.9380100270112356,6,235,0,True
qwen3_8b,train,20226780,generation_2,6,0,1,0.0002590670774225,0.8039116007518411,6,186,0,False
qwen3_8b,train,20226780,generation_3,6,0,2,0.0003145285299979,0.6189836348154737,6,184,0,False
qwen3_8b,train,20331935,generation_1,3,0,1,0.1103558838367462,0.6798982520898184,3,181,0,False
qwen3_8b,train,20331935,generation_2,3,0,0,0.9474758505821228,0.9661869009335836,3,309,0,True
qwen3_8b,train,20331935,generation_3,3,0,0,0.979205846786499,0.9807891647020975,3,233,0,True
qwen3_8b,train,20335448,generation_1,12,0,1,0.0333650074899196,0.8817904638126493,12,225,1,True
qwen3_8b,train,20335448,generation_2,12,0,0,0.9235740900039672,0.9787483364343643,12,253,1,True
qwen3_8b,train,20335448,generation_3,12,0,2,0.0842941179871559,0.8546160540233055,12,232,1,False
qwen3_8b,train,20367983,generation_1,4,0,1,0.012803073041141,0.7505185741465539,4,136,0,False
qwen3_8b,train,20367983,generation_2,4,0,1,0.0121969245374202,0.7501149093732238,4,185,0,False
qwen3_8b,train,20367983,generation_3,4,0,1,0.0137762129306793,0.7509476020932198,4,157,0,False
qwen3_8b,train,20401977,generation_1,3,0,0,0.9903265833854676,0.9941880106925965,3,145,0,True
qwen3_8b,train,20401977,generation_2,3,0,0,0.9897135496139526,0.9940802852312723,3,154,0,True
qwen3_8b,train,20401977,generation_3,3,0,0,0.9888709187507628,0.9935877124468485,3,142,0,True
qwen3_8b,train,20415560,generation_1,7,0,0,0.622693657875061,0.9357406667300633,7,216,0,True
qwen3_8b,train,20415560,generation_2,7,0,0,0.9568994045257568,0.9829951524734497,7,307,0,True
qwen3_8b,train,20415560,generation_3,7,0,0,0.9829339385032654,0.987083911895752,7,261,0,True
qwen3_8b,train,20428796,generation_1,16,7,7,0.0002085459709633,0.4694054525843967,16,256,2,False
qwen3_8b,train,20428796,generation_2,16,7,8,0.0001981944078579,0.5066275500912525,16,271,2,False
qwen3_8b,train,20428796,generation_3,16,7,6,0.0002048185706371,0.5684672171491911,16,257,2,False
qwen3_8b,train,20431083,generation_1,2,0,1,0.0060490039177238,0.4878560139331966,2,238,0,False
qwen3_8b,train,20431083,generation_2,2,0,1,0.0054365000687539,0.4911713700275867,2,167,0,False
qwen3_8b,train,20431083,generation_3,2,0,1,0.0043744458816945,0.48753497074358165,2,169,0,False
qwen3_8b,train,20447294,generation_1,9,1,0,0.0676958411931991,0.883051691783799,9,211,1,True
qwen3_8b,train,20447294,generation_2,9,1,0,0.06378223747015,0.882363547053602,9,194,1,True
qwen3_8b,train,20447294,generation_3,9,1,0,0.4508629739284515,0.9204567107889388,9,190,1,True
qwen3_8b,train,20477932,generation_1,14,0,7,0.000179391252459,0.47068931145414744,14,213,2,False
qwen3_8b,train,20477932,generation_2,14,0,9,0.0003640982322394,0.366658034250057,14,302,2,False
qwen3_8b,train,20477932,generation_3,14,0,8,0.0002558573323767,0.40055465278315483,14,269,2,False
qwen3_8b,train,20510337,generation_1,26,0,3,0.0004149135202169,0.8670472276325409,26,231,2,False
qwen3_8b,train,20510337,generation_2,26,0,5,0.0001926980330608,0.7920706319251062,26,257,2,False
qwen3_8b,train,20510337,generation_3,26,0,4,0.0004267493786755,0.8306713852451559,26,240,2,False
qwen3_8b,train,20520283,generation_1,7,1,3,0.0143057918176054,0.477733015881053,7,169,0,False
qwen3_8b,train,20520283,generation_2,7,1,1,0.0559200085699558,0.7342376054397651,7,190,0,False
qwen3_8b,train,20520283,generation_3,7,1,1,0.1445777118206024,0.7430916513715472,7,148,0,False
qwen3_8b,train,20523265,generation_1,8,0,0,0.911993145942688,0.9716078788042068,8,147,0,True
qwen3_8b,train,20523265,generation_2,8,0,0,0.9020920395851136,0.9659466668963432,8,203,0,True
qwen3_8b,train,20523265,generation_3,8,0,0,0.9607571363449096,0.9839803948998451,8,196,0,True
qwen3_8b,train,20528871,generation_1,6,3,0,0.0008920364780351,0.5161371499416417,6,170,0,True
qwen3_8b,train,20528871,generation_2,6,3,0,0.0021030995994806,0.5611982326954602,6,258,0,True
qwen3_8b,train,20528871,generation_3,6,3,0,0.0010758880525827,0.584793286708494,6,243,0,True
qwen3_8b,train,20533999,generation_1,10,1,5,0.0010975395562127,0.4576014041551389,10,311,1,False
qwen3_8b,train,20533999,generation_2,10,1,5,0.0288967154920101,0.489406805112958,10,201,1,False
qwen3_8b,train,20533999,generation_3,10,1,3,0.0579768642783165,0.637927370518446,10,246,1,False
qwen3_8b,train,20534142,generation_1,14,0,3,0.0005549414781853,0.7815087245960187,14,194,2,False
qwen3_8b,train,20534142,generation_2,14,0,2,0.0007720433641225,0.8746075342309528,14,223,2,True
qwen3_8b,train,20534142,generation_3,14,0,3,0.0012843441218137,0.7936249161139131,14,261,2,False
qwen3_8b,train,20558148,generation_1,12,0,4,0.0186756271868944,0.6548195181724926,12,257,1,False
qwen3_8b,train,20558148,generation_2,12,0,3,0.0003522425831761,0.7404335670168317,12,273,1,False
qwen3_8b,train,20558148,generation_3,12,0,4,0.018933467566967,0.6534830313175917,12,276,1,False
qwen3_8b,train,20579626,generation_1,5,0,0,0.9672045707702636,0.9899669766426087,5,188,0,True
qwen3_8b,train,20579626,generation_2,5,0,0,0.9119908809661864,0.9736364364624024,5,199,0,True
qwen3_8b,train,20579626,generation_3,5,0,0,0.9782719016075134,0.9905959606170655,5,179,0,True
qwen3_8b,train,20583543,generation_1,5,0,0,0.8509242534637451,0.9678854584693909,5,181,0,True
qwen3_8b,train,20583543,generation_2,5,0,1,0.0085797570645809,0.7993890576064586,5,171,0,False
qwen3_8b,train,20583543,generation_3,5,0,0,0.9379252195358276,0.9852853536605835,5,131,0,True
qwen3_8b,train,20588063,generation_1,7,0,0,0.980066180229187,0.9947725364140102,7,214,0,True
qwen3_8b,train,20588063,generation_2,7,0,0,0.9819523692131042,0.9951568756784711,7,212,0,True
qwen3_8b,train,20588063,generation_3,7,0,0,0.9829740524291992,0.995235971042088,7,172,0,True
qwen3_8b,train,20606392,generation_1,2,0,0,0.9868152141571044,0.9919289648532867,2,147,0,True
qwen3_8b,train,20606392,generation_2,2,0,0,0.9950276017189026,0.9960136413574219,2,158,0,True
qwen3_8b,train,20606392,generation_3,2,0,0,0.9913980960845948,0.99416384100914,2,136,0,True
qwen3_8b,train,20667451,generation_1,7,0,0,0.9833664894104004,0.9844306111335754,7,201,0,True
qwen3_8b,train,20667451,generation_2,7,0,0,0.9829046726226808,0.985709011554718,7,291,0,True
qwen3_8b,train,20667451,generation_3,7,0,0,0.98167222738266,0.9842856441225324,7,165,0,True
qwen3_8b,train,20683499,generation_1,8,0,2,0.0004912173026241,0.7274492562501109,8,219,0,False
qwen3_8b,train,20683499,generation_2,8,0,2,0.0011971279745921,0.7396598330669804,8,227,0,False
qwen3_8b,train,20683499,generation_3,8,0,4,0.0005728801479563,0.5119488802010892,8,223,0,False
qwen3_8b,train,20708777,generation_1,12,0,0,0.9845905303955078,0.9933738559484482,12,199,1,True
qwen3_8b,train,20708777,generation_2,12,0,0,0.9829161167144777,0.9929007391134897,12,156,1,True
qwen3_8b,train,20708777,generation_3,12,0,0,0.979379653930664,0.9914066890875498,12,216,1,True
qwen3_8b,train,20722491,generation_1,20,0,19,0.0002542652073316,0.07995515479415186,20,247,2,False
qwen3_8b,train,20722491,generation_2,20,0,14,0.0002556113176979,0.2954075604138779,20,301,2,False
qwen3_8b,train,20722491,generation_3,20,0,14,0.0002394956536591,0.25748738082475026,20,229,2,False
qwen3_8b,train,20801104,generation_1,4,0,0,0.977719247341156,0.9902174025774002,4,201,0,True
qwen3_8b,train,20801104,generation_2,4,0,0,0.9665655493736268,0.9876852035522461,4,170,0,True
qwen3_8b,train,20801104,generation_3,4,0,0,0.949779450893402,0.9835271388292313,4,181,0,True
qwen3_8b,train,20806042,generation_1,3,0,0,0.994732141494751,0.9961957335472107,3,183,0,True
qwen3_8b,train,20806042,generation_2,3,0,0,0.9953415393829346,0.9962202707926432,3,212,0,True
qwen3_8b,train,20806042,generation_3,3,0,0,0.9952701926231384,0.9960822463035583,3,154,0,True
qwen3_8b,train,20828385,generation_1,5,0,2,0.0252591371536254,0.5667189545929431,5,166,0,False
qwen3_8b,train,20828385,generation_2,5,0,0,0.5347357392311096,0.8721835017204285,5,161,0,True
qwen3_8b,train,20828385,generation_3,5,0,2,0.002771305385977,0.596826468128711,5,190,0,False
qwen3_8b,train,20846357,generation_1,6,0,4,0.0009905700571835,0.3381493096239865,6,233,0,False
qwen3_8b,train,20846357,generation_2,6,0,3,0.0188482832163572,0.45571379363536835,6,218,0,False
qwen3_8b,train,20846357,generation_3,6,0,0,0.9535078406333924,0.9685644110043844,6,218,0,True
qwen3_8b,train,20854438,generation_1,7,0,4,0.0004112529277335,0.47950584614799086,7,282,0,False
qwen3_8b,train,20854438,generation_2,7,0,4,0.0005092642386443,0.4433223121283975,7,208,0,False
qwen3_8b,train,20854438,generation_3,7,0,4,0.0006490882951766,0.42860893872732825,7,253,0,False
qwen3_8b,train,20949073,generation_1,2,0,1,0.0069140391424298,0.501908163074404,2,210,0,False
qwen3_8b,train,20949073,generation_2,2,0,1,0.0060488381423056,0.5017219979781657,2,206,0,False
qwen3_8b,train,20949073,generation_3,2,0,1,0.0038948117289692,0.5007607667939737,2,185,0,False
qwen3_8b,train,20973483,generation_1,7,0,4,0.0045451708137989,0.395078921357968,7,203,0,False
qwen3_8b,train,20973483,generation_2,7,0,5,0.0036280681379139,0.3025798110757023,7,185,0,False
qwen3_8b,train,20973483,generation_3,7,0,4,0.0041680210269987,0.41979415262384073,7,234,0,False
qwen3_8b,train,21059483,generation_1,2,0,1,0.2725375890731811,0.634038895368576,2,188,0,False
qwen3_8b,train,21059483,generation_2,2,0,0,0.9701488018035888,0.9823472499847412,2,198,0,True
qwen3_8b,train,21059483,generation_3,2,0,0,0.9915001392364502,0.9935860633850098,2,187,0,True
qwen3_8b,train,21070631,generation_1,15,1,0,0.5178855657577515,0.9450305501619974,15,222,2,True
qwen3_8b,train,21070631,generation_2,15,1,1,0.0402687452733516,0.914237576474746,15,280,2,True
qwen3_8b,train,21070631,generation_3,15,1,0,0.8710254430770874,0.9751794735590616,15,232,2,True
qwen3_8b,train,21080147,generation_1,10,1,0,0.8047456741333008,0.960941368341446,10,263,1,True
qwen3_8b,train,21080147,generation_2,10,1,1,0.4244448244571686,0.9253743082284928,10,236,1,True
qwen3_8b,train,21080147,generation_3,10,1,0,0.5024142861366272,0.9405254781246185,10,241,1,True
qwen3_8b,train,21135151,generation_1,1,0,0,0.9949892163276672,0.9949892163276672,1,158,0,True
qwen3_8b,train,21135151,generation_2,1,0,0,0.9944120049476624,0.9944120049476624,1,217,0,True
qwen3_8b,train,21135151,generation_3,1,0,0,0.9937642812728882,0.9937642812728882,1,155,0,True
qwen3_8b,train,21163864,generation_1,2,0,1,0.0106298001483082,0.5026178793050349,2,112,0,False
qwen3_8b,train,21163864,generation_2,2,0,1,0.0069142486900091,0.5003339899703859,2,123,0,False
qwen3_8b,train,21163864,generation_3,2,0,1,0.0103207230567932,0.502078890800476,2,216,0,False
qwen3_8b,train,21195121,generation_1,12,0,1,0.0701349526643753,0.8892786962290605,12,251,1,True
qwen3_8b,train,21195121,generation_2,12,0,3,0.0075586610473692,0.736770071904175,12,225,1,False
qwen3_8b,train,21195121,generation_3,12,0,4,0.0301993489265441,0.689501853659749,12,256,1,False
qwen3_8b,train,21238926,generation_1,7,0,5,0.0005272371345199,0.36476442331747544,7,200,0,False
qwen3_8b,train,21238926,generation_2,7,0,5,0.0031506197992712,0.32745381554455627,7,150,0,False
qwen3_8b,train,21238926,generation_3,7,0,2,0.0006749613094143,0.6609976342463467,7,166,0,False
qwen3_8b,train,21325775,generation_1,2,0,1,0.0443349219858646,0.501369284465909,2,215,0,False
qwen3_8b,train,21325775,generation_2,2,0,0,0.9706610441207886,0.9808312356472015,2,144,0,True
qwen3_8b,train,21325775,generation_3,2,0,0,0.8469266891479492,0.916899561882019,2,164,0,True
qwen3_8b,train,21496008,generation_1,2,0,0,0.9933411478996276,0.994264930486679,2,139,0,True
qwen3_8b,train,21496008,generation_2,2,0,0,0.9945613741874696,0.9947402477264404,2,141,0,True
qwen3_8b,train,21496008,generation_3,2,0,0,0.9936821460723876,0.9944974780082703,2,136,0,True
qwen3_8b,train,21533187,generation_1,3,0,0,0.9946721196174622,0.9953177372614542,3,191,0,True
qwen3_8b,train,21533187,generation_2,3,0,0,0.9937787652015686,0.9948976238568624,3,221,0,True
qwen3_8b,train,21533187,generation_3,3,0,0,0.9942195415496826,0.9945061604181925,3,148,0,True
qwen3_8b,train,21615796,generation_1,5,0,0,0.931723654270172,0.9811730146408081,5,167,0,True
qwen3_8b,train,21615796,generation_2,5,0,0,0.6484940648078918,0.9204643249511719,5,159,0,True
qwen3_8b,train,21615796,generation_3,5,0,1,0.1843520998954773,0.8307567238807678,5,162,0,False
qwen3_8b,train,21666969,generation_1,6,0,0,0.9898579716682434,0.992929071187973,6,218,0,True
qwen3_8b,train,21666969,generation_2,6,0,0,0.973620355129242,0.9889712731043497,6,150,0,True
qwen3_8b,train,21666969,generation_3,6,0,0,0.98265540599823,0.9908989667892456,6,209,0,True
qwen3_8b,train,21682595,generation_1,4,0,1,0.1787108331918716,0.7337498106062412,4,215,0,False
qwen3_8b,train,21682595,generation_2,4,0,1,0.0550956539809703,0.7323116464540362,4,213,0,False
qwen3_8b,train,21682595,generation_3,4,0,1,0.0385200381278991,0.7488599419593811,4,157,0,False
qwen3_8b,train,21695597,generation_1,6,0,0,0.8906080722808838,0.9607941110928854,6,228,0,True
qwen3_8b,train,21695597,generation_2,6,0,0,0.5064718723297119,0.8912558356920878,6,228,0,True
qwen3_8b,train,21695597,generation_3,6,0,0,0.9166586399078368,0.9685168067614237,6,204,0,True
qwen3_8b,train,21699520,generation_1,3,0,1,0.020883671939373,0.6718857263525327,3,156,0,False
qwen3_8b,train,21699520,generation_2,3,0,1,0.0146013377234339,0.6699232220028838,3,155,0,False
qwen3_8b,train,21699520,generation_3,3,0,1,0.0164757296442985,0.6691558932264646,3,160,0,False
qwen3_8b,train,21771880,generation_1,3,0,0,0.8589010238647461,0.9497555295626322,3,205,0,True
qwen3_8b,train,21771880,generation_2,3,0,1,0.3859309256076813,0.7920630077521006,3,271,0,False
qwen3_8b,train,21771880,generation_3,3,0,0,0.9440942406654358,0.978351910909017,3,124,0,True
qwen3_8b,train,21810259,generation_1,25,0,9,0.0002013976336456,0.6249468891153811,25,293,2,False
qwen3_8b,train,21810259,generation_2,25,0,12,0.0002057565288851,0.5299039457913023,25,294,2,False
qwen3_8b,train,21810259,generation_3,25,0,9,0.0001887560501927,0.6396857291046762,25,285,2,False
qwen3_8b,train,21904390,generation_1,3,0,0,0.9894676804542542,0.9938032825787863,3,164,0,True
qwen3_8b,train,21904390,generation_2,3,0,0,0.9959306120872498,0.9964694380760193,3,176,0,True
qwen3_8b,train,21904390,generation_3,3,0,1,0.0029630567878484,0.6645351815968751,3,161,0,False
qwen3_8b,train,21911891,generation_1,2,0,0,0.9648120999336244,0.9745570123195648,2,198,0,True
qwen3_8b,train,21911891,generation_2,2,0,0,0.9724228978157043,0.9813138544559479,2,184,0,True
qwen3_8b,train,21911891,generation_3,2,0,0,0.9111904501914978,0.9496490359306335,2,190,0,True
qwen3_8b,train,22048266,generation_1,5,0,0,0.9691986441612244,0.9852738857269288,5,200,0,True
qwen3_8b,train,22048266,generation_2,5,0,0,0.973760724067688,0.9874831557273864,5,137,0,True
qwen3_8b,train,22048266,generation_3,5,0,0,0.9412997364997864,0.9745782732963562,5,210,0,True
qwen3_8b,train,22051099,generation_1,7,1,0,0.0204838830977678,0.8525821952415364,7,323,0,True
qwen3_8b,train,22051099,generation_2,7,1,0,0.0014826053520664,0.8509542174870148,7,178,0,True
qwen3_8b,train,22051099,generation_3,7,1,0,0.0005472797201946,0.849895016040786,7,264,0,True
qwen3_8b,train,22104738,generation_1,3,0,0,0.9791082739830016,0.9886592427889506,3,173,0,True
qwen3_8b,train,22104738,generation_2,3,0,1,0.0871342197060585,0.6698213741183281,3,203,0,False
qwen3_8b,train,22104738,generation_3,3,0,0,0.9306433796882628,0.9729537765185038,3,193,0,True
qwen3_8b,train,22180037,generation_1,4,0,1,0.045448362827301,0.7536816149950027,4,158,0,False
qwen3_8b,train,22180037,generation_2,4,0,0,0.9720488786697388,0.9833388775587082,4,164,0,True
qwen3_8b,train,22180037,generation_3,4,0,0,0.8505070209503174,0.9513216316699982,4,156,0,True
qwen3_8b,train,22303482,generation_1,30,0,7,0.0004495431203395,0.7692227732254348,30,242,2,False
qwen3_8b,train,22303482,generation_2,30,0,11,0.0002460291725583,0.6278287182862793,30,260,2,False
qwen3_8b,train,22303482,generation_3,30,0,2,0.0002565011964179,0.9115703458606731,30,242,2,True
qwen3_8b,train,22808010,generation_1,33,1,6,0.0001942457602126,0.8205588983709635,33,256,2,False
qwen3_8b,train,22808010,generation_2,33,1,1,0.1332383453845977,0.9535519200744051,33,218,2,True
qwen3_8b,train,22808010,generation_3,33,1,0,0.8255130648612976,0.9829763246305061,33,255,2,True
qwen3_8b,train,22836123,generation_1,6,0,2,0.056778036057949,0.6712976569930712,6,243,0,False
qwen3_8b,train,22836123,generation_2,6,0,4,0.0081758331507444,0.3347942816714446,6,250,0,False
qwen3_8b,train,22836123,generation_3,6,0,2,0.035394687205553,0.6811778228729963,6,261,0,False
qwen3_8b,train,22859398,generation_1,7,0,1,0.2720417380332947,0.8826122028487069,7,198,0,False
qwen3_8b,train,22859398,generation_2,7,0,1,0.0157370418310165,0.8488504354442868,7,166,0,False
qwen3_8b,train,22859398,generation_3,7,0,1,0.0296000000089406,0.8522069079003164,7,200,0,False
qwen3_8b,train,23791840,generation_1,15,0,4,0.0068823206238448,0.7505428946577013,15,215,2,False
qwen3_8b,train,23791840,generation_2,15,0,4,0.0003415904648136,0.7322804945501654,15,273,2,False
qwen3_8b,train,23791840,generation_3,15,0,4,0.0009958688169717,0.7316999133676291,15,254,2,False
qwen3_8b,train,23864035,generation_1,5,1,0,0.4880046248435974,0.8800244688987732,5,161,0,True
qwen3_8b,train,23864035,generation_2,5,1,0,0.4478790760040283,0.8760191679000855,5,203,0,True
qwen3_8b,train,23864035,generation_3,5,1,0,0.4086789488792419,0.8696889996528625,5,299,0,True
qwen3_8b,train,23949582,generation_1,5,0,0,0.9823076725006104,0.9843582153320313,5,145,0,True
qwen3_8b,train,23949582,generation_2,5,0,0,0.9819858074188232,0.9838811039924622,5,148,0,True
qwen3_8b,train,23949582,generation_3,5,0,0,0.9827699661254884,0.9840262532234192,5,150,0,True
qwen3_8b,train,23952588,generation_1,2,0,0,0.982455313205719,0.9839084446430206,2,176,0,True
qwen3_8b,train,23952588,generation_2,2,0,0,0.9793654680252076,0.9812136292457581,2,233,0,True
qwen3_8b,train,23952588,generation_3,2,0,0,0.979610800743103,0.9807906746864319,2,222,0,True
qwen3_8b,train,24055495,generation_1,14,0,4,0.0316953770816326,0.6992213688790798,14,291,2,False
qwen3_8b,train,24055495,generation_2,14,0,6,0.0025136503390967,0.5818891775727805,14,231,2,False
qwen3_8b,train,24055495,generation_3,14,0,6,0.0052880914881825,0.5958197503350675,14,270,2,False
qwen3_8b,train,24100257,generation_1,3,0,2,0.0023331285919994,0.3316589330788701,3,150,0,False
qwen3_8b,train,24100257,generation_2,3,0,2,0.0058085918426513,0.33372066092366975,3,269,0,False
qwen3_8b,train,24100257,generation_3,3,0,2,0.019783679395914,0.3452931580444177,3,201,0,False
qwen3_8b,train,24126708,generation_1,10,0,0,0.967560350894928,0.9847563922405242,10,302,1,True
qwen3_8b,train,24126708,generation_2,10,0,1,0.4844763278961181,0.9286078631877899,10,218,1,True
qwen3_8b,train,24126708,generation_3,10,0,1,0.1347373723983764,0.8744066417217254,10,218,1,True
qwen3_8b,train,24132704,generation_1,16,0,10,0.0064871753565967,0.39385179392411374,16,260,2,False
qwen3_8b,train,24132704,generation_2,16,0,6,0.001421398948878,0.6198164567613276,16,278,2,False
qwen3_8b,train,24132704,generation_3,16,0,7,0.0001810731628211,0.5454595421369959,16,230,2,False
qwen3_8b,train,2422478,generation_1,4,0,1,0.0103831738233566,0.7321398667991161,4,126,0,False
qwen3_8b,train,2422478,generation_2,4,0,1,0.0132664069533348,0.7348593380302191,4,197,0,False
qwen3_8b,train,2422478,generation_3,4,0,2,0.0077299689874053,0.5018716731574386,4,128,0,False
qwen3_8b,train,24309294,generation_1,10,0,2,0.0948783978819847,0.8045800544321537,10,238,1,False
qwen3_8b,train,24309294,generation_2,10,0,5,0.0134380431845784,0.5467762415297329,10,241,1,False
qwen3_8b,train,24309294,generation_3,10,0,4,0.0172452516853809,0.6433932173997163,10,239,1,False
qwen3_8b,train,24341598,generation_1,7,1,0,0.0032934693153947,0.821142896976588,7,215,0,True
qwen3_8b,train,24341598,generation_2,7,1,0,0.0352367125451564,0.8438513103340354,7,179,0,True
qwen3_8b,train,24341598,generation_3,7,1,0,0.2378455847501754,0.8723678908177784,7,189,0,True
qwen3_8b,train,24477591,generation_1,10,0,1,0.0175938531756401,0.8754819445312023,10,201,1,True
qwen3_8b,train,24477591,generation_2,10,0,1,0.0600718259811401,0.892625379562378,10,190,1,True
qwen3_8b,train,24477591,generation_3,10,0,1,0.0056596235372126,0.8555324418935925,10,161,1,True
qwen3_8b,train,24535067,generation_1,8,1,5,0.0009476990089751,0.3518072714869049,8,180,0,False
qwen3_8b,train,24535067,generation_2,8,1,4,0.0140803391113877,0.3552069623256102,8,141,0,False
qwen3_8b,train,24535067,generation_3,8,1,5,0.00111018656753,0.25817596379783936,8,155,0,False
qwen3_8b,train,24587916,generation_1,8,0,2,0.0025717092212289,0.7401156573032495,8,214,0,False
qwen3_8b,train,24587916,generation_2,8,0,0,0.9664793610572816,0.9824012517929077,8,181,0,True
qwen3_8b,train,24587916,generation_3,8,0,0,0.9806892275810242,0.9826141968369484,8,192,0,True
qwen3_8b,train,24588023,generation_1,1,0,1,0.0060750572010874,0.0060750572010874,1,250,0,False
qwen3_8b,train,24588023,generation_2,1,0,1,0.0071177072823047,0.0071177072823047,1,250,0,False
qwen3_8b,train,24588023,generation_3,1,0,1,0.0060003362596035,0.0060003362596035,1,267,0,False
qwen3_8b,train,24623966,generation_1,12,0,4,0.0116212666034698,0.6036330930267771,12,194,1,False
qwen3_8b,train,24623966,generation_2,12,0,2,0.0120346806943416,0.7997836951787273,12,188,1,False
qwen3_8b,train,24623966,generation_3,12,0,5,0.0196226332336664,0.5606501814909279,12,316,1,False
qwen3_8b,train,24632946,generation_1,13,0,4,0.0001902024814626,0.690483881696799,13,218,2,False
qwen3_8b,train,24632946,generation_2,13,0,5,0.0002773388987407,0.5731435844209045,13,222,2,False
qwen3_8b,train,24632946,generation_3,13,0,5,0.0002760844363365,0.6264283907254978,13,235,2,False
qwen3_8b,train,24709919,generation_1,6,0,3,0.0285724606364965,0.5192232538635532,6,149,0,False
qwen3_8b,train,24709919,generation_2,6,0,3,0.0055224150419235,0.49348735025463003,6,259,0,False
qwen3_8b,train,24709919,generation_3,6,0,1,0.0084435259923338,0.7042140450018147,6,177,0,False
qwen3_8b,train,24742750,generation_1,2,0,1,0.1009478718042373,0.5408780053257942,2,196,0,False
qwen3_8b,train,24742750,generation_2,2,0,0,0.9758744239807128,0.9789077639579772,2,201,0,True
qwen3_8b,train,24742750,generation_3,2,0,1,0.0057890410535037,0.4897275862749666,2,174,0,False
qwen3_8b,train,24743235,generation_1,9,1,4,0.0002705196675378,0.5589045217202511,9,290,1,False
qwen3_8b,train,24743235,generation_2,9,1,4,0.0006868865457363,0.5411549006498212,9,225,1,False
qwen3_8b,train,24743235,generation_3,9,1,6,0.0006589557742699,0.36085706791426575,9,207,1,False
qwen3_8b,train,24768818,generation_1,21,2,3,0.0002120733406627,0.7553365766299456,21,238,2,False
qwen3_8b,train,24768818,generation_2,21,2,4,0.0001956155756488,0.7337367023463317,21,335,2,False
qwen3_8b,train,24768818,generation_3,21,2,2,0.0002022206172114,0.759541591185206,21,237,2,True
qwen3_8b,train,24842192,generation_1,20,0,3,0.0002071385533781,0.8337957464282226,20,247,2,False
qwen3_8b,train,24842192,generation_2,20,0,2,0.0406509451568126,0.8728811731562018,20,229,2,True
qwen3_8b,train,24842192,generation_3,20,0,3,0.01905457675457,0.8647871978580952,20,243,2,False
qwen3_8b,train,24853300,generation_1,13,1,4,0.000240957175265,0.6673895470258475,13,261,2,False
qwen3_8b,train,24853300,generation_2,13,1,3,0.0003546670486684,0.7403109233956247,13,231,2,False
qwen3_8b,train,24853300,generation_3,13,1,3,0.0016338386340066,0.7157843067812232,13,193,2,False
qwen3_8b,train,24902786,generation_1,13,0,3,0.0216766688972711,0.7262939535654508,13,251,2,False
qwen3_8b,train,24902786,generation_2,13,0,5,0.0151738626882433,0.5976331380840677,13,238,2,False
qwen3_8b,train,24902786,generation_3,13,0,3,0.0030674010049551,0.7239153824854069,13,329,2,False
qwen3_8b,train,24911645,generation_1,16,1,5,0.0071225548163056,0.6232720862026326,16,254,2,False
qwen3_8b,train,24911645,generation_2,16,1,6,0.0001813088165363,0.5496862252712162,16,246,2,False
qwen3_8b,train,24911645,generation_3,16,1,6,0.0113610979169607,0.6109587478567846,16,223,2,False
qwen3_8b,train,24914936,generation_1,10,0,6,0.0006605226662941,0.4021321225038264,10,221,1,False
qwen3_8b,train,24914936,generation_2,10,0,6,0.0005568404449149,0.4082759210723452,10,210,1,False
qwen3_8b,train,24914936,generation_3,10,0,6,0.0003524888306856,0.44729582625441255,10,233,1,False
qwen3_8b,train,24927617,generation_1,13,5,0,0.0006623741355724,0.6652764876310427,13,302,2,True
qwen3_8b,train,24927617,generation_2,13,5,1,0.0014634459512308,0.615390665551576,13,232,2,True
qwen3_8b,train,24927617,generation_3,13,5,0,0.000800282228738,0.652409748854832,13,311,2,True
qwen3_8b,train,24971338,generation_1,24,1,10,0.0049393093213438,0.5424552317902757,24,264,2,False
qwen3_8b,train,24971338,generation_2,24,1,9,0.0006322037661448,0.5772956390719628,24,216,2,False
qwen3_8b,train,24971338,generation_3,24,1,17,0.0035153094213455,0.26590121819754126,24,188,2,False
qwen3_8b,train,25054547,generation_1,13,0,4,0.0004386968212202,0.6571753463224292,13,181,2,False
qwen3_8b,train,25054547,generation_2,13,0,5,0.0003543628554325,0.6173343417176511,13,199,2,False
qwen3_8b,train,25054547,generation_3,13,0,5,0.000305603200104,0.6549576778555862,13,254,2,False
qwen3_8b,train,25218136,generation_1,18,3,6,0.0002202232280978,0.538563071615095,18,245,2,False
qwen3_8b,train,25218136,generation_2,18,3,5,0.000274410151178,0.6281265049603664,18,262,2,False
qwen3_8b,train,25218136,generation_3,18,3,8,0.0001845151855377,0.4404795268581235,18,262,2,False
qwen3_8b,train,25263533,generation_1,28,2,12,0.0002336857578484,0.5323469780877141,28,253,2,False
qwen3_8b,train,25263533,generation_2,28,2,17,0.0002884741115849,0.3423999750562611,28,312,2,False
qwen3_8b,train,25263533,generation_3,28,2,17,0.0001916144683491,0.3423848526503467,28,273,2,False
qwen3_8b,train,25305591,generation_1,27,0,22,0.0001803986378945,0.19745514245867657,27,269,2,False
qwen3_8b,train,25305591,generation_2,27,0,21,0.0001884665252873,0.23226504000626,27,265,2,False
qwen3_8b,train,25305591,generation_3,27,0,21,0.0002021199907176,0.2290301959874341,27,233,2,False
qwen3_8b,train,25622904,generation_1,26,0,15,0.0002035392972175,0.44846098093358494,26,245,2,False
qwen3_8b,train,25622904,generation_2,26,0,12,0.0002127909683622,0.5244201015492973,26,339,2,False
qwen3_8b,train,25622904,generation_3,26,0,10,0.0002031968761002,0.6093996372426493,26,332,2,False
qwen3_8b,train,25946186,generation_1,13,0,1,0.0122654000297188,0.9017532709269569,13,287,2,True
qwen3_8b,train,25946186,generation_2,13,0,2,0.0366625450551509,0.8520135097205639,13,225,2,True
qwen3_8b,train,25946186,generation_3,13,0,1,0.0074933404102921,0.8849288288933727,13,196,2,True
qwen3_8b,train,25979836,generation_1,55,2,28,0.0001761633175192,0.4974199323618615,55,367,2,False
qwen3_8b,train,25979836,generation_2,55,2,27,0.0001812770060496,0.5244620993318015,55,311,2,False
qwen3_8b,train,25979836,generation_3,55,2,33,0.0001848023384809,0.4086140976398548,55,302,2,False
qwen3_8b,train,25983002,generation_1,9,0,1,0.0333532430231571,0.8356961380276415,9,179,1,True
qwen3_8b,train,25983002,generation_2,9,0,1,0.0469311214983463,0.8774147733218141,9,189,1,True
qwen3_8b,train,25983002,generation_3,9,0,1,0.241573303937912,0.8938248521751828,9,155,1,True
qwen3_8b,train,25986755,generation_1,16,0,4,0.0028871172107756,0.7417879384302069,16,260,2,False
qwen3_8b,train,25986755,generation_2,16,0,4,0.0117725599557161,0.7534863243345171,16,252,2,False
qwen3_8b,train,25986755,generation_3,16,0,3,0.007283573038876,0.7993084187037311,16,361,2,False
qwen3_8b,train,26027517,generation_1,31,0,18,0.0003035719273611,0.46002289828667864,31,281,2,False
qwen3_8b,train,26027517,generation_2,31,0,16,0.0002655212592799,0.5121900971890653,31,297,2,False
qwen3_8b,train,26027517,generation_3,31,0,14,0.0003205252287443,0.5093975770906846,31,299,2,False
qwen3_8b,train,26102294,generation_1,14,0,5,0.000245329021709,0.6493725863464144,14,275,2,False
qwen3_8b,train,26102294,generation_2,14,0,3,0.0004460999043658,0.7206107418127691,14,259,2,False
qwen3_8b,train,26102294,generation_3,14,0,3,0.0006173382862471,0.7781035872799943,14,259,2,False
qwen3_8b,train,26115410,generation_1,1,0,0,0.9793906211853028,0.9793906211853028,1,157,0,True
qwen3_8b,train,26115410,generation_2,1,0,0,0.9748082160949708,0.9748082160949708,1,132,0,True
qwen3_8b,train,26115410,generation_3,1,0,0,0.9730383157730104,0.9730383157730104,1,185,0,True
qwen3_8b,train,26270232,generation_1,25,0,8,0.0005785180837847,0.6909050525492058,25,252,2,False
qwen3_8b,train,26270232,generation_2,25,0,10,0.0041069537401199,0.6430972965061664,25,257,2,False
qwen3_8b,train,26270232,generation_3,25,0,1,0.0044261985458433,0.9281422598101199,25,242,2,True
qwen3_8b,train,26411452,generation_1,8,1,0,0.7558102607727051,0.9551916196942329,8,215,0,True
qwen3_8b,train,26411452,generation_2,8,1,0,0.6105905175209045,0.9398975223302841,8,213,0,True
qwen3_8b,train,26411452,generation_3,8,1,0,0.3281829357147217,0.9061108306050301,8,207,0,True
qwen3_8b,train,26516699,generation_1,59,0,6,0.0001867097162175,0.8961961200831742,59,257,2,False
qwen3_8b,train,26516699,generation_2,59,0,3,0.0011404716642573,0.950222996617983,59,207,2,False
qwen3_8b,train,26516699,generation_3,59,0,4,0.0002391308225924,0.9313077845803552,59,219,2,False
qwen3_8b,train,26731607,generation_1,1,0,0,0.9409096240997314,0.9409096240997314,1,187,0,True
qwen3_8b,train,26731607,generation_2,1,0,1,0.2236542403697967,0.2236542403697967,1,161,0,False
qwen3_8b,train,26731607,generation_3,1,0,0,0.6231862306594849,0.6231862306594849,1,156,0,True
qwen3_8b,train,27014915,generation_1,23,2,4,0.0002207266952609,0.7768210044881055,23,234,2,False
qwen3_8b,train,27014915,generation_2,23,2,4,0.0002001384273171,0.7530629510204206,23,234,2,False
qwen3_8b,train,27014915,generation_3,23,2,2,0.0003541025216691,0.8309661034449085,23,317,2,True
qwen3_8b,train,27084744,generation_1,30,0,6,0.0004977851640433,0.8175308049578841,30,282,2,False
qwen3_8b,train,27084744,generation_2,30,0,3,0.0234746672213077,0.8736342556153734,30,290,2,False
qwen3_8b,train,27084744,generation_3,30,0,11,0.0002078454272123,0.6073280246477225,30,255,2,False
qwen3_8b,train,27134166,generation_1,14,0,7,0.0002200112649006,0.4907967569555954,14,250,2,False
qwen3_8b,train,27134166,generation_2,14,0,6,0.0013628203887492,0.5714098415503811,14,274,2,False
qwen3_8b,train,27134166,generation_3,14,0,4,0.005571742542088,0.7373321360376265,14,287,2,False
qwen3_8b,train,27172902,generation_1,18,1,8,0.0001918058696901,0.4980555000026167,18,262,2,False
qwen3_8b,train,27172902,generation_2,18,1,6,0.0001907265977934,0.6071141548664956,18,222,2,False
qwen3_8b,train,27172902,generation_3,18,1,8,0.0002430835447739,0.4619725416091064,18,294,2,False
qwen3_8b,train,27184800,generation_1,5,0,0,0.5993955135345459,0.8889646053314209,5,148,0,True
qwen3_8b,train,27184800,generation_2,5,0,0,0.966109812259674,0.9795212864875793,5,265,0,True
qwen3_8b,train,27184800,generation_3,5,0,0,0.8645704388618469,0.9414510607719422,5,233,0,True
qwen3_8b,train,27248656,generation_1,37,0,15,0.000184426899068,0.6039150881374922,37,233,2,False
qwen3_8b,train,27248656,generation_2,37,0,13,0.0001823713100748,0.6375215722144129,37,323,2,False
qwen3_8b,train,27248656,generation_3,37,0,14,0.0001845079823397,0.6402192279091576,37,311,2,False
qwen3_8b,train,27292643,generation_1,6,0,2,0.0195856168866157,0.6686032532403866,6,172,0,False
qwen3_8b,train,27292643,generation_2,6,0,1,0.2001261413097381,0.8599357455968857,6,176,0,False
qwen3_8b,train,27292643,generation_3,6,0,2,0.47268146276474,0.8217389037211736,6,159,0,False
qwen3_8b,train,27630165,generation_1,14,0,4,0.0025868273805826,0.6783072660909966,14,200,2,False
qwen3_8b,train,27630165,generation_2,14,0,0,0.8719899654388428,0.9783165029117039,14,301,2,True
qwen3_8b,train,27630165,generation_3,14,0,3,0.0046789702028036,0.751312456892005,14,233,2,False
qwen3_8b,train,27640183,generation_1,6,0,2,0.0072065703570842,0.7134307492524385,6,152,0,False
qwen3_8b,train,27640183,generation_2,6,0,1,0.006131196860224,0.7890656929618368,6,185,0,False
qwen3_8b,train,27640183,generation_3,6,0,0,0.9374711513519288,0.9859689374764761,6,187,0,True
qwen3_8b,train,27643404,generation_1,9,0,0,0.9246846437454224,0.9823662175072564,9,191,1,True
qwen3_8b,train,27643404,generation_2,9,0,1,0.1265012919902801,0.8892794880602095,9,199,1,True
qwen3_8b,train,27643404,generation_3,9,0,0,0.6546187400817871,0.944751865333981,9,216,1,True
qwen3_8b,train,27779699,generation_1,10,0,1,0.290257841348648,0.90981465280056,10,179,1,True
qwen3_8b,train,27779699,generation_2,10,0,2,0.0884022340178489,0.8167392455041409,10,235,1,False
qwen3_8b,train,27779699,generation_3,10,0,4,0.0100476862862706,0.615821433160454,10,278,1,False
qwen3_8b,train,27825100,generation_1,10,0,1,0.0519808232784271,0.746785107254982,10,227,1,True
qwen3_8b,train,27825100,generation_2,10,0,2,0.0072024846449494,0.7652202882803977,10,207,1,False
qwen3_8b,train,27825100,generation_3,10,0,4,0.0034908223897218,0.6146011440083384,10,199,1,False
qwen3_8b,train,27860244,generation_1,19,0,5,0.0071510719135403,0.6943322846567944,19,239,2,False
qwen3_8b,train,27860244,generation_2,19,0,6,0.0075822700746357,0.6944751229480302,19,237,2,False
qwen3_8b,train,27860244,generation_3,19,0,7,0.0019971509464085,0.5768753876419443,19,266,2,False
qwen3_8b,train,27930654,generation_1,9,2,0,0.9439630508422852,0.9849076535966661,9,219,1,True
qwen3_8b,train,27930654,generation_2,9,2,0,0.9392527341842652,0.9854279292954339,9,208,1,True
qwen3_8b,train,27930654,generation_3,9,2,0,0.9105309844017028,0.9798569215668572,9,181,1,True
qwen3_8b,train,27941998,generation_1,16,0,2,0.2188448905944824,0.8978849984705448,16,168,2,True
qwen3_8b,train,27941998,generation_2,16,0,0,0.9251238703727722,0.9861070588231087,16,254,2,True
qwen3_8b,train,27941998,generation_3,16,0,10,0.0002747607650235,0.3838985415059142,16,166,2,False
qwen3_8b,train,27959382,generation_1,8,0,4,0.0040102493949234,0.5174936983385123,8,267,0,False
qwen3_8b,train,27959382,generation_2,8,0,5,0.0044236630201339,0.3898916121106595,8,309,0,False
qwen3_8b,train,27959382,generation_3,8,0,3,0.0236275698989629,0.6443981269840151,8,254,0,False
qwen3_8b,train,27974047,generation_1,24,0,5,0.0003250414156354,0.8047732635131979,24,252,2,False
qwen3_8b,train,27974047,generation_2,24,0,5,0.0003094801795668,0.8042728314224709,24,240,2,False
qwen3_8b,train,27974047,generation_3,24,0,3,0.0002846701536327,0.8567306551255266,24,223,2,False
qwen3_8b,train,27999109,generation_1,10,0,2,0.0335605032742023,0.8031437788158655,10,286,1,False
qwen3_8b,train,27999109,generation_2,10,0,3,0.0006068488000892,0.7008789340907242,10,335,1,False
qwen3_8b,train,27999109,generation_3,10,0,1,0.0119690811261534,0.8583128265105188,10,256,1,True
qwen3_8b,train,28075473,generation_1,13,0,3,0.0002401134552201,0.7480727557278721,13,208,2,False
qwen3_8b,train,28075473,generation_2,13,0,5,0.0002256937586935,0.6035623452144836,13,222,2,False
qwen3_8b,train,28075473,generation_3,13,0,5,0.0002868305600713,0.6227011213486549,13,253,2,False
qwen3_8b,train,28098423,generation_1,11,1,2,0.0001916426117531,0.7589746197759681,11,225,1,False
qwen3_8b,train,28098423,generation_2,11,1,2,0.0003526884829625,0.7005562679312954,11,215,1,False
qwen3_8b,train,28098423,generation_3,11,1,1,0.0003112831618636,0.7284288770222868,11,243,1,True
qwen3_8b,train,28101574,generation_1,7,0,0,0.5812081098556519,0.9263875910214016,7,151,0,True
qwen3_8b,train,28101574,generation_2,7,0,1,0.0009654100285843,0.7839935668245224,7,154,0,False
qwen3_8b,train,28101574,generation_3,7,0,2,0.0001869794505182,0.6632348192132278,7,272,0,False
qwen3_8b,train,28148288,generation_1,9,0,4,0.0010879298206418,0.5911711174218603,9,188,1,False
qwen3_8b,train,28148288,generation_2,9,0,4,0.0030765805859118,0.6087135864266505,9,220,1,False
qwen3_8b,train,28148288,generation_3,9,0,3,0.0026395118329674,0.6849472682353936,9,244,1,False
qwen3_8b,train,28151486,generation_1,8,0,4,0.0014365722890943,0.5085788239666726,8,209,0,False
qwen3_8b,train,28151486,generation_2,8,0,3,0.0005016515497118,0.6165720458811847,8,191,0,False
qwen3_8b,train,28151486,generation_3,8,0,4,0.0113985538482666,0.5195289339171723,8,208,0,False
qwen3_8b,train,28204828,generation_1,16,0,4,0.0003853043599519,0.7461515753766434,16,193,2,False
qwen3_8b,train,28204828,generation_2,16,0,4,0.0121700903400778,0.7340747453854419,16,269,2,False
qwen3_8b,train,28204828,generation_3,16,0,3,0.0012042635353282,0.7997293231965159,16,232,2,False
qwen3_8b,train,28260056,generation_1,16,0,3,0.0317902900278568,0.815558327594772,16,257,2,False
qwen3_8b,train,28260056,generation_2,16,0,6,0.0004989376175217,0.6628456085563812,16,218,2,False
qwen3_8b,train,28260056,generation_3,16,0,2,0.0448286794126033,0.8750839165877551,16,219,2,True
qwen3_8b,train,28260077,generation_1,16,0,7,0.0005111214122734,0.5812397500958468,16,225,2,False
qwen3_8b,train,28260077,generation_2,16,0,6,0.0004943937528878,0.6441241922439076,16,281,2,False
qwen3_8b,train,28260077,generation_3,16,0,6,0.0003092648694291,0.6147560573554074,16,259,2,False
qwen3_8b,train,28260110,generation_1,21,1,6,0.0002452160406392,0.6625784488680351,21,287,2,False
qwen3_8b,train,28260110,generation_2,21,1,6,0.0003959823225159,0.6584767979899576,21,270,2,False
qwen3_8b,train,28260110,generation_3,21,1,7,0.0002229484234703,0.5980050958273101,21,268,2,False
qwen3_8b,train,28279980,generation_1,17,0,5,0.0329936109483242,0.7130114076768651,17,238,2,False
qwen3_8b,train,28279980,generation_2,17,0,5,0.017684768885374,0.705401694511666,17,252,2,False
qwen3_8b,train,28279980,generation_3,17,0,5,0.0053087640553712,0.6965990310041782,17,259,2,False
qwen3_8b,train,28346429,generation_1,8,1,2,0.0002032354532275,0.7423692571937863,8,233,0,False
qwen3_8b,train,28346429,generation_2,8,1,2,0.0045920736156404,0.7479534512967803,8,177,0,False
qwen3_8b,train,28346429,generation_3,8,1,4,0.0003432157391216,0.44596486382579315,8,221,0,False
qwen3_8b,train,28348168,generation_1,3,0,0,0.9941934943199158,0.9950787425041199,3,149,0,True
qwen3_8b,train,28348168,generation_2,3,0,0,0.9909607768058776,0.9943459431330363,3,153,0,True
qwen3_8b,train,28348168,generation_3,3,0,0,0.9947099685668944,0.9956395824750265,3,185,0,True
qwen3_8b,train,28368423,generation_1,18,0,7,0.0001794464915292,0.6012958449379463,18,255,2,False
qwen3_8b,train,28368423,generation_2,18,0,5,0.0002074261428788,0.699372890484584,18,286,2,False
qwen3_8b,train,28368423,generation_3,18,0,6,0.0001872729626484,0.63799229545273,18,293,2,False
qwen3_8b,train,28368537,generation_1,8,1,1,0.0249739047139883,0.8728438287507743,8,194,0,False
qwen3_8b,train,28368537,generation_2,8,1,0,0.9811601042747498,0.9923586398363113,8,191,0,True
qwen3_8b,train,28368537,generation_3,8,1,1,0.1579357385635376,0.8840041607618332,8,199,0,False
qwen3_8b,train,28398555,generation_1,11,1,1,0.165667176246643,0.8652673742987893,11,237,1,True
qwen3_8b,train,28398555,generation_2,11,1,1,0.0158955436199903,0.8735011109912937,11,223,1,True
qwen3_8b,train,28398555,generation_3,11,1,2,0.020448163151741,0.848766493526372,11,218,1,False
qwen3_8b,train,28411266,generation_1,10,0,2,0.0135484291240572,0.7640915925614535,10,218,1,False
qwen3_8b,train,28411266,generation_2,10,0,2,0.0149878757074475,0.7559989017434419,10,226,1,False
qwen3_8b,train,28411266,generation_3,10,0,4,0.0051935352385044,0.6167972356081008,10,245,1,False
qwen3_8b,train,28416580,generation_1,16,0,3,0.0169651880860328,0.7867906455649063,16,237,2,False
qwen3_8b,train,28416580,generation_2,16,0,4,0.00281761912629,0.7410914085048717,16,225,2,False
qwen3_8b,train,28416580,generation_3,16,0,4,0.0056131756864488,0.742352643108461,16,284,2,False
qwen3_8b,train,28428256,generation_1,18,1,7,0.0002102584548993,0.5904164719241736,18,280,2,False
qwen3_8b,train,28428256,generation_2,18,1,8,0.0002065508451778,0.527446055750867,18,263,2,False
qwen3_8b,train,28428256,generation_3,18,1,7,0.0001936192711582,0.5601482691393661,18,265,2,False
qwen3_8b,train,28468941,generation_1,25,0,17,0.0002096314856316,0.3307170647638849,25,223,2,False
qwen3_8b,train,28468941,generation_2,25,0,15,0.0002027264272328,0.39720199214993046,25,207,2,False
qwen3_8b,train,28468941,generation_3,25,0,15,0.0002060431579593,0.39823676429805344,25,219,2,False
qwen3_8b,train,28472177,generation_1,36,0,1,0.0009791346965357,0.9596190885608343,36,246,2,True
qwen3_8b,train,28472177,generation_2,36,0,2,0.001084785326384,0.9414288803721623,36,348,2,True
qwen3_8b,train,28472177,generation_3,36,0,11,0.0005737888859584,0.6863025838279605,36,321,2,False
qwen3_8b,train,28487437,generation_1,13,0,7,0.0002923902356997,0.4226495669527839,13,269,2,False
qwen3_8b,train,28487437,generation_2,13,0,5,0.0002026869915425,0.611569427885115,13,271,2,False
qwen3_8b,train,28487437,generation_3,13,0,5,0.0009951536776497,0.5948003527636712,13,252,2,False
qwen3_8b,train,28512644,generation_1,27,0,8,0.000261884270003,0.6881276130799152,27,215,2,False
qwen3_8b,train,28512644,generation_2,27,0,9,0.0002707332605496,0.664006527252409,27,281,2,False
qwen3_8b,train,28512644,generation_3,27,0,10,0.0002363944367971,0.6415144347998581,27,257,2,False
qwen3_8b,train,28584052,generation_1,5,0,0,0.9288744926452636,0.9821470499038696,5,177,0,True
qwen3_8b,train,28584052,generation_2,5,0,1,0.0133282449096441,0.7990423660725355,5,152,0,False
qwen3_8b,train,28584052,generation_3,5,0,1,0.0180266387760639,0.799577484279871,5,196,0,False
qwen3_8b,train,28604678,generation_1,10,0,9,0.0004216054221615,0.09916019429510921,10,211,1,False
qwen3_8b,train,28604678,generation_2,10,0,6,0.0003405233437661,0.4247028450627113,10,147,1,False
qwen3_8b,train,28604678,generation_3,10,0,10,0.0002772817970253,0.00040693290648046,10,196,1,False
qwen3_8b,train,28650467,generation_1,14,1,5,0.0002620903542265,0.5765124702676465,14,260,2,False
qwen3_8b,train,28650467,generation_2,14,1,5,0.000321972038364,0.5695371586792005,14,248,2,False
qwen3_8b,train,28650467,generation_3,14,1,5,0.0004830488469451,0.5953318699695436,14,292,2,False
qwen3_8b,train,28660748,generation_1,14,0,3,0.0180372353643178,0.7858864333746689,14,213,2,False
qwen3_8b,train,28660748,generation_2,14,0,4,0.0616984665393829,0.7744315734931401,14,235,2,False
qwen3_8b,train,28660748,generation_3,14,0,4,0.0196172315627336,0.7206162399213228,14,208,2,False
qwen3_8b,train,28687665,generation_1,3,0,0,0.9932217597961426,0.9937890768051147,3,145,0,True
qwen3_8b,train,28687665,generation_2,3,0,0,0.9944509863853456,0.9950098594029745,3,185,0,True
qwen3_8b,train,28687665,generation_3,3,0,0,0.9934554696083068,0.9939996004104614,3,216,0,True
qwen3_8b,train,28747658,generation_1,27,0,0,0.9928075075149536,0.9965835103282222,27,309,2,True
qwen3_8b,train,28747658,generation_2,27,0,4,0.0001934185129357,0.8481011500175724,27,258,2,False
qwen3_8b,train,28747658,generation_3,27,0,0,0.9890052676200868,0.9963550876688074,27,217,2,True
qwen3_8b,train,28777492,generation_1,12,1,1,0.3273532688617706,0.8388451536496481,12,215,1,True
qwen3_8b,train,28777492,generation_2,12,1,2,0.0068952059373259,0.7348294664019098,12,139,1,False
qwen3_8b,train,28777492,generation_3,12,1,1,0.0198360458016395,0.8052997433890899,12,205,1,True
qwen3_8b,train,28851297,generation_1,16,0,4,0.0031664862763136,0.7474033169564791,16,250,2,False
qwen3_8b,train,28851297,generation_2,16,0,4,0.0004160545940976,0.7436115822492866,16,230,2,False
qwen3_8b,train,28851297,generation_3,16,0,7,0.0003086527867708,0.5644737635630008,16,231,2,False
qwen3_8b,train,28883039,generation_1,13,3,2,0.000434877059888,0.7861148111584882,13,202,2,True
qwen3_8b,train,28883039,generation_2,13,3,2,0.0002956338867079,0.740990510530537,13,204,2,True
qwen3_8b,train,28883039,generation_3,13,3,3,0.0002640648162923,0.6308382030961533,13,157,2,False
qwen3_8b,train,29045486,generation_1,25,0,8,0.0002533133083488,0.685629743434256,25,270,2,False
qwen3_8b,train,29045486,generation_2,25,0,8,0.0003512955736368,0.6551166839571669,25,260,2,False
qwen3_8b,train,29045486,generation_3,25,0,7,0.0002843812690116,0.738326015996281,25,255,2,False
qwen3_8b,train,29222418,generation_1,11,0,10,0.0002110620844177,0.17544319051243784,11,202,1,False
qwen3_8b,train,29222418,generation_2,11,0,11,0.0001981097739189,0.05180408982480658,11,228,1,False
qwen3_8b,train,29222418,generation_3,11,0,4,0.0002143934980267,0.5822351369041082,11,176,1,False
qwen3_8b,train,30442153,generation_1,38,0,12,0.0002384128019912,0.6663205876435601,38,293,2,False
qwen3_8b,train,30442153,generation_2,38,0,13,0.0002328632690478,0.6750692212379746,38,300,2,False
qwen3_8b,train,30442153,generation_3,38,0,10,0.0002390669833403,0.7232767806107356,38,268,2,False
qwen3_8b,train,30836660,generation_1,51,0,46,0.0001858103642007,0.09725168467169468,51,342,2,False
qwen3_8b,train,30836660,generation_2,51,0,47,0.0001819037861423,0.07763100930406279,51,308,2,False
qwen3_8b,train,30836660,generation_3,51,0,47,0.0001868623512564,0.0777887091589589,51,237,2,False
qwen3_8b,train,7018927,generation_1,4,0,1,0.3423055410385132,0.7592986822128296,4,138,0,False
qwen3_8b,train,7018927,generation_2,4,0,2,0.0317264832556247,0.5163967413827776,4,204,0,False
qwen3_8b,train,7018927,generation_3,4,0,0,0.9113690257072448,0.9468092620372772,4,146,0,True
qwen3_8b,train,7468724,generation_1,5,0,3,0.0081507069990038,0.3922438850626349,5,184,0,False
qwen3_8b,train,7468724,generation_2,5,0,3,0.0085512977093458,0.3864415373653173,5,160,0,False
qwen3_8b,train,7468724,generation_3,5,0,3,0.0139151914045214,0.3683142041787505,5,158,0,False
qwen3_8b,train,7668252,generation_1,4,0,2,0.0513388402760028,0.47869171667844057,4,137,0,False
qwen3_8b,train,7668252,generation_2,4,0,2,0.041112795472145,0.5116025153547525,4,164,0,False
qwen3_8b,train,7668252,generation_3,4,0,2,0.0752208456397056,0.564800938591361,4,178,0,False
qwen3_8b,train,7905839,generation_1,6,0,0,0.991724967956543,0.9946613907814026,6,181,0,True
qwen3_8b,train,7905839,generation_2,6,0,0,0.9867686629295348,0.9915130436420441,6,148,0,True
qwen3_8b,train,7905839,generation_3,6,0,0,0.9880272150039672,0.9948209226131439,6,191,0,True
qwen3_8b,train,8002973,generation_1,1,0,0,0.9978680610656738,0.9978680610656738,1,175,0,True
qwen3_8b,train,8002973,generation_2,1,0,0,0.9967441558837892,0.9967441558837892,1,236,0,True
qwen3_8b,train,8002973,generation_3,1,0,0,0.9970454573631288,0.9970454573631288,1,197,0,True
qwen3_8b,train,8755918,generation_1,2,0,0,0.9896657466888428,0.9928036034107208,2,208,0,True
qwen3_8b,train,8755918,generation_2,2,0,0,0.9956520199775696,0.9960264265537262,2,139,0,True
qwen3_8b,train,8755918,generation_3,2,0,0,0.9957619309425354,0.9960600137710571,2,174,0,True
qwen3_8b,train,9294109,generation_1,2,0,0,0.9397979378700256,0.9688853621482849,2,141,0,True
qwen3_8b,train,9294109,generation_2,2,0,1,0.1848987340927124,0.5915296971797943,2,145,0,False
qwen3_8b,train,9294109,generation_3,2,0,0,0.8646935224533081,0.9313498437404633,2,155,0,True
qwen3_8b,train,9647766,generation_1,9,3,2,0.0100007783621549,0.4921759677429994,9,201,1,False
qwen3_8b,train,9647766,generation_2,9,3,0,0.0241560637950897,0.7145210107167562,9,204,1,True
qwen3_8b,train,9647766,generation_3,9,3,0,0.0004892752622254,0.7293029634036228,9,169,1,True
qwen3_8b,train,9746003,generation_1,10,4,1,0.000394562841393,0.475099402052001,10,204,1,True
qwen3_8b,train,9746003,generation_2,10,4,4,0.0003390554047655,0.22014705569890788,10,285,1,False
qwen3_8b,train,9746003,generation_3,10,4,3,0.0003027086495421,0.29094084573735013,10,253,1,False
