model,split,paper_id,generation,n_relations,n_failed,min_prob,mean_prob,abstract_words,n_rare,error_rate,L0_strict,L1_rate10,L2_rate20,L3_rate33,L4_rate50,L5_unfiltered,D_dynamic
qwen3_4b,dev,14510914,generation_1,7,4,0.0023289744276553,0.4823537039503987,176,0,0.5714285714285714,False,False,False,False,False,True,False
qwen3_4b,dev,14510914,generation_2,7,4,0.0025011517573148,0.4880437892529049,189,0,0.5714285714285714,False,False,False,False,False,True,False
qwen3_4b,dev,14510914,generation_3,7,5,0.0013260185951367,0.3301640437150906,246,0,0.7142857142857143,False,False,False,False,False,True,False
qwen3_4b,dev,15018851,generation_1,7,3,0.0053794705308973,0.5624706141783723,155,0,0.42857142857142855,False,False,False,False,True,True,False
qwen3_4b,dev,15018851,generation_2,7,3,0.0049149538390338,0.5618791073959853,161,0,0.42857142857142855,False,False,False,False,True,True,False
qwen3_4b,dev,15018851,generation_3,7,3,0.0059574926272034,0.562303500449551,175,0,0.42857142857142855,False,False,False,False,True,True,False
qwen3_4b,dev,15041272,generation_1,8,6,0.000293312157737,0.2517868197464849,200,0,0.75,False,False,False,False,False,True,False
qwen3_4b,dev,15041272,generation_2,8,5,0.0004063284432049,0.34545815809906344,181,0,0.625,False,False,False,False,False,True,False
qwen3_4b,dev,15041272,generation_3,8,4,0.0005229976377449,0.4173677725120796,179,0,0.5,False,False,False,False,True,True,False
qwen3_4b,dev,15069170,generation_1,6,1,0.0019013246055692,0.8047775718926763,190,0,0.16666666666666666,False,False,True,True,True,True,False
qwen3_4b,dev,15069170,generation_2,6,1,0.0018932925304397,0.8150485473646162,159,0,0.16666666666666666,False,False,True,True,True,True,False
qwen3_4b,dev,15069170,generation_3,6,1,0.002451762324199,0.8164623056460792,165,0,0.16666666666666666,False,False,True,True,True,True,False
qwen3_4b,dev,15086325,generation_1,1,0,0.9954921007156372,0.9954921007156372,148,0,0.0,True,True,True,True,True,True,True
qwen3_4b,dev,15086325,generation_2,1,0,0.9778777360916138,0.9778777360916138,155,0,0.0,True,True,True,True,True,True,True
qwen3_4b,dev,15086325,generation_3,1,0,0.9956297874450684,0.9956297874450684,181,0,0.0,True,True,True,True,True,True,True
qwen3_4b,dev,15096016,generation_1,1,0,0.9800564646720886,0.9800564646720886,147,0,0.0,True,True,True,True,True,True,True
qwen3_4b,dev,15096016,generation_2,1,0,0.980124831199646,0.980124831199646,188,0,0.0,True,True,True,True,True,True,True
qwen3_4b,dev,15096016,generation_3,1,0,0.9775713086128236,0.9775713086128236,185,0,0.0,True,True,True,True,True,True,True
qwen3_4b,dev,15579441,generation_1,5,3,0.0106560355052351,0.4120378656312823,204,0,0.6,False,False,False,False,False,True,False
qwen3_4b,dev,15579441,generation_2,5,1,0.0862146019935607,0.7271084666252137,176,0,0.2,False,False,True,True,True,True,False
qwen3_4b,dev,15579441,generation_3,5,4,0.0002156909613404,0.24663016244885508,232,0,0.8,False,False,False,False,False,True,False
qwen3_4b,dev,15754732,generation_1,9,2,0.005404295399785,0.8128585122111771,164,0,0.2222222222222222,False,False,False,True,True,True,False
qwen3_4b,dev,15754732,generation_2,9,1,0.0164018087089061,0.885800015181303,202,0,0.1111111111111111,False,False,True,True,True,True,True
qwen3_4b,dev,15754732,generation_3,9,0,0.985041081905365,0.9938265747494168,179,0,0.0,True,True,True,True,True,True,True
qwen3_4b,dev,15867855,generation_1,4,0,0.9055843353271484,0.9696621894836426,127,0,0.0,True,True,True,True,True,True,True
qwen3_4b,dev,15867855,generation_2,4,0,0.9751670956611632,0.9864502251148224,169,0,0.0,True,True,True,True,True,True,True
qwen3_4b,dev,15867855,generation_3,4,0,0.950921356678009,0.9815112203359604,150,0,0.0,True,True,True,True,True,True,True
qwen3_4b,dev,15951966,generation_1,2,0,0.9901220202445984,0.9910653531551361,170,0,0.0,True,True,True,True,True,True,True
qwen3_4b,dev,15951966,generation_2,2,0,0.9935885667800904,0.9936405420303345,157,0,0.0,True,True,True,True,True,True,True
qwen3_4b,dev,15951966,generation_3,2,0,0.9904152154922484,0.991546869277954,168,0,0.0,True,True,True,True,True,True,True
qwen3_4b,dev,15991002,generation_1,4,0,0.5048255920410156,0.7783503085374832,136,0,0.0,True,True,True,True,True,True,True
qwen3_4b,dev,15991002,generation_2,4,0,0.794142484664917,0.9144831597805023,141,0,0.0,True,True,True,True,True,True,True
qwen3_4b,dev,15991002,generation_3,4,1,0.0386177897453308,0.7407455593347549,228,0,0.25,False,False,False,True,True,True,False
qwen3_4b,dev,16000134,generation_1,5,1,0.0866391435265541,0.5982902839779853,199,0,0.2,False,False,True,True,True,True,False
qwen3_4b,dev,16000134,generation_2,5,1,0.1551215946674347,0.7733621656894684,172,0,0.2,False,False,True,True,True,True,False
qwen3_4b,dev,16000134,generation_3,5,1,0.2632560431957245,0.7276485145092011,161,0,0.2,False,False,True,True,True,True,False
qwen3_4b,dev,16018252,generation_1,1,0,0.5410305857658386,0.5410305857658386,171,0,0.0,True,True,True,True,True,True,True
qwen3_4b,dev,16018252,generation_2,1,0,0.8962177634239197,0.8962177634239197,202,0,0.0,True,True,True,True,True,True,True
qwen3_4b,dev,16018252,generation_3,1,1,0.0836210399866104,0.0836210399866104,184,0,1.0,False,False,False,False,False,True,False
qwen3_4b,dev,16051693,generation_1,5,1,0.0008952905773185,0.7677067099022679,248,0,0.2,False,False,True,True,True,True,False
qwen3_4b,dev,16051693,generation_2,5,1,0.0008930609328672,0.7795976886292919,175,0,0.2,False,False,True,True,True,True,False
qwen3_4b,dev,16051693,generation_3,5,1,0.0013169508893042,0.7741271706763655,202,0,0.2,False,False,True,True,True,True,False
qwen3_4b,dev,16152606,generation_1,4,0,0.9909007549285888,0.9911664575338364,172,0,0.0,True,True,True,True,True,True,True
qwen3_4b,dev,16152606,generation_2,4,0,0.9915919303894044,0.9921673238277436,126,0,0.0,True,True,True,True,True,True,True
qwen3_4b,dev,16152606,generation_3,4,0,0.9893600940704346,0.9900003373622894,153,0,0.0,True,True,True,True,True,True,True
qwen3_4b,dev,16181814,generation_1,3,0,0.962384819984436,0.9826593001683553,169,0,0.0,True,True,True,True,True,True,True
qwen3_4b,dev,16181814,generation_2,3,1,0.0275900159031152,0.6699050397922596,207,0,0.3333333333333333,False,False,False,False,True,True,False
qwen3_4b,dev,16181814,generation_3,3,0,0.6859121322631836,0.8904692927996317,184,0,0.0,True,True,True,True,True,True,True
qwen3_4b,dev,16225977,generation_1,8,0,0.954210877418518,0.9717615023255348,222,1,0.0,True,True,True,True,True,True,True
qwen3_4b,dev,16225977,generation_2,8,0,0.9718908071517944,0.9757360368967056,246,1,0.0,True,True,True,True,True,True,True
qwen3_4b,dev,16225977,generation_3,8,0,0.9561471939086914,0.9759675487875938,246,1,0.0,True,True,True,True,True,True,True
qwen3_4b,dev,16277682,generation_1,4,1,0.028379026800394,0.7526399651542305,199,0,0.25,False,False,False,True,True,True,False
qwen3_4b,dev,16277682,generation_2,4,1,0.0047860462218523,0.7448544730432332,197,0,0.25,False,False,False,True,True,True,False
qwen3_4b,dev,16277682,generation_3,4,1,0.0212606731802225,0.7509032622911036,184,0,0.25,False,False,False,True,True,True,False
qwen3_4b,dev,16419642,generation_1,4,2,0.0067179091274738,0.4999373536556959,137,0,0.5,False,False,False,False,True,True,False
qwen3_4b,dev,16419642,generation_2,4,1,0.0267900470644235,0.7448708326555789,145,0,0.25,False,False,False,True,True,True,False
qwen3_4b,dev,16419642,generation_3,4,2,0.0028926932718604,0.5129229737794958,168,0,0.5,False,False,False,False,True,True,False
qwen3_4b,dev,16565833,generation_1,9,2,0.0019460623152554,0.7554027807070978,132,0,0.2222222222222222,False,False,False,True,True,True,False
qwen3_4b,dev,16565833,generation_2,9,2,0.0075051444582641,0.7752225659270253,127,0,0.2222222222222222,False,False,False,True,True,True,False
qwen3_4b,dev,16565833,generation_3,9,1,0.0229504741728305,0.8661314716769589,191,0,0.1111111111111111,False,False,True,True,True,True,True
qwen3_4b,dev,16611040,generation_1,1,0,0.9951930046081544,0.9951930046081544,161,0,0.0,True,True,True,True,True,True,True
qwen3_4b,dev,16611040,generation_2,1,0,0.9948397278785706,0.9948397278785706,161,0,0.0,True,True,True,True,True,True,True
qwen3_4b,dev,16611040,generation_3,1,0,0.9917117357254028,0.9917117357254028,166,0,0.0,True,True,True,True,True,True,True
qwen3_4b,dev,16680561,generation_1,5,1,0.0134687954559922,0.7882449613884092,184,1,0.2,False,False,True,True,True,True,False
qwen3_4b,dev,16680561,generation_2,5,1,0.0058070947416126,0.7866559133864939,135,1,0.2,False,False,True,True,True,True,False
qwen3_4b,dev,16680561,generation_3,5,1,0.0191002506762743,0.7716118101030588,149,1,0.2,False,False,True,True,True,True,False
qwen3_4b,dev,1671881,generation_1,6,2,0.0004943963140249,0.5970826642587781,171,0,0.3333333333333333,False,False,False,False,True,True,False
qwen3_4b,dev,1671881,generation_2,6,2,0.0006420747376978,0.620639921243613,162,0,0.3333333333333333,False,False,False,False,True,True,False
qwen3_4b,dev,1671881,generation_3,6,2,0.0005275226430967,0.5825092744586678,195,0,0.3333333333333333,False,False,False,False,True,True,False
qwen3_4b,dev,16838170,generation_1,14,8,0.0020909560844302,0.4187829019002883,235,0,0.5714285714285714,False,False,False,False,False,True,False
qwen3_4b,dev,16838170,generation_2,14,10,0.0014129679184406,0.3556645196929042,202,0,0.7142857142857143,False,False,False,False,False,True,False
qwen3_4b,dev,16838170,generation_3,14,10,0.0012393319047987,0.3014751183966707,196,0,0.7142857142857143,False,False,False,False,False,True,False
qwen3_4b,dev,16867021,generation_1,12,5,0.0039161345921456,0.5647384837502614,221,0,0.4166666666666667,False,False,False,False,True,True,False
qwen3_4b,dev,16867021,generation_2,12,4,0.0057819699868559,0.6769882267496238,231,0,0.3333333333333333,False,False,False,False,True,True,False
qwen3_4b,dev,16867021,generation_3,12,4,0.0055250921286642,0.6570859679098552,285,0,0.3333333333333333,False,False,False,False,True,True,False
qwen3_4b,dev,16867246,generation_1,6,1,0.4853716194629669,0.9000821858644485,217,0,0.16666666666666666,False,False,True,True,True,True,False
qwen3_4b,dev,16867246,generation_2,6,2,0.0128870205953717,0.6538137105914453,215,0,0.3333333333333333,False,False,False,False,True,True,False
qwen3_4b,dev,16867246,generation_3,6,0,0.8627296686172485,0.9639673431714376,163,0,0.0,True,True,True,True,True,True,True
qwen3_4b,dev,17033974,generation_1,6,1,0.0196243822574615,0.8130156149466833,161,0,0.16666666666666666,False,False,True,True,True,True,False
qwen3_4b,dev,17033974,generation_2,6,1,0.0531997084617614,0.82938352227211,239,0,0.16666666666666666,False,False,True,True,True,True,False
qwen3_4b,dev,17033974,generation_3,6,1,0.0134697202593088,0.8153691431507468,198,0,0.16666666666666666,False,False,True,True,True,True,False
qwen3_4b,dev,17042884,generation_1,5,2,0.026376437395811,0.6668926917016507,279,0,0.4,False,False,False,False,True,True,False
qwen3_4b,dev,17042884,generation_2,5,0,0.9499555230140686,0.9729132533073426,173,0,0.0,True,True,True,True,True,True,True
qwen3_4b,dev,17042884,generation_3,5,0,0.9433934092521667,0.9694174289703369,181,0,0.0,True,True,True,True,True,True,True
qwen3_4b,dev,17151160,generation_1,8,2,0.0075791492126882,0.7157264354755171,192,1,0.25,False,False,False,True,True,True,False
qwen3_4b,dev,17151160,generation_2,8,7,0.0112596694380044,0.18076170084532345,140,1,0.875,False,False,False,False,False,True,False
qwen3_4b,dev,17151160,generation_3,8,3,0.0064775324426591,0.6572907626978122,218,1,0.375,False,False,False,False,True,True,False
qwen3_4b,dev,17255138,generation_1,18,16,0.0002935504890047,0.11307499144782514,218,3,0.8888888888888888,False,False,False,False,False,True,False
qwen3_4b,dev,17255138,generation_2,18,16,0.000226354735787,0.11326361339807689,234,3,0.8888888888888888,False,False,False,False,False,True,False
qwen3_4b,dev,17255138,generation_3,18,17,0.0005107345059514,0.06032997596776108,180,3,0.9444444444444444,False,False,False,False,False,True,False
qwen3_4b,dev,17297207,generation_1,8,6,0.0062276935204863,0.27575391478603706,152,0,0.75,False,False,False,False,False,True,False
qwen3_4b,dev,17297207,generation_2,8,5,0.0076659331098198,0.38471456570550794,173,0,0.625,False,False,False,False,False,True,False
qwen3_4b,dev,17297207,generation_3,8,7,0.0060224197804927,0.17226694186683741,167,0,0.875,False,False,False,False,False,True,False
qwen3_4b,dev,17345627,generation_1,16,8,0.0001938762288773,0.49888775713225186,168,0,0.5,False,False,False,False,True,True,False
qwen3_4b,dev,17345627,generation_2,16,8,0.0001909349375637,0.4980311324234208,177,0,0.5,False,False,False,False,True,True,False
qwen3_4b,dev,17345627,generation_3,16,8,0.0001937055203597,0.4967467753667733,174,0,0.5,False,False,False,False,True,True,False
qwen3_4b,dev,17384765,generation_1,9,6,0.0002941497368738,0.30787317398870884,175,0,0.6666666666666666,False,False,False,False,False,True,False
qwen3_4b,dev,17384765,generation_2,9,6,0.0002065750741166,0.3242229487336266,164,0,0.6666666666666666,False,False,False,False,False,True,False
qwen3_4b,dev,17384765,generation_3,9,5,0.0002704717044252,0.4111893140588007,209,0,0.5555555555555556,False,False,False,False,False,True,False
qwen3_4b,dev,17395743,generation_1,7,2,0.0377327539026737,0.6880154306335109,177,0,0.2857142857142857,False,False,False,True,True,True,False
qwen3_4b,dev,17395743,generation_2,7,4,0.0022618435323238,0.46128923505810754,163,0,0.5714285714285714,False,False,False,False,False,True,False
qwen3_4b,dev,17395743,generation_3,7,4,0.015047688037157,0.44167942606977045,165,0,0.5714285714285714,False,False,False,False,False,True,False
qwen3_4b,dev,17397547,generation_1,66,54,0.0001902748626889,0.19903837217465145,198,0,0.8181818181818182,False,False,False,False,False,True,False
qwen3_4b,dev,17397547,generation_2,66,38,0.0001917915942613,0.42500088333525293,213,0,0.5757575757575758,False,False,False,False,False,True,False
qwen3_4b,dev,17397547,generation_3,66,22,0.0002096842799801,0.6720807108574787,280,0,0.3333333333333333,False,False,False,False,True,True,False
qwen3_4b,dev,17445520,generation_1,2,2,0.0004740350414067,0.0007848946261218999,173,0,1.0,False,False,False,False,False,True,False
qwen3_4b,dev,17445520,generation_2,2,2,0.0003227975685149,0.00032313476549455,197,0,1.0,False,False,False,False,False,True,False
qwen3_4b,dev,17445520,generation_3,2,2,0.0002679228491615,0.000289901101496,170,0,1.0,False,False,False,False,False,True,False
qwen3_4b,dev,17549393,generation_1,1,0,0.99501234292984,0.99501234292984,129,1,0.0,True,True,True,True,True,True,True
qwen3_4b,dev,17549393,generation_2,1,0,0.994750678539276,0.994750678539276,134,1,0.0,True,True,True,True,True,True,True
qwen3_4b,dev,17549393,generation_3,1,0,0.994281768798828,0.994281768798828,160,1,0.0,True,True,True,True,True,True,True
qwen3_4b,dev,17600377,generation_1,13,6,0.0145812565460801,0.5512780762779024,217,0,0.46153846153846156,False,False,False,False,True,True,False
qwen3_4b,dev,17600377,generation_2,13,7,0.0139715448021888,0.4929818483785941,180,0,0.5384615384615384,False,False,False,False,False,True,False
qwen3_4b,dev,17600377,generation_3,13,6,0.0002294931327924,0.5400111398641736,187,0,0.46153846153846156,False,False,False,False,True,True,False
qwen3_4b,dev,17608141,generation_1,11,8,0.0002879303356166,0.286573648100867,226,0,0.7272727272727273,False,False,False,False,False,True,False
qwen3_4b,dev,17608141,generation_2,11,6,0.0002477371017448,0.4641511767668734,195,0,0.5454545454545454,False,False,False,False,False,True,False
qwen3_4b,dev,17608141,generation_3,11,8,0.001065676100552,0.31742623914033175,157,0,0.7272727272727273,False,False,False,False,False,True,False
qwen3_4b,dev,17671735,generation_1,2,0,0.9717620015144348,0.9840979874134064,144,0,0.0,True,True,True,True,True,True,True
qwen3_4b,dev,17671735,generation_2,2,0,0.9801581501960754,0.9882327020168304,225,0,0.0,True,True,True,True,True,True,True
qwen3_4b,dev,17671735,generation_3,2,0,0.962291181087494,0.9794671833515167,171,0,0.0,True,True,True,True,True,True,True
qwen3_4b,dev,17943461,generation_1,19,5,0.0005414807819761,0.7197885307710079,167,0,0.2631578947368421,False,False,False,True,True,True,False
qwen3_4b,dev,17943461,generation_2,19,5,0.0001894890883704,0.7385146386705425,238,0,0.2631578947368421,False,False,False,True,True,True,False
qwen3_4b,dev,17943461,generation_3,19,2,0.0001874308654805,0.886938613710012,246,0,0.10526315789473684,False,False,True,True,True,True,True
qwen3_4b,dev,17962394,generation_1,2,0,0.9841606020927428,0.9905379712581635,135,0,0.0,True,True,True,True,True,True,True
qwen3_4b,dev,17962394,generation_2,2,0,0.979140281677246,0.9882992208003998,147,0,0.0,True,True,True,True,True,True,True
qwen3_4b,dev,17962394,generation_3,2,0,0.9807915091514589,0.9889027774333954,193,0,0.0,True,True,True,True,True,True,True
qwen3_4b,dev,17968299,generation_1,1,0,0.9870992302894592,0.9870992302894592,146,0,0.0,True,True,True,True,True,True,True
qwen3_4b,dev,17968299,generation_2,1,0,0.9713451862335204,0.9713451862335204,172,0,0.0,True,True,True,True,True,True,True
qwen3_4b,dev,17968299,generation_3,1,0,0.988498032093048,0.988498032093048,162,0,0.0,True,True,True,True,True,True,True
qwen3_4b,dev,18046082,generation_1,1,0,0.9954410791397096,0.9954410791397096,148,1,0.0,True,True,True,True,True,True,True
qwen3_4b,dev,18046082,generation_2,1,0,0.9944522976875304,0.9944522976875304,133,1,0.0,True,True,True,True,True,True,True
qwen3_4b,dev,18046082,generation_3,1,0,0.9945699572563172,0.9945699572563172,151,1,0.0,True,True,True,True,True,True,True
qwen3_4b,dev,18162529,generation_1,21,8,0.0009250463335774,0.5162608582232635,218,0,0.38095238095238093,False,False,False,False,True,True,False
qwen3_4b,dev,18162529,generation_2,21,8,0.0065935715101659,0.6046891151040438,269,0,0.38095238095238093,False,False,False,False,True,True,False
qwen3_4b,dev,18162529,generation_3,21,9,0.0060261348262429,0.5874357995178018,210,0,0.42857142857142855,False,False,False,False,True,True,False
qwen3_4b,dev,18308784,generation_1,6,4,0.0019805922638624,0.42939449035717797,163,0,0.6666666666666666,False,False,False,False,False,True,False
qwen3_4b,dev,18308784,generation_2,6,3,0.0129936710000038,0.5046228035353124,182,0,0.5,False,False,False,False,True,True,False
qwen3_4b,dev,18308784,generation_3,6,4,0.0038521087262779,0.33513572086424875,208,0,0.6666666666666666,False,False,False,False,False,True,False
qwen3_4b,dev,18385794,generation_1,14,6,0.0054677338339388,0.5303156313353351,240,0,0.42857142857142855,False,False,False,False,True,True,False
qwen3_4b,dev,18385794,generation_2,14,5,0.0007654429646208,0.6333236879353146,222,0,0.35714285714285715,False,False,False,False,True,True,False
qwen3_4b,dev,18385794,generation_3,14,8,0.0027520325966179,0.44005888949946625,197,0,0.5714285714285714,False,False,False,False,False,True,False
qwen3_4b,dev,18951540,generation_1,1,0,0.9797348976135254,0.9797348976135254,161,0,0.0,True,True,True,True,True,True,True
qwen3_4b,dev,18951540,generation_2,1,0,0.9800102114677428,0.9800102114677428,186,0,0.0,True,True,True,True,True,True,True
qwen3_4b,dev,18951540,generation_3,1,0,0.9770749807357788,0.9770749807357788,164,0,0.0,True,True,True,True,True,True,True
qwen3_4b,dev,19300402,generation_1,36,24,0.000186427423614,0.3506296022169408,265,0,0.6666666666666666,False,False,False,False,False,True,False
qwen3_4b,dev,19300402,generation_2,36,23,0.0002404781844234,0.37570224870958346,348,0,0.6388888888888888,False,False,False,False,False,True,False
qwen3_4b,dev,19300402,generation_3,36,24,0.0002064494474325,0.3450209902083669,254,0,0.6666666666666666,False,False,False,False,False,True,False
qwen3_4b,dev,19759529,generation_1,15,6,0.0019246304873377,0.5934742925378184,223,0,0.4,False,False,False,False,True,True,False
qwen3_4b,dev,19759529,generation_2,15,6,0.0028293128125369,0.5929205559504529,184,0,0.4,False,False,False,False,True,True,False
qwen3_4b,dev,19759529,generation_3,15,5,0.0011762499343603,0.6545179563729714,227,0,0.3333333333333333,False,False,False,False,True,True,False
qwen3_4b,dev,19880293,generation_1,2,0,0.9791696667671204,0.9797596037387848,143,0,0.0,True,True,True,True,True,True,True
qwen3_4b,dev,19880293,generation_2,2,0,0.9877146482467652,0.988912969827652,140,0,0.0,True,True,True,True,True,True,True
qwen3_4b,dev,19880293,generation_3,2,0,0.991979956626892,0.9919863343238831,202,0,0.0,True,True,True,True,True,True,True
qwen3_4b,dev,19914299,generation_1,4,0,0.9594659805297852,0.9655547887086868,149,0,0.0,True,True,True,True,True,True,True
qwen3_4b,dev,19914299,generation_2,4,0,0.9601271748542786,0.9682767689228058,136,0,0.0,True,True,True,True,True,True,True
qwen3_4b,dev,19914299,generation_3,4,0,0.9658643007278442,0.9724091291427612,163,0,0.0,True,True,True,True,True,True,True
qwen3_4b,dev,20126413,generation_1,1,0,0.985865354537964,0.985865354537964,142,0,0.0,True,True,True,True,True,True,True
qwen3_4b,dev,20126413,generation_2,1,0,0.9798164963722228,0.9798164963722228,171,0,0.0,True,True,True,True,True,True,True
qwen3_4b,dev,20126413,generation_3,1,0,0.9884655475616456,0.9884655475616456,124,0,0.0,True,True,True,True,True,True,True
qwen3_4b,dev,20143913,generation_1,1,0,0.9949554800987244,0.9949554800987244,149,0,0.0,True,True,True,True,True,True,True
qwen3_4b,dev,20143913,generation_2,1,0,0.9960505366325378,0.9960505366325378,184,0,0.0,True,True,True,True,True,True,True
qwen3_4b,dev,20143913,generation_3,1,0,0.9931868314743042,0.9931868314743042,159,0,0.0,True,True,True,True,True,True,True
qwen3_4b,dev,20195852,generation_1,6,3,0.0345264784991741,0.46010093949735165,244,0,0.5,False,False,False,False,True,True,False
qwen3_4b,dev,20195852,generation_2,6,1,0.0473038479685783,0.809079526613156,208,0,0.16666666666666666,False,False,True,True,True,True,False
qwen3_4b,dev,20195852,generation_3,6,3,0.0396902784705162,0.5104277258117994,178,0,0.5,False,False,False,False,True,True,False
qwen3_4b,dev,20540798,generation_1,5,1,0.002513188868761,0.7914532221853733,137,0,0.2,False,False,True,True,True,True,False
qwen3_4b,dev,20540798,generation_2,5,2,0.0002442372497171,0.5914542057493236,196,0,0.4,False,False,False,False,True,True,False
qwen3_4b,dev,20540798,generation_3,5,1,0.0003536675940267,0.7915800280286931,173,0,0.2,False,False,True,True,True,True,False
qwen3_4b,dev,20621845,generation_1,10,5,0.0001926352124428,0.5354419884257368,170,0,0.5,False,False,False,False,True,True,False
qwen3_4b,dev,20621845,generation_2,10,4,0.000183513489901,0.546220212879416,175,0,0.4,False,False,False,False,True,True,False
qwen3_4b,dev,20621845,generation_3,10,6,0.0001763381296768,0.40026503490371396,166,0,0.6,False,False,False,False,False,True,False
qwen3_4b,dev,20682662,generation_1,2,1,0.0020031274762004,0.49736490554641927,160,0,0.5,False,False,False,False,True,True,False
qwen3_4b,dev,20682662,generation_2,2,1,0.0017532736528664,0.49779659660998726,161,0,0.5,False,False,False,False,True,True,False
qwen3_4b,dev,20682662,generation_3,2,1,0.0023320007603615,0.4971777343889698,139,0,0.5,False,False,False,False,True,True,False
qwen3_4b,dev,20801540,generation_1,14,7,0.0032929510343819,0.5084901006692755,164,2,0.5,False,False,False,False,True,True,False
qwen3_4b,dev,20801540,generation_2,14,8,0.0017343319486826,0.45141630578187425,197,2,0.5714285714285714,False,False,False,False,False,True,False
qwen3_4b,dev,20801540,generation_3,14,6,0.0030110005754977,0.5634147883559177,138,2,0.42857142857142855,False,False,False,False,True,True,False
qwen3_4b,dev,20859899,generation_1,13,8,0.0028478244785219,0.3724927410949021,182,4,0.6153846153846154,False,False,False,False,False,True,False
qwen3_4b,dev,20859899,generation_2,13,9,0.0012279861839488,0.2995325236473806,261,4,0.6923076923076923,False,False,False,False,False,True,False
qwen3_4b,dev,20859899,generation_3,13,10,0.0011669918894767,0.2641638265385364,275,4,0.7692307692307693,False,False,False,False,False,True,False
qwen3_4b,dev,20959502,generation_1,14,4,0.006507453508675,0.6842993922930743,206,3,0.2857142857142857,False,False,False,True,True,True,False
qwen3_4b,dev,20959502,generation_2,14,3,0.0078769419342279,0.7607715641414481,253,3,0.21428571428571427,False,False,False,True,True,True,False
qwen3_4b,dev,20959502,generation_3,14,4,0.0049296072684228,0.6812738803148802,200,3,0.2857142857142857,False,False,False,True,True,True,False
qwen3_4b,dev,21042587,generation_1,21,9,0.0003485583874862,0.5942159043389394,209,1,0.42857142857142855,False,False,False,False,True,True,False
qwen3_4b,dev,21042587,generation_2,21,6,0.0057741361670196,0.6812854782855582,232,1,0.2857142857142857,False,False,False,True,True,True,False
qwen3_4b,dev,21042587,generation_3,21,6,0.0006269893492572,0.6973814202411588,249,1,0.2857142857142857,False,False,False,True,True,True,False
qwen3_4b,dev,21054465,generation_1,2,0,0.9872654676437378,0.9906072616577148,167,0,0.0,True,True,True,True,True,True,True
qwen3_4b,dev,21054465,generation_2,2,0,0.9841289520263672,0.9889144897460938,152,0,0.0,True,True,True,True,True,True,True
qwen3_4b,dev,21054465,generation_3,2,0,0.9814131259918212,0.9866288006305695,180,0,0.0,True,True,True,True,True,True,True
qwen3_4b,dev,21130517,generation_1,6,0,0.8825627565383911,0.9722671409447988,160,0,0.0,True,True,True,True,True,True,True
qwen3_4b,dev,21130517,generation_2,6,0,0.9607312083244324,0.9862850705782572,171,0,0.0,True,True,True,True,True,True,True
qwen3_4b,dev,21130517,generation_3,6,1,0.3768903613090515,0.8736754159132639,168,0,0.16666666666666666,False,False,True,True,True,True,False
qwen3_4b,dev,21799811,generation_1,4,0,0.846272349357605,0.9397936761379242,133,0,0.0,True,True,True,True,True,True,True
qwen3_4b,dev,21799811,generation_2,4,0,0.9750017523765564,0.9890061318874359,137,0,0.0,True,True,True,True,True,True,True
qwen3_4b,dev,21799811,generation_3,4,0,0.9719288349151612,0.9869817942380905,154,0,0.0,True,True,True,True,True,True,True
qwen3_4b,dev,21903317,generation_1,6,2,0.1037597507238388,0.7165000935395559,141,0,0.3333333333333333,False,False,False,False,True,True,False
qwen3_4b,dev,21903317,generation_2,6,2,0.0426398925483226,0.6790530737489462,157,0,0.3333333333333333,False,False,False,False,True,True,False
qwen3_4b,dev,21903317,generation_3,6,2,0.0524793490767478,0.6868845261633396,162,0,0.3333333333333333,False,False,False,False,True,True,False
qwen3_4b,dev,22711886,generation_1,15,7,0.0002621368330437,0.501999968290329,234,0,0.4666666666666667,False,False,False,False,True,True,False
qwen3_4b,dev,22711886,generation_2,15,8,0.0002397679927526,0.45396382416850733,224,0,0.5333333333333333,False,False,False,False,False,True,False
qwen3_4b,dev,22711886,generation_3,15,10,0.0002748993283603,0.3425439549047344,247,0,0.6666666666666666,False,False,False,False,False,True,False
qwen3_4b,dev,23285048,generation_1,16,7,0.002151324879378,0.5542684902611654,175,0,0.4375,False,False,False,False,True,True,False
qwen3_4b,dev,23285048,generation_2,16,2,0.0119247660040855,0.8127266752999276,195,0,0.125,False,False,True,True,True,True,True
qwen3_4b,dev,23285048,generation_3,16,5,0.0063173691742122,0.6761308127024677,169,0,0.3125,False,False,False,True,True,True,False
qwen3_4b,dev,23651211,generation_1,42,26,0.0002034362842096,0.37438908046758673,241,0,0.6190476190476191,False,False,False,False,False,True,False
qwen3_4b,dev,23651211,generation_2,42,27,0.0002385828702244,0.36443927786396146,179,0,0.6428571428571429,False,False,False,False,False,True,False
qwen3_4b,dev,23651211,generation_3,42,26,0.0002053330099442,0.36431716152479304,210,0,0.6190476190476191,False,False,False,False,False,True,False
qwen3_4b,dev,23872883,generation_1,17,0,0.9249348640441896,0.9710555041537565,180,0,0.0,True,True,True,True,True,True,True
qwen3_4b,dev,23872883,generation_2,17,1,0.3304682075977325,0.9395440904533162,374,0,0.058823529411764705,False,True,True,True,True,True,True
qwen3_4b,dev,23872883,generation_3,17,0,0.9340892434120178,0.9781357400557574,165,0,0.0,True,True,True,True,True,True,True
qwen3_4b,dev,24014394,generation_1,16,5,0.0001978943619178,0.6824967138709326,213,0,0.3125,False,False,False,True,True,True,False
qwen3_4b,dev,24014394,generation_2,16,5,0.0001911928993649,0.6798598728000798,255,0,0.3125,False,False,False,True,True,True,False
qwen3_4b,dev,24014394,generation_3,16,4,0.0009070133673958,0.7481253837577242,222,0,0.25,False,False,False,True,True,True,False
qwen3_4b,dev,24036311,generation_1,16,14,0.0001998150255531,0.1509758156462339,200,3,0.875,False,False,False,False,False,True,False
qwen3_4b,dev,24036311,generation_2,16,13,0.0001908886915771,0.21980433438784525,237,3,0.8125,False,False,False,False,False,True,False
qwen3_4b,dev,24036311,generation_3,16,10,0.0003176931932102,0.3971412839218828,193,3,0.625,False,False,False,False,False,True,False
qwen3_4b,dev,24288432,generation_1,10,3,0.0097949411720037,0.6998555030673742,216,10,0.3,False,False,False,True,True,True,False
qwen3_4b,dev,24288432,generation_2,10,3,0.0481677502393722,0.7467322662472725,205,10,0.3,False,False,False,True,True,True,False
qwen3_4b,dev,24288432,generation_3,10,3,0.0044646672904491,0.6992376814130694,233,10,0.3,False,False,False,True,True,True,False
qwen3_4b,dev,24333387,generation_1,16,4,0.0400954969227314,0.7810502990614623,164,0,0.25,False,False,False,True,True,True,False
qwen3_4b,dev,24333387,generation_2,16,3,0.0011830701259896,0.794799770177633,222,0,0.1875,False,False,True,True,True,True,False
qwen3_4b,dev,24333387,generation_3,16,3,0.0001862106873886,0.7816197507245306,230,0,0.1875,False,False,True,True,True,True,False
qwen3_4b,dev,24438483,generation_1,12,2,0.0006568224634975,0.7541744530317374,226,1,0.16666666666666666,False,False,True,True,True,True,False
qwen3_4b,dev,24438483,generation_2,12,8,0.0004234586376696,0.34942471113754436,232,1,0.6666666666666666,False,False,False,False,False,True,False
qwen3_4b,dev,24438483,generation_3,12,5,0.0005027138977311,0.5548320786086455,191,1,0.4166666666666667,False,False,False,False,True,True,False
qwen3_4b,dev,25080425,generation_1,12,4,0.0003889687359333,0.6766133882726232,217,0,0.3333333333333333,False,False,False,False,True,True,False
qwen3_4b,dev,25080425,generation_2,12,4,0.0004850545665249,0.6743841709394474,167,0,0.3333333333333333,False,False,False,False,True,True,False
qwen3_4b,dev,25080425,generation_3,12,4,0.0006355712539516,0.6650703255581902,142,0,0.3333333333333333,False,False,False,False,True,True,False
qwen3_4b,dev,25119790,generation_1,17,7,0.0002695803996175,0.5854376716169474,226,0,0.4117647058823529,False,False,False,False,True,True,False
qwen3_4b,dev,25119790,generation_2,17,11,0.000261969922576,0.3891179545590764,261,0,0.6470588235294118,False,False,False,False,False,True,False
qwen3_4b,dev,25119790,generation_3,17,10,0.0004862275673076,0.45740979388082287,206,0,0.5882352941176471,False,False,False,False,False,True,False
qwen3_4b,dev,25550469,generation_1,12,8,0.0004140168603044,0.3288354480731262,241,1,0.6666666666666666,False,False,False,False,False,True,False
qwen3_4b,dev,25550469,generation_2,12,7,0.0003415450337342,0.3741253006010083,238,1,0.5833333333333334,False,False,False,False,False,True,False
qwen3_4b,dev,25550469,generation_3,12,8,0.000307702604914,0.3297993718709525,129,1,0.6666666666666666,False,False,False,False,False,True,False
qwen3_4b,dev,25589620,generation_1,9,5,0.0036488252226263,0.4830716232924412,218,0,0.5555555555555556,False,False,False,False,False,True,False
qwen3_4b,dev,25589620,generation_2,9,2,0.0024294077884405,0.7599884065437235,230,0,0.2222222222222222,False,False,False,True,True,True,False
qwen3_4b,dev,25589620,generation_3,9,3,0.0130525836721062,0.6889519154404601,227,0,0.3333333333333333,False,False,False,False,True,True,False
qwen3_4b,dev,26684240,generation_1,51,15,0.0002768749836832,0.7168108692070853,238,0,0.29411764705882354,False,False,False,True,True,True,False
qwen3_4b,dev,26684240,generation_2,51,6,0.0003281553508713,0.8810753544778837,235,0,0.11764705882352941,False,False,True,True,True,True,False
qwen3_4b,dev,26684240,generation_3,51,7,0.0003925625933334,0.8511077632577451,234,0,0.13725490196078433,False,False,True,True,True,True,False
qwen3_4b,dev,27090298,generation_1,7,5,0.0057535846717655,0.2969225946414683,212,0,0.7142857142857143,False,False,False,False,False,True,False
qwen3_4b,dev,27090298,generation_2,7,4,0.0049597290344536,0.47235522851614015,157,0,0.5714285714285714,False,False,False,False,False,True,False
qwen3_4b,dev,27090298,generation_3,7,4,0.0089480765163898,0.4211970711393015,161,0,0.5714285714285714,False,False,False,False,False,True,False
qwen3_4b,dev,27103577,generation_1,7,6,0.0011743238428607,0.1926340042513662,222,0,0.8571428571428571,False,False,False,False,False,True,False
qwen3_4b,dev,27103577,generation_2,7,3,0.0002022468543145,0.5198642126425901,185,0,0.42857142857142855,False,False,False,False,True,True,False
qwen3_4b,dev,27103577,generation_3,7,6,0.0012238642666488,0.16093276421140343,205,0,0.8571428571428571,False,False,False,False,False,True,False
qwen3_4b,dev,27491646,generation_1,15,7,0.0001811474066926,0.5190187933951771,239,0,0.4666666666666667,False,False,False,False,True,True,False
qwen3_4b,dev,27491646,generation_2,15,5,0.000181365336175,0.6623483269979867,308,0,0.3333333333333333,False,False,False,False,True,True,False
qwen3_4b,dev,27491646,generation_3,15,6,0.0001820528559619,0.6095666730262261,276,0,0.4,False,False,False,False,True,True,False
qwen3_4b,dev,27509880,generation_1,16,12,0.0002275533188367,0.22724265143278893,241,1,0.75,False,False,False,False,False,True,False
qwen3_4b,dev,27509880,generation_2,16,13,0.0029936900828033,0.1975935300433775,279,1,0.8125,False,False,False,False,False,True,False
qwen3_4b,dev,27509880,generation_3,16,11,0.0001865849772002,0.3120818797460742,252,1,0.6875,False,False,False,False,False,True,False
qwen3_4b,dev,27663860,generation_1,8,3,0.0015674827154725,0.6047517363622319,176,0,0.375,False,False,False,False,True,True,False
qwen3_4b,dev,27663860,generation_2,8,2,0.0005065475706942,0.7260638900697813,197,0,0.25,False,False,False,True,True,True,False
qwen3_4b,dev,27663860,generation_3,8,5,0.0003453136014286,0.4309465211881615,186,0,0.625,False,False,False,False,False,True,False
qwen3_4b,dev,27707793,generation_1,5,3,0.0150839164853096,0.4723228618502617,171,0,0.6,False,False,False,False,False,True,False
qwen3_4b,dev,27707793,generation_2,5,3,0.0010920556960627,0.4813492733286694,133,0,0.6,False,False,False,False,False,True,False
qwen3_4b,dev,27707793,generation_3,5,2,0.0023419421631842,0.5928538823965936,168,0,0.4,False,False,False,False,True,True,False
qwen3_4b,dev,27729412,generation_1,15,14,0.0002031132025877,0.08112360674907294,204,0,0.9333333333333333,False,False,False,False,False,True,False
qwen3_4b,dev,27729412,generation_2,15,14,0.0002338489139219,0.08356510380690448,196,0,0.9333333333333333,False,False,False,False,False,True,False
qwen3_4b,dev,27729412,generation_3,15,13,0.0002450998872518,0.1384713327007678,169,0,0.8666666666666667,False,False,False,False,False,True,False
qwen3_4b,dev,27807193,generation_1,8,2,0.0004404368228279,0.7371317645302042,265,0,0.25,False,False,False,True,True,True,False
qwen3_4b,dev,27807193,generation_2,8,2,0.0023515420034527,0.739279059576802,225,0,0.25,False,False,False,True,True,True,False
qwen3_4b,dev,27807193,generation_3,8,2,0.0002968625340145,0.7379463844772545,153,0,0.25,False,False,False,True,True,True,False
qwen3_4b,dev,27840894,generation_1,2,1,0.0023247790522873,0.49867654801346367,158,0,0.5,False,False,False,False,True,True,False
qwen3_4b,dev,27840894,generation_2,2,1,0.0021579323802143,0.49864346079994,147,0,0.5,False,False,False,False,True,True,False
qwen3_4b,dev,27840894,generation_3,2,1,0.0052960235625505,0.5000119665637612,140,0,0.5,False,False,False,False,True,True,False
qwen3_4b,dev,27860185,generation_1,8,2,0.0076248464174568,0.7426902067963965,209,0,0.25,False,False,False,True,True,True,False
qwen3_4b,dev,27860185,generation_2,8,3,0.0086155803874135,0.6369721136288717,165,0,0.375,False,False,False,False,True,True,False
qwen3_4b,dev,27860185,generation_3,8,2,0.0073746312409639,0.7446072124876082,203,0,0.25,False,False,False,True,True,True,False
qwen3_4b,dev,27866394,generation_1,19,15,0.0002158909483114,0.24148381027656504,207,0,0.7894736842105263,False,False,False,False,False,True,False
qwen3_4b,dev,27866394,generation_2,19,16,0.000210451791645,0.18226399246257063,162,0,0.8421052631578947,False,False,False,False,False,True,False
qwen3_4b,dev,27866394,generation_3,19,16,0.0002003887639148,0.16511962055933266,190,0,0.8421052631578947,False,False,False,False,False,True,False
qwen3_4b,dev,28259923,generation_1,12,2,0.0189808029681444,0.7658969162342449,232,0,0.16666666666666666,False,False,True,True,True,True,False
qwen3_4b,dev,28259923,generation_2,12,2,0.0006348241586238,0.7982441988812449,202,0,0.16666666666666666,False,False,True,True,True,True,False
qwen3_4b,dev,28259923,generation_3,12,2,0.0013524127425625,0.7994960726646241,179,0,0.16666666666666666,False,False,True,True,True,True,False
qwen3_4b,dev,28393239,generation_1,7,3,0.000713922898285,0.543075569955233,168,0,0.42857142857142855,False,False,False,False,True,True,False
qwen3_4b,dev,28393239,generation_2,7,3,0.001106182928197,0.5610283946984315,149,0,0.42857142857142855,False,False,False,False,True,True,False
qwen3_4b,dev,28393239,generation_3,7,3,0.0022446999792009,0.5652255907189101,160,0,0.42857142857142855,False,False,False,False,True,True,False
qwen3_4b,dev,28518143,generation_1,31,22,0.0003051946987397,0.34709705931562623,232,0,0.7096774193548387,False,False,False,False,False,True,False
qwen3_4b,dev,28518143,generation_2,31,20,0.0001804456114768,0.3908413427392764,228,0,0.6451612903225806,False,False,False,False,False,True,False
qwen3_4b,dev,28518143,generation_3,31,23,0.0002824570983648,0.2717675331889862,236,0,0.7419354838709677,False,False,False,False,False,True,False
qwen3_4b,dev,29049388,generation_1,9,2,0.0043576476164162,0.7751296160018278,166,0,0.2222222222222222,False,False,False,True,True,True,False
qwen3_4b,dev,29049388,generation_2,9,3,0.0039544343017041,0.6818497283384204,180,0,0.3333333333333333,False,False,False,False,True,True,False
qwen3_4b,dev,29049388,generation_3,9,2,0.0054997522383928,0.773051636500491,163,0,0.2222222222222222,False,False,False,True,True,True,False
qwen3_4b,dev,29183288,generation_1,33,26,0.00027297163615,0.21834187237034322,224,0,0.7878787878787878,False,False,False,False,False,True,False
qwen3_4b,dev,29183288,generation_2,33,26,0.0003085338976234,0.21316760122797196,231,0,0.7878787878787878,False,False,False,False,False,True,False
qwen3_4b,dev,29183288,generation_3,33,18,0.0001825271901907,0.4430839592709107,238,0,0.5454545454545454,False,False,False,False,False,True,False
qwen3_4b,dev,6086495,generation_1,1,1,0.0030929455533623,0.0030929455533623,132,0,1.0,False,False,False,False,False,True,False
qwen3_4b,dev,6086495,generation_2,1,0,0.9857609868049622,0.9857609868049622,167,0,0.0,True,True,True,True,True,True,True
qwen3_4b,dev,6086495,generation_3,1,1,0.0075250654481351,0.0075250654481351,138,0,1.0,False,False,False,False,False,True,False
qwen3_4b,dev,7811247,generation_1,4,2,0.0300439726561307,0.4828450311906635,168,0,0.5,False,False,False,False,True,True,False
qwen3_4b,dev,7811247,generation_2,4,2,0.00047258567065,0.39319446333684027,209,0,0.5,False,False,False,False,True,True,False
qwen3_4b,dev,7811247,generation_3,4,3,0.007835236378014,0.2786434434819966,155,0,0.75,False,False,False,False,False,True,False
qwen3_4b,test,15000256,generation_1,6,0,0.8904157876968384,0.9691457450389862,171,0,0.0,True,True,True,True,True,True,True
qwen3_4b,test,15000256,generation_2,6,1,0.0283916108310222,0.8285929082582394,152,0,0.16666666666666666,False,False,True,True,True,True,False
qwen3_4b,test,15000256,generation_3,6,1,0.0615255683660507,0.8338054195046425,185,0,0.16666666666666666,False,False,True,True,True,True,False
qwen3_4b,test,15036754,generation_1,19,13,0.0001781902392394,0.3267251788715121,264,6,0.6842105263157895,False,False,False,False,False,True,False
qwen3_4b,test,15036754,generation_2,19,11,0.0001794146955944,0.41185686556395684,256,6,0.5789473684210527,False,False,False,False,False,True,False
qwen3_4b,test,15036754,generation_3,19,11,0.0002614205004647,0.4061590366687405,216,6,0.5789473684210527,False,False,False,False,False,True,False
qwen3_4b,test,15111599,generation_1,2,0,0.9942329525947572,0.9959199130535126,145,0,0.0,True,True,True,True,True,True,True
qwen3_4b,test,15111599,generation_2,2,0,0.9927323460578918,0.9946722388267517,103,0,0.0,True,True,True,True,True,True,True
qwen3_4b,test,15111599,generation_3,2,0,0.9939582347869872,0.9957039058208466,151,0,0.0,True,True,True,True,True,True,True
qwen3_4b,test,15130900,generation_1,2,1,0.0138685051351785,0.49482664186507463,111,0,0.5,False,False,False,False,True,True,False
qwen3_4b,test,15130900,generation_2,2,1,0.0125830294564366,0.4945264221169055,169,0,0.5,False,False,False,False,True,True,False
qwen3_4b,test,15130900,generation_3,2,1,0.0189602188766002,0.4967233743518591,186,0,0.5,False,False,False,False,True,True,False
qwen3_4b,test,15233872,generation_1,7,3,0.000339087418979,0.5769594727275295,141,0,0.42857142857142855,False,False,False,False,True,True,False
qwen3_4b,test,15233872,generation_2,7,3,0.0008195805712603,0.5768103000757817,129,0,0.42857142857142855,False,False,False,False,True,True,False
qwen3_4b,test,15233872,generation_3,7,3,0.0007328493520617,0.6423622512125543,155,0,0.42857142857142855,False,False,False,False,True,True,False
qwen3_4b,test,15459975,generation_1,1,0,0.9932317733764648,0.9932317733764648,156,0,0.0,True,True,True,True,True,True,True
qwen3_4b,test,15459975,generation_2,1,0,0.9947270750999452,0.9947270750999452,143,0,0.0,True,True,True,True,True,True,True
qwen3_4b,test,15459975,generation_3,1,0,0.9943733215332032,0.9943733215332032,157,0,0.0,True,True,True,True,True,True,True
qwen3_4b,test,15464247,generation_1,1,0,0.997663140296936,0.997663140296936,142,0,0.0,True,True,True,True,True,True,True
qwen3_4b,test,15464247,generation_2,1,0,0.9979546070098876,0.9979546070098876,126,0,0.0,True,True,True,True,True,True,True
qwen3_4b,test,15464247,generation_3,1,0,0.9977579712867736,0.9977579712867736,131,0,0.0,True,True,True,True,True,True,True
qwen3_4b,test,15485686,generation_1,12,3,0.0038703449536114,0.7601346882098975,244,0,0.25,False,False,False,True,True,True,False
qwen3_4b,test,15485686,generation_2,12,1,0.0142754297703504,0.8997189252016445,210,0,0.08333333333333333,False,True,True,True,True,True,True
qwen3_4b,test,15485686,generation_3,12,0,0.7541102766990662,0.9649288753668467,233,0,0.0,True,True,True,True,True,True,True
qwen3_4b,test,15668505,generation_1,6,2,0.0286909565329551,0.6742283596346775,141,0,0.3333333333333333,False,False,False,False,True,True,False
qwen3_4b,test,15668505,generation_2,6,2,0.0101463086903095,0.6649095729614297,135,0,0.3333333333333333,False,False,False,False,True,True,False
qwen3_4b,test,15668505,generation_3,6,2,0.0547316782176494,0.6812093574553728,142,0,0.3333333333333333,False,False,False,False,True,True,False
qwen3_4b,test,15673851,generation_1,12,5,0.0093721328303217,0.599986995337531,191,0,0.4166666666666667,False,False,False,False,True,True,False
qwen3_4b,test,15673851,generation_2,12,4,0.0130538055673241,0.6453493367880583,206,0,0.3333333333333333,False,False,False,False,True,True,False
qwen3_4b,test,15673851,generation_3,12,5,0.0088459001854062,0.5917587069173654,206,0,0.4166666666666667,False,False,False,False,True,True,False
qwen3_4b,test,15811908,generation_1,15,13,0.0057789203710854,0.1738860399772723,222,2,0.8666666666666667,False,False,False,False,False,True,False
qwen3_4b,test,15811908,generation_2,15,10,0.001291493885219,0.3321716196058938,235,2,0.6666666666666666,False,False,False,False,False,True,False
qwen3_4b,test,15811908,generation_3,15,8,0.0004561949754133,0.4542270722566172,196,2,0.5333333333333333,False,False,False,False,False,True,False
qwen3_4b,test,15818664,generation_1,4,2,0.0235435217618942,0.5101329032331705,158,0,0.5,False,False,False,False,True,True,False
qwen3_4b,test,15818664,generation_2,4,1,0.0079415244981646,0.7182185004930943,174,0,0.25,False,False,False,True,True,True,False
qwen3_4b,test,15818664,generation_3,4,1,0.0046985745429992,0.7453685104846954,190,0,0.25,False,False,False,True,True,True,False
qwen3_4b,test,15820770,generation_1,6,5,0.00039359999937,0.20539493529455888,178,0,0.8333333333333334,False,False,False,False,False,True,False
qwen3_4b,test,15820770,generation_2,6,6,0.0013437420129776,0.02236126708642885,204,0,1.0,False,False,False,False,False,True,False
qwen3_4b,test,15820770,generation_3,6,3,0.0335589498281478,0.5124148254593213,261,0,0.5,False,False,False,False,True,True,False
qwen3_4b,test,15824163,generation_1,1,0,0.995354413986206,0.995354413986206,158,0,0.0,True,True,True,True,True,True,True
qwen3_4b,test,15824163,generation_2,1,0,0.9946711659431458,0.9946711659431458,142,0,0.0,True,True,True,True,True,True,True
qwen3_4b,test,15824163,generation_3,1,0,0.9969086050987244,0.9969086050987244,144,0,0.0,True,True,True,True,True,True,True
qwen3_4b,test,15987266,generation_1,5,4,0.0004110747540835,0.20712633228977212,181,0,0.8,False,False,False,False,False,True,False
qwen3_4b,test,15987266,generation_2,5,4,0.0003639403148554,0.2105536959948949,184,0,0.8,False,False,False,False,False,True,False
qwen3_4b,test,15987266,generation_3,5,4,0.0005024679121561,0.20664327373960983,162,0,0.8,False,False,False,False,False,True,False
qwen3_4b,test,16046395,generation_1,3,1,0.0016471180133521,0.6639545968112845,228,0,0.3333333333333333,False,False,False,False,True,True,False
qwen3_4b,test,16046395,generation_2,3,1,0.0008768230327405,0.6636606385194076,199,0,0.3333333333333333,False,False,False,False,True,True,False
qwen3_4b,test,16046395,generation_3,3,1,0.0010043225483968,0.6641670214400316,168,0,0.3333333333333333,False,False,False,False,True,True,False
qwen3_4b,test,16112787,generation_1,15,5,0.0031454141717404,0.6254748637322336,233,0,0.3333333333333333,False,False,False,False,True,True,False
qwen3_4b,test,16112787,generation_2,15,6,0.0006400134880095,0.6134411133360118,227,0,0.4,False,False,False,False,True,True,False
qwen3_4b,test,16112787,generation_3,15,5,0.0007736440165899,0.6583102732237118,209,0,0.3333333333333333,False,False,False,False,True,True,False
qwen3_4b,test,16116131,generation_1,2,0,0.9803070425987244,0.9807374775409698,197,0,0.0,True,True,True,True,True,True,True
qwen3_4b,test,16116131,generation_2,2,0,0.980463683605194,0.9808636605739594,163,0,0.0,True,True,True,True,True,True,True
qwen3_4b,test,16116131,generation_3,2,0,0.9806640148162842,0.9815914630889893,225,0,0.0,True,True,True,True,True,True,True
qwen3_4b,test,16186368,generation_1,3,2,0.0149076515808701,0.3457470688348015,130,0,0.6666666666666666,False,False,False,False,False,True,False
qwen3_4b,test,16186368,generation_2,3,2,0.0045482399873435,0.3356097514430682,148,0,0.6666666666666666,False,False,False,False,False,True,False
qwen3_4b,test,16186368,generation_3,3,2,0.009288185276091,0.3392293437694509,154,0,0.6666666666666666,False,False,False,False,False,True,False
qwen3_4b,test,16252083,generation_1,6,3,0.0012123684864491,0.5037926852625484,159,0,0.5,False,False,False,False,True,True,False
qwen3_4b,test,16252083,generation_2,6,3,0.0008460754179395,0.5069624434787935,225,0,0.5,False,False,False,False,True,True,False
qwen3_4b,test,16252083,generation_3,6,3,0.0009586949599906,0.5080269126337952,167,0,0.5,False,False,False,False,True,True,False
qwen3_4b,test,16330669,generation_1,7,0,0.9933413863182068,0.996858034815107,210,0,0.0,True,True,True,True,True,True,True
qwen3_4b,test,16330669,generation_2,7,0,0.993906795978546,0.9967883314405169,151,0,0.0,True,True,True,True,True,True,True
qwen3_4b,test,16330669,generation_3,7,0,0.934719741344452,0.9866584283964974,226,0,0.0,True,True,True,True,True,True,True
qwen3_4b,test,16428827,generation_1,9,4,0.0167699549347162,0.6151620358642604,269,0,0.4444444444444444,False,False,False,False,True,True,False
qwen3_4b,test,16428827,generation_2,9,3,0.0707080885767936,0.6422526008552976,213,0,0.3333333333333333,False,False,False,False,True,True,False
qwen3_4b,test,16428827,generation_3,9,3,0.0716457143425941,0.6975581207209163,255,0,0.3333333333333333,False,False,False,False,True,True,False
qwen3_4b,test,16629641,generation_1,13,9,0.0020566226448863,0.37143996710745764,296,1,0.6923076923076923,False,False,False,False,False,True,False
qwen3_4b,test,16629641,generation_2,13,6,0.0031541606876999,0.5575175435783771,260,1,0.46153846153846156,False,False,False,False,True,True,False
qwen3_4b,test,16629641,generation_3,13,5,0.0040858746506273,0.6157901758829561,235,1,0.38461538461538464,False,False,False,False,True,True,False
qwen3_4b,test,16731636,generation_1,11,5,0.0037050589453428,0.5381760986479507,178,0,0.45454545454545453,False,False,False,False,True,True,False
qwen3_4b,test,16731636,generation_2,11,5,0.0026026926934719,0.5472128975459121,186,0,0.45454545454545453,False,False,False,False,True,True,False
qwen3_4b,test,16731636,generation_3,11,3,0.0010035976301878,0.722278825155544,192,0,0.2727272727272727,False,False,False,True,True,True,False
qwen3_4b,test,16820346,generation_1,7,6,0.005136598367244,0.15183970485148682,235,0,0.8571428571428571,False,False,False,False,False,True,False
qwen3_4b,test,16820346,generation_2,7,3,0.0215066615492105,0.5901238889034305,128,0,0.42857142857142855,False,False,False,False,True,True,False
qwen3_4b,test,16820346,generation_3,7,4,0.007744800299406,0.4373731438868812,140,0,0.5714285714285714,False,False,False,False,False,True,False
qwen3_4b,test,16840830,generation_1,1,0,0.9961679577827454,0.9961679577827454,161,0,0.0,True,True,True,True,True,True,True
qwen3_4b,test,16840830,generation_2,1,0,0.9966020584106444,0.9966020584106444,163,0,0.0,True,True,True,True,True,True,True
qwen3_4b,test,16840830,generation_3,1,0,0.9950279593467712,0.9950279593467712,127,0,0.0,True,True,True,True,True,True,True
qwen3_4b,test,16844102,generation_1,24,11,0.0002088952169287,0.5026732621081464,203,0,0.4583333333333333,False,False,False,False,True,True,False
qwen3_4b,test,16844102,generation_2,24,12,0.0002228748926427,0.4893815904148748,216,0,0.5,False,False,False,False,True,True,False
qwen3_4b,test,16844102,generation_3,24,13,0.0002206210774602,0.46141376099512854,233,0,0.5416666666666666,False,False,False,False,False,True,False
qwen3_4b,test,16849419,generation_1,3,1,0.0233716629445552,0.6597124425073465,142,0,0.3333333333333333,False,False,False,False,True,True,False
qwen3_4b,test,16849419,generation_2,3,2,0.1350391656160354,0.45282094180583954,154,0,0.6666666666666666,False,False,False,False,False,True,False
qwen3_4b,test,16849419,generation_3,3,1,0.0236502736806869,0.6587523172299067,151,0,0.3333333333333333,False,False,False,False,True,True,False
qwen3_4b,test,16970763,generation_1,3,0,0.9948122501373292,0.9952597816785177,191,0,0.0,True,True,True,True,True,True,True
qwen3_4b,test,16970763,generation_2,3,0,0.9955593347549438,0.9957631230354309,162,0,0.0,True,True,True,True,True,True,True
qwen3_4b,test,16970763,generation_3,3,0,0.9954594969749452,0.9957129557927451,163,0,0.0,True,True,True,True,True,True,True
qwen3_4b,test,17003923,generation_1,15,1,0.1701379418373108,0.9236488580703736,140,0,0.06666666666666667,False,True,True,True,True,True,True
qwen3_4b,test,17003923,generation_2,15,2,0.0057434104382991,0.8781295575201511,180,0,0.13333333333333333,False,False,True,True,True,True,True
qwen3_4b,test,17003923,generation_3,15,4,0.0212878473103046,0.7310379075507323,221,0,0.26666666666666666,False,False,False,True,True,True,False
qwen3_4b,test,17059986,generation_1,6,3,0.0034842020832002,0.5160782631331434,149,1,0.5,False,False,False,False,True,True,False
qwen3_4b,test,17059986,generation_2,6,3,0.0006836115499027,0.5320070693754436,194,1,0.5,False,False,False,False,True,True,False
qwen3_4b,test,17059986,generation_3,6,3,0.0013976981863379,0.4907971299253404,173,1,0.5,False,False,False,False,True,True,False
qwen3_4b,test,17166870,generation_1,3,0,0.9935292601585388,0.9947884281476339,163,1,0.0,True,True,True,True,True,True,True
qwen3_4b,test,17166870,generation_2,3,0,0.9941230416297911,0.9950381318728129,149,1,0.0,True,True,True,True,True,True,True
qwen3_4b,test,17166870,generation_3,3,0,0.9919691681861876,0.9939320286115009,198,1,0.0,True,True,True,True,True,True,True
qwen3_4b,test,17491223,generation_1,2,1,0.0106694400310516,0.364203616976738,120,0,0.5,False,False,False,False,True,True,False
qwen3_4b,test,17491223,generation_2,2,2,0.0090915691107511,0.010874637868255349,208,0,1.0,False,False,False,False,False,True,False
qwen3_4b,test,17491223,generation_3,2,1,0.0085367392748594,0.49193533416837454,131,0,0.5,False,False,False,False,True,True,False
qwen3_4b,test,17511042,generation_1,6,3,0.0153046809136867,0.4736033010606964,199,1,0.5,False,False,False,False,True,True,False
qwen3_4b,test,17511042,generation_2,6,2,0.0376078374683856,0.6862223825107018,155,1,0.3333333333333333,False,False,False,False,True,True,False
qwen3_4b,test,17511042,generation_3,6,2,0.0214805658906698,0.6066090871269504,204,1,0.3333333333333333,False,False,False,False,True,True,False
qwen3_4b,test,17562951,generation_1,5,2,0.000703482190147,0.5906381054315716,160,1,0.4,False,False,False,False,True,True,False
qwen3_4b,test,17562951,generation_2,5,2,0.0005634559202007,0.5945638358942233,160,1,0.4,False,False,False,False,True,True,False
qwen3_4b,test,17562951,generation_3,5,2,0.0094620771706104,0.5995940826833248,161,1,0.4,False,False,False,False,True,True,False
qwen3_4b,test,17879945,generation_1,10,4,0.0028454277198761,0.5624650014331565,178,0,0.4,False,False,False,False,True,True,False
qwen3_4b,test,17879945,generation_2,10,6,0.0064139449968934,0.4265521941706538,257,0,0.6,False,False,False,False,False,True,False
qwen3_4b,test,17879945,generation_3,10,6,0.0039813541807234,0.4216369478031992,177,0,0.6,False,False,False,False,False,True,False
qwen3_4b,test,17935240,generation_1,1,0,0.9959380626678468,0.9959380626678468,155,0,0.0,True,True,True,True,True,True,True
qwen3_4b,test,17935240,generation_2,1,0,0.9958428740501404,0.9958428740501404,147,0,0.0,True,True,True,True,True,True,True
qwen3_4b,test,17935240,generation_3,1,0,0.9962003827095032,0.9962003827095032,168,0,0.0,True,True,True,True,True,True,True
qwen3_4b,test,18179903,generation_1,3,2,0.0075294822454452,0.3379681960990031,172,0,0.6666666666666666,False,False,False,False,False,True,False
qwen3_4b,test,18179903,generation_2,3,2,0.025836681947112,0.35569220222532744,163,0,0.6666666666666666,False,False,False,False,False,True,False
qwen3_4b,test,18179903,generation_3,3,2,0.0081501482054591,0.3385666587079565,159,0,0.6666666666666666,False,False,False,False,False,True,False
qwen3_4b,test,18257781,generation_1,3,0,0.8860051035881042,0.9595916867256165,147,0,0.0,True,True,True,True,True,True,True
qwen3_4b,test,18257781,generation_2,3,1,0.3019468486309051,0.765007883310318,170,0,0.3333333333333333,False,False,False,False,True,True,False
qwen3_4b,test,18257781,generation_3,3,0,0.8912363648414612,0.9615460236867269,174,0,0.0,True,True,True,True,True,True,True
qwen3_4b,test,18399341,generation_1,1,1,0.0338273532688617,0.0338273532688617,164,0,1.0,False,False,False,False,False,True,False
qwen3_4b,test,18399341,generation_2,1,1,0.0024497106205672,0.0024497106205672,137,0,1.0,False,False,False,False,False,True,False
qwen3_4b,test,18399341,generation_3,1,0,0.7830162644386292,0.7830162644386292,151,0,0.0,True,True,True,True,True,True,True
qwen3_4b,test,18439803,generation_1,13,2,0.0095027983188629,0.8300886360498575,164,1,0.15384615384615385,False,False,True,True,True,True,True
qwen3_4b,test,18439803,generation_2,13,3,0.0134051293134689,0.7747381323805222,220,1,0.23076923076923078,False,False,False,True,True,True,False
qwen3_4b,test,18439803,generation_3,13,3,0.0101397735998034,0.7602952448651195,182,1,0.23076923076923078,False,False,False,True,True,True,False
qwen3_4b,test,18441470,generation_1,4,1,0.0301461163908243,0.7387966350652277,156,0,0.25,False,False,False,True,True,True,False
qwen3_4b,test,18441470,generation_2,4,2,0.0060626114718616,0.492497137747705,176,0,0.5,False,False,False,False,True,True,False
qwen3_4b,test,18441470,generation_3,4,2,0.0122984750196337,0.5027281201910226,179,0,0.5,False,False,False,False,True,True,False
qwen3_4b,test,18457324,generation_1,15,5,0.0003234303148929,0.6199579928768799,271,0,0.3333333333333333,False,False,False,False,True,True,False
qwen3_4b,test,18457324,generation_2,15,7,0.0005869597080163,0.5669348330974269,250,0,0.4666666666666667,False,False,False,False,True,True,False
qwen3_4b,test,18457324,generation_3,15,5,0.0012509456137195,0.6068996447371319,210,0,0.3333333333333333,False,False,False,False,True,True,False
qwen3_4b,test,1848636,generation_1,7,4,0.0294849127531051,0.46021496823855806,176,0,0.5714285714285714,False,False,False,False,False,True,False
qwen3_4b,test,1848636,generation_2,7,5,0.0077454890124499,0.3475378402508795,215,0,0.7142857142857143,False,False,False,False,False,True,False
qwen3_4b,test,1848636,generation_3,7,5,0.0145576708018779,0.3610429311437266,190,0,0.7142857142857143,False,False,False,False,False,True,False
qwen3_4b,test,18503483,generation_1,5,3,0.001506008207798,0.3962729927152395,173,1,0.6,False,False,False,False,False,True,False
qwen3_4b,test,18503483,generation_2,5,2,0.0005507068708539,0.5894767738878727,147,1,0.4,False,False,False,False,True,True,False
qwen3_4b,test,18503483,generation_3,5,2,0.0006388832116499,0.586248256568797,155,1,0.4,False,False,False,False,True,True,False
qwen3_4b,test,18507837,generation_1,11,2,0.0002229273959528,0.8290332561247685,171,0,0.18181818181818182,False,False,True,True,True,True,False
qwen3_4b,test,18507837,generation_2,11,2,0.0005256194272078,0.8135113610769622,180,0,0.18181818181818182,False,False,True,True,True,True,False
qwen3_4b,test,18507837,generation_3,11,2,0.0002171432133764,0.8246176733677699,152,0,0.18181818181818182,False,False,True,True,True,True,False
qwen3_4b,test,18991055,generation_1,11,2,0.0002746952231973,0.8074556883445687,178,0,0.18181818181818182,False,False,True,True,True,True,False
qwen3_4b,test,18991055,generation_2,11,2,0.0002641058817971,0.8090665067588403,175,0,0.18181818181818182,False,False,True,True,True,True,False
qwen3_4b,test,18991055,generation_3,11,2,0.0003955580759793,0.809017759938301,172,0,0.18181818181818182,False,False,True,True,True,True,False
qwen3_4b,test,19207031,generation_1,2,2,0.0030919781420379,0.0052567754173650505,157,0,1.0,False,False,False,False,False,True,False
qwen3_4b,test,19207031,generation_2,2,2,0.0010311232181265,0.00152077228995035,136,0,1.0,False,False,False,False,False,True,False
qwen3_4b,test,19207031,generation_3,2,2,0.0029402282088994,0.00390284834429615,169,0,1.0,False,False,False,False,False,True,False
qwen3_4b,test,19208385,generation_1,5,0,0.9905001521110536,0.9939772367477417,177,0,0.0,True,True,True,True,True,True,True
qwen3_4b,test,19208385,generation_2,5,0,0.9958426356315612,0.9963356375694274,188,0,0.0,True,True,True,True,True,True,True
qwen3_4b,test,19208385,generation_3,5,0,0.9951752424240112,0.9959075331687928,168,0,0.0,True,True,True,True,True,True,True
qwen3_4b,test,19276632,generation_1,11,7,0.0239898059517145,0.45215485973114317,173,0,0.6363636363636364,False,False,False,False,False,True,False
qwen3_4b,test,19276632,generation_2,11,1,0.1475059986114502,0.8631985946135088,187,0,0.09090909090909091,False,True,True,True,True,True,True
qwen3_4b,test,19276632,generation_3,11,6,0.0220362301915884,0.49893005954271014,156,0,0.5454545454545454,False,False,False,False,False,True,False
qwen3_4b,test,19353688,generation_1,2,0,0.997301697731018,0.9974548816680908,184,0,0.0,True,True,True,True,True,True,True
qwen3_4b,test,19353688,generation_2,2,0,0.9962862730026244,0.9965055286884308,129,0,0.0,True,True,True,True,True,True,True
qwen3_4b,test,19353688,generation_3,2,1,0.0094668259844183,0.501437037717551,136,0,0.5,False,False,False,False,True,True,False
qwen3_4b,test,19394258,generation_1,2,0,0.9912720322608948,0.9925375878810883,182,0,0.0,True,True,True,True,True,True,True
qwen3_4b,test,19394258,generation_2,2,0,0.9956236481666564,0.995624452829361,172,0,0.0,True,True,True,True,True,True,True
qwen3_4b,test,19394258,generation_3,2,0,0.9920273423194884,0.9928034842014313,148,0,0.0,True,True,True,True,True,True,True
qwen3_4b,test,19484664,generation_1,1,0,0.998040735721588,0.998040735721588,160,0,0.0,True,True,True,True,True,True,True
qwen3_4b,test,19484664,generation_2,1,0,0.997300922870636,0.997300922870636,133,0,0.0,True,True,True,True,True,True,True
qwen3_4b,test,19484664,generation_3,1,0,0.9976403713226318,0.9976403713226318,200,0,0.0,True,True,True,True,True,True,True
qwen3_4b,test,19531695,generation_1,7,2,0.0143691077828407,0.7057339921593666,187,1,0.2857142857142857,False,False,False,True,True,True,False
qwen3_4b,test,19531695,generation_2,7,1,0.267197847366333,0.8272113459450858,200,1,0.14285714285714285,False,False,True,True,True,True,False
qwen3_4b,test,19531695,generation_3,7,3,0.0076851272024214,0.6096513931905585,196,1,0.42857142857142855,False,False,False,False,True,True,False
qwen3_4b,test,19565319,generation_1,11,4,0.0087565444409847,0.6351874809373509,190,0,0.36363636363636365,False,False,False,False,True,True,False
qwen3_4b,test,19565319,generation_2,11,4,0.0303401891142129,0.6484244738451459,205,0,0.36363636363636365,False,False,False,False,True,True,False
qwen3_4b,test,19565319,generation_3,11,4,0.0012223368976265,0.6272649687757208,166,0,0.36363636363636365,False,False,False,False,True,True,False
qwen3_4b,test,19681452,generation_1,13,2,0.010693117044866,0.8310272632023463,200,0,0.15384615384615385,False,False,True,True,True,True,True
qwen3_4b,test,19681452,generation_2,13,2,0.0562423430383205,0.8447775304890596,190,0,0.15384615384615385,False,False,True,True,True,True,True
qwen3_4b,test,19681452,generation_3,13,5,0.0014361118664965,0.638526774611539,207,0,0.38461538461538464,False,False,False,False,True,True,False
qwen3_4b,test,19789368,generation_1,10,9,0.0003484195040073,0.08117708062054586,276,1,0.9,False,False,False,False,False,True,False
qwen3_4b,test,19789368,generation_2,10,9,0.0003326841979287,0.06365163635055064,252,1,0.9,False,False,False,False,False,True,False
qwen3_4b,test,19789368,generation_3,10,9,0.0004478548944462,0.12744983157899692,177,1,0.9,False,False,False,False,False,True,False
qwen3_4b,test,19957053,generation_1,4,2,0.0098836384713649,0.43392913183197374,150,1,0.5,False,False,False,False,True,True,False
qwen3_4b,test,19957053,generation_2,4,0,0.96639221906662,0.9708384275436401,121,1,0.0,True,True,True,True,True,True,True
qwen3_4b,test,19957053,generation_3,4,2,0.002560397144407,0.4822225846000947,145,1,0.5,False,False,False,False,True,True,False
qwen3_4b,test,20534762,generation_1,2,0,0.9878966808319092,0.9907559752464294,180,0,0.0,True,True,True,True,True,True,True
qwen3_4b,test,20534762,generation_2,2,0,0.9942394495010376,0.9946027100086212,155,0,0.0,True,True,True,True,True,True,True
qwen3_4b,test,20534762,generation_3,2,0,0.9665923118591307,0.9802585542201996,168,0,0.0,True,True,True,True,True,True,True
qwen3_4b,test,20648600,generation_1,14,6,0.0017256718128919,0.5765405297944588,253,1,0.42857142857142855,False,False,False,False,True,True,False
qwen3_4b,test,20648600,generation_2,14,5,0.0009532283293083,0.6647369684069417,267,1,0.35714285714285715,False,False,False,False,True,True,False
qwen3_4b,test,20648600,generation_3,14,5,0.0153734376654028,0.6319261873806161,261,1,0.35714285714285715,False,False,False,False,True,True,False
qwen3_4b,test,20705401,generation_1,19,8,0.0147734591737389,0.598143638013617,211,0,0.42105263157894735,False,False,False,False,True,True,False
qwen3_4b,test,20705401,generation_2,19,6,0.0087183369323611,0.6737394021627935,207,0,0.3157894736842105,False,False,False,True,True,True,False
qwen3_4b,test,20705401,generation_3,19,5,0.0069171502254903,0.7245584653543407,253,0,0.2631578947368421,False,False,False,True,True,True,False
qwen3_4b,test,20709368,generation_1,4,2,0.027891619130969,0.5296067181043327,149,0,0.5,False,False,False,False,True,True,False
qwen3_4b,test,20709368,generation_2,4,2,0.0080140214413404,0.5096287601627408,163,0,0.5,False,False,False,False,True,True,False
qwen3_4b,test,20709368,generation_3,4,2,0.0078945830464363,0.5025830371305346,121,0,0.5,False,False,False,False,True,True,False
qwen3_4b,test,21126715,generation_1,4,0,0.9949185252189636,0.9963572472333908,155,0,0.0,True,True,True,True,True,True,True
qwen3_4b,test,21126715,generation_2,4,0,0.9940937161445618,0.9951684325933456,137,0,0.0,True,True,True,True,True,True,True
qwen3_4b,test,21126715,generation_3,4,0,0.9916977882385254,0.9938884228467941,135,0,0.0,True,True,True,True,True,True,True
qwen3_4b,test,21219851,generation_1,4,3,0.0106262899935245,0.2616405147127807,152,0,0.75,False,False,False,False,False,True,False
qwen3_4b,test,21219851,generation_2,4,3,0.0218307487666606,0.2700116615742445,157,0,0.75,False,False,False,False,False,True,False
qwen3_4b,test,21219851,generation_3,4,3,0.0012412121286615,0.25098904900369234,176,0,0.75,False,False,False,False,False,True,False
qwen3_4b,test,21405999,generation_1,14,6,0.0008459294913336,0.5689492451492697,160,1,0.42857142857142855,False,False,False,False,True,True,False
qwen3_4b,test,21405999,generation_2,14,6,0.0007107634446583,0.5540513179398008,185,1,0.42857142857142855,False,False,False,False,True,True,False
qwen3_4b,test,21405999,generation_3,14,6,0.0028455830179154,0.5693270940599697,222,1,0.42857142857142855,False,False,False,False,True,True,False
qwen3_4b,test,21684788,generation_1,4,0,0.9953109622001648,0.9962680041790009,168,0,0.0,True,True,True,True,True,True,True
qwen3_4b,test,21684788,generation_2,4,0,0.9949095845222472,0.9960383027791977,143,0,0.0,True,True,True,True,True,True,True
qwen3_4b,test,21684788,generation_3,4,0,0.9950113296508788,0.9958683401346207,172,0,0.0,True,True,True,True,True,True,True
qwen3_4b,test,21750150,generation_1,8,3,0.0124483238905668,0.6241145399399102,210,0,0.375,False,False,False,False,True,True,False
qwen3_4b,test,21750150,generation_2,8,3,0.0089948223903775,0.620555805042386,206,0,0.375,False,False,False,False,True,True,False
qwen3_4b,test,21750150,generation_3,8,3,0.0324386730790138,0.6359596317633986,222,0,0.375,False,False,False,False,True,True,False
qwen3_4b,test,21879313,generation_1,20,8,0.0003473996184766,0.6190774500137195,261,1,0.4,False,False,False,False,True,True,False
qwen3_4b,test,21879313,generation_2,20,8,0.0008865968557074,0.62400183743448,187,1,0.4,False,False,False,False,True,True,False
qwen3_4b,test,21879313,generation_3,20,6,0.0002975732204504,0.7121334392024437,239,1,0.3,False,False,False,True,True,True,False
qwen3_4b,test,21976953,generation_1,1,0,0.9963655471801758,0.9963655471801758,160,0,0.0,True,True,True,True,True,True,True
qwen3_4b,test,21976953,generation_2,1,0,0.9964205026626588,0.9964205026626588,204,0,0.0,True,True,True,True,True,True,True
qwen3_4b,test,21976953,generation_3,1,0,0.9962117671966552,0.9962117671966552,150,0,0.0,True,True,True,True,True,True,True
qwen3_4b,test,22369755,generation_1,32,19,0.0002172092936234,0.36938835087448746,227,0,0.59375,False,False,False,False,False,True,False
qwen3_4b,test,22369755,generation_2,32,23,0.0002141189179383,0.29712946412246305,221,0,0.71875,False,False,False,False,False,True,False
qwen3_4b,test,22369755,generation_3,32,22,0.0002432071050861,0.31219881611059463,266,0,0.6875,False,False,False,False,False,True,False
qwen3_4b,test,22729903,generation_1,6,2,0.0002089175395667,0.6594863790960517,188,0,0.3333333333333333,False,False,False,False,True,True,False
qwen3_4b,test,22729903,generation_2,6,2,0.000214697283809,0.6583412781692459,208,0,0.3333333333333333,False,False,False,False,True,True,False
qwen3_4b,test,22729903,generation_3,6,1,0.0002041681000264,0.8216030336649661,190,0,0.16666666666666666,False,False,True,True,True,True,False
qwen3_4b,test,23069675,generation_1,15,8,0.0002579596766736,0.46177431381074713,282,0,0.5333333333333333,False,False,False,False,False,True,False
qwen3_4b,test,23069675,generation_2,15,7,0.0002383095998084,0.5303639017870105,234,0,0.4666666666666667,False,False,False,False,True,True,False
qwen3_4b,test,23069675,generation_3,15,10,0.0002333130832994,0.35562401008695205,261,0,0.6666666666666666,False,False,False,False,False,True,False
qwen3_4b,test,24114426,generation_1,4,0,0.9780482053756714,0.978745698928833,184,0,0.0,True,True,True,True,True,True,True
qwen3_4b,test,24114426,generation_2,4,0,0.9814188480377196,0.9819927513599396,160,0,0.0,True,True,True,True,True,True,True
qwen3_4b,test,24114426,generation_3,4,0,0.9803234338760376,0.9815520495176315,151,0,0.0,True,True,True,True,True,True,True
qwen3_4b,test,24442316,generation_1,21,9,0.0002402556565357,0.5825511422472551,260,0,0.42857142857142855,False,False,False,False,True,True,False
qwen3_4b,test,24442316,generation_2,21,12,0.000218173401663,0.4195364770698472,220,0,0.5714285714285714,False,False,False,False,False,True,False
qwen3_4b,test,24442316,generation_3,21,8,0.0006610522395931,0.5931686081263857,279,0,0.38095238095238093,False,False,False,False,True,True,False
qwen3_4b,test,24671324,generation_1,9,2,0.0043056081049144,0.7590470804522435,137,3,0.2222222222222222,False,False,False,True,True,True,False
qwen3_4b,test,24671324,generation_2,9,1,0.0275293085724115,0.8530292521334357,144,3,0.1111111111111111,False,False,True,True,True,True,True
qwen3_4b,test,24671324,generation_3,9,3,0.0008259906899183,0.6273572952615925,224,3,0.3333333333333333,False,False,False,False,True,True,False
qwen3_4b,test,24717468,generation_1,4,0,0.9790230393409728,0.9798568487167358,143,1,0.0,True,True,True,True,True,True,True
qwen3_4b,test,24717468,generation_2,4,0,0.9788460731506348,0.9792927205562592,139,1,0.0,True,True,True,True,True,True,True
qwen3_4b,test,24717468,generation_3,4,0,0.9801336526870728,0.9811210036277771,156,1,0.0,True,True,True,True,True,True,True
qwen3_4b,test,24739405,generation_1,5,0,0.6711806058883667,0.919655978679657,189,1,0.0,True,True,True,True,True,True,True
qwen3_4b,test,24739405,generation_2,5,0,0.9718688130378724,0.9804796934127807,184,1,0.0,True,True,True,True,True,True,True
qwen3_4b,test,24739405,generation_3,5,0,0.9698715209960938,0.9798604846000671,255,1,0.0,True,True,True,True,True,True,True
qwen3_4b,test,24840785,generation_1,8,3,0.0006639788043685,0.5701429849505075,164,0,0.375,False,False,False,False,True,True,False
qwen3_4b,test,24840785,generation_2,8,5,0.0053846156224608,0.41214615281205624,179,0,0.625,False,False,False,False,False,True,False
qwen3_4b,test,24840785,generation_3,8,5,0.0003149540279991,0.4555696065435768,195,0,0.625,False,False,False,False,False,True,False
qwen3_4b,test,2491010,generation_1,1,1,0.138167604804039,0.138167604804039,180,0,1.0,False,False,False,False,False,True,False
qwen3_4b,test,2491010,generation_2,1,0,0.8213352560997009,0.8213352560997009,148,0,0.0,True,True,True,True,True,True,True
qwen3_4b,test,2491010,generation_3,1,1,0.0470099374651908,0.0470099374651908,174,0,1.0,False,False,False,False,False,True,False
qwen3_4b,test,25006961,generation_1,12,9,0.0003023291064891,0.30705957189638866,186,0,0.75,False,False,False,False,False,True,False
qwen3_4b,test,25006961,generation_2,12,7,0.0002763235534075,0.39487129463668674,174,0,0.5833333333333334,False,False,False,False,False,True,False
qwen3_4b,test,25006961,generation_3,12,7,0.0003763434069696,0.3648004191321282,236,0,0.5833333333333334,False,False,False,False,False,True,False
qwen3_4b,test,25277705,generation_1,45,36,0.0001961517846211,0.2202941681352159,233,0,0.8,False,False,False,False,False,True,False
qwen3_4b,test,25277705,generation_2,45,31,0.0001945052208611,0.2903582627768628,273,0,0.6888888888888889,False,False,False,False,False,True,False
qwen3_4b,test,25277705,generation_3,45,33,0.0001940585934789,0.25065562122779533,252,0,0.7333333333333333,False,False,False,False,False,True,False
qwen3_4b,test,25874935,generation_1,10,9,0.0001820670586312,0.16110850066324928,182,0,0.9,False,False,False,False,False,True,False
qwen3_4b,test,25874935,generation_2,10,8,0.0001788926456356,0.21383241982111936,293,0,0.8,False,False,False,False,False,True,False
qwen3_4b,test,25874935,generation_3,10,8,0.0001803577179089,0.20121330783586014,206,0,0.8,False,False,False,False,False,True,False
qwen3_4b,test,26110643,generation_1,23,8,0.000385923020076,0.6457642794551287,211,0,0.34782608695652173,False,False,False,False,True,True,False
qwen3_4b,test,26110643,generation_2,23,9,0.0001974267797777,0.6087721031046543,209,0,0.391304347826087,False,False,False,False,True,True,False
qwen3_4b,test,26110643,generation_3,23,9,0.0005735579179599,0.6112439831055742,204,0,0.391304347826087,False,False,False,False,True,True,False
qwen3_4b,test,26449539,generation_1,41,35,0.0001780570746632,0.19628975883789254,200,0,0.8536585365853658,False,False,False,False,False,True,False
qwen3_4b,test,26449539,generation_2,41,33,0.0001802428741939,0.21330516969056784,219,0,0.8048780487804879,False,False,False,False,False,True,False
qwen3_4b,test,26449539,generation_3,41,28,0.0001790675887605,0.3120355334724924,273,0,0.6829268292682927,False,False,False,False,False,True,False
qwen3_4b,test,26615423,generation_1,6,4,0.005921181757003,0.34499122691340744,197,0,0.6666666666666666,False,False,False,False,False,True,False
qwen3_4b,test,26615423,generation_2,6,4,0.0063277827575802,0.33405896920400363,141,0,0.6666666666666666,False,False,False,False,False,True,False
qwen3_4b,test,26615423,generation_3,6,4,0.0089074419811367,0.36494028971840936,156,0,0.6666666666666666,False,False,False,False,False,True,False
qwen3_4b,test,26847345,generation_1,11,1,0.0980350449681282,0.8131144866347313,169,0,0.09090909090909091,False,True,True,True,True,True,True
qwen3_4b,test,26847345,generation_2,11,7,0.0167619921267032,0.4042182999917052,194,0,0.6363636363636364,False,False,False,False,False,True,False
qwen3_4b,test,26847345,generation_3,11,6,0.0113503858447074,0.46047008714892645,160,0,0.5454545454545454,False,False,False,False,False,True,False
qwen3_4b,test,26900322,generation_1,5,2,0.0044587217271327,0.5993892293423413,105,0,0.4,False,False,False,False,True,True,False
qwen3_4b,test,26900322,generation_2,5,2,0.0046095238067209,0.6004823696799576,129,0,0.4,False,False,False,False,True,True,False
qwen3_4b,test,26900322,generation_3,5,2,0.0042524663731455,0.5997456260025501,134,0,0.4,False,False,False,False,True,True,False
qwen3_4b,test,26937641,generation_1,107,103,0.0001754368422552,0.037303662239426966,183,0,0.9626168224299065,False,False,False,False,False,True,False
qwen3_4b,test,26937641,generation_2,107,103,0.0001767050416674,0.03874192347140242,170,0,0.9626168224299065,False,False,False,False,False,True,False
qwen3_4b,test,26937641,generation_3,107,103,0.0001753547257976,0.03735966529538328,158,0,0.9626168224299065,False,False,False,False,False,True,False
qwen3_4b,test,26991973,generation_1,3,2,0.0085847545415163,0.2584409875174363,115,1,0.6666666666666666,False,False,False,False,False,True,False
qwen3_4b,test,26991973,generation_2,3,3,0.0167646817862987,0.05618208895126973,125,1,1.0,False,False,False,False,False,True,False
qwen3_4b,test,26991973,generation_3,3,2,0.0123807052150368,0.3244428963710864,151,1,0.6666666666666666,False,False,False,False,False,True,False
qwen3_4b,test,27384305,generation_1,11,4,0.0027449526824057,0.5744926141024652,227,0,0.36363636363636365,False,False,False,False,True,True,False
qwen3_4b,test,27384305,generation_2,11,4,0.0005006350111216,0.601852078223601,200,0,0.36363636363636365,False,False,False,False,True,True,False
qwen3_4b,test,27384305,generation_3,11,11,0.0008130186470225,0.028474780953150525,195,0,1.0,False,False,False,False,False,True,False
qwen3_4b,test,27464336,generation_1,14,6,0.0001856782473623,0.5514848789618034,209,0,0.42857142857142855,False,False,False,False,True,True,False
qwen3_4b,test,27464336,generation_2,14,6,0.0001829729153541,0.5898181358227573,216,0,0.42857142857142855,False,False,False,False,True,True,False
qwen3_4b,test,27464336,generation_3,14,6,0.0001875188318081,0.5621801382814218,171,0,0.42857142857142855,False,False,False,False,True,True,False
qwen3_4b,test,27798239,generation_1,15,7,0.0100222481414675,0.6137951673939824,156,0,0.4666666666666667,False,False,False,False,True,True,False
qwen3_4b,test,27798239,generation_2,15,3,0.0125078037381172,0.7559303072591622,172,0,0.2,False,False,True,True,True,True,False
qwen3_4b,test,27798239,generation_3,15,4,0.016293067485094,0.6962610753873985,217,0,0.26666666666666666,False,False,False,True,True,True,False
qwen3_4b,test,27959387,generation_1,31,16,0.0003026246849913,0.45170635762605665,220,0,0.5161290322580645,False,False,False,False,False,True,False
qwen3_4b,test,27959387,generation_2,31,18,0.000436799833551,0.4064566377295001,253,0,0.5806451612903226,False,False,False,False,False,True,False
qwen3_4b,test,27959387,generation_3,31,20,0.0002446719154249,0.41453787020403854,194,0,0.6451612903225806,False,False,False,False,False,True,False
qwen3_4b,test,27993978,generation_1,5,4,0.0002960109850391,0.26653592090588063,183,0,0.8,False,False,False,False,False,True,False
qwen3_4b,test,27993978,generation_2,5,2,0.0042449319735169,0.48033034410327674,203,0,0.4,False,False,False,False,True,True,False
qwen3_4b,test,27993978,generation_3,5,2,0.0004129331500735,0.5954818058002275,206,0,0.4,False,False,False,False,True,True,False
qwen3_4b,test,28068934,generation_1,4,0,0.9731797575950624,0.986099049448967,182,0,0.0,True,True,True,True,True,True,True
qwen3_4b,test,28068934,generation_2,4,0,0.9911059737205504,0.9933634847402573,151,0,0.0,True,True,True,True,True,True,True
qwen3_4b,test,28068934,generation_3,4,0,0.9912638664245604,0.9926168769598007,115,0,0.0,True,True,True,True,True,True,True
qwen3_4b,test,28481876,generation_1,7,2,0.0006585649680346,0.7075884603462848,215,1,0.2857142857142857,False,False,False,True,True,True,False
qwen3_4b,test,28481876,generation_2,7,2,0.0040869377553462,0.7289361714252404,179,1,0.2857142857142857,False,False,False,True,True,True,False
qwen3_4b,test,28481876,generation_3,7,2,0.0009406341705471,0.7087610201976661,176,1,0.2857142857142857,False,False,False,True,True,True,False
qwen3_4b,test,28684635,generation_1,8,3,0.035672266036272,0.6419332828372717,249,0,0.375,False,False,False,False,True,True,False
qwen3_4b,test,28684635,generation_2,8,4,0.001137601211667,0.49932562292087823,189,0,0.5,False,False,False,False,True,True,False
qwen3_4b,test,28684635,generation_3,8,2,0.0037947911769151,0.7306192487012595,242,0,0.25,False,False,False,True,True,True,False
qwen3_4b,test,28846666,generation_1,43,19,0.0001963632385013,0.557942006193835,262,0,0.4418604651162791,False,False,False,False,True,True,False
qwen3_4b,test,28846666,generation_2,43,22,0.000181751398486,0.4832170658943184,199,0,0.5116279069767442,False,False,False,False,False,True,False
qwen3_4b,test,28846666,generation_3,43,18,0.0001821842743083,0.5894480031464238,270,0,0.4186046511627907,False,False,False,False,True,True,False
qwen3_4b,test,8829135,generation_1,8,1,0.1064843460917472,0.8655976643785834,230,4,0.125,False,False,True,True,True,True,False
qwen3_4b,test,8829135,generation_2,8,2,0.000219516135985,0.7373568171351508,222,4,0.25,False,False,False,True,True,True,False
qwen3_4b,test,8829135,generation_3,8,1,0.0237223133444786,0.8582742689177394,220,4,0.125,False,False,True,True,True,True,False
qwen3_4b,test,9672936,generation_1,2,1,0.0078051285818219,0.49755660677328706,144,0,0.5,False,False,False,False,True,True,False
qwen3_4b,test,9672936,generation_2,2,1,0.0071834046393632,0.3075039247050881,162,0,0.5,False,False,False,False,True,True,False
qwen3_4b,test,9672936,generation_3,2,1,0.0065306681208312,0.4969971308019012,126,0,0.5,False,False,False,False,True,True,False
qwen3_4b,train,10491763,generation_1,3,0,0.9589823484420776,0.9806368748346964,159,0,0.0,True,True,True,True,True,True,True
qwen3_4b,train,10491763,generation_2,3,0,0.8590530157089233,0.9451115727424622,165,0,0.0,True,True,True,True,True,True,True
qwen3_4b,train,10491763,generation_3,3,0,0.5415237545967102,0.8392359813054403,179,0,0.0,True,True,True,True,True,True,True
qwen3_4b,train,10788334,generation_1,8,3,0.0084353508427739,0.6248561018146574,157,0,0.375,False,False,False,False,True,True,False
qwen3_4b,train,10788334,generation_2,8,1,0.0093803256750106,0.809548756107688,182,0,0.125,False,False,True,True,True,True,False
qwen3_4b,train,10788334,generation_3,8,3,0.0186880175024271,0.5954691295046359,204,0,0.375,False,False,False,False,True,True,False
qwen3_4b,train,11009181,generation_1,4,0,0.9653127193450928,0.9775915741920471,195,0,0.0,True,True,True,True,True,True,True
qwen3_4b,train,11009181,generation_2,4,0,0.9776586890220642,0.9813042879104614,154,0,0.0,True,True,True,True,True,True,True
qwen3_4b,train,11009181,generation_3,4,0,0.923700749874115,0.966009259223938,145,0,0.0,True,True,True,True,True,True,True
qwen3_4b,train,11054569,generation_1,5,0,0.9812594056129456,0.9852985858917236,101,0,0.0,True,True,True,True,True,True,True
qwen3_4b,train,11054569,generation_2,5,0,0.9845343828201294,0.9873839497566224,147,0,0.0,True,True,True,True,True,True,True
qwen3_4b,train,11054569,generation_3,5,0,0.982822597026825,0.9859403848648072,86,0,0.0,True,True,True,True,True,True,True
qwen3_4b,train,11773892,generation_1,6,0,0.6381978392601013,0.8872303068637848,177,0,0.0,True,True,True,True,True,True,True
qwen3_4b,train,11773892,generation_2,6,1,0.1453410536050796,0.7980692113439242,158,0,0.16666666666666666,False,False,True,True,True,True,False
qwen3_4b,train,11773892,generation_3,6,0,0.7743625640869141,0.9365548690160116,206,0,0.0,True,True,True,True,True,True,True
qwen3_4b,train,12442272,generation_1,2,1,0.0173663850873708,0.5066072819754481,141,0,0.5,False,False,False,False,True,True,False
qwen3_4b,train,12442272,generation_2,2,1,0.0293300915509462,0.5123216295614839,193,0,0.5,False,False,False,False,True,True,False
qwen3_4b,train,12442272,generation_3,2,1,0.022075705230236,0.5090085230767726,150,0,0.5,False,False,False,False,True,True,False
qwen3_4b,train,1353340,generation_1,2,1,0.0025134661700576,0.4993615437997505,207,0,0.5,False,False,False,False,True,True,False
qwen3_4b,train,1353340,generation_2,2,1,0.0029352335259318,0.4995484068058431,165,0,0.5,False,False,False,False,True,True,False
qwen3_4b,train,1353340,generation_3,2,1,0.0036743662785738,0.4996244203066453,149,0,0.5,False,False,False,False,True,True,False
qwen3_4b,train,14722929,generation_1,1,0,0.9959461092948914,0.9959461092948914,159,0,0.0,True,True,True,True,True,True,True
qwen3_4b,train,14722929,generation_2,1,0,0.9961736798286438,0.9961736798286438,143,0,0.0,True,True,True,True,True,True,True
qwen3_4b,train,14722929,generation_3,1,0,0.9967660903930664,0.9967660903930664,145,0,0.0,True,True,True,True,True,True,True
qwen3_4b,train,15033202,generation_1,1,0,0.996127188205719,0.996127188205719,136,0,0.0,True,True,True,True,True,True,True
qwen3_4b,train,15033202,generation_2,1,0,0.9960083961486816,0.9960083961486816,122,0,0.0,True,True,True,True,True,True,True
qwen3_4b,train,15033202,generation_3,1,0,0.9954223036766052,0.9954223036766052,173,0,0.0,True,True,True,True,True,True,True
qwen3_4b,train,15042318,generation_1,5,3,0.0003346197481732,0.393054585129721,140,0,0.6,False,False,False,False,False,True,False
qwen3_4b,train,15042318,generation_2,5,3,0.000328865047777,0.39391957240295594,132,0,0.6,False,False,False,False,False,True,False
qwen3_4b,train,15042318,generation_3,5,3,0.0003974106512032,0.3939598469936755,145,0,0.6,False,False,False,False,False,True,False
qwen3_4b,train,15064320,generation_1,3,1,0.0004211290506646,0.6640601629624143,166,0,0.3333333333333333,False,False,False,False,True,True,False
qwen3_4b,train,15064320,generation_2,3,0,0.9019182324409484,0.9507301449775696,154,0,0.0,True,True,True,True,True,True,True
qwen3_4b,train,15064320,generation_3,3,0,0.9880425930023192,0.991939107577006,160,0,0.0,True,True,True,True,True,True,True
qwen3_4b,train,15075188,generation_1,19,4,0.0828550457954406,0.7507265645422434,266,0,0.21052631578947367,False,False,False,True,True,True,False
qwen3_4b,train,15075188,generation_2,19,7,0.00985589902848,0.6061097249682796,241,0,0.3684210526315789,False,False,False,False,True,True,False
qwen3_4b,train,15075188,generation_3,19,4,0.0214172042906284,0.7554306284965653,234,0,0.21052631578947367,False,False,False,True,True,True,False
qwen3_4b,train,15099351,generation_1,6,3,0.013278747908771,0.5108297493619224,168,0,0.5,False,False,False,False,True,True,False
qwen3_4b,train,15099351,generation_2,6,2,0.0095464149489998,0.6658608691456417,185,0,0.3333333333333333,False,False,False,False,True,True,False
qwen3_4b,train,15099351,generation_3,6,3,0.0120285023003816,0.5155667883033553,198,0,0.5,False,False,False,False,True,True,False
qwen3_4b,train,15122708,generation_1,6,0,0.9903627038002014,0.9940833449363708,202,0,0.0,True,True,True,True,True,True,True
qwen3_4b,train,15122708,generation_2,6,0,0.9854084849357604,0.9904980063438414,132,0,0.0,True,True,True,True,True,True,True
qwen3_4b,train,15122708,generation_3,6,1,0.0060396566987037,0.8304614586134752,173,0,0.16666666666666666,False,False,True,True,True,True,False
qwen3_4b,train,15122711,generation_1,9,0,0.9888131022453308,0.9952869150373671,185,0,0.0,True,True,True,True,True,True,True
qwen3_4b,train,15122711,generation_2,9,0,0.9100708365440368,0.984022749794854,195,0,0.0,True,True,True,True,True,True,True
qwen3_4b,train,15122711,generation_3,9,0,0.9888730645179749,0.9950518740548028,201,0,0.0,True,True,True,True,True,True,True
qwen3_4b,train,15145918,generation_1,16,8,0.0004806302022188,0.5234496700577438,236,0,0.5,False,False,False,False,True,True,False
qwen3_4b,train,15145918,generation_2,16,6,0.0003844888415187,0.6188269346457673,249,0,0.375,False,False,False,False,True,True,False
qwen3_4b,train,15145918,generation_3,16,5,0.0183509979397058,0.6892268707742915,200,0,0.3125,False,False,False,True,True,True,False
qwen3_4b,train,15177686,generation_1,1,1,0.0002288527175551,0.0002288527175551,159,0,1.0,False,False,False,False,False,True,False
qwen3_4b,train,15177686,generation_2,1,1,0.0002213532861787,0.0002213532861787,136,0,1.0,False,False,False,False,False,True,False
qwen3_4b,train,15177686,generation_3,1,1,0.0002172596141463,0.0002172596141463,151,0,1.0,False,False,False,False,False,True,False
qwen3_4b,train,15184369,generation_1,4,3,0.0213732253760099,0.3012132910080254,142,0,0.75,False,False,False,False,False,True,False
qwen3_4b,train,15184369,generation_2,4,2,0.0103219011798501,0.4330189193133265,171,0,0.5,False,False,False,False,True,True,False
qwen3_4b,train,15184369,generation_3,4,3,0.084552563726902,0.360956035554409,146,0,0.75,False,False,False,False,False,True,False
qwen3_4b,train,15188772,generation_1,4,1,0.0424394905567169,0.7475012019276619,198,0,0.25,False,False,False,True,True,True,False
qwen3_4b,train,15188772,generation_2,4,2,0.0132588688284158,0.4464157782495021,163,0,0.5,False,False,False,False,True,True,False
qwen3_4b,train,15188772,generation_3,4,0,0.9412562251091005,0.9702041149139404,158,0,0.0,True,True,True,True,True,True,True
qwen3_4b,train,15191352,generation_1,6,1,0.0241462104022502,0.8274916528413693,181,0,0.16666666666666666,False,False,True,True,True,True,False
qwen3_4b,train,15191352,generation_2,6,2,0.0030053313821554,0.6650496049939344,154,0,0.3333333333333333,False,False,False,False,True,True,False
qwen3_4b,train,15191352,generation_3,6,2,0.0006285706767812,0.6640840456141935,143,0,0.3333333333333333,False,False,False,False,True,True,False
qwen3_4b,train,15198485,generation_1,4,0,0.9203124046325684,0.9695617854595184,159,0,0.0,True,True,True,True,True,True,True
qwen3_4b,train,15198485,generation_2,4,0,0.976969599723816,0.986741304397583,138,0,0.0,True,True,True,True,True,True,True
qwen3_4b,train,15198485,generation_3,4,0,0.9750000834465028,0.9870552420616151,138,0,0.0,True,True,True,True,True,True,True
qwen3_4b,train,15200408,generation_1,6,0,0.8904517889022827,0.9706562360127767,157,0,0.0,True,True,True,True,True,True,True
qwen3_4b,train,15200408,generation_2,6,0,0.9887869954109192,0.9941487908363342,235,0,0.0,True,True,True,True,True,True,True
qwen3_4b,train,15200408,generation_3,6,2,0.0039390181191265,0.6636912599982073,182,0,0.3333333333333333,False,False,False,False,True,True,False
qwen3_4b,train,15241482,generation_1,2,0,0.993599772453308,0.9956154227256774,220,0,0.0,True,True,True,True,True,True,True
qwen3_4b,train,15241482,generation_2,2,0,0.9886416792869568,0.9929255247116089,189,0,0.0,True,True,True,True,True,True,True
qwen3_4b,train,15241482,generation_3,2,0,0.9936876893043518,0.9957142770290375,212,0,0.0,True,True,True,True,True,True,True
qwen3_4b,train,15266215,generation_1,5,2,0.065647967159748,0.6643427684903145,154,1,0.4,False,False,False,False,True,True,False
qwen3_4b,train,15266215,generation_2,5,2,0.0781254544854164,0.6719567909836769,161,1,0.4,False,False,False,False,True,True,False
qwen3_4b,train,15266215,generation_3,5,1,0.0600702837109565,0.750788725912571,160,1,0.2,False,False,True,True,True,True,False
qwen3_4b,train,15278670,generation_1,8,1,0.0038679651916027,0.8190561360679567,251,0,0.125,False,False,True,True,True,True,False
qwen3_4b,train,15278670,generation_2,8,3,0.0059442943893373,0.6160444036941044,241,0,0.375,False,False,False,False,True,True,False
qwen3_4b,train,15278670,generation_3,8,6,0.0078405104577541,0.3311601735185832,251,0,0.75,False,False,False,False,False,True,False
qwen3_4b,train,15459183,generation_1,6,2,0.0191721487790346,0.6684399731457233,167,0,0.3333333333333333,False,False,False,False,True,True,False
qwen3_4b,train,15459183,generation_2,6,1,0.0135411648079752,0.818493873346597,157,0,0.16666666666666666,False,False,True,True,True,True,False
qwen3_4b,train,15459183,generation_3,6,2,0.0086475824937224,0.6767087055680653,177,0,0.3333333333333333,False,False,False,False,True,True,False
qwen3_4b,train,15523499,generation_1,12,1,0.1848141700029373,0.8631762030224005,145,0,0.08333333333333333,False,True,True,True,True,True,True
qwen3_4b,train,15523499,generation_2,12,6,0.0036630418617278,0.5031977307711107,152,0,0.5,False,False,False,False,True,True,False
qwen3_4b,train,15523499,generation_3,12,0,0.5496345162391663,0.8714926540851593,185,0,0.0,True,True,True,True,True,True,True
qwen3_4b,train,15599941,generation_1,4,1,0.1047688648104667,0.7718391846865416,168,0,0.25,False,False,False,True,True,True,False
qwen3_4b,train,15599941,generation_2,4,1,0.0050262408331036,0.7476139564532787,162,0,0.25,False,False,False,True,True,True,False
qwen3_4b,train,15599941,generation_3,4,1,0.0063446727581322,0.7481383226113394,169,0,0.25,False,False,False,True,True,True,False
qwen3_4b,train,15602202,generation_1,4,0,0.955583393573761,0.9715583473443985,157,0,0.0,True,True,True,True,True,True,True
qwen3_4b,train,15602202,generation_2,4,0,0.9674316048622132,0.9748005867004395,166,0,0.0,True,True,True,True,True,True,True
qwen3_4b,train,15602202,generation_3,4,0,0.8975636959075928,0.9598546922206879,166,0,0.0,True,True,True,True,True,True,True
qwen3_4b,train,15609295,generation_1,5,1,0.0004498213238548,0.7772865742386784,174,3,0.2,False,False,True,True,True,True,False
qwen3_4b,train,15609295,generation_2,5,0,0.6227385401725769,0.9165106773376465,193,3,0.0,True,True,True,True,True,True,True
qwen3_4b,train,15609295,generation_3,5,1,0.4497781097888946,0.8835881412029266,190,3,0.2,False,False,True,True,True,True,False
qwen3_4b,train,15614572,generation_1,15,1,0.4557606875896454,0.9284159481525421,234,0,0.06666666666666667,False,True,True,True,True,True,True
qwen3_4b,train,15614572,generation_2,15,3,0.0138314422219991,0.7708162893851598,228,0,0.2,False,False,True,True,True,True,False
qwen3_4b,train,15614572,generation_3,15,2,0.0006051893578842,0.8212203088294093,215,0,0.13333333333333333,False,False,True,True,True,True,True
qwen3_4b,train,15623763,generation_1,11,7,0.0008730169502086,0.4215482100685635,192,0,0.6363636363636364,False,False,False,False,False,True,False
qwen3_4b,train,15623763,generation_2,11,2,0.0084695639088749,0.7948080705140125,246,0,0.18181818181818182,False,False,True,True,True,True,False
qwen3_4b,train,15623763,generation_3,11,7,0.0003571251581888,0.3967278115610084,217,0,0.6363636363636364,False,False,False,False,False,True,False
qwen3_4b,train,15630069,generation_1,14,1,0.1036715134978294,0.8302117389227662,224,3,0.07142857142857142,False,True,True,True,True,True,True
qwen3_4b,train,15630069,generation_2,14,4,0.0187984220683574,0.7140038457832166,226,3,0.2857142857142857,False,False,False,True,True,True,False
qwen3_4b,train,15630069,generation_3,14,1,0.0106802964583039,0.8674827585928142,252,3,0.07142857142857142,False,True,True,True,True,True,True
qwen3_4b,train,15649253,generation_1,4,1,0.0353539213538169,0.624846687540412,152,0,0.25,False,False,False,True,True,True,False
qwen3_4b,train,15649253,generation_2,4,2,0.0111455060541629,0.5253597507253289,128,0,0.5,False,False,False,False,True,True,False
qwen3_4b,train,15649253,generation_3,4,1,0.0964754298329353,0.685628117993474,155,0,0.25,False,False,False,True,True,True,False
qwen3_4b,train,15686794,generation_1,3,1,0.0278364084661006,0.5366868066291014,209,0,0.3333333333333333,False,False,False,False,True,True,False
qwen3_4b,train,15686794,generation_2,3,2,0.0357696004211902,0.36601996545990306,243,0,0.6666666666666666,False,False,False,False,False,True,False
qwen3_4b,train,15686794,generation_3,3,2,0.0527531579136848,0.49185519665479654,156,0,0.6666666666666666,False,False,False,False,False,True,False
qwen3_4b,train,15748645,generation_1,3,0,0.673744261264801,0.868330160776774,159,0,0.0,True,True,True,True,True,True,True
qwen3_4b,train,15748645,generation_2,3,2,0.0245885290205478,0.417868128667275,142,0,0.6666666666666666,False,False,False,False,False,True,False
qwen3_4b,train,15748645,generation_3,3,0,0.957221746444702,0.9719042778015137,171,0,0.0,True,True,True,True,True,True,True
qwen3_4b,train,15749661,generation_1,14,1,0.0005953520303592,0.9171861212151791,222,0,0.07142857142857142,False,True,True,True,True,True,True
qwen3_4b,train,15749661,generation_2,14,1,0.0004396720614749,0.8920706956435295,195,0,0.07142857142857142,False,True,True,True,True,True,True
qwen3_4b,train,15749661,generation_3,14,2,0.0022289687767624,0.847658526451726,174,0,0.14285714285714285,False,False,True,True,True,True,True
qwen3_4b,train,15755837,generation_1,5,0,0.9452351927757264,0.9773732542991638,177,0,0.0,True,True,True,True,True,True,True
qwen3_4b,train,15755837,generation_2,5,0,0.9054242372512816,0.9689203500747681,172,0,0.0,True,True,True,True,True,True,True
qwen3_4b,train,15755837,generation_3,5,1,0.3527362048625946,0.8609010636806488,176,0,0.2,False,False,True,True,True,True,False
qwen3_4b,train,15770495,generation_1,8,0,0.8426972031593323,0.9690693840384483,173,0,0.0,True,True,True,True,True,True,True
qwen3_4b,train,15770495,generation_2,8,1,0.2274315953254699,0.8821427822113037,169,0,0.125,False,False,True,True,True,True,False
qwen3_4b,train,15770495,generation_3,8,0,0.9967843294143676,0.9974057525396347,195,0,0.0,True,True,True,True,True,True,True
qwen3_4b,train,15807692,generation_1,1,0,0.9953226447105408,0.9953226447105408,165,0,0.0,True,True,True,True,True,True,True
qwen3_4b,train,15807692,generation_2,1,0,0.994496762752533,0.994496762752533,155,0,0.0,True,True,True,True,True,True,True
qwen3_4b,train,15807692,generation_3,1,0,0.9947106838226318,0.9947106838226318,175,0,0.0,True,True,True,True,True,True,True
qwen3_4b,train,15814629,generation_1,4,0,0.9875311255455016,0.9932429790496826,154,0,0.0,True,True,True,True,True,True,True
qwen3_4b,train,15814629,generation_2,4,0,0.9924709796905518,0.9945334643125534,190,0,0.0,True,True,True,True,True,True,True
qwen3_4b,train,15814629,generation_3,4,0,0.9938660264015198,0.9950540065765381,170,0,0.0,True,True,True,True,True,True,True
qwen3_4b,train,15817013,generation_1,3,2,0.0052704834379255,0.331868276776125,169,0,0.6666666666666666,False,False,False,False,False,True,False
qwen3_4b,train,15817013,generation_2,3,2,0.0067450981587171,0.2828907035291195,198,0,0.6666666666666666,False,False,False,False,False,True,False
qwen3_4b,train,15817013,generation_3,3,2,0.0030485610477626,0.33084078521157306,167,0,0.6666666666666666,False,False,False,False,False,True,False
qwen3_4b,train,15851735,generation_1,2,0,0.9781378507614136,0.9865076839923859,142,0,0.0,True,True,True,True,True,True,True
qwen3_4b,train,15851735,generation_2,2,0,0.97349351644516,0.9846976399421692,143,0,0.0,True,True,True,True,True,True,True
qwen3_4b,train,15851735,generation_3,2,0,0.9621173739433287,0.978455901145935,174,0,0.0,True,True,True,True,True,True,True
qwen3_4b,train,15858223,generation_1,9,6,0.0042999414727091,0.3279507089302771,207,0,0.6666666666666666,False,False,False,False,False,True,False
qwen3_4b,train,15858223,generation_2,9,6,0.0047466275282204,0.3607397271941105,144,0,0.6666666666666666,False,False,False,False,False,True,False
qwen3_4b,train,15858223,generation_3,9,6,0.0043733995407819,0.35371909187071854,162,0,0.6666666666666666,False,False,False,False,False,True,False
qwen3_4b,train,15859361,generation_1,7,1,0.0014663047622889,0.8125095240705248,196,2,0.14285714285714285,False,False,True,True,True,True,False
qwen3_4b,train,15859361,generation_2,7,1,0.0016666648443788,0.8415183084019061,187,2,0.14285714285714285,False,False,True,True,True,True,False
qwen3_4b,train,15859361,generation_3,7,2,0.0122605357319116,0.7201277924967664,177,2,0.2857142857142857,False,False,False,True,True,True,False
qwen3_4b,train,15893386,generation_1,1,0,0.9813058972358704,0.9813058972358704,167,0,0.0,True,True,True,True,True,True,True
qwen3_4b,train,15893386,generation_2,1,0,0.9772325158119202,0.9772325158119202,127,0,0.0,True,True,True,True,True,True,True
qwen3_4b,train,15893386,generation_3,1,0,0.9803187251091005,0.9803187251091005,128,0,0.0,True,True,True,True,True,True,True
qwen3_4b,train,15897593,generation_1,21,1,0.0420749001204967,0.9375144234370618,224,2,0.047619047619047616,False,True,True,True,True,True,True
qwen3_4b,train,15897593,generation_2,21,2,0.0047518294304609,0.88477321572247,238,2,0.09523809523809523,False,True,True,True,True,True,True
qwen3_4b,train,15897593,generation_3,21,3,0.0003719806845765,0.8384274557950752,211,2,0.14285714285714285,False,False,True,True,True,True,False
qwen3_4b,train,15957009,generation_1,12,6,0.0080908434465527,0.5796650086995214,186,0,0.5,False,False,False,False,True,True,False
qwen3_4b,train,15957009,generation_2,12,2,0.0224932897835969,0.7950204103253782,214,0,0.16666666666666666,False,False,True,True,True,True,False
qwen3_4b,train,15957009,generation_3,12,1,0.0382831022143363,0.8180219028145075,249,0,0.08333333333333333,False,True,True,True,True,True,True
qwen3_4b,train,15970799,generation_1,13,0,0.5508537292480469,0.9579618114691514,202,0,0.0,True,True,True,True,True,True,True
qwen3_4b,train,15970799,generation_2,13,0,0.9805725812911988,0.9927343772007868,161,0,0.0,True,True,True,True,True,True,True
qwen3_4b,train,15970799,generation_3,13,3,0.0047591375187039,0.7760182056002892,227,0,0.23076923076923078,False,False,False,True,True,True,False
qwen3_4b,train,15983230,generation_1,14,1,0.0002055929799098,0.9130912136939254,148,0,0.07142857142857142,False,True,True,True,True,True,True
qwen3_4b,train,15983230,generation_2,14,0,0.8297590613365173,0.9786968614373889,174,0,0.0,True,True,True,True,True,True,True
qwen3_4b,train,15983230,generation_3,14,1,0.2387978434562683,0.9098450371197292,186,0,0.07142857142857142,False,True,True,True,True,True,True
qwen3_4b,train,16001362,generation_1,4,0,0.7146689295768738,0.9202977865934372,159,0,0.0,True,True,True,True,True,True,True
qwen3_4b,train,16001362,generation_2,4,1,0.2190893739461898,0.7896705232560635,208,0,0.25,False,False,False,True,True,True,False
qwen3_4b,train,16001362,generation_3,4,2,0.0436267964541912,0.5403240984305739,190,0,0.5,False,False,False,False,True,True,False
qwen3_4b,train,16005363,generation_1,1,0,0.9960297346115112,0.9960297346115112,127,0,0.0,True,True,True,True,True,True,True
qwen3_4b,train,16005363,generation_2,1,0,0.9961469173431396,0.9961469173431396,148,0,0.0,True,True,True,True,True,True,True
qwen3_4b,train,16005363,generation_3,1,0,0.9959797859191896,0.9959797859191896,138,0,0.0,True,True,True,True,True,True,True
qwen3_4b,train,16120104,generation_1,1,0,0.99052232503891,0.99052232503891,158,0,0.0,True,True,True,True,True,True,True
qwen3_4b,train,16120104,generation_2,1,0,0.9894763231277466,0.9894763231277466,149,0,0.0,True,True,True,True,True,True,True
qwen3_4b,train,16120104,generation_3,1,0,0.9933187961578368,0.9933187961578368,150,0,0.0,True,True,True,True,True,True,True
qwen3_4b,train,16157158,generation_1,2,0,0.9869869351387024,0.9903497695922852,197,0,0.0,True,True,True,True,True,True,True
qwen3_4b,train,16157158,generation_2,2,0,0.9902995824813844,0.9919952750205994,286,0,0.0,True,True,True,True,True,True,True
qwen3_4b,train,16157158,generation_3,2,0,0.9886882901191713,0.9912655651569366,148,0,0.0,True,True,True,True,True,True,True
qwen3_4b,train,16158428,generation_1,3,0,0.9957244396209716,0.9961685538291931,152,0,0.0,True,True,True,True,True,True,True
qwen3_4b,train,16158428,generation_2,3,0,0.9953846335411072,0.9958768884340922,169,0,0.0,True,True,True,True,True,True,True
qwen3_4b,train,16158428,generation_3,3,0,0.9949352145195008,0.9958864251772562,142,0,0.0,True,True,True,True,True,True,True
qwen3_4b,train,16160878,generation_1,7,3,0.014421877451241,0.547933546161013,160,0,0.42857142857142855,False,False,False,False,True,True,False
qwen3_4b,train,16160878,generation_2,7,3,0.0101310815662145,0.5502382737717458,156,0,0.42857142857142855,False,False,False,False,True,True,False
qwen3_4b,train,16160878,generation_3,7,2,0.0161829013377428,0.6888282131403685,143,0,0.2857142857142857,False,False,False,True,True,True,False
qwen3_4b,train,16167916,generation_1,7,0,0.6725672483444214,0.9099196110452924,213,0,0.0,True,True,True,True,True,True,True
qwen3_4b,train,16167916,generation_2,7,2,0.0191380456089973,0.6802129458103862,236,0,0.2857142857142857,False,False,False,True,True,True,False
qwen3_4b,train,16167916,generation_3,7,3,0.007436903193593,0.5905353884611811,220,0,0.42857142857142855,False,False,False,False,True,True,False
qwen3_4b,train,16200390,generation_1,1,0,0.6162086129188538,0.6162086129188538,145,0,0.0,True,True,True,True,True,True,True
qwen3_4b,train,16200390,generation_2,1,0,0.727415144443512,0.727415144443512,152,0,0.0,True,True,True,True,True,True,True
qwen3_4b,train,16200390,generation_3,1,0,0.9531891942024232,0.9531891942024232,140,0,0.0,True,True,True,True,True,True,True
qwen3_4b,train,16288197,generation_1,10,2,0.0002026147412834,0.7875117932635476,197,0,0.2,False,False,True,True,True,True,False
qwen3_4b,train,16288197,generation_2,10,0,0.9760268330574036,0.9941196799278259,217,0,0.0,True,True,True,True,True,True,True
qwen3_4b,train,16288197,generation_3,10,2,0.0002139595453627,0.7915970434580231,178,0,0.2,False,False,True,True,True,True,False
qwen3_4b,train,16288199,generation_1,4,0,0.989395797252655,0.991082563996315,169,0,0.0,True,True,True,True,True,True,True
qwen3_4b,train,16288199,generation_2,4,0,0.9833736419677734,0.9890817701816559,174,0,0.0,True,True,True,True,True,True,True
qwen3_4b,train,16288199,generation_3,4,0,0.9914904236793518,0.9923017024993896,178,0,0.0,True,True,True,True,True,True,True
qwen3_4b,train,16309808,generation_1,6,5,0.0033656512387096,0.1895731986345102,166,1,0.8333333333333334,False,False,False,False,False,True,False
qwen3_4b,train,16309808,generation_2,6,5,0.0074328146874904,0.27435924493086833,181,1,0.8333333333333334,False,False,False,False,False,True,False
qwen3_4b,train,16309808,generation_3,6,5,0.0205357540398836,0.2432815640543898,183,1,0.8333333333333334,False,False,False,False,False,True,False
qwen3_4b,train,16321363,generation_1,3,0,0.9576715230941772,0.9747407039006551,166,0,0.0,True,True,True,True,True,True,True
qwen3_4b,train,16321363,generation_2,3,0,0.9666537642478944,0.9860412677129111,200,0,0.0,True,True,True,True,True,True,True
qwen3_4b,train,16321363,generation_3,3,0,0.9301003813743592,0.9738989273707072,204,0,0.0,True,True,True,True,True,True,True
qwen3_4b,train,16364460,generation_1,5,2,0.0066489912569522,0.602080961316824,167,0,0.4,False,False,False,False,True,True,False
qwen3_4b,train,16364460,generation_2,5,2,0.0428925119340419,0.5920510716736316,192,0,0.4,False,False,False,False,True,True,False
qwen3_4b,train,16364460,generation_3,5,2,0.1723977923393249,0.6657925724983216,168,0,0.4,False,False,False,False,True,True,False
qwen3_4b,train,16369751,generation_1,11,8,0.0025567694101482,0.32212025898678054,227,1,0.7272727272727273,False,False,False,False,False,True,False
qwen3_4b,train,16369751,generation_2,11,7,0.0010883248178288,0.4013703126269816,186,1,0.6363636363636364,False,False,False,False,False,True,False
qwen3_4b,train,16369751,generation_3,11,6,0.0002168872742913,0.44900562334805727,239,1,0.5454545454545454,False,False,False,False,False,True,False
qwen3_4b,train,16391785,generation_1,7,4,0.0003214567841496,0.4251075595841809,164,0,0.5714285714285714,False,False,False,False,False,True,False
qwen3_4b,train,16391785,generation_2,7,5,0.0008895479259081,0.28728074895583894,177,0,0.7142857142857143,False,False,False,False,False,True,False
qwen3_4b,train,16391785,generation_3,7,4,0.0002725298108998,0.3859406994930135,208,0,0.5714285714285714,False,False,False,False,False,True,False
qwen3_4b,train,16410744,generation_1,5,2,0.0247992016375064,0.609355728328228,149,0,0.4,False,False,False,False,True,True,False
qwen3_4b,train,16410744,generation_2,5,2,0.0738177895545959,0.6443727642297744,178,0,0.4,False,False,False,False,True,True,False
qwen3_4b,train,16410744,generation_3,5,2,0.0334238298237323,0.6147035650908946,151,0,0.4,False,False,False,False,True,True,False
qwen3_4b,train,16412238,generation_1,5,1,0.0202294830232858,0.7993551541119814,119,0,0.2,False,False,True,True,True,True,False
qwen3_4b,train,16412238,generation_2,5,1,0.0313504710793495,0.7992381766438484,139,0,0.2,False,False,True,True,True,True,False
qwen3_4b,train,16412238,generation_3,5,1,0.0200625602155923,0.7988460291177034,155,0,0.2,False,False,True,True,True,True,False
qwen3_4b,train,16418600,generation_1,1,0,0.9970425963401794,0.9970425963401794,145,0,0.0,True,True,True,True,True,True,True
qwen3_4b,train,16418600,generation_2,1,0,0.9958143830299376,0.9958143830299376,162,0,0.0,True,True,True,True,True,True,True
qwen3_4b,train,16418600,generation_3,1,0,0.9945054650306702,0.9945054650306702,208,0,0.0,True,True,True,True,True,True,True
qwen3_4b,train,16506214,generation_1,8,1,0.0045353285968303,0.8666691123507917,140,1,0.125,False,False,True,True,True,True,False
qwen3_4b,train,16506214,generation_2,8,1,0.0066172736696898,0.8609619470662437,136,1,0.125,False,False,True,True,True,True,False
qwen3_4b,train,16506214,generation_3,8,1,0.0071480865590274,0.8622052147402428,182,1,0.125,False,False,True,True,True,True,False
qwen3_4b,train,16541406,generation_1,2,0,0.9943233728408812,0.9944256842136382,157,0,0.0,True,True,True,True,True,True,True
qwen3_4b,train,16541406,generation_2,2,0,0.9952665567398072,0.9952866733074188,154,0,0.0,True,True,True,True,True,True,True
qwen3_4b,train,16541406,generation_3,2,0,0.9947392344474792,0.9948409795761108,135,0,0.0,True,True,True,True,True,True,True
qwen3_4b,train,16543197,generation_1,6,0,0.9898275136947632,0.9942878484725952,201,0,0.0,True,True,True,True,True,True,True
qwen3_4b,train,16543197,generation_2,6,0,0.9899976849555968,0.9942092100779215,270,0,0.0,True,True,True,True,True,True,True
qwen3_4b,train,16543197,generation_3,6,0,0.9935994148254396,0.9954170187314352,186,0,0.0,True,True,True,True,True,True,True
qwen3_4b,train,16574712,generation_1,2,2,0.013883102685213,0.01862359885126345,163,0,1.0,False,False,False,False,False,True,False
qwen3_4b,train,16574712,generation_2,2,2,0.0081162825226783,0.01250464189797635,198,0,1.0,False,False,False,False,False,True,False
qwen3_4b,train,16574712,generation_3,2,2,0.0126851489767432,0.0147829880006611,183,0,1.0,False,False,False,False,False,True,False
qwen3_4b,train,16574713,generation_1,6,2,0.0005327185499481,0.7289828810511002,145,0,0.3333333333333333,False,False,False,False,True,True,False
qwen3_4b,train,16574713,generation_2,6,0,0.7309264540672302,0.944691797097524,185,0,0.0,True,True,True,True,True,True,True
qwen3_4b,train,16574713,generation_3,6,1,0.1034723222255706,0.8349595715602239,161,0,0.16666666666666666,False,False,True,True,True,True,False
qwen3_4b,train,16575011,generation_1,6,0,0.9731225967407228,0.9847874542077383,196,2,0.0,True,True,True,True,True,True,True
qwen3_4b,train,16575011,generation_2,6,2,0.1788244694471359,0.7249529312054316,241,2,0.3333333333333333,False,False,False,False,True,True,False
qwen3_4b,train,16575011,generation_3,6,0,0.9101646542549132,0.9723623295625051,158,2,0.0,True,True,True,True,True,True,True
qwen3_4b,train,16584858,generation_1,41,1,0.0133263897150754,0.9481105858505499,285,0,0.024390243902439025,False,True,True,True,True,True,True
qwen3_4b,train,16584858,generation_2,41,3,0.0012854646192863,0.9108618461816549,213,0,0.07317073170731707,False,True,True,True,True,True,False
qwen3_4b,train,16584858,generation_3,41,2,0.3623122274875641,0.9368424168447169,293,0,0.04878048780487805,False,True,True,True,True,True,True
qwen3_4b,train,16586083,generation_1,7,0,0.8542734384536743,0.9646918518202645,179,0,0.0,True,True,True,True,True,True,True
qwen3_4b,train,16586083,generation_2,7,0,0.9665765762329102,0.9776985730443682,187,0,0.0,True,True,True,True,True,True,True
qwen3_4b,train,16586083,generation_3,7,0,0.8331723213195801,0.9607010994638715,205,0,0.0,True,True,True,True,True,True,True
qwen3_4b,train,16596970,generation_1,3,0,0.9746525287628174,0.977326234181722,118,0,0.0,True,True,True,True,True,True,True
qwen3_4b,train,16596970,generation_2,3,2,0.0152301518246531,0.311854927179714,132,0,0.6666666666666666,False,False,False,False,False,True,False
qwen3_4b,train,16596970,generation_3,3,0,0.9781618118286132,0.9790561397870382,141,0,0.0,True,True,True,True,True,True,True
qwen3_4b,train,16634859,generation_1,1,0,0.9780435562133788,0.9780435562133788,141,0,0.0,True,True,True,True,True,True,True
qwen3_4b,train,16634859,generation_2,1,0,0.9779224395751952,0.9779224395751952,200,0,0.0,True,True,True,True,True,True,True
qwen3_4b,train,16634859,generation_3,1,0,0.980834662914276,0.980834662914276,167,0,0.0,True,True,True,True,True,True,True
qwen3_4b,train,16720068,generation_1,38,10,0.0046652662567794,0.7170569437776545,298,1,0.2631578947368421,False,False,False,True,True,True,False
qwen3_4b,train,16720068,generation_2,38,22,0.0016310014761984,0.41873507376907293,202,1,0.5789473684210527,False,False,False,False,False,True,False
qwen3_4b,train,16720068,generation_3,38,21,0.0045099384151399,0.4454248049786608,242,1,0.5526315789473685,False,False,False,False,False,True,False
qwen3_4b,train,16725121,generation_1,19,9,0.000251040502917,0.5488597389041004,253,0,0.47368421052631576,False,False,False,False,True,True,False
qwen3_4b,train,16725121,generation_2,19,7,0.0215031243860721,0.6472517744098839,248,0,0.3684210526315789,False,False,False,False,True,True,False
qwen3_4b,train,16725121,generation_3,19,7,0.0003294704074505,0.6431137097855466,265,0,0.3684210526315789,False,False,False,False,True,True,False
qwen3_4b,train,16737910,generation_1,2,0,0.9524736404418944,0.9751060009002686,160,0,0.0,True,True,True,True,True,True,True
qwen3_4b,train,16737910,generation_2,2,0,0.9920148849487304,0.994762897491455,120,0,0.0,True,True,True,True,True,True,True
qwen3_4b,train,16737910,generation_3,2,0,0.9893769025802612,0.993374228477478,132,0,0.0,True,True,True,True,True,True,True
qwen3_4b,train,16755009,generation_1,9,1,0.0263525061309337,0.8630690289040407,167,0,0.1111111111111111,False,False,True,True,True,True,True
qwen3_4b,train,16755009,generation_2,9,1,0.0272705797106027,0.8751531733820835,156,0,0.1111111111111111,False,False,True,True,True,True,True
qwen3_4b,train,16755009,generation_3,9,1,0.0343299247324466,0.8758704964485433,175,0,0.1111111111111111,False,False,True,True,True,True,True
qwen3_4b,train,16781314,generation_1,3,0,0.9950714111328124,0.9960419734319051,186,0,0.0,True,True,True,True,True,True,True
qwen3_4b,train,16781314,generation_2,3,0,0.9949504137039183,0.9968137145042419,144,0,0.0,True,True,True,True,True,True,True
qwen3_4b,train,16781314,generation_3,3,0,0.9948134422302246,0.9965519507726034,172,0,0.0,True,True,True,True,True,True,True
qwen3_4b,train,16786513,generation_1,7,4,0.0068590566515922,0.4482827146670648,173,0,0.5714285714285714,False,False,False,False,False,True,False
qwen3_4b,train,16786513,generation_2,7,4,0.0002045586152235,0.43166581069817767,201,0,0.5714285714285714,False,False,False,False,False,True,False
qwen3_4b,train,16786513,generation_3,7,1,0.0070478958077728,0.8448213004241032,202,0,0.14285714285714285,False,False,True,True,True,True,False
qwen3_4b,train,16801510,generation_1,5,3,0.0087534440681338,0.40424077175557616,204,0,0.6,False,False,False,False,False,True,False
qwen3_4b,train,16801510,generation_2,5,3,0.006205475423485,0.4031574326567352,258,0,0.6,False,False,False,False,False,True,False
qwen3_4b,train,16801510,generation_3,5,3,0.0067394524812698,0.4597730016335845,192,0,0.6,False,False,False,False,False,True,False
qwen3_4b,train,16810074,generation_1,12,7,0.0036534171085804,0.44073227752232924,225,0,0.5833333333333334,False,False,False,False,False,True,False
qwen3_4b,train,16810074,generation_2,12,8,0.0203940216451883,0.42177383508533234,246,0,0.6666666666666666,False,False,False,False,False,True,False
qwen3_4b,train,16810074,generation_3,12,6,0.0141536779701709,0.5419708716993531,201,0,0.5,False,False,False,False,True,True,False
qwen3_4b,train,16822828,generation_1,1,0,0.9903882145881652,0.9903882145881652,158,0,0.0,True,True,True,True,True,True,True
qwen3_4b,train,16822828,generation_2,1,0,0.9923766255378724,0.9923766255378724,156,0,0.0,True,True,True,True,True,True,True
qwen3_4b,train,16822828,generation_3,1,0,0.9959027171134948,0.9959027171134948,159,0,0.0,True,True,True,True,True,True,True
qwen3_4b,train,16843501,generation_1,2,0,0.987855851650238,0.9921135008335114,167,0,0.0,True,True,True,True,True,True,True
qwen3_4b,train,16843501,generation_2,2,0,0.9911062121391296,0.9939371645450592,117,0,0.0,True,True,True,True,True,True,True
qwen3_4b,train,16843501,generation_3,2,0,0.9932109713554382,0.9953919053077698,132,0,0.0,True,True,True,True,True,True,True
qwen3_4b,train,16904497,generation_1,11,7,0.0008314038277603,0.3639592854941094,223,0,0.6363636363636364,False,False,False,False,False,True,False
qwen3_4b,train,16904497,generation_2,11,7,0.0002803873212542,0.35915705167942424,160,0,0.6363636363636364,False,False,False,False,False,True,False
qwen3_4b,train,16904497,generation_3,11,7,0.0003920432936865,0.36049977260038507,151,0,0.6363636363636364,False,False,False,False,False,True,False
qwen3_4b,train,16920333,generation_1,3,0,0.9457419514656068,0.9723899960517883,171,3,0.0,True,True,True,True,True,True,True
qwen3_4b,train,16920333,generation_2,3,1,0.0679360032081604,0.6534557541211445,161,3,0.3333333333333333,False,False,False,False,True,True,False
qwen3_4b,train,16920333,generation_3,3,0,0.7245001196861267,0.8973989884058634,142,3,0.0,True,True,True,True,True,True,True
qwen3_4b,train,17000021,generation_1,7,0,0.7290783524513245,0.926544325692313,130,0,0.0,True,True,True,True,True,True,True
qwen3_4b,train,17000021,generation_2,7,0,0.8270389437675476,0.9641672372817993,179,0,0.0,True,True,True,True,True,True,True
qwen3_4b,train,17000021,generation_3,7,0,0.7339799404144287,0.9488704204559326,156,0,0.0,True,True,True,True,True,True,True
qwen3_4b,train,17003357,generation_1,3,0,0.9301807284355164,0.9700491031010946,149,0,0.0,True,True,True,True,True,True,True
qwen3_4b,train,17003357,generation_2,3,0,0.9225001931190492,0.9664549231529236,123,0,0.0,True,True,True,True,True,True,True
qwen3_4b,train,17003357,generation_3,3,1,0.4833571016788482,0.8214270770549774,135,0,0.3333333333333333,False,False,False,False,True,True,False
qwen3_4b,train,17006606,generation_1,7,1,0.189155101776123,0.8738302418163845,186,0,0.14285714285714285,False,False,True,True,True,True,False
qwen3_4b,train,17006606,generation_2,7,1,0.0406214036047458,0.8402658706264836,193,0,0.14285714285714285,False,False,True,True,True,True,False
qwen3_4b,train,17006606,generation_3,7,1,0.3421168923377991,0.8952567321913583,188,0,0.14285714285714285,False,False,True,True,True,True,False
qwen3_4b,train,17033686,generation_1,9,0,0.969290554523468,0.9930870334307352,162,0,0.0,True,True,True,True,True,True,True
qwen3_4b,train,17033686,generation_2,9,1,0.0521563403308391,0.8902706516285738,147,0,0.1111111111111111,False,False,True,True,True,True,True
qwen3_4b,train,17033686,generation_3,9,0,0.845089852809906,0.9785042073991563,197,0,0.0,True,True,True,True,True,True,True
qwen3_4b,train,17035713,generation_1,11,5,0.0077339755371212,0.5379616171968254,242,0,0.45454545454545453,False,False,False,False,True,True,False
qwen3_4b,train,17035713,generation_2,11,9,0.0002811012091115,0.24565840047911144,167,0,0.8181818181818182,False,False,False,False,False,True,False
qwen3_4b,train,17035713,generation_3,11,9,0.0008457755320705,0.24561824497703288,181,0,0.8181818181818182,False,False,False,False,False,True,False
qwen3_4b,train,17042910,generation_1,11,3,0.0012087678769603,0.6978198808554391,156,0,0.2727272727272727,False,False,False,True,True,True,False
qwen3_4b,train,17042910,generation_2,11,3,0.0065265637822449,0.7012288828211074,178,0,0.2727272727272727,False,False,False,True,True,True,False
qwen3_4b,train,17042910,generation_3,11,3,0.0150142675265669,0.6851895518431609,187,0,0.2727272727272727,False,False,False,True,True,True,False
qwen3_4b,train,17065198,generation_1,3,0,0.989582657814026,0.9928993384043375,188,0,0.0,True,True,True,True,True,True,True
qwen3_4b,train,17065198,generation_2,3,0,0.9802068471908568,0.9899727900822958,161,0,0.0,True,True,True,True,True,True,True
qwen3_4b,train,17065198,generation_3,3,0,0.9809958338737488,0.9903278350830078,157,0,0.0,True,True,True,True,True,True,True
qwen3_4b,train,17074608,generation_1,3,2,0.0118272611871361,0.3275975066547592,149,0,0.6666666666666666,False,False,False,False,False,True,False
qwen3_4b,train,17074608,generation_2,3,2,0.0228455569595098,0.34410401744147134,158,0,0.6666666666666666,False,False,False,False,False,True,False
qwen3_4b,train,17074608,generation_3,3,2,0.0316338799893856,0.34180758769313496,160,0,0.6666666666666666,False,False,False,False,False,True,False
qwen3_4b,train,17083016,generation_1,6,1,0.0001980652014026,0.815695404834211,176,3,0.16666666666666666,False,False,True,True,True,True,False
qwen3_4b,train,17083016,generation_2,6,1,0.000198901121621,0.8257056773412236,148,3,0.16666666666666666,False,False,True,True,True,True,False
qwen3_4b,train,17083016,generation_3,6,1,0.0009065316990017,0.8267510044388473,156,3,0.16666666666666666,False,False,True,True,True,True,False
qwen3_4b,train,1711760,generation_1,1,0,0.9797877073287964,0.9797877073287964,139,0,0.0,True,True,True,True,True,True,True
qwen3_4b,train,1711760,generation_2,1,0,0.9804980754852296,0.9804980754852296,148,0,0.0,True,True,True,True,True,True,True
qwen3_4b,train,1711760,generation_3,1,0,0.979328989982605,0.979328989982605,169,0,0.0,True,True,True,True,True,True,True
qwen3_4b,train,17177139,generation_1,8,2,0.0068155964836478,0.713429716299288,190,0,0.25,False,False,False,True,True,True,False
qwen3_4b,train,17177139,generation_2,8,2,0.0043765753507614,0.7420887839980423,183,0,0.25,False,False,False,True,True,True,False
qwen3_4b,train,17177139,generation_3,8,4,0.012669357471168,0.549277157173492,186,0,0.5,False,False,False,False,True,True,False
qwen3_4b,train,17185386,generation_1,3,0,0.9190871715545654,0.9698238968849182,126,0,0.0,True,True,True,True,True,True,True
qwen3_4b,train,17185386,generation_2,3,1,0.0016612957697361,0.6622763855848461,153,0,0.3333333333333333,False,False,False,False,True,True,False
qwen3_4b,train,17185386,generation_3,3,1,0.0555209927260875,0.6740209398170313,123,0,0.3333333333333333,False,False,False,False,True,True,False
qwen3_4b,train,17192049,generation_1,2,1,0.0182401575148105,0.5077196676284075,138,0,0.5,False,False,False,False,True,True,False
qwen3_4b,train,17192049,generation_2,2,1,0.0216769222170114,0.5095687629655002,227,0,0.5,False,False,False,False,True,True,False
qwen3_4b,train,17192049,generation_3,2,1,0.016854977235198,0.5070367334410548,137,0,0.5,False,False,False,False,True,True,False
qwen3_4b,train,17194457,generation_1,10,4,0.014046486467123,0.5427806999534368,187,0,0.4,False,False,False,False,True,True,False
qwen3_4b,train,17194457,generation_2,10,3,0.0193281024694442,0.6856916978955269,162,0,0.3,False,False,False,True,True,True,False
qwen3_4b,train,17194457,generation_3,10,5,0.022815378382802,0.49375691656023263,254,0,0.5,False,False,False,False,True,True,False
qwen3_4b,train,17221831,generation_1,6,0,0.5578218102455139,0.8667502601941427,173,0,0.0,True,True,True,True,True,True,True
qwen3_4b,train,17221831,generation_2,6,1,0.0937498435378074,0.8383773900568485,183,0,0.16666666666666666,False,False,True,True,True,True,False
qwen3_4b,train,17221831,generation_3,6,0,0.6419981122016907,0.9338347315788269,162,0,0.0,True,True,True,True,True,True,True
qwen3_4b,train,17244258,generation_1,8,0,0.6882847547531128,0.9438575729727745,207,2,0.0,True,True,True,True,True,True,True
qwen3_4b,train,17244258,generation_2,8,0,0.7661591172218323,0.947904646396637,195,2,0.0,True,True,True,True,True,True,True
qwen3_4b,train,17244258,generation_3,8,0,0.6454975008964539,0.9044873490929604,219,2,0.0,True,True,True,True,True,True,True
qwen3_4b,train,17250663,generation_1,2,0,0.980248749256134,0.9873829483985901,166,0,0.0,True,True,True,True,True,True,True
qwen3_4b,train,17250663,generation_2,2,0,0.9773874878883362,0.9858369827270508,143,0,0.0,True,True,True,True,True,True,True
qwen3_4b,train,17250663,generation_3,2,0,0.9785239696502686,0.9863660931587219,128,0,0.0,True,True,True,True,True,True,True
qwen3_4b,train,17273972,generation_1,2,1,0.0007310594664886,0.49428058095509186,163,0,0.5,False,False,False,False,True,True,False
qwen3_4b,train,17273972,generation_2,2,1,0.00069010007428,0.4161183523538057,159,0,0.5,False,False,False,False,True,True,False
qwen3_4b,train,17273972,generation_3,2,1,0.0038558121304959,0.49663951375987375,122,0,0.5,False,False,False,False,True,True,False
qwen3_4b,train,17286451,generation_1,2,0,0.99499773979187,0.9950256645679474,150,0,0.0,True,True,True,True,True,True,True
qwen3_4b,train,17286451,generation_2,2,0,0.9947426319122314,0.9948214590549469,161,0,0.0,True,True,True,True,True,True,True
qwen3_4b,train,17286451,generation_3,2,0,0.9945663213729858,0.9948487281799316,151,0,0.0,True,True,True,True,True,True,True
qwen3_4b,train,17304550,generation_1,6,0,0.8619001507759094,0.968427817026774,162,0,0.0,True,True,True,True,True,True,True
qwen3_4b,train,17304550,generation_2,6,0,0.9911632537841796,0.9959812859694163,125,0,0.0,True,True,True,True,True,True,True
qwen3_4b,train,17304550,generation_3,6,0,0.9882001876831056,0.9945755898952484,177,0,0.0,True,True,True,True,True,True,True
qwen3_4b,train,17318851,generation_1,25,10,0.0002238257438875,0.5859707048122073,181,0,0.4,False,False,False,False,True,True,False
qwen3_4b,train,17318851,generation_2,25,12,0.0002523074508644,0.5210715566249564,212,0,0.48,False,False,False,False,True,True,False
qwen3_4b,train,17318851,generation_3,25,10,0.0002105551538988,0.5958720445452491,219,0,0.4,False,False,False,False,True,True,False
qwen3_4b,train,17327131,generation_1,1,0,0.9889694452285768,0.9889694452285768,137,0,0.0,True,True,True,True,True,True,True
qwen3_4b,train,17327131,generation_2,1,0,0.9865455031394958,0.9865455031394958,138,0,0.0,True,True,True,True,True,True,True
qwen3_4b,train,17327131,generation_3,1,0,0.9837915897369384,0.9837915897369384,133,0,0.0,True,True,True,True,True,True,True
qwen3_4b,train,17344330,generation_1,6,1,0.0234531331807374,0.818095249744753,190,1,0.16666666666666666,False,False,True,True,True,True,False
qwen3_4b,train,17344330,generation_2,6,1,0.0244637057185173,0.8148205764591694,225,1,0.16666666666666666,False,False,True,True,True,True,False
qwen3_4b,train,17344330,generation_3,6,1,0.0652575865387916,0.8240190011759599,156,1,0.16666666666666666,False,False,True,True,True,True,False
qwen3_4b,train,17351238,generation_1,4,1,0.0090838996693491,0.6170231632422655,201,0,0.25,False,False,False,True,True,True,False
qwen3_4b,train,17351238,generation_2,4,2,0.0595042295753955,0.5779883610084653,195,0,0.5,False,False,False,False,True,True,False
qwen3_4b,train,17351238,generation_3,4,2,0.3927383720874786,0.7012907639145851,139,0,0.5,False,False,False,False,True,True,False
qwen3_4b,train,17379047,generation_1,6,2,0.025732709094882,0.6651298922176162,145,1,0.3333333333333333,False,False,False,False,True,True,False
qwen3_4b,train,17379047,generation_2,6,2,0.0220120064914226,0.6656219611565272,175,1,0.3333333333333333,False,False,False,False,True,True,False
qwen3_4b,train,17379047,generation_3,6,2,0.0030055502429604,0.6597551406982044,205,1,0.3333333333333333,False,False,False,False,True,True,False
qwen3_4b,train,17391797,generation_1,4,1,0.0058608222752809,0.7447839272208512,156,1,0.25,False,False,False,True,True,True,False
qwen3_4b,train,17391797,generation_2,4,1,0.0070305922999978,0.7420472467783839,171,1,0.25,False,False,False,True,True,True,False
qwen3_4b,train,17391797,generation_3,4,1,0.0070231980644166,0.742342765792273,186,1,0.25,False,False,False,True,True,True,False
qwen3_4b,train,17439425,generation_1,8,5,0.0077622323296964,0.39873103826539585,227,0,0.625,False,False,False,False,False,True,False
qwen3_4b,train,17439425,generation_2,8,2,0.0313035659492015,0.7199249728582799,162,0,0.25,False,False,False,True,True,True,False
qwen3_4b,train,17439425,generation_3,8,3,0.0335938706994056,0.6138688074424863,196,0,0.375,False,False,False,False,True,True,False
qwen3_4b,train,17495183,generation_1,17,4,0.0006868279888294,0.7466395480304902,234,0,0.23529411764705882,False,False,False,True,True,True,False
qwen3_4b,train,17495183,generation_2,17,5,0.0005847404827363,0.69215694646803,209,0,0.29411764705882354,False,False,False,True,True,True,False
qwen3_4b,train,17495183,generation_3,17,4,0.0025519414339214,0.7448412901311017,195,0,0.23529411764705882,False,False,False,True,True,True,False
qwen3_4b,train,17572393,generation_1,10,1,0.0240268595516681,0.8111204493790865,155,0,0.1,False,True,True,True,True,True,True
qwen3_4b,train,17572393,generation_2,10,4,0.0817780494689941,0.6020665273070336,194,0,0.4,False,False,False,False,True,True,False
qwen3_4b,train,17572393,generation_3,10,3,0.0579785592854023,0.7089753277599812,171,0,0.3,False,False,False,True,True,True,False
qwen3_4b,train,17595233,generation_1,6,0,0.9676424860954284,0.9901515245437622,154,0,0.0,True,True,True,True,True,True,True
qwen3_4b,train,17595233,generation_2,6,1,0.0943747609853744,0.8453335637847582,171,0,0.16666666666666666,False,False,True,True,True,True,False
qwen3_4b,train,17595233,generation_3,6,0,0.9365187287330629,0.9845905800660452,174,0,0.0,True,True,True,True,True,True,True
qwen3_4b,train,17615423,generation_1,12,4,0.0006553396233357,0.7141565520287259,262,3,0.3333333333333333,False,False,False,False,True,True,False
qwen3_4b,train,17615423,generation_2,12,5,0.0144852437078952,0.6147749911372861,246,3,0.4166666666666667,False,False,False,False,True,True,False
qwen3_4b,train,17615423,generation_3,12,5,0.0046448986977338,0.5792043511755764,219,3,0.4166666666666667,False,False,False,False,True,True,False
qwen3_4b,train,17628794,generation_1,2,0,0.9933269023895264,0.9952249228954315,144,0,0.0,True,True,True,True,True,True,True
qwen3_4b,train,17628794,generation_2,2,0,0.9943925738334656,0.9959017038345337,181,0,0.0,True,True,True,True,True,True,True
qwen3_4b,train,17628794,generation_3,2,0,0.994580328464508,0.996019184589386,161,0,0.0,True,True,True,True,True,True,True
qwen3_4b,train,17634480,generation_1,6,3,0.0046131177805364,0.5178533023378501,175,0,0.5,False,False,False,False,True,True,False
qwen3_4b,train,17634480,generation_2,6,3,0.0104889329522848,0.5093552976225814,152,0,0.5,False,False,False,False,True,True,False
qwen3_4b,train,17634480,generation_3,6,3,0.0231780670583248,0.5177234839648007,167,0,0.5,False,False,False,False,True,True,False
qwen3_4b,train,17639754,generation_1,3,1,0.2015509009361267,0.721083402633667,170,0,0.3333333333333333,False,False,False,False,True,True,False
qwen3_4b,train,17639754,generation_2,3,0,0.6642647385597229,0.8753835161526998,153,0,0.0,True,True,True,True,True,True,True
qwen3_4b,train,17639754,generation_3,3,0,0.955162525177002,0.9735895196596781,137,0,0.0,True,True,True,True,True,True,True
qwen3_4b,train,17683901,generation_1,2,1,0.0050357263535261,0.5008494993671774,136,0,0.5,False,False,False,False,True,True,False
qwen3_4b,train,17683901,generation_2,2,1,0.0049693416804075,0.500575921498239,150,0,0.5,False,False,False,False,True,True,False
qwen3_4b,train,17683901,generation_3,2,1,0.0076862727291882,0.5020076411310582,134,0,0.5,False,False,False,False,True,True,False
qwen3_4b,train,17854040,generation_1,2,0,0.981240689754486,0.9851309657096862,159,0,0.0,True,True,True,True,True,True,True
qwen3_4b,train,17854040,generation_2,2,0,0.926805853843689,0.9580289423465729,165,0,0.0,True,True,True,True,True,True,True
qwen3_4b,train,17854040,generation_3,2,0,0.7718799114227295,0.8804433345794678,156,0,0.0,True,True,True,True,True,True,True
qwen3_4b,train,17877751,generation_1,5,1,0.0775127410888671,0.7296423196792603,164,0,0.2,False,False,True,True,True,True,False
qwen3_4b,train,17877751,generation_2,5,0,0.969478189945221,0.9868170857429505,172,0,0.0,True,True,True,True,True,True,True
qwen3_4b,train,17877751,generation_3,5,0,0.9588282108306884,0.986283802986145,148,0,0.0,True,True,True,True,True,True,True
qwen3_4b,train,17910065,generation_1,3,1,0.0091608967632055,0.6668342420210441,162,0,0.3333333333333333,False,False,False,False,True,True,False
qwen3_4b,train,17910065,generation_2,3,1,0.3299858570098877,0.7733537753423055,145,0,0.3333333333333333,False,False,False,False,True,True,False
qwen3_4b,train,17910065,generation_3,3,1,0.3690617978572845,0.7864149709542593,149,0,0.3333333333333333,False,False,False,False,True,True,False
qwen3_4b,train,17951029,generation_1,1,0,0.997069537639618,0.997069537639618,179,0,0.0,True,True,True,True,True,True,True
qwen3_4b,train,17951029,generation_2,1,0,0.9972935318946838,0.9972935318946838,143,0,0.0,True,True,True,True,True,True,True
qwen3_4b,train,17951029,generation_3,1,0,0.9975205063819884,0.9975205063819884,130,0,0.0,True,True,True,True,True,True,True
qwen3_4b,train,17959715,generation_1,8,2,0.0432615056633949,0.7602137560024858,127,0,0.25,False,False,False,True,True,True,False
qwen3_4b,train,17959715,generation_2,8,2,0.0149613227695226,0.7663450303953141,164,0,0.25,False,False,False,True,True,True,False
qwen3_4b,train,17959715,generation_3,8,2,0.0093119647353887,0.7346918534021825,191,0,0.25,False,False,False,True,True,True,False
qwen3_4b,train,17965424,generation_1,9,5,0.0042540212161839,0.4330723473491768,199,1,0.5555555555555556,False,False,False,False,False,True,False
qwen3_4b,train,17965424,generation_2,9,4,0.010089130140841,0.5760969756585027,182,1,0.4444444444444444,False,False,False,False,True,True,False
qwen3_4b,train,17965424,generation_3,9,0,0.9578749537467957,0.9753360086017184,197,1,0.0,True,True,True,True,True,True,True
qwen3_4b,train,17975693,generation_1,3,1,0.0133434403687715,0.6591135816027721,138,0,0.3333333333333333,False,False,False,False,True,True,False
qwen3_4b,train,17975693,generation_2,3,1,0.0128895072266459,0.658539216654996,145,0,0.3333333333333333,False,False,False,False,True,True,False
qwen3_4b,train,17975693,generation_3,3,1,0.0143718551844358,0.6588741087665161,146,0,0.3333333333333333,False,False,False,False,True,True,False
qwen3_4b,train,18050247,generation_1,6,0,0.9853197932243348,0.990211675564448,244,0,0.0,True,True,True,True,True,True,True
qwen3_4b,train,18050247,generation_2,6,1,0.0003537736483849,0.8210698300293492,193,0,0.16666666666666666,False,False,True,True,True,True,False
qwen3_4b,train,18050247,generation_3,6,0,0.9846943020820618,0.9914892117182413,221,0,0.0,True,True,True,True,True,True,True
qwen3_4b,train,18083142,generation_1,16,0,0.9187543988227844,0.9743833281099796,264,0,0.0,True,True,True,True,True,True,True
qwen3_4b,train,18083142,generation_2,16,2,0.0005791326984763,0.8575781983672641,256,0,0.125,False,False,True,True,True,True,True
qwen3_4b,train,18083142,generation_3,16,1,0.0023215771652758,0.8976408898888621,255,0,0.0625,False,True,True,True,True,True,True
qwen3_4b,train,18165598,generation_1,13,2,0.000228680379223,0.7996813201909669,251,2,0.15384615384615385,False,False,True,True,True,True,True
qwen3_4b,train,18165598,generation_2,13,3,0.0689427405595779,0.7969048166504273,293,2,0.23076923076923078,False,False,False,True,True,True,False
qwen3_4b,train,18165598,generation_3,13,3,0.0275071840733289,0.7504592679727536,267,2,0.23076923076923078,False,False,False,True,True,True,False
qwen3_4b,train,18166824,generation_1,8,0,0.987984836101532,0.9954372420907021,181,0,0.0,True,True,True,True,True,True,True
qwen3_4b,train,18166824,generation_2,8,0,0.9602830410003662,0.9903593733906746,192,0,0.0,True,True,True,True,True,True,True
qwen3_4b,train,18166824,generation_3,8,0,0.8207229971885681,0.9681488648056984,218,0,0.0,True,True,True,True,True,True,True
qwen3_4b,train,18182964,generation_1,4,0,0.9504752159118652,0.9702519178390502,173,1,0.0,True,True,True,True,True,True,True
qwen3_4b,train,18182964,generation_2,4,0,0.9575515985488892,0.9746869653463364,212,1,0.0,True,True,True,True,True,True,True
qwen3_4b,train,18182964,generation_3,4,0,0.9138322472572328,0.9627136141061783,216,1,0.0,True,True,True,True,True,True,True
qwen3_4b,train,18189233,generation_1,5,1,0.015710275620222,0.7988808713853359,141,0,0.2,False,False,True,True,True,True,False
qwen3_4b,train,18189233,generation_2,5,1,0.0002272998244734,0.795689838627004,149,0,0.2,False,False,True,True,True,True,False
qwen3_4b,train,18189233,generation_3,5,1,0.0173742957413196,0.7966816700994969,164,0,0.2,False,False,True,True,True,True,False
qwen3_4b,train,18235024,generation_1,2,0,0.9972699284553528,0.9973384737968445,137,0,0.0,True,True,True,True,True,True,True
qwen3_4b,train,18235024,generation_2,2,0,0.9963239431381226,0.9963732659816742,168,0,0.0,True,True,True,True,True,True,True
qwen3_4b,train,18235024,generation_3,2,0,0.9965776801109314,0.9966543018817902,210,0,0.0,True,True,True,True,True,True,True
qwen3_4b,train,18262054,generation_1,2,0,0.9870398640632628,0.9883623421192168,149,0,0.0,True,True,True,True,True,True,True
qwen3_4b,train,18262054,generation_2,2,0,0.9925087094306946,0.9926730394363403,204,0,0.0,True,True,True,True,True,True,True
qwen3_4b,train,18262054,generation_3,2,0,0.9917588829994202,0.9926031231880188,149,0,0.0,True,True,True,True,True,True,True
qwen3_4b,train,18270997,generation_1,4,0,0.961090326309204,0.9759628176689148,154,0,0.0,True,True,True,True,True,True,True
qwen3_4b,train,18270997,generation_2,4,0,0.8171451091766357,0.9156962782144547,176,0,0.0,True,True,True,True,True,True,True
qwen3_4b,train,18270997,generation_3,4,0,0.9641730189323424,0.979702889919281,178,0,0.0,True,True,True,True,True,True,True
qwen3_4b,train,18310445,generation_1,36,27,0.0001793537958292,0.23662055240088695,197,0,0.75,False,False,False,False,False,True,False
qwen3_4b,train,18310445,generation_2,36,26,0.0001767257490428,0.2804873346277519,202,0,0.7222222222222222,False,False,False,False,False,True,False
qwen3_4b,train,18310445,generation_3,36,27,0.000177259571501,0.2420424996651288,269,0,0.75,False,False,False,False,False,True,False
qwen3_4b,train,18340638,generation_1,7,3,0.0106267211958765,0.5891336158716253,182,0,0.42857142857142855,False,False,False,False,True,True,False
qwen3_4b,train,18340638,generation_2,7,3,0.0155342146754264,0.5603705852159432,212,0,0.42857142857142855,False,False,False,False,True,True,False
qwen3_4b,train,18340638,generation_3,7,3,0.0059105874970555,0.5423691400459835,151,0,0.42857142857142855,False,False,False,False,True,True,False
qwen3_4b,train,18356633,generation_1,8,5,0.0016040082555264,0.3159085538936779,146,0,0.625,False,False,False,False,False,True,False
qwen3_4b,train,18356633,generation_2,8,4,0.0043636914342641,0.5552495214506052,188,0,0.5,False,False,False,False,True,True,False
qwen3_4b,train,18356633,generation_3,8,4,0.0006535632419399,0.48600633108435426,184,0,0.5,False,False,False,False,True,True,False
qwen3_4b,train,18366737,generation_1,5,0,0.992145836353302,0.9945913910865783,132,0,0.0,True,True,True,True,True,True,True
qwen3_4b,train,18366737,generation_2,5,0,0.9937108755111694,0.9951503038406372,149,0,0.0,True,True,True,True,True,True,True
qwen3_4b,train,18366737,generation_3,5,0,0.9951979517936708,0.9955750465393066,162,0,0.0,True,True,True,True,True,True,True
qwen3_4b,train,18397285,generation_1,3,0,0.9729493856430054,0.9882336457570394,196,0,0.0,True,True,True,True,True,True,True
qwen3_4b,train,18397285,generation_2,3,0,0.988458812236786,0.9930582841237386,140,0,0.0,True,True,True,True,True,True,True
qwen3_4b,train,18397285,generation_3,3,0,0.9268661737442015,0.9720577796300253,153,0,0.0,True,True,True,True,True,True,True
qwen3_4b,train,18408250,generation_1,3,1,0.0002886488218791,0.601338599595086,160,0,0.3333333333333333,False,False,False,False,True,True,False
qwen3_4b,train,18408250,generation_2,3,1,0.000320024206303,0.657477122847922,168,0,0.3333333333333333,False,False,False,False,True,True,False
qwen3_4b,train,18408250,generation_3,3,1,0.0003028437495231,0.6322223916649817,172,0,0.3333333333333333,False,False,False,False,True,True,False
qwen3_4b,train,18410508,generation_1,12,4,0.0019374616676941,0.6642576212082835,221,0,0.3333333333333333,False,False,False,False,True,True,False
qwen3_4b,train,18410508,generation_2,12,3,0.0064750965684652,0.6877054205785195,173,0,0.25,False,False,False,True,True,True,False
qwen3_4b,train,18410508,generation_3,12,5,0.000606459681876,0.600045373867033,177,0,0.4166666666666667,False,False,False,False,True,True,False
qwen3_4b,train,18410548,generation_1,3,0,0.9947946667671204,0.9960588415463766,137,0,0.0,True,True,True,True,True,True,True
qwen3_4b,train,18410548,generation_2,3,0,0.9910287261009216,0.994889497756958,138,0,0.0,True,True,True,True,True,True,True
qwen3_4b,train,18410548,generation_3,3,0,0.9954258799552916,0.9963991443316141,145,0,0.0,True,True,True,True,True,True,True
qwen3_4b,train,18422462,generation_1,8,0,0.9761931300163268,0.9810497984290123,194,8,0.0,True,True,True,True,True,True,True
qwen3_4b,train,18422462,generation_2,8,0,0.9212462902069092,0.9724462404847145,241,8,0.0,True,True,True,True,True,True,True
qwen3_4b,train,18422462,generation_3,8,0,0.9274521470069884,0.9753837808966637,242,8,0.0,True,True,True,True,True,True,True
qwen3_4b,train,18439317,generation_1,2,0,0.993819773197174,0.9958184659481049,189,0,0.0,True,True,True,True,True,True,True
qwen3_4b,train,18439317,generation_2,2,0,0.9930077791213988,0.9953246116638184,165,0,0.0,True,True,True,True,True,True,True
qwen3_4b,train,18439317,generation_3,2,0,0.9921312928199768,0.9949015974998474,168,0,0.0,True,True,True,True,True,True,True
qwen3_4b,train,18442015,generation_1,14,5,0.0022961895447224,0.7002283425702315,226,1,0.35714285714285715,False,False,False,False,True,True,False
qwen3_4b,train,18442015,generation_2,14,5,0.0018960804445669,0.6578234072824541,223,1,0.35714285714285715,False,False,False,False,True,True,False
qwen3_4b,train,18442015,generation_3,14,8,0.0116231022402644,0.4512061272481723,221,1,0.5714285714285714,False,False,False,False,False,True,False
qwen3_4b,train,18470323,generation_1,2,0,0.982964813709259,0.9897472858428955,246,0,0.0,True,True,True,True,True,True,True
qwen3_4b,train,18470323,generation_2,2,0,0.9914662837982178,0.9937506020069122,191,0,0.0,True,True,True,True,True,True,True
qwen3_4b,train,18470323,generation_3,2,0,0.9879184365272522,0.9920774102210999,214,0,0.0,True,True,True,True,True,True,True
qwen3_4b,train,18483878,generation_1,7,3,0.0278050061315298,0.6215199793555907,153,0,0.42857142857142855,False,False,False,False,True,True,False
qwen3_4b,train,18483878,generation_2,7,1,0.0414910279214382,0.8026817180216312,154,0,0.14285714285714285,False,False,True,True,True,True,False
qwen3_4b,train,18483878,generation_3,7,1,0.0147146917879581,0.7410242094525269,176,0,0.14285714285714285,False,False,True,True,True,True,False
qwen3_4b,train,18487244,generation_1,2,0,0.9951446652412416,0.9957474172115326,179,0,0.0,True,True,True,True,True,True,True
qwen3_4b,train,18487244,generation_2,2,0,0.9939256310462952,0.9945090115070343,192,0,0.0,True,True,True,True,True,True,True
qwen3_4b,train,18487244,generation_3,2,0,0.9949846267700196,0.9961997866630554,135,0,0.0,True,True,True,True,True,True,True
qwen3_4b,train,18541230,generation_1,13,2,0.3595998287200928,0.820969806267665,188,0,0.15384615384615385,False,False,True,True,True,True,True
qwen3_4b,train,18541230,generation_2,13,1,0.2510177493095398,0.9109804951227628,165,0,0.07692307692307693,False,True,True,True,True,True,True
qwen3_4b,train,18541230,generation_3,13,3,0.0932715237140655,0.7760100737214088,189,0,0.23076923076923078,False,False,False,True,True,True,False
qwen3_4b,train,18544179,generation_1,8,1,0.0171206090599298,0.8565118846017867,197,2,0.125,False,False,True,True,True,True,False
qwen3_4b,train,18544179,generation_2,8,1,0.030358038842678,0.8637700183317065,170,2,0.125,False,False,True,True,True,True,False
qwen3_4b,train,18544179,generation_3,8,1,0.0282050315290689,0.8277605541516095,178,2,0.125,False,False,True,True,True,True,False
qwen3_4b,train,18593936,generation_1,51,17,0.0002309083938598,0.6651625160770445,274,0,0.3333333333333333,False,False,False,False,True,True,False
qwen3_4b,train,18593936,generation_2,51,13,0.007758461870253,0.7476050686091185,254,0,0.2549019607843137,False,False,False,True,True,True,False
qwen3_4b,train,18593936,generation_3,51,15,0.0002092057839035,0.7108319911117981,237,0,0.29411764705882354,False,False,False,True,True,True,False
qwen3_4b,train,18631865,generation_1,6,2,0.0423417687416076,0.6731295362114906,194,1,0.3333333333333333,False,False,False,False,True,True,False
qwen3_4b,train,18631865,generation_2,6,2,0.0138291725888848,0.6260237347645065,190,1,0.3333333333333333,False,False,False,False,True,True,False
qwen3_4b,train,18631865,generation_3,6,3,0.0098925046622753,0.5594632675250372,185,1,0.5,False,False,False,False,True,True,False
qwen3_4b,train,18657397,generation_1,2,1,0.2979203164577484,0.6390769630670547,158,0,0.5,False,False,False,False,True,True,False
qwen3_4b,train,18657397,generation_2,2,1,0.0856057181954383,0.5303974635899067,145,0,0.5,False,False,False,False,True,True,False
qwen3_4b,train,18657397,generation_3,2,2,0.0583621896803379,0.2447792161256075,166,0,1.0,False,False,False,False,False,True,False
qwen3_4b,train,18672102,generation_1,24,0,0.993532657623291,0.995423307021459,201,0,0.0,True,True,True,True,True,True,True
qwen3_4b,train,18672102,generation_2,24,3,0.0114160403609275,0.8896110116814574,199,0,0.125,False,False,True,True,True,True,False
qwen3_4b,train,18672102,generation_3,24,4,0.0077026453800499,0.8195925246885357,143,0,0.16666666666666666,False,False,True,True,True,True,False
qwen3_4b,train,18674790,generation_1,19,6,0.0001873427972896,0.6495978046694194,250,0,0.3157894736842105,False,False,False,True,True,True,False
qwen3_4b,train,18674790,generation_2,19,9,0.0001894200977403,0.5353621258239544,281,0,0.47368421052631576,False,False,False,False,True,True,False
qwen3_4b,train,18674790,generation_3,19,10,0.0060563189908862,0.4945509286205235,293,0,0.5263157894736842,False,False,False,False,False,True,False
qwen3_4b,train,18681856,generation_1,6,1,0.128025472164154,0.8467583556969961,207,0,0.16666666666666666,False,False,True,True,True,True,False
qwen3_4b,train,18681856,generation_2,6,3,0.0165157318115234,0.5188249802837769,202,0,0.5,False,False,False,False,True,True,False
qwen3_4b,train,18681856,generation_3,6,3,0.0093806404620409,0.554600492119789,158,0,0.5,False,False,False,False,True,True,False
qwen3_4b,train,18699851,generation_1,5,0,0.97676420211792,0.9923345804214477,205,0,0.0,True,True,True,True,True,True,True
qwen3_4b,train,18699851,generation_2,5,0,0.9715880751609802,0.9917680025100708,179,0,0.0,True,True,True,True,True,True,True
qwen3_4b,train,18699851,generation_3,5,0,0.8997382521629333,0.9766297221183777,166,0,0.0,True,True,True,True,True,True,True
qwen3_4b,train,18752389,generation_1,16,7,0.000759916845709,0.5926497353066225,218,1,0.4375,False,False,False,False,True,True,False
qwen3_4b,train,18752389,generation_2,16,7,0.0021047685295343,0.555048959213309,197,1,0.4375,False,False,False,False,True,True,False
qwen3_4b,train,18752389,generation_3,16,6,0.0016581235686317,0.6623677884126664,182,1,0.375,False,False,False,False,True,True,False
qwen3_4b,train,18754075,generation_1,9,2,0.0279056560248136,0.7521268913729323,154,0,0.2222222222222222,False,False,False,True,True,True,False
qwen3_4b,train,18754075,generation_2,9,1,0.3987678289413452,0.8762167361047533,205,0,0.1111111111111111,False,False,True,True,True,True,True
qwen3_4b,train,18754075,generation_3,9,4,0.0317554473876953,0.5827373146182961,201,0,0.4444444444444444,False,False,False,False,True,True,False
qwen3_4b,train,18768591,generation_1,24,3,0.0004541002854239,0.8278022591051316,230,0,0.125,False,False,True,True,True,True,False
qwen3_4b,train,18768591,generation_2,24,5,0.0100068133324384,0.7758785646098355,276,0,0.20833333333333334,False,False,False,True,True,True,False
qwen3_4b,train,18768591,generation_3,24,9,0.0018878380069509,0.6428820726238579,264,0,0.375,False,False,False,False,True,True,False
qwen3_4b,train,18772193,generation_1,14,5,0.0243017710745334,0.6416750292160681,210,0,0.35714285714285715,False,False,False,False,True,True,False
qwen3_4b,train,18772193,generation_2,14,6,0.0032098742667585,0.6034338506371049,179,0,0.42857142857142855,False,False,False,False,True,True,False
qwen3_4b,train,18772193,generation_3,14,2,0.0001868341933004,0.8103708499568582,165,0,0.14285714285714285,False,False,True,True,True,True,True
qwen3_4b,train,18779591,generation_1,8,1,0.0001973283360712,0.8715884657212882,158,1,0.125,False,False,True,True,True,True,False
qwen3_4b,train,18779591,generation_2,8,1,0.0001846832601586,0.8713204895775561,175,1,0.125,False,False,True,True,True,True,False
qwen3_4b,train,18779591,generation_3,8,2,0.000347997614881,0.746251727334311,192,1,0.25,False,False,False,True,True,True,False
qwen3_4b,train,18790087,generation_1,2,0,0.9939007759094238,0.9940489530563354,160,0,0.0,True,True,True,True,True,True,True
qwen3_4b,train,18790087,generation_2,2,0,0.9934114813804626,0.9941335618495941,151,0,0.0,True,True,True,True,True,True,True
qwen3_4b,train,18790087,generation_3,2,0,0.9936996698379515,0.9940883815288544,165,0,0.0,True,True,True,True,True,True,True
qwen3_4b,train,18791947,generation_1,1,1,0.0264893248677253,0.0264893248677253,145,0,1.0,False,False,False,False,False,True,False
qwen3_4b,train,18791947,generation_2,1,1,0.0073762224055826,0.0073762224055826,137,0,1.0,False,False,False,False,False,True,False
qwen3_4b,train,18791947,generation_3,1,1,0.0124601460993289,0.0124601460993289,146,0,1.0,False,False,False,False,False,True,False
qwen3_4b,train,18808529,generation_1,12,3,0.0769961923360824,0.7367861097057661,201,0,0.25,False,False,False,True,True,True,False
qwen3_4b,train,18808529,generation_2,12,4,0.0024211786221712,0.6831905907602049,202,0,0.3333333333333333,False,False,False,False,True,True,False
qwen3_4b,train,18808529,generation_3,12,1,0.4851343035697937,0.8793924351533254,214,0,0.08333333333333333,False,True,True,True,True,True,True
qwen3_4b,train,18809400,generation_1,12,2,0.0296651665121316,0.7889556954614818,182,0,0.16666666666666666,False,False,True,True,True,True,False
qwen3_4b,train,18809400,generation_2,12,2,0.0384549051523208,0.8395856308440367,213,0,0.16666666666666666,False,False,True,True,True,True,False
qwen3_4b,train,18809400,generation_3,12,1,0.0202067848294973,0.8942565699107945,162,0,0.08333333333333333,False,True,True,True,True,True,True
qwen3_4b,train,18827003,generation_1,9,2,0.007188003975898,0.7784718569471605,211,1,0.2222222222222222,False,False,False,True,True,True,False
qwen3_4b,train,18827003,generation_2,9,2,0.0275339223444461,0.7858188023997678,180,1,0.2222222222222222,False,False,False,True,True,True,False
qwen3_4b,train,18827003,generation_3,9,2,0.009394995868206,0.7441443755394883,187,1,0.2222222222222222,False,False,False,True,True,True,False
qwen3_4b,train,18945288,generation_1,2,0,0.9741942286491394,0.9850151240825653,142,0,0.0,True,True,True,True,True,True,True
qwen3_4b,train,18945288,generation_2,2,0,0.9409186840057372,0.9682474136352538,126,0,0.0,True,True,True,True,True,True,True
qwen3_4b,train,18945288,generation_3,2,0,0.940204620361328,0.9679035544395447,161,0,0.0,True,True,True,True,True,True,True
qwen3_4b,train,18945509,generation_1,8,4,0.0060839317739009,0.4331647002836689,238,4,0.5,False,False,False,False,True,True,False
qwen3_4b,train,18945509,generation_2,8,4,0.0077031226828694,0.4923630909761414,171,4,0.5,False,False,False,False,True,True,False
qwen3_4b,train,18945509,generation_3,8,3,0.0350228436291217,0.6252082972787321,228,4,0.375,False,False,False,False,True,True,False
qwen3_4b,train,18987260,generation_1,14,0,0.9068140983581544,0.9749539153916496,219,0,0.0,True,True,True,True,True,True,True
qwen3_4b,train,18987260,generation_2,14,0,0.8722445368766785,0.968699323279517,206,0,0.0,True,True,True,True,True,True,True
qwen3_4b,train,18987260,generation_3,14,0,0.6730576157569885,0.9542633720806667,268,0,0.0,True,True,True,True,True,True,True
qwen3_4b,train,19037252,generation_1,1,0,0.9977739453315736,0.9977739453315736,169,0,0.0,True,True,True,True,True,True,True
qwen3_4b,train,19037252,generation_2,1,0,0.9956568479537964,0.9956568479537964,179,0,0.0,True,True,True,True,True,True,True
qwen3_4b,train,19037252,generation_3,1,0,0.996204435825348,0.996204435825348,169,0,0.0,True,True,True,True,True,True,True
qwen3_4b,train,19048115,generation_1,11,0,0.9826270937919616,0.9943543835119768,252,1,0.0,True,True,True,True,True,True,True
qwen3_4b,train,19048115,generation_2,11,0,0.6694410443305969,0.9660776474259116,239,1,0.0,True,True,True,True,True,True,True
qwen3_4b,train,19048115,generation_3,11,0,0.9872847199440002,0.9950879866426642,255,1,0.0,True,True,True,True,True,True,True
qwen3_4b,train,19058010,generation_1,20,8,0.0574491322040557,0.6085092633962631,192,1,0.4,False,False,False,False,True,True,False
qwen3_4b,train,19058010,generation_2,20,10,0.0250371415168046,0.5292676704935729,135,1,0.5,False,False,False,False,True,True,False
qwen3_4b,train,19058010,generation_3,20,9,0.0142878964543342,0.612077071890235,238,1,0.45,False,False,False,False,True,True,False
qwen3_4b,train,19067809,generation_1,6,2,0.0005093542858958,0.6868239322987696,154,0,0.3333333333333333,False,False,False,False,True,True,False
qwen3_4b,train,19067809,generation_2,6,2,0.0119539834558963,0.6763353887945414,158,0,0.3333333333333333,False,False,False,False,True,True,False
qwen3_4b,train,19067809,generation_3,6,1,0.0082196583971381,0.8088686265982687,144,0,0.16666666666666666,False,False,True,True,True,True,False
qwen3_4b,train,19082493,generation_1,5,1,0.0038353337440639,0.7643498208839447,176,0,0.2,False,False,True,True,True,True,False
qwen3_4b,train,19082493,generation_2,5,2,0.0102998428046703,0.5982649197801947,154,0,0.4,False,False,False,False,True,True,False
qwen3_4b,train,19082493,generation_3,5,1,0.0409224517643451,0.7882041431963444,160,0,0.2,False,False,True,True,True,True,False
qwen3_4b,train,19101703,generation_1,3,1,0.0060893520712852,0.6662686144312223,207,0,0.3333333333333333,False,False,False,False,True,True,False
qwen3_4b,train,19101703,generation_2,3,1,0.0062085022218525,0.6663634853127102,153,0,0.3333333333333333,False,False,False,False,True,True,False
qwen3_4b,train,19101703,generation_3,3,0,0.96440327167511,0.9857466816902161,164,0,0.0,True,True,True,True,True,True,True
qwen3_4b,train,19108278,generation_1,12,3,0.0007309235516004,0.7469686343635354,179,0,0.25,False,False,False,True,True,True,False
qwen3_4b,train,19108278,generation_2,12,3,0.0004144818230997,0.7404756709365756,172,0,0.25,False,False,False,True,True,True,False
qwen3_4b,train,19108278,generation_3,12,3,0.000933032890316,0.7356200972911514,159,0,0.25,False,False,False,True,True,True,False
qwen3_4b,train,19110214,generation_1,6,0,0.9457216858863832,0.9853152732054392,196,0,0.0,True,True,True,True,True,True,True
qwen3_4b,train,19110214,generation_2,6,1,0.0003922327887266,0.8187392808419341,154,0,0.16666666666666666,False,False,True,True,True,True,False
qwen3_4b,train,19110214,generation_3,6,0,0.9689794182777404,0.9881432751814524,230,0,0.0,True,True,True,True,True,True,True
qwen3_4b,train,19160446,generation_1,2,0,0.9929043650627136,0.9931650459766388,173,0,0.0,True,True,True,True,True,True,True
qwen3_4b,train,19160446,generation_2,2,0,0.9931839108467102,0.9934865832328796,149,0,0.0,True,True,True,True,True,True,True
qwen3_4b,train,19160446,generation_3,2,0,0.9912322163581848,0.9918710291385651,217,0,0.0,True,True,True,True,True,True,True
qwen3_4b,train,19218574,generation_1,11,2,0.0004098799254279,0.7827116157198113,206,0,0.18181818181818182,False,False,True,True,True,True,False
qwen3_4b,train,19218574,generation_2,11,1,0.0003187140391673,0.8975436261257115,233,0,0.09090909090909091,False,True,True,True,True,True,True
qwen3_4b,train,19218574,generation_3,11,2,0.0002898616658058,0.7927978050508748,154,0,0.18181818181818182,False,False,True,True,True,True,False
qwen3_4b,train,19234905,generation_1,1,0,0.9789624810218812,0.9789624810218812,160,0,0.0,True,True,True,True,True,True,True
qwen3_4b,train,19234905,generation_2,1,0,0.9791913628578186,0.9791913628578186,179,0,0.0,True,True,True,True,True,True,True
qwen3_4b,train,19234905,generation_3,1,0,0.97953861951828,0.97953861951828,159,0,0.0,True,True,True,True,True,True,True
qwen3_4b,train,19306381,generation_1,38,33,0.0001765319175319,0.13155180983181033,174,5,0.868421052631579,False,False,False,False,False,True,False
qwen3_4b,train,19306381,generation_2,38,29,0.000183732874575,0.23640749069722675,181,5,0.7631578947368421,False,False,False,False,False,True,False
qwen3_4b,train,19306381,generation_3,38,30,0.0001885393139673,0.2210613606818553,197,5,0.7894736842105263,False,False,False,False,False,True,False
qwen3_4b,train,19319147,generation_1,5,2,0.0338085368275642,0.6708182588219642,158,0,0.4,False,False,False,False,True,True,False
qwen3_4b,train,19319147,generation_2,5,2,0.024615291506052,0.5865468479692936,137,0,0.4,False,False,False,False,True,True,False
qwen3_4b,train,19319147,generation_3,5,2,0.0436657257378101,0.6100517861545085,145,0,0.4,False,False,False,False,True,True,False
qwen3_4b,train,19346865,generation_1,2,0,0.9622411727905272,0.9693189561367035,145,0,0.0,True,True,True,True,True,True,True
qwen3_4b,train,19346865,generation_2,2,0,0.916055142879486,0.9514259994029998,182,0,0.0,True,True,True,True,True,True,True
qwen3_4b,train,19346865,generation_3,2,0,0.8890875577926636,0.9371544420719147,133,0,0.0,True,True,True,True,True,True,True
qwen3_4b,train,19365571,generation_1,3,0,0.9898866415023804,0.9936968485514323,145,0,0.0,True,True,True,True,True,True,True
qwen3_4b,train,19365571,generation_2,3,0,0.9805816411972046,0.9900720715522766,169,0,0.0,True,True,True,True,True,True,True
qwen3_4b,train,19365571,generation_3,3,0,0.9815402626991272,0.9908965428670248,167,0,0.0,True,True,True,True,True,True,True
qwen3_4b,train,19370764,generation_1,7,1,0.0024196070153266,0.8358533660814699,153,0,0.14285714285714285,False,False,True,True,True,True,False
qwen3_4b,train,19370764,generation_2,7,2,0.0004390206595417,0.7029155590696193,195,0,0.2857142857142857,False,False,False,True,True,True,False
qwen3_4b,train,19370764,generation_3,7,1,0.0071778674609959,0.8405420493467578,190,0,0.14285714285714285,False,False,True,True,True,True,False
qwen3_4b,train,19445921,generation_1,16,3,0.0002045821893261,0.7864183106257769,261,0,0.1875,False,False,True,True,True,True,False
qwen3_4b,train,19445921,generation_2,16,1,0.0270196795463562,0.9236995950341225,203,0,0.0625,False,True,True,True,True,True,True
qwen3_4b,train,19445921,generation_3,16,3,0.0002189830702263,0.8277299427008984,222,0,0.1875,False,False,True,True,True,True,False
qwen3_4b,train,19463742,generation_1,45,26,0.0001793575502233,0.37980609719234054,250,1,0.5777777777777777,False,False,False,False,False,True,False
qwen3_4b,train,19463742,generation_2,45,27,0.0001794880954548,0.41615850639225554,288,1,0.6,False,False,False,False,False,True,False
qwen3_4b,train,19463742,generation_3,45,24,0.0001796444266801,0.4411562010940138,251,1,0.5333333333333333,False,False,False,False,False,True,False
qwen3_4b,train,19508969,generation_1,28,2,0.0350365415215492,0.9112336505204439,157,0,0.07142857142857142,False,True,True,True,True,True,True
qwen3_4b,train,19508969,generation_2,28,0,0.7030988335609436,0.9621524959802628,219,0,0.0,True,True,True,True,True,True,True
qwen3_4b,train,19508969,generation_3,28,0,0.9753080606460572,0.9841635950974056,227,0,0.0,True,True,True,True,True,True,True
qwen3_4b,train,19521089,generation_1,1,0,0.9931049942970276,0.9931049942970276,130,0,0.0,True,True,True,True,True,True,True
qwen3_4b,train,19521089,generation_2,1,0,0.993111252784729,0.993111252784729,156,0,0.0,True,True,True,True,True,True,True
qwen3_4b,train,19521089,generation_3,1,0,0.99366694688797,0.99366694688797,155,0,0.0,True,True,True,True,True,True,True
qwen3_4b,train,19536134,generation_1,29,11,0.0001861946948338,0.6294235544006244,223,1,0.3793103448275862,False,False,False,False,True,True,False
qwen3_4b,train,19536134,generation_2,29,11,0.0001853830035543,0.619342843370195,192,1,0.3793103448275862,False,False,False,False,True,True,False
qwen3_4b,train,19536134,generation_3,29,11,0.0001835604052757,0.598845234993797,189,1,0.3793103448275862,False,False,False,False,True,True,False
qwen3_4b,train,19549709,generation_1,5,0,0.7586813569068909,0.9097277164459229,188,0,0.0,True,True,True,True,True,True,True
qwen3_4b,train,19549709,generation_2,5,0,0.8591943383216858,0.9406580805778504,191,0,0.0,True,True,True,True,True,True,True
qwen3_4b,train,19549709,generation_3,5,0,0.8035480976104736,0.9464859366416931,170,0,0.0,True,True,True,True,True,True,True
qwen3_4b,train,19592582,generation_1,5,0,0.9018246531486512,0.9740991234779358,186,0,0.0,True,True,True,True,True,True,True
qwen3_4b,train,19592582,generation_2,5,1,0.0539380982518196,0.8058245077729225,178,0,0.2,False,False,True,True,True,True,False
qwen3_4b,train,19592582,generation_3,5,0,0.918599247932434,0.9781090140342712,160,0,0.0,True,True,True,True,True,True,True
qwen3_4b,train,19631624,generation_1,8,5,0.0013660605764016,0.37791910515807103,155,0,0.625,False,False,False,False,False,True,False
qwen3_4b,train,19631624,generation_2,8,4,0.00151165376883,0.485184834440588,197,0,0.5,False,False,False,False,True,True,False
qwen3_4b,train,19631624,generation_3,8,4,0.0009604201186448,0.44696594346896745,164,0,0.5,False,False,False,False,True,True,False
qwen3_4b,train,19642243,generation_1,5,1,0.2109861671924591,0.8273421466350556,164,1,0.2,False,False,True,True,True,True,False
qwen3_4b,train,19642243,generation_2,5,0,0.8894518613815308,0.9627031445503235,139,1,0.0,True,True,True,True,True,True,True
qwen3_4b,train,19642243,generation_3,5,1,0.1405503004789352,0.8126871436834335,132,1,0.2,False,False,True,True,True,True,False
qwen3_4b,train,19672862,generation_1,22,2,0.0004661632992792,0.8803938220596386,256,0,0.09090909090909091,False,True,True,True,True,True,True
qwen3_4b,train,19672862,generation_2,22,2,0.0006457372801378,0.8715830070696856,276,0,0.09090909090909091,False,True,True,True,True,True,True
qwen3_4b,train,19672862,generation_3,22,3,0.0006272870232351,0.8541518832657444,206,0,0.13636363636363635,False,False,True,True,True,True,False
qwen3_4b,train,19692487,generation_1,14,7,0.0006647576228715,0.503882004517696,239,0,0.5,False,False,False,False,True,True,False
qwen3_4b,train,19692487,generation_2,14,6,0.005738059990108,0.5537682252137789,180,0,0.42857142857142855,False,False,False,False,True,True,False
qwen3_4b,train,19692487,generation_3,14,7,0.0002839096123352,0.51243233995878,179,0,0.5,False,False,False,False,True,True,False
qwen3_4b,train,19696792,generation_1,8,2,0.0003369333862792,0.7308979888039175,180,0,0.25,False,False,False,True,True,True,False
qwen3_4b,train,19696792,generation_2,8,2,0.0005041037802584,0.730284421457327,149,0,0.25,False,False,False,True,True,True,False
qwen3_4b,train,19696792,generation_3,8,2,0.000386554893339,0.7403228129078343,160,0,0.25,False,False,False,True,True,True,False
qwen3_4b,train,19707748,generation_1,2,0,0.9746276140213012,0.983689546585083,146,0,0.0,True,True,True,True,True,True,True
qwen3_4b,train,19707748,generation_2,2,0,0.7343037128448486,0.8628225028514862,160,0,0.0,True,True,True,True,True,True,True
qwen3_4b,train,19707748,generation_3,2,0,0.8390591740608215,0.9136779308319092,149,0,0.0,True,True,True,True,True,True,True
qwen3_4b,train,19719056,generation_1,2,1,0.0550740584731102,0.519260298460722,157,0,0.5,False,False,False,False,True,True,False
qwen3_4b,train,19719056,generation_2,2,1,0.0004001830529887,0.49213343732117215,183,0,0.5,False,False,False,False,True,True,False
qwen3_4b,train,19719056,generation_3,2,1,0.0311239250004291,0.5069312993437052,154,0,0.5,False,False,False,False,True,True,False
qwen3_4b,train,19721134,generation_1,19,12,0.0003316012152936,0.3574089374589292,250,0,0.631578947368421,False,False,False,False,False,True,False
qwen3_4b,train,19721134,generation_2,19,16,0.0001782463077688,0.15551898158293237,218,0,0.8421052631578947,False,False,False,False,False,True,False
qwen3_4b,train,19721134,generation_3,19,16,0.0001778463629307,0.15131483725838876,221,0,0.8421052631578947,False,False,False,False,False,True,False
qwen3_4b,train,19728177,generation_1,3,0,0.9828445911407472,0.9832809964815775,159,0,0.0,True,True,True,True,True,True,True
qwen3_4b,train,19728177,generation_2,3,0,0.9828145503997804,0.9831551710764567,138,0,0.0,True,True,True,True,True,True,True
qwen3_4b,train,19728177,generation_3,3,0,0.8825211524963379,0.9498113393783569,168,0,0.0,True,True,True,True,True,True,True
qwen3_4b,train,19779499,generation_1,5,1,0.0081240478903055,0.7924431312829257,180,0,0.2,False,False,True,True,True,True,False
qwen3_4b,train,19779499,generation_2,5,1,0.0092375371605157,0.7920962352305649,147,0,0.2,False,False,True,True,True,True,False
qwen3_4b,train,19779499,generation_3,5,2,0.0449622869491577,0.6146097354590893,174,0,0.4,False,False,False,False,True,True,False
qwen3_4b,train,19811499,generation_1,20,7,0.0002197001886088,0.6477031270544102,165,0,0.35,False,False,False,False,True,True,False
qwen3_4b,train,19811499,generation_2,20,7,0.0006089270464144,0.6305512743914733,225,0,0.35,False,False,False,False,True,True,False
qwen3_4b,train,19811499,generation_3,20,11,0.0002026802249019,0.4651544401720457,218,0,0.55,False,False,False,False,False,True,False
qwen3_4b,train,19825989,generation_1,23,11,0.0002516650129109,0.5118267586424379,252,4,0.4782608695652174,False,False,False,False,True,True,False
qwen3_4b,train,19825989,generation_2,23,16,0.0002363883540965,0.3479949725999334,204,4,0.6956521739130435,False,False,False,False,False,True,False
qwen3_4b,train,19825989,generation_3,23,13,0.0002205640776082,0.4315995798293127,246,4,0.5652173913043478,False,False,False,False,False,True,False
qwen3_4b,train,19841052,generation_1,2,1,0.3009999692440033,0.6313853710889816,151,0,0.5,False,False,False,False,True,True,False
qwen3_4b,train,19841052,generation_2,2,1,0.0548417083919048,0.5119909998029469,141,0,0.5,False,False,False,False,True,True,False
qwen3_4b,train,19841052,generation_3,2,1,0.0574545376002788,0.5143905337899923,156,0,0.5,False,False,False,False,True,True,False
qwen3_4b,train,19881468,generation_1,13,8,0.0002004514390137,0.3718331688757574,141,0,0.6153846153846154,False,False,False,False,False,True,False
qwen3_4b,train,19881468,generation_2,13,6,0.0001989773882087,0.5046400304955359,177,0,0.46153846153846156,False,False,False,False,True,True,False
qwen3_4b,train,19881468,generation_3,13,7,0.0002274663129355,0.45748603270420485,173,0,0.5384615384615384,False,False,False,False,False,True,False
qwen3_4b,train,19889778,generation_1,4,3,0.0077727665193378,0.20039469387847925,163,0,0.75,False,False,False,False,False,True,False
qwen3_4b,train,19889778,generation_2,4,1,0.0072132055647671,0.6802110300632194,169,0,0.25,False,False,False,True,True,True,False
qwen3_4b,train,19889778,generation_3,4,3,0.0082824518904089,0.2865182671230286,168,0,0.75,False,False,False,False,False,True,False
qwen3_4b,train,19891556,generation_1,2,0,0.9886434674263,0.9912786483764648,130,0,0.0,True,True,True,True,True,True,True
qwen3_4b,train,19891556,generation_2,2,0,0.9863329529762268,0.9904412031173706,143,0,0.0,True,True,True,True,True,True,True
qwen3_4b,train,19891556,generation_3,2,0,0.988079845905304,0.9911912381649017,145,0,0.0,True,True,True,True,True,True,True
qwen3_4b,train,19918264,generation_1,2,0,0.9733459949493408,0.9843042492866516,156,0,0.0,True,True,True,True,True,True,True
qwen3_4b,train,19918264,generation_2,2,0,0.9452475905418396,0.9694983065128326,120,0,0.0,True,True,True,True,True,True,True
qwen3_4b,train,19918264,generation_3,2,0,0.9422977566719056,0.9687654972076416,166,0,0.0,True,True,True,True,True,True,True
qwen3_4b,train,19923525,generation_1,6,2,0.0111754918470978,0.6801193767848114,145,0,0.3333333333333333,False,False,False,False,True,True,False
qwen3_4b,train,19923525,generation_2,6,2,0.0120861772447824,0.6541787597040335,122,0,0.3333333333333333,False,False,False,False,True,True,False
qwen3_4b,train,19923525,generation_3,6,2,0.0103032868355512,0.5873649508381883,144,0,0.3333333333333333,False,False,False,False,True,True,False
qwen3_4b,train,19996135,generation_1,1,1,0.005767990835011,0.005767990835011,185,0,1.0,False,False,False,False,False,True,False
qwen3_4b,train,19996135,generation_2,1,0,0.9724419116973876,0.9724419116973876,148,0,0.0,True,True,True,True,True,True,True
qwen3_4b,train,19996135,generation_3,1,1,0.0091509092599153,0.0091509092599153,248,0,1.0,False,False,False,False,False,True,False
qwen3_4b,train,20005218,generation_1,4,1,0.4338091015815735,0.8543902188539505,154,0,0.25,False,False,False,True,True,True,False
qwen3_4b,train,20005218,generation_2,4,0,0.9765971302986144,0.9892291277647018,164,0,0.0,True,True,True,True,True,True,True
qwen3_4b,train,20005218,generation_3,4,0,0.9682763814926147,0.9886827170848846,170,0,0.0,True,True,True,True,True,True,True
qwen3_4b,train,20034406,generation_1,7,1,0.010411231778562,0.8443898088963968,162,1,0.14285714285714285,False,False,True,True,True,True,False
qwen3_4b,train,20034406,generation_2,7,1,0.0048306477256119,0.8446280430071056,181,1,0.14285714285714285,False,False,True,True,True,True,False
qwen3_4b,train,20034406,generation_3,7,2,0.0143092405050992,0.7067307111408029,160,1,0.2857142857142857,False,False,False,True,True,True,False
qwen3_4b,train,20046642,generation_1,21,16,0.0001801313774194,0.26294823858327054,212,1,0.7619047619047619,False,False,False,False,False,True,False
qwen3_4b,train,20046642,generation_2,21,12,0.0026162867434322,0.4492682337184392,258,1,0.5714285714285714,False,False,False,False,False,True,False
qwen3_4b,train,20046642,generation_3,21,11,0.0001834246359067,0.46745153894672903,225,1,0.5238095238095238,False,False,False,False,False,True,False
qwen3_4b,train,20080916,generation_1,3,2,0.0030374280177056,0.4833748953727384,140,0,0.6666666666666666,False,False,False,False,False,True,False
qwen3_4b,train,20080916,generation_2,3,2,0.0028459758032113,0.4697749426122754,128,0,0.6666666666666666,False,False,False,False,False,True,False
qwen3_4b,train,20080916,generation_3,3,2,0.0028906913939863,0.4451845140041162,134,0,0.6666666666666666,False,False,False,False,False,True,False
qwen3_4b,train,20080983,generation_1,3,1,0.0144617371261119,0.6599179841578007,138,0,0.3333333333333333,False,False,False,False,True,True,False
qwen3_4b,train,20080983,generation_2,3,1,0.0794107615947723,0.6017420589923859,147,0,0.3333333333333333,False,False,False,False,True,True,False
qwen3_4b,train,20080983,generation_3,3,1,0.036059483885765,0.6657756119966507,120,0,0.3333333333333333,False,False,False,False,True,True,False
qwen3_4b,train,20086182,generation_1,6,0,0.93482905626297,0.9788741966088613,162,0,0.0,True,True,True,True,True,True,True
qwen3_4b,train,20086182,generation_2,6,1,0.0409764721989631,0.8166333548724651,171,0,0.16666666666666666,False,False,True,True,True,True,False
qwen3_4b,train,20086182,generation_3,6,2,0.0643334910273552,0.6629494180281957,178,0,0.3333333333333333,False,False,False,False,True,True,False
qwen3_4b,train,20105280,generation_1,17,7,0.0027566340286284,0.6160122405819815,266,0,0.4117647058823529,False,False,False,False,True,True,False
qwen3_4b,train,20105280,generation_2,17,13,0.0034474586136639,0.30379546543254565,199,0,0.7647058823529411,False,False,False,False,False,True,False
qwen3_4b,train,20105280,generation_3,17,8,0.000239953486016,0.5046857390843797,276,0,0.47058823529411764,False,False,False,False,True,True,False
qwen3_4b,train,20105310,generation_1,30,3,0.0100164925679564,0.9006243907846511,250,1,0.1,False,True,True,True,True,True,False
qwen3_4b,train,20105310,generation_2,30,1,0.033717080950737,0.9623867427309354,259,1,0.03333333333333333,False,True,True,True,True,True,True
qwen3_4b,train,20105310,generation_3,30,5,0.0002461331023368,0.8556899207886697,304,1,0.16666666666666666,False,False,True,True,True,True,False
qwen3_4b,train,20129423,generation_1,2,0,0.9814597368240356,0.9830810725688934,129,0,0.0,True,True,True,True,True,True,True
qwen3_4b,train,20129423,generation_2,2,0,0.9841704368591307,0.9847781658172607,135,0,0.0,True,True,True,True,True,True,True
qwen3_4b,train,20129423,generation_3,2,0,0.9788634181022644,0.9815865457057953,154,0,0.0,True,True,True,True,True,True,True
qwen3_4b,train,20226780,generation_1,6,2,0.0004061963409185,0.6486062640324235,189,0,0.3333333333333333,False,False,False,False,True,True,False
qwen3_4b,train,20226780,generation_2,6,1,0.0002545281313359,0.8199998564862957,168,0,0.16666666666666666,False,False,True,True,True,True,False
qwen3_4b,train,20226780,generation_3,6,1,0.0352455824613571,0.7221264218290647,133,0,0.16666666666666666,False,False,True,True,True,True,False
qwen3_4b,train,20331935,generation_1,3,0,0.9768962264060974,0.9783416390419006,130,0,0.0,True,True,True,True,True,True,True
qwen3_4b,train,20331935,generation_2,3,0,0.930207371711731,0.9624658028284708,170,0,0.0,True,True,True,True,True,True,True
qwen3_4b,train,20331935,generation_3,3,0,0.9716749787330629,0.976161539554596,157,0,0.0,True,True,True,True,True,True,True
qwen3_4b,train,20335448,generation_1,12,0,0.7479018568992615,0.9626181970040003,216,0,0.0,True,True,True,True,True,True,True
qwen3_4b,train,20335448,generation_2,12,0,0.7500752806663513,0.962758868932724,153,0,0.0,True,True,True,True,True,True,True
qwen3_4b,train,20335448,generation_3,12,1,0.1678473204374313,0.9072609382371107,213,0,0.08333333333333333,False,True,True,True,True,True,True
qwen3_4b,train,20367983,generation_1,4,1,0.0119795957580208,0.7496574262622744,147,0,0.25,False,False,False,True,True,True,False
qwen3_4b,train,20367983,generation_2,4,1,0.0141714205965399,0.7502950129564852,169,0,0.25,False,False,False,True,True,True,False
qwen3_4b,train,20367983,generation_3,4,1,0.0198706369847059,0.7517066891305149,165,0,0.25,False,False,False,True,True,True,False
qwen3_4b,train,20401977,generation_1,3,0,0.9699519276618958,0.987749437491099,130,0,0.0,True,True,True,True,True,True,True
qwen3_4b,train,20401977,generation_2,3,0,0.965065062046051,0.9859137932459513,141,0,0.0,True,True,True,True,True,True,True
qwen3_4b,train,20401977,generation_3,3,0,0.9842432737350464,0.9919894138971964,148,0,0.0,True,True,True,True,True,True,True
qwen3_4b,train,20415560,generation_1,7,1,0.0009106025099754,0.8395761964576585,165,0,0.14285714285714285,False,False,True,True,True,True,False
qwen3_4b,train,20415560,generation_2,7,0,0.8269723057746887,0.9624132428850446,187,0,0.0,True,True,True,True,True,True,True
qwen3_4b,train,20415560,generation_3,7,0,0.9743196964263916,0.9858433433941433,150,0,0.0,True,True,True,True,True,True,True
qwen3_4b,train,20428796,generation_1,9,7,0.0002411042514722,0.22656347071945973,197,7,0.7777777777777778,False,False,False,False,False,True,False
qwen3_4b,train,20428796,generation_2,9,6,0.0007926468388177,0.3454662035284046,230,7,0.6666666666666666,False,False,False,False,False,True,False
qwen3_4b,train,20428796,generation_3,9,7,0.0021780477836728,0.2408854360174801,219,7,0.7777777777777778,False,False,False,False,False,True,False
qwen3_4b,train,20431083,generation_1,2,1,0.0139701589941978,0.48428396508097654,153,0,0.5,False,False,False,False,True,True,False
qwen3_4b,train,20431083,generation_2,2,1,0.0143661089241504,0.5000418219715356,146,0,0.5,False,False,False,False,True,True,False
qwen3_4b,train,20431083,generation_3,2,1,0.0053387163206934,0.4827539264224469,172,0,0.5,False,False,False,False,True,True,False
qwen3_4b,train,20447294,generation_1,8,0,0.9807795882225036,0.9835951402783394,194,1,0.0,True,True,True,True,True,True,True
qwen3_4b,train,20447294,generation_2,8,0,0.9816587567329408,0.9849731624126434,272,1,0.0,True,True,True,True,True,True,True
qwen3_4b,train,20447294,generation_3,8,0,0.982205331325531,0.9841630011796951,221,1,0.0,True,True,True,True,True,True,True
qwen3_4b,train,20477932,generation_1,14,5,0.0060335481539368,0.6221366249956191,222,0,0.35714285714285715,False,False,False,False,True,True,False
qwen3_4b,train,20477932,generation_2,14,6,0.0021186047233641,0.5648315592136767,245,0,0.42857142857142855,False,False,False,False,True,True,False
qwen3_4b,train,20477932,generation_3,14,7,0.0006053682882338,0.4966115974654843,310,0,0.5,False,False,False,False,True,True,False
qwen3_4b,train,20510337,generation_1,26,6,0.0001892280124593,0.7579444465871068,214,0,0.23076923076923078,False,False,False,True,True,True,False
qwen3_4b,train,20510337,generation_2,26,5,0.0055738482624292,0.777456260429552,222,0,0.19230769230769232,False,False,True,True,True,True,False
qwen3_4b,train,20510337,generation_3,26,8,0.000184886084753,0.712997049898639,289,0,0.3076923076923077,False,False,False,True,True,True,False
qwen3_4b,train,20520283,generation_1,6,1,0.0040072128176689,0.7830863979955515,149,1,0.16666666666666666,False,False,True,True,True,True,False
qwen3_4b,train,20520283,generation_2,6,2,0.0258721243590116,0.6781845412527522,177,1,0.3333333333333333,False,False,False,False,True,True,False
qwen3_4b,train,20520283,generation_3,6,1,0.0071432692930102,0.812878352124244,156,1,0.16666666666666666,False,False,True,True,True,True,False
qwen3_4b,train,20523265,generation_1,8,0,0.9570876359939576,0.9812132567167282,202,0,0.0,True,True,True,True,True,True,True
qwen3_4b,train,20523265,generation_2,8,0,0.7451489567756653,0.9482272416353226,236,0,0.0,True,True,True,True,True,True,True
qwen3_4b,train,20523265,generation_3,8,0,0.90565288066864,0.9659849628806114,216,0,0.0,True,True,True,True,True,True,True
qwen3_4b,train,20528871,generation_1,3,0,0.9815785884857178,0.9819674293200175,122,3,0.0,True,True,True,True,True,True,True
qwen3_4b,train,20528871,generation_2,3,1,0.0372429862618446,0.6653484428922335,136,3,0.3333333333333333,False,False,False,False,True,True,False
qwen3_4b,train,20528871,generation_3,3,0,0.7724148035049438,0.9113049507141113,123,3,0.0,True,True,True,True,True,True,True
qwen3_4b,train,20533999,generation_1,9,4,0.00226422958076,0.48726572365396553,221,1,0.4444444444444444,False,False,False,False,True,True,False
qwen3_4b,train,20533999,generation_2,9,6,0.0182916428893804,0.3563000710888041,183,1,0.6666666666666666,False,False,False,False,False,True,False
qwen3_4b,train,20533999,generation_3,9,3,0.0014316147426143,0.6348122102337785,185,1,0.3333333333333333,False,False,False,False,True,True,False
qwen3_4b,train,20534142,generation_1,14,3,0.0011411025188863,0.8156180281657726,246,0,0.21428571428571427,False,False,False,True,True,True,False
qwen3_4b,train,20534142,generation_2,14,2,0.0160075612366199,0.8592155525194747,191,0,0.14285714285714285,False,False,True,True,True,True,True
qwen3_4b,train,20534142,generation_3,14,2,0.0528413392603397,0.8602488746068307,199,0,0.14285714285714285,False,False,True,True,True,True,True
qwen3_4b,train,20558148,generation_1,12,4,0.0019475234439596,0.6594447364235142,235,0,0.3333333333333333,False,False,False,False,True,True,False
qwen3_4b,train,20558148,generation_2,12,3,0.0122071895748376,0.7128589549101889,240,0,0.25,False,False,False,True,True,True,False
qwen3_4b,train,20558148,generation_3,12,6,0.000311780051561,0.4942508701157446,223,0,0.5,False,False,False,False,True,True,False
qwen3_4b,train,20579626,generation_1,5,0,0.9848782420158386,0.9933866024017334,227,0,0.0,True,True,True,True,True,True,True
qwen3_4b,train,20579626,generation_2,5,0,0.9830251932144164,0.9930220365524292,187,0,0.0,True,True,True,True,True,True,True
qwen3_4b,train,20579626,generation_3,5,0,0.9850987195968628,0.9937158823013306,148,0,0.0,True,True,True,True,True,True,True
qwen3_4b,train,20583543,generation_1,5,1,0.0109421629458665,0.7999585513025522,135,0,0.2,False,False,True,True,True,True,False
qwen3_4b,train,20583543,generation_2,5,1,0.0053762947209179,0.7988694460131228,163,0,0.2,False,False,True,True,True,True,False
qwen3_4b,train,20583543,generation_3,5,1,0.0035690448712557,0.7978831128682942,175,0,0.2,False,False,True,True,True,True,False
qwen3_4b,train,20588063,generation_1,7,0,0.9836800694465636,0.9951615418706622,158,0,0.0,True,True,True,True,True,True,True
qwen3_4b,train,20588063,generation_2,7,0,0.9800826907157898,0.9945964217185974,141,0,0.0,True,True,True,True,True,True,True
qwen3_4b,train,20588063,generation_3,7,0,0.9642271995544434,0.990296619279044,188,0,0.0,True,True,True,True,True,True,True
qwen3_4b,train,20606392,generation_1,2,0,0.9977861642837524,0.9978300333023071,134,0,0.0,True,True,True,True,True,True,True
qwen3_4b,train,20606392,generation_2,2,0,0.9966448545455932,0.997168242931366,208,0,0.0,True,True,True,True,True,True,True
qwen3_4b,train,20606392,generation_3,2,0,0.9897699356079102,0.9936105310916901,125,0,0.0,True,True,True,True,True,True,True
qwen3_4b,train,20667451,generation_1,7,0,0.9803699254989624,0.9844531076295036,164,0,0.0,True,True,True,True,True,True,True
qwen3_4b,train,20667451,generation_2,7,0,0.9535597562789916,0.9802227020263672,132,0,0.0,True,True,True,True,True,True,True
qwen3_4b,train,20667451,generation_3,7,0,0.9751649498939514,0.9836302059037345,159,0,0.0,True,True,True,True,True,True,True
qwen3_4b,train,20683499,generation_1,8,3,0.0007407244411297,0.6503525387306581,147,0,0.375,False,False,False,False,True,True,False
qwen3_4b,train,20683499,generation_2,8,3,0.0004997750511392,0.6348340567637933,151,0,0.375,False,False,False,False,True,True,False
qwen3_4b,train,20683499,generation_3,8,3,0.0172040443867445,0.6027217337395996,166,0,0.375,False,False,False,False,True,True,False
qwen3_4b,train,20708777,generation_1,12,0,0.985047459602356,0.9928498367468516,200,0,0.0,True,True,True,True,True,True,True
qwen3_4b,train,20708777,generation_2,12,0,0.9848671555519104,0.9919633716344833,159,0,0.0,True,True,True,True,True,True,True
qwen3_4b,train,20708777,generation_3,12,0,0.9682739973068236,0.9904248466094335,216,0,0.0,True,True,True,True,True,True,True
qwen3_4b,train,20722491,generation_1,20,14,0.0002130522334482,0.2964605616711196,206,0,0.7,False,False,False,False,False,True,False
qwen3_4b,train,20722491,generation_2,20,15,0.0001825710351113,0.24289462892920705,145,0,0.75,False,False,False,False,False,True,False
qwen3_4b,train,20722491,generation_3,20,15,0.0001806568470783,0.24674325512823994,178,0,0.75,False,False,False,False,False,True,False
qwen3_4b,train,20801104,generation_1,4,0,0.9208390712738036,0.9765704125165938,125,0,0.0,True,True,True,True,True,True,True
qwen3_4b,train,20801104,generation_2,4,0,0.9641240239143372,0.9873093366622925,160,0,0.0,True,True,True,True,True,True,True
qwen3_4b,train,20801104,generation_3,4,0,0.9049453139305116,0.9726330041885376,133,0,0.0,True,True,True,True,True,True,True
qwen3_4b,train,20806042,generation_1,3,0,0.9941646456718444,0.9951477845509847,165,0,0.0,True,True,True,True,True,True,True
qwen3_4b,train,20806042,generation_2,3,0,0.9950346946716307,0.996120830376943,156,0,0.0,True,True,True,True,True,True,True
qwen3_4b,train,20806042,generation_3,3,0,0.9951862692832948,0.9962791005770365,162,0,0.0,True,True,True,True,True,True,True
qwen3_4b,train,20828385,generation_1,5,2,0.1890236437320709,0.7268764674663544,198,0,0.4,False,False,False,False,True,True,False
qwen3_4b,train,20828385,generation_2,5,2,0.0175652280449867,0.6012740634381771,166,0,0.4,False,False,False,False,True,True,False
qwen3_4b,train,20828385,generation_3,5,1,0.039239764213562,0.7297340989112854,166,0,0.2,False,False,True,True,True,True,False
qwen3_4b,train,20846357,generation_1,6,0,0.92016339302063,0.9588062365849813,169,0,0.0,True,True,True,True,True,True,True
qwen3_4b,train,20846357,generation_2,6,3,0.004858904518187,0.45616121822968125,183,0,0.5,False,False,False,False,True,True,False
qwen3_4b,train,20846357,generation_3,6,4,0.0264261811971664,0.39777738228440285,152,0,0.6666666666666666,False,False,False,False,False,True,False
qwen3_4b,train,20854438,generation_1,7,4,0.0013573924079537,0.48104007239453495,165,0,0.5714285714285714,False,False,False,False,False,True,False
qwen3_4b,train,20854438,generation_2,7,2,0.0066271354444324,0.686187245018248,185,0,0.2857142857142857,False,False,False,True,True,True,False
qwen3_4b,train,20854438,generation_3,7,4,0.0009489313233643,0.43887111973682685,163,0,0.5714285714285714,False,False,False,False,False,True,False
qwen3_4b,train,20949073,generation_1,2,1,0.0135376369580626,0.5054248529486358,183,0,0.5,False,False,False,False,True,True,False
qwen3_4b,train,20949073,generation_2,2,1,0.0064505864866077,0.501831408822909,196,0,0.5,False,False,False,False,True,True,False
qwen3_4b,train,20949073,generation_3,2,1,0.0001918431662488,0.4986417470645392,187,0,0.5,False,False,False,False,True,True,False
qwen3_4b,train,20973483,generation_1,7,4,0.0010330890072509,0.41736116251974764,185,0,0.5714285714285714,False,False,False,False,False,True,False
qwen3_4b,train,20973483,generation_2,7,5,0.0041802604682743,0.34731314810259,153,0,0.7142857142857143,False,False,False,False,False,True,False
qwen3_4b,train,20973483,generation_3,7,5,0.0003017641138285,0.2815381905695955,201,0,0.7142857142857143,False,False,False,False,False,True,False
qwen3_4b,train,21059483,generation_1,2,0,0.9542882442474364,0.9748730063438416,156,0,0.0,True,True,True,True,True,True,True
qwen3_4b,train,21059483,generation_2,2,0,0.9908740520477296,0.9933401346206666,149,0,0.0,True,True,True,True,True,True,True
qwen3_4b,train,21059483,generation_3,2,1,0.2259822189807891,0.6106853634119034,164,0,0.5,False,False,False,False,True,True,False
qwen3_4b,train,21070631,generation_1,14,4,0.0017044165870174,0.7395683778699355,236,1,0.2857142857142857,False,False,False,True,True,True,False
qwen3_4b,train,21070631,generation_2,14,2,0.0177062433212995,0.8527604611590505,239,1,0.14285714285714285,False,False,True,True,True,True,True
qwen3_4b,train,21070631,generation_3,14,1,0.0127635728567838,0.9079076529347471,182,1,0.07142857142857142,False,True,True,True,True,True,True
qwen3_4b,train,21080147,generation_1,9,1,0.1387928873300552,0.8990963912672467,186,1,0.1111111111111111,False,False,True,True,True,True,True
qwen3_4b,train,21080147,generation_2,9,1,0.3623977601528168,0.9200785656770071,233,1,0.1111111111111111,False,False,True,True,True,True,True
qwen3_4b,train,21080147,generation_3,9,1,0.0373316295444965,0.8853507691787349,155,1,0.1111111111111111,False,False,True,True,True,True,True
qwen3_4b,train,21135151,generation_1,1,0,0.9956759810447692,0.9956759810447692,145,0,0.0,True,True,True,True,True,True,True
qwen3_4b,train,21135151,generation_2,1,0,0.9953351616859436,0.9953351616859436,159,0,0.0,True,True,True,True,True,True,True
qwen3_4b,train,21135151,generation_3,1,0,0.995618999004364,0.995618999004364,140,0,0.0,True,True,True,True,True,True,True
qwen3_4b,train,21163864,generation_1,2,1,0.001889819279313,0.49881115276366467,144,0,0.5,False,False,False,False,True,True,False
qwen3_4b,train,21163864,generation_2,2,1,0.0174565128982067,0.5062985923141241,147,0,0.5,False,False,False,False,True,True,False
qwen3_4b,train,21163864,generation_3,2,1,0.0014866718556731,0.49860242649447173,149,0,0.5,False,False,False,False,True,True,False
qwen3_4b,train,21195121,generation_1,12,1,0.0398925095796585,0.8824382784465948,215,0,0.08333333333333333,False,True,True,True,True,True,True
qwen3_4b,train,21195121,generation_2,12,1,0.0950518026947975,0.8438166212290525,228,0,0.08333333333333333,False,True,True,True,True,True,True
qwen3_4b,train,21195121,generation_3,12,2,0.0338795110583305,0.8001997787505388,248,0,0.16666666666666666,False,False,True,True,True,True,False
qwen3_4b,train,21238926,generation_1,7,2,0.0008208846556954,0.7096979929649804,155,0,0.2857142857142857,False,False,False,True,True,True,False
qwen3_4b,train,21238926,generation_2,7,2,0.0007511545554734,0.768432002256824,158,0,0.2857142857142857,False,False,False,True,True,True,False
qwen3_4b,train,21238926,generation_3,7,2,0.000548158888705,0.6664312972155001,186,0,0.2857142857142857,False,False,False,True,True,True,False
qwen3_4b,train,21325775,generation_1,2,1,0.0297651067376136,0.5087997801601886,145,0,0.5,False,False,False,False,True,True,False
qwen3_4b,train,21325775,generation_2,2,1,0.0438140630722045,0.5173952281475067,123,0,0.5,False,False,False,False,True,True,False
qwen3_4b,train,21325775,generation_3,2,1,0.0842253491282463,0.5362255237996577,137,0,0.5,False,False,False,False,True,True,False
qwen3_4b,train,21496008,generation_1,2,0,0.9951907396316528,0.9960849285125732,164,0,0.0,True,True,True,True,True,True,True
qwen3_4b,train,21496008,generation_2,2,0,0.9941241145133972,0.9948604702949524,167,0,0.0,True,True,True,True,True,True,True
qwen3_4b,train,21496008,generation_3,2,0,0.9924436211586,0.9932350218296051,171,0,0.0,True,True,True,True,True,True,True
qwen3_4b,train,21533187,generation_1,3,0,0.9946075081825256,0.994798501332601,143,0,0.0,True,True,True,True,True,True,True
qwen3_4b,train,21533187,generation_2,3,0,0.9937697052955629,0.9943406780560812,162,0,0.0,True,True,True,True,True,True,True
qwen3_4b,train,21533187,generation_3,3,0,0.9947249293327332,0.9951854944229126,195,0,0.0,True,True,True,True,True,True,True
qwen3_4b,train,21615796,generation_1,5,1,0.1610762327909469,0.8244478672742843,137,0,0.2,False,False,True,True,True,True,False
qwen3_4b,train,21615796,generation_2,5,1,0.0248731095343828,0.7981680575758219,189,0,0.2,False,False,True,True,True,True,False
qwen3_4b,train,21615796,generation_3,5,1,0.0390423871576786,0.7953709550201893,163,0,0.2,False,False,True,True,True,True,False
qwen3_4b,train,21666969,generation_1,6,0,0.9881987571716307,0.9918382267157236,201,0,0.0,True,True,True,True,True,True,True
qwen3_4b,train,21666969,generation_2,6,0,0.9849655628204346,0.992173453172048,169,0,0.0,True,True,True,True,True,True,True
qwen3_4b,train,21666969,generation_3,6,0,0.9882270693778992,0.9927389522393545,147,0,0.0,True,True,True,True,True,True,True
qwen3_4b,train,21682595,generation_1,4,1,0.0170678701251745,0.736597856041044,163,0,0.25,False,False,False,True,True,True,False
qwen3_4b,train,21682595,generation_2,4,2,0.0609329454600811,0.5322765102609992,151,0,0.5,False,False,False,False,True,True,False
qwen3_4b,train,21682595,generation_3,4,1,0.0111083695665001,0.7433721052948385,163,0,0.25,False,False,False,True,True,True,False
qwen3_4b,train,21695597,generation_1,6,2,0.1960838884115219,0.6883944099148115,182,0,0.3333333333333333,False,False,False,False,True,True,False
qwen3_4b,train,21695597,generation_2,6,2,0.0567647367715835,0.6244882841904958,193,0,0.3333333333333333,False,False,False,False,True,True,False
qwen3_4b,train,21695597,generation_3,6,3,0.0332985669374465,0.5601854523022969,181,0,0.5,False,False,False,False,True,True,False
qwen3_4b,train,21699520,generation_1,3,1,0.0197893567383289,0.6704887015124162,166,0,0.3333333333333333,False,False,False,False,True,True,False
qwen3_4b,train,21699520,generation_2,3,1,0.0247642751783132,0.6715908367186785,147,0,0.3333333333333333,False,False,False,False,True,True,False
qwen3_4b,train,21699520,generation_3,3,1,0.015308360569179,0.6696171894048651,179,0,0.3333333333333333,False,False,False,False,True,True,False
qwen3_4b,train,21771880,generation_1,3,0,0.8617029190063477,0.9501633445421854,141,0,0.0,True,True,True,True,True,True,True
qwen3_4b,train,21771880,generation_2,3,0,0.9440207481384276,0.9778173565864563,198,0,0.0,True,True,True,True,True,True,True
qwen3_4b,train,21771880,generation_3,3,0,0.9712870717048644,0.9865647753079733,165,0,0.0,True,True,True,True,True,True,True
qwen3_4b,train,21810259,generation_1,25,7,0.001742870779708,0.7353178169950843,197,0,0.28,False,False,False,True,True,True,False
qwen3_4b,train,21810259,generation_2,25,4,0.0120159527286887,0.8045647849887609,148,0,0.16,False,False,True,True,True,True,False
qwen3_4b,train,21810259,generation_3,25,1,0.0489870607852935,0.9186430180072784,268,0,0.04,False,True,True,True,True,True,True
qwen3_4b,train,21904390,generation_1,3,0,0.9918347597122192,0.9949817458788554,230,0,0.0,True,True,True,True,True,True,True
qwen3_4b,train,21904390,generation_2,3,0,0.9856823086738586,0.9928839604059855,176,0,0.0,True,True,True,True,True,True,True
qwen3_4b,train,21904390,generation_3,3,0,0.9870826005935668,0.9930126269658407,161,0,0.0,True,True,True,True,True,True,True
qwen3_4b,train,21911891,generation_1,2,1,0.1046816483139991,0.5451691932976246,118,0,0.5,False,False,False,False,True,True,False
qwen3_4b,train,21911891,generation_2,2,1,0.0943610146641731,0.5405557192862034,125,0,0.5,False,False,False,False,True,True,False
qwen3_4b,train,21911891,generation_3,2,1,0.1065319031476974,0.547969751060009,145,0,0.5,False,False,False,False,True,True,False
qwen3_4b,train,22048266,generation_1,5,0,0.9566495418548584,0.9732986807823181,214,0,0.0,True,True,True,True,True,True,True
qwen3_4b,train,22048266,generation_2,5,0,0.9913495779037476,0.9932884812355042,120,0,0.0,True,True,True,True,True,True,True
qwen3_4b,train,22048266,generation_3,5,1,0.4097122848033905,0.8127517998218536,123,0,0.2,False,False,True,True,True,True,False
qwen3_4b,train,22051099,generation_1,6,0,0.9749754667282104,0.9907511274019877,173,1,0.0,True,True,True,True,True,True,True
qwen3_4b,train,22051099,generation_2,6,0,0.9749218821525574,0.9873567223548889,201,1,0.0,True,True,True,True,True,True,True
qwen3_4b,train,22051099,generation_3,6,0,0.9800154566764832,0.9918663700421652,191,1,0.0,True,True,True,True,True,True,True
qwen3_4b,train,22104738,generation_1,3,0,0.9733651876449584,0.9842825333277384,160,0,0.0,True,True,True,True,True,True,True
qwen3_4b,train,22104738,generation_2,3,0,0.9634575247764589,0.9802318612734476,161,0,0.0,True,True,True,True,True,True,True
qwen3_4b,train,22104738,generation_3,3,1,0.243200421333313,0.7364578048388163,204,0,0.3333333333333333,False,False,False,False,True,True,False
qwen3_4b,train,22180037,generation_1,4,1,0.3049065470695495,0.8108346909284592,140,0,0.25,False,False,False,True,True,True,False
qwen3_4b,train,22180037,generation_2,4,0,0.9550531506538392,0.9748520851135255,145,0,0.0,True,True,True,True,True,True,True
qwen3_4b,train,22180037,generation_3,4,0,0.9001895189285278,0.9648955911397934,129,0,0.0,True,True,True,True,True,True,True
qwen3_4b,train,22303482,generation_1,30,15,0.000201461603865,0.5170935212585998,230,0,0.5,False,False,False,False,True,True,False
qwen3_4b,train,22303482,generation_2,30,18,0.0002003937406698,0.3860579152266534,232,0,0.6,False,False,False,False,False,True,False
qwen3_4b,train,22303482,generation_3,30,14,0.000199986010557,0.5251551483292133,219,0,0.4666666666666667,False,False,False,False,True,True,False
qwen3_4b,train,22808010,generation_1,32,5,0.0001860697520896,0.7964972036502331,203,1,0.15625,False,False,True,True,True,True,False
qwen3_4b,train,22808010,generation_2,32,3,0.0001931258739205,0.8977410912507366,205,1,0.09375,False,True,True,True,True,True,False
qwen3_4b,train,22808010,generation_3,32,3,0.0005121224094182,0.8913749140992877,219,1,0.09375,False,True,True,True,True,True,False
qwen3_4b,train,22836123,generation_1,6,1,0.0440029501914978,0.6766747434933981,176,0,0.16666666666666666,False,False,True,True,True,True,False
qwen3_4b,train,22836123,generation_2,6,2,0.0253264512866735,0.6575766885653138,207,0,0.3333333333333333,False,False,False,False,True,True,False
qwen3_4b,train,22836123,generation_3,6,1,0.039954125881195,0.7674206892649332,190,0,0.16666666666666666,False,False,True,True,True,True,False
qwen3_4b,train,22859398,generation_1,7,1,0.3240644335746765,0.8902056728090558,222,0,0.14285714285714285,False,False,True,True,True,True,False
qwen3_4b,train,22859398,generation_2,7,2,0.0413930714130401,0.7778212385518211,172,0,0.2857142857142857,False,False,False,True,True,True,False
qwen3_4b,train,22859398,generation_3,7,1,0.1024048551917076,0.8583663393344197,190,0,0.14285714285714285,False,False,True,True,True,True,False
qwen3_4b,train,23791840,generation_1,15,3,0.005429558455944,0.7760194970294834,175,0,0.2,False,False,True,True,True,True,False
qwen3_4b,train,23791840,generation_2,15,2,0.0067324116826057,0.8496443087855975,212,0,0.13333333333333333,False,False,True,True,True,True,True
qwen3_4b,train,23791840,generation_3,15,2,0.0044344114139676,0.8657548751061162,210,0,0.13333333333333333,False,False,True,True,True,True,True
qwen3_4b,train,23864035,generation_1,4,0,0.9729761481285096,0.9809561371803284,151,1,0.0,True,True,True,True,True,True,True
qwen3_4b,train,23864035,generation_2,4,0,0.9789665937423706,0.9824362844228745,202,1,0.0,True,True,True,True,True,True,True
qwen3_4b,train,23864035,generation_3,4,0,0.9711195230484008,0.9756984561681747,241,1,0.0,True,True,True,True,True,True,True
qwen3_4b,train,23949582,generation_1,5,0,0.9823007583618164,0.9837107181549072,158,0,0.0,True,True,True,True,True,True,True
qwen3_4b,train,23949582,generation_2,5,0,0.9795149564743042,0.9825872421264649,155,0,0.0,True,True,True,True,True,True,True
qwen3_4b,train,23949582,generation_3,5,0,0.9824175238609314,0.9838629245758057,157,0,0.0,True,True,True,True,True,True,True
qwen3_4b,train,23952588,generation_1,2,0,0.9812467694282532,0.9840618073940277,150,0,0.0,True,True,True,True,True,True,True
qwen3_4b,train,23952588,generation_2,2,0,0.9813774228096008,0.9834833145141602,170,0,0.0,True,True,True,True,True,True,True
qwen3_4b,train,23952588,generation_3,2,0,0.9790673851966858,0.9823409914970398,155,0,0.0,True,True,True,True,True,True,True
qwen3_4b,train,24055495,generation_1,14,5,0.0169656705111265,0.6917953354173473,197,0,0.35714285714285715,False,False,False,False,True,True,False
qwen3_4b,train,24055495,generation_2,14,5,0.0153876645490527,0.6393564119269806,197,0,0.35714285714285715,False,False,False,False,True,True,False
qwen3_4b,train,24055495,generation_3,14,6,0.0167213641107082,0.5771877422396626,200,0,0.42857142857142855,False,False,False,False,True,True,False
qwen3_4b,train,24100257,generation_1,3,1,0.204319030046463,0.6713272631168365,156,0,0.3333333333333333,False,False,False,False,True,True,False
qwen3_4b,train,24100257,generation_2,3,1,0.0403393656015396,0.6167186746994654,142,0,0.3333333333333333,False,False,False,False,True,True,False
qwen3_4b,train,24100257,generation_3,3,2,0.0021260592620819,0.3360640588992585,116,0,0.6666666666666666,False,False,False,False,False,True,False
qwen3_4b,train,24126708,generation_1,10,3,0.0337236672639846,0.7200822353363037,234,0,0.3,False,False,False,True,True,True,False
qwen3_4b,train,24126708,generation_2,10,4,0.0024188749957829,0.6050239632138983,188,0,0.4,False,False,False,False,True,True,False
qwen3_4b,train,24126708,generation_3,10,3,0.0051684593781828,0.7330381396226584,198,0,0.3,False,False,False,True,True,True,False
qwen3_4b,train,24132704,generation_1,16,7,0.0001815674477256,0.5815016360238587,165,0,0.4375,False,False,False,False,True,True,False
qwen3_4b,train,24132704,generation_2,16,7,0.0001801099133444,0.5984178355975018,216,0,0.4375,False,False,False,False,True,True,False
qwen3_4b,train,24132704,generation_3,16,7,0.0001780124439392,0.5874858501683775,202,0,0.4375,False,False,False,False,True,True,False
qwen3_4b,train,2422478,generation_1,4,3,0.0210766289383173,0.32167515764012933,137,0,0.75,False,False,False,False,False,True,False
qwen3_4b,train,2422478,generation_2,4,1,0.0194945279508829,0.7299942509271204,149,0,0.25,False,False,False,True,True,True,False
qwen3_4b,train,2422478,generation_3,4,1,0.0402067862451076,0.7406271388754249,157,0,0.25,False,False,False,True,True,True,False
qwen3_4b,train,24309294,generation_1,10,5,0.0031553066801279,0.48474323430564253,221,0,0.5,False,False,False,False,True,True,False
qwen3_4b,train,24309294,generation_2,10,6,0.0013478723121806,0.44229593843920156,248,0,0.6,False,False,False,False,False,True,False
qwen3_4b,train,24309294,generation_3,10,1,0.3131583631038666,0.9115574270486831,236,0,0.1,False,True,True,True,True,True,True
qwen3_4b,train,24341598,generation_1,6,1,0.011112205684185,0.8133218176662922,180,1,0.16666666666666666,False,False,True,True,True,True,False
qwen3_4b,train,24341598,generation_2,6,0,0.9618678092956544,0.9781124691168467,210,1,0.0,True,True,True,True,True,True,True
qwen3_4b,train,24341598,generation_3,6,0,0.852601945400238,0.9600229561328888,125,1,0.0,True,True,True,True,True,True,True
qwen3_4b,train,24477591,generation_1,10,1,0.0326063930988311,0.8878189772367477,203,0,0.1,False,True,True,True,True,True,True
qwen3_4b,train,24477591,generation_2,10,1,0.1397105306386947,0.8928940996527672,181,0,0.1,False,True,True,True,True,True,True
qwen3_4b,train,24477591,generation_3,10,1,0.0440100207924842,0.8920581318438053,234,0,0.1,False,True,True,True,True,True,True
qwen3_4b,train,24535067,generation_1,7,1,0.264051228761673,0.8502217062882015,177,1,0.14285714285714285,False,False,True,True,True,True,False
qwen3_4b,train,24535067,generation_2,7,3,0.011408170685172,0.5107563912336316,158,1,0.42857142857142855,False,False,False,False,True,True,False
qwen3_4b,train,24535067,generation_3,7,2,0.0889170542359352,0.7352006573762212,198,1,0.2857142857142857,False,False,False,True,True,True,False
qwen3_4b,train,24587916,generation_1,8,2,0.0006506440695375,0.7729531749791931,173,0,0.25,False,False,False,True,True,True,False
qwen3_4b,train,24587916,generation_2,8,0,0.973990261554718,0.9819655939936638,156,0,0.0,True,True,True,True,True,True,True
qwen3_4b,train,24587916,generation_3,8,0,0.8555243015289307,0.9654201120138168,151,0,0.0,True,True,True,True,True,True,True
qwen3_4b,train,24588023,generation_1,1,1,0.0074004917405545,0.0074004917405545,154,0,1.0,False,False,False,False,False,True,False
qwen3_4b,train,24588023,generation_2,1,1,0.0068412073887884,0.0068412073887884,178,0,1.0,False,False,False,False,False,True,False
qwen3_4b,train,24588023,generation_3,1,1,0.0068446979857981,0.0068446979857981,133,0,1.0,False,False,False,False,False,True,False
qwen3_4b,train,24623966,generation_1,12,5,0.0001871333806775,0.5705271330079995,199,0,0.4166666666666667,False,False,False,False,True,True,False
qwen3_4b,train,24623966,generation_2,12,5,0.0002027449809247,0.5695300112674886,207,0,0.4166666666666667,False,False,False,False,True,True,False
qwen3_4b,train,24623966,generation_3,12,3,0.0111336456611752,0.6979622531216592,210,0,0.25,False,False,False,True,True,True,False
qwen3_4b,train,24632946,generation_1,13,5,0.0001832765556173,0.5933033683003697,162,0,0.38461538461538464,False,False,False,False,True,True,False
qwen3_4b,train,24632946,generation_2,13,4,0.0001894404995255,0.7223071435023135,225,0,0.3076923076923077,False,False,False,True,True,True,False
qwen3_4b,train,24632946,generation_3,13,5,0.0002059993566945,0.6194636385995321,258,0,0.38461538461538464,False,False,False,False,True,True,False
qwen3_4b,train,24709919,generation_1,6,3,0.0045383931137621,0.47617836638043315,206,0,0.5,False,False,False,False,True,True,False
qwen3_4b,train,24709919,generation_2,6,1,0.0297660287469625,0.8023319551721215,125,0,0.16666666666666666,False,False,True,True,True,True,False
qwen3_4b,train,24709919,generation_3,6,2,0.0201894287019968,0.624756844403843,227,0,0.3333333333333333,False,False,False,False,True,True,False
qwen3_4b,train,24742750,generation_1,2,0,0.9798378944396972,0.9806250929832458,153,0,0.0,True,True,True,True,True,True,True
qwen3_4b,train,24742750,generation_2,2,0,0.971370279788971,0.9763360619544983,146,0,0.0,True,True,True,True,True,True,True
qwen3_4b,train,24742750,generation_3,2,0,0.9702908992767334,0.975168764591217,148,0,0.0,True,True,True,True,True,True,True
qwen3_4b,train,24743235,generation_1,8,1,0.0040814764797687,0.7818631366826594,164,1,0.125,False,False,True,True,True,True,False
qwen3_4b,train,24743235,generation_2,8,4,0.000212175262277,0.5302272169155913,160,1,0.5,False,False,False,False,True,True,False
qwen3_4b,train,24743235,generation_3,8,3,0.0008975643431767,0.6363634411682142,158,1,0.375,False,False,False,False,True,True,False
qwen3_4b,train,24768818,generation_1,19,1,0.0001952017482835,0.9213706127652825,212,2,0.05263157894736842,False,True,True,True,True,True,True
qwen3_4b,train,24768818,generation_2,19,1,0.0001928116107592,0.9291323041979922,257,2,0.05263157894736842,False,True,True,True,True,True,True
qwen3_4b,train,24768818,generation_3,19,3,0.0001966701820492,0.8424718837302766,225,2,0.15789473684210525,False,False,True,True,True,True,False
qwen3_4b,train,24842192,generation_1,20,4,0.1432431191205978,0.8180095799267292,244,0,0.2,False,False,True,True,True,True,False
qwen3_4b,train,24842192,generation_2,20,2,0.0694454535841941,0.8883552458137274,242,0,0.1,False,True,True,True,True,True,True
qwen3_4b,train,24842192,generation_3,20,4,0.0002041677216766,0.7856865371621098,227,0,0.2,False,False,True,True,True,True,False
qwen3_4b,train,24853300,generation_1,12,3,0.0001823323545977,0.6787035688854909,260,1,0.25,False,False,False,True,True,True,False
qwen3_4b,train,24853300,generation_2,12,4,0.0003834352246485,0.6600690647319425,203,1,0.3333333333333333,False,False,False,False,True,True,False
qwen3_4b,train,24853300,generation_3,12,3,0.0001802090118872,0.7345517730306407,198,1,0.25,False,False,False,True,True,True,False
qwen3_4b,train,24902786,generation_1,13,8,0.0086246756836771,0.3399429817039233,244,0,0.6153846153846154,False,False,False,False,False,True,False
qwen3_4b,train,24902786,generation_2,13,8,0.0051980107091367,0.43686788654527986,265,0,0.6153846153846154,False,False,False,False,False,True,False
qwen3_4b,train,24902786,generation_3,13,6,0.0177855305373668,0.5116959863270705,304,0,0.46153846153846156,False,False,False,False,True,True,False
qwen3_4b,train,24911645,generation_1,15,3,0.0322625860571861,0.7527683841685454,237,1,0.2,False,False,True,True,True,True,False
qwen3_4b,train,24911645,generation_2,15,4,0.0815452262759208,0.7811068832874298,253,1,0.26666666666666666,False,False,False,True,True,True,False
qwen3_4b,train,24911645,generation_3,15,3,0.0268748924136161,0.7299493491649628,172,1,0.2,False,False,True,True,True,True,False
qwen3_4b,train,24914936,generation_1,10,5,0.0003494990232866,0.5517188586032716,190,0,0.5,False,False,False,False,True,True,False
qwen3_4b,train,24914936,generation_2,10,5,0.0002090008201776,0.5013042816251982,231,0,0.5,False,False,False,False,True,True,False
qwen3_4b,train,24914936,generation_3,10,4,0.0002916101657319,0.6313561221264535,206,0,0.4,False,False,False,False,True,True,False
qwen3_4b,train,24927617,generation_1,8,1,0.035224512219429,0.8188074473291636,282,5,0.125,False,False,True,True,True,True,False
qwen3_4b,train,24927617,generation_2,8,2,0.0069605158641934,0.7690092070261016,227,5,0.25,False,False,False,True,True,True,False
qwen3_4b,train,24927617,generation_3,8,1,0.0917570143938064,0.8355508390814066,216,5,0.125,False,False,True,True,True,True,False
qwen3_4b,train,24971338,generation_1,23,13,0.0021568308584392,0.4402076575662131,210,1,0.5652173913043478,False,False,False,False,False,True,False
qwen3_4b,train,24971338,generation_2,23,14,0.000211822145502,0.3790278641105903,241,1,0.6086956521739131,False,False,False,False,False,True,False
qwen3_4b,train,24971338,generation_3,23,10,0.0001922579394886,0.5579628505112614,229,1,0.43478260869565216,False,False,False,False,True,True,False
qwen3_4b,train,25054547,generation_1,13,3,0.0002615710836835,0.6985832974851991,172,0,0.23076923076923078,False,False,False,True,True,True,False
qwen3_4b,train,25054547,generation_2,13,3,0.0002146573533536,0.7204779797119465,160,0,0.23076923076923078,False,False,False,True,True,True,False
qwen3_4b,train,25054547,generation_3,13,5,0.0002604924957267,0.636006547541071,202,0,0.38461538461538464,False,False,False,False,True,True,False
qwen3_4b,train,25218136,generation_1,15,7,0.0001854643196566,0.5126696767198154,200,3,0.4666666666666667,False,False,False,False,True,True,False
qwen3_4b,train,25218136,generation_2,15,7,0.0001874340814538,0.5164192258642288,232,3,0.4666666666666667,False,False,False,False,True,True,False
qwen3_4b,train,25218136,generation_3,15,6,0.0001834505237638,0.5891960611741525,231,3,0.4,False,False,False,False,True,True,False
qwen3_4b,train,25263533,generation_1,26,24,0.0001804779749363,0.09759997007887035,218,2,0.9230769230769231,False,False,False,False,False,True,False
qwen3_4b,train,25263533,generation_2,26,18,0.0003222914820071,0.33543675192049704,258,2,0.6923076923076923,False,False,False,False,False,True,False
qwen3_4b,train,25263533,generation_3,26,17,0.0001847297826316,0.37581732241680854,217,2,0.6538461538461539,False,False,False,False,False,True,False
qwen3_4b,train,25305591,generation_1,27,16,0.0002667603257577,0.4384291758706914,271,0,0.5925925925925926,False,False,False,False,False,True,False
qwen3_4b,train,25305591,generation_2,27,15,0.0002049279573839,0.45105198827675647,191,0,0.5555555555555556,False,False,False,False,False,True,False
qwen3_4b,train,25305591,generation_3,27,16,0.0001972540485439,0.4090381845485858,216,0,0.5925925925925926,False,False,False,False,False,True,False
qwen3_4b,train,25622904,generation_1,26,12,0.0002143176679965,0.545225555570841,300,0,0.46153846153846156,False,False,False,False,True,True,False
qwen3_4b,train,25622904,generation_2,26,15,0.0002041252737399,0.4549311987844143,304,0,0.5769230769230769,False,False,False,False,False,True,False
qwen3_4b,train,25622904,generation_3,26,10,0.0002061763952951,0.619106836660089,279,0,0.38461538461538464,False,False,False,False,True,True,False
qwen3_4b,train,25946186,generation_1,13,2,0.00825871899724,0.7648396609494319,199,0,0.15384615384615385,False,False,True,True,True,True,True
qwen3_4b,train,25946186,generation_2,13,2,0.0080982754006981,0.8291122573069655,235,0,0.15384615384615385,False,False,True,True,True,True,True
qwen3_4b,train,25946186,generation_3,13,2,0.0581053644418716,0.7960126038927299,185,0,0.15384615384615385,False,False,True,True,True,True,True
qwen3_4b,train,25979836,generation_1,53,25,0.0001796886062948,0.5304974177901695,281,2,0.4716981132075472,False,False,False,False,True,True,False
qwen3_4b,train,25979836,generation_2,53,26,0.0001813499402487,0.5071598694515349,242,2,0.49056603773584906,False,False,False,False,True,True,False
qwen3_4b,train,25979836,generation_3,53,29,0.0001852937566582,0.44558588774789143,251,2,0.5471698113207547,False,False,False,False,False,True,False
qwen3_4b,train,25983002,generation_1,9,1,0.0148068647831678,0.8494728470428122,185,0,0.1111111111111111,False,False,True,True,True,True,True
qwen3_4b,train,25983002,generation_2,9,0,0.7619237303733826,0.9582164486249288,159,0,0.0,True,True,True,True,True,True,True
qwen3_4b,train,25983002,generation_3,9,1,0.0255474019795656,0.8671937206139168,204,0,0.1111111111111111,False,False,True,True,True,True,True
qwen3_4b,train,25986755,generation_1,16,4,0.0005681933835148,0.737693091694382,253,0,0.25,False,False,False,True,True,True,False
qwen3_4b,train,25986755,generation_2,16,6,0.0003106549265794,0.6120502082267194,224,0,0.375,False,False,False,False,True,True,False
qwen3_4b,train,25986755,generation_3,16,2,0.0060531911440193,0.8431662764924113,261,0,0.125,False,False,True,True,True,True,True
qwen3_4b,train,26027517,generation_1,31,20,0.0001789651432773,0.3819338943703182,204,0,0.6451612903225806,False,False,False,False,False,True,False
qwen3_4b,train,26027517,generation_2,31,13,0.0002031498006545,0.5766449998242728,343,0,0.41935483870967744,False,False,False,False,True,True,False
qwen3_4b,train,26027517,generation_3,31,19,0.000180766597623,0.36623009130210354,222,0,0.6129032258064516,False,False,False,False,False,True,False
qwen3_4b,train,26102294,generation_1,14,3,0.0002379243524046,0.7635051953142725,168,0,0.21428571428571427,False,False,False,True,True,True,False
qwen3_4b,train,26102294,generation_2,14,4,0.0002110753703163,0.7343462084650777,227,0,0.2857142857142857,False,False,False,True,True,True,False
qwen3_4b,train,26102294,generation_3,14,2,0.0002863234549295,0.8291640297019123,215,0,0.14285714285714285,False,False,True,True,True,True,True
qwen3_4b,train,26115410,generation_1,1,0,0.9763715267181396,0.9763715267181396,110,0,0.0,True,True,True,True,True,True,True
qwen3_4b,train,26115410,generation_2,1,0,0.9795469641685486,0.9795469641685486,114,0,0.0,True,True,True,True,True,True,True
qwen3_4b,train,26115410,generation_3,1,0,0.9766995906829834,0.9766995906829834,135,0,0.0,True,True,True,True,True,True,True
qwen3_4b,train,26270232,generation_1,25,3,0.0009014815441332,0.8621999211772345,198,0,0.12,False,False,True,True,True,True,False
qwen3_4b,train,26270232,generation_2,25,4,0.0001976166095118,0.8292854749719845,195,0,0.16,False,False,True,True,True,True,False
qwen3_4b,train,26270232,generation_3,25,10,0.0006741503602825,0.5794312482490205,211,0,0.4,False,False,False,False,True,True,False
qwen3_4b,train,26411452,generation_1,7,0,0.8526756763458252,0.9637179970741272,243,1,0.0,True,True,True,True,True,True,True
qwen3_4b,train,26411452,generation_2,7,1,0.4396534860134125,0.9061713857310159,219,1,0.14285714285714285,False,False,True,True,True,True,False
qwen3_4b,train,26411452,generation_3,7,0,0.8826629519462585,0.9708716954503741,191,1,0.0,True,True,True,True,True,True,True
qwen3_4b,train,26516699,generation_1,59,9,0.0001865703816292,0.826669133945824,174,0,0.15254237288135594,False,False,True,True,True,True,False
qwen3_4b,train,26516699,generation_2,59,4,0.0001836871670093,0.9291330796429174,189,0,0.06779661016949153,False,True,True,True,True,True,False
qwen3_4b,train,26516699,generation_3,59,7,0.0001870365231297,0.87847525879205,164,0,0.11864406779661017,False,False,True,True,True,True,False
qwen3_4b,train,26731607,generation_1,1,1,0.3318412005901336,0.3318412005901336,206,0,1.0,False,False,False,False,False,True,False
qwen3_4b,train,26731607,generation_2,1,1,0.0154008045792579,0.0154008045792579,169,0,1.0,False,False,False,False,False,True,False
qwen3_4b,train,26731607,generation_3,1,1,0.0605524405837059,0.0605524405837059,148,0,1.0,False,False,False,False,False,True,False
qwen3_4b,train,27014915,generation_1,21,2,0.0074229850433766,0.8421915912158078,267,2,0.09523809523809523,False,True,True,True,True,True,True
qwen3_4b,train,27014915,generation_2,21,7,0.0002003929839702,0.6789224422238822,267,2,0.3333333333333333,False,False,False,False,True,True,False
qwen3_4b,train,27014915,generation_3,21,4,0.0002960623532999,0.8182695916371553,306,2,0.19047619047619047,False,False,True,True,True,True,False
qwen3_4b,train,27084744,generation_1,30,5,0.0015645533567294,0.8345059656344044,289,0,0.16666666666666666,False,False,True,True,True,True,False
qwen3_4b,train,27084744,generation_2,30,8,0.0002233961422462,0.7388137198548066,298,0,0.26666666666666666,False,False,False,True,True,True,False
qwen3_4b,train,27084744,generation_3,30,5,0.0002125034370692,0.8196276570112483,297,0,0.16666666666666666,False,False,True,True,True,True,False
qwen3_4b,train,27134166,generation_1,14,7,0.0015867876354604,0.5076994882796758,234,0,0.5,False,False,False,False,True,True,False
qwen3_4b,train,27134166,generation_2,14,3,0.0030182634945958,0.7867814006915849,249,0,0.21428571428571427,False,False,False,True,True,True,False
qwen3_4b,train,27134166,generation_3,14,7,0.0002019628009293,0.49814574026926745,248,0,0.5,False,False,False,False,True,True,False
qwen3_4b,train,27172902,generation_1,17,7,0.0001873928267741,0.5991248624743415,278,1,0.4117647058823529,False,False,False,False,True,True,False
qwen3_4b,train,27172902,generation_2,17,6,0.0001949376310221,0.636016793015776,230,1,0.35294117647058826,False,False,False,False,True,True,False
qwen3_4b,train,27172902,generation_3,17,7,0.0001855862064985,0.614088564817554,230,1,0.4117647058823529,False,False,False,False,True,True,False
qwen3_4b,train,27184800,generation_1,5,0,0.7541595101356506,0.905988085269928,151,0,0.0,True,True,True,True,True,True,True
qwen3_4b,train,27184800,generation_2,5,0,0.8947805762290955,0.9559437155723571,160,0,0.0,True,True,True,True,True,True,True
qwen3_4b,train,27184800,generation_3,5,0,0.9611626863479614,0.9786314606666565,157,0,0.0,True,True,True,True,True,True,True
qwen3_4b,train,27248656,generation_1,37,14,0.0001882558426586,0.5875329361482039,194,0,0.3783783783783784,False,False,False,False,True,True,False
qwen3_4b,train,27248656,generation_2,37,13,0.000189931524801,0.6672770603594521,250,0,0.35135135135135137,False,False,False,False,True,True,False
qwen3_4b,train,27248656,generation_3,37,19,0.0001870211708592,0.5011161625942977,262,0,0.5135135135135135,False,False,False,False,False,True,False
qwen3_4b,train,27292643,generation_1,6,0,0.9270268082618712,0.9789063235123953,176,0,0.0,True,True,True,True,True,True,True
qwen3_4b,train,27292643,generation_2,6,0,0.7310096621513367,0.9476501941680908,148,0,0.0,True,True,True,True,True,True,True
qwen3_4b,train,27292643,generation_3,6,1,0.03334816172719,0.8222094010561705,194,0,0.16666666666666666,False,False,True,True,True,True,False
qwen3_4b,train,27630165,generation_1,14,3,0.0005401359521783,0.7539406586812609,185,0,0.21428571428571427,False,False,False,True,True,True,False
qwen3_4b,train,27630165,generation_2,14,5,0.0010037686442956,0.6676914852578193,184,0,0.35714285714285715,False,False,False,False,True,True,False
qwen3_4b,train,27630165,generation_3,14,1,0.0276970565319061,0.9068237734692437,176,0,0.07142857142857142,False,True,True,True,True,True,True
qwen3_4b,train,27640183,generation_1,6,0,0.983714520931244,0.9932205975055695,116,0,0.0,True,True,True,True,True,True,True
qwen3_4b,train,27640183,generation_2,6,1,0.1679021269083023,0.8462028329571089,168,0,0.16666666666666666,False,False,True,True,True,True,False
qwen3_4b,train,27640183,generation_3,6,0,0.6106593608856201,0.8583713968594869,189,0,0.0,True,True,True,True,True,True,True
qwen3_4b,train,27643404,generation_1,9,0,0.941578447818756,0.9802905254893832,242,0,0.0,True,True,True,True,True,True,True
qwen3_4b,train,27643404,generation_2,9,1,0.0262479614466428,0.8809637739840481,195,0,0.1111111111111111,False,False,True,True,True,True,True
qwen3_4b,train,27643404,generation_3,9,1,0.1727565079927444,0.8905990338987775,211,0,0.1111111111111111,False,False,True,True,True,True,True
qwen3_4b,train,27779699,generation_1,10,0,0.9541886448860168,0.9866595208644867,180,0,0.0,True,True,True,True,True,True,True
qwen3_4b,train,27779699,generation_2,10,0,0.7700742483139038,0.9640334486961365,190,0,0.0,True,True,True,True,True,True,True
qwen3_4b,train,27779699,generation_3,10,0,0.961836040019989,0.9875504016876221,166,0,0.0,True,True,True,True,True,True,True
qwen3_4b,train,27825100,generation_1,10,5,0.0099777467548847,0.5254922993481159,241,0,0.5,False,False,False,False,True,True,False
qwen3_4b,train,27825100,generation_2,10,3,0.0067588426172733,0.6749641064554452,264,0,0.3,False,False,False,True,True,True,False
qwen3_4b,train,27825100,generation_3,10,1,0.0235288366675376,0.8002361856400967,237,0,0.1,False,True,True,True,True,True,True
qwen3_4b,train,27860244,generation_1,19,7,0.0099758058786392,0.6366805117087144,270,0,0.3684210526315789,False,False,False,False,True,True,False
qwen3_4b,train,27860244,generation_2,19,6,0.0071837822906672,0.6676392107956896,223,0,0.3157894736842105,False,False,False,True,True,True,False
qwen3_4b,train,27860244,generation_3,19,8,0.0086018983274698,0.5761810122057796,201,0,0.42105263157894735,False,False,False,False,True,True,False
qwen3_4b,train,27930654,generation_1,7,0,0.9951987862586976,0.9962143812860761,168,2,0.0,True,True,True,True,True,True,True
qwen3_4b,train,27930654,generation_2,7,0,0.9947534799575806,0.9958130376679557,157,2,0.0,True,True,True,True,True,True,True
qwen3_4b,train,27930654,generation_3,7,0,0.9792390465736388,0.9935851437704903,177,2,0.0,True,True,True,True,True,True,True
qwen3_4b,train,27941998,generation_1,16,10,0.000302320724586,0.37867474787344685,157,0,0.625,False,False,False,False,False,True,False
qwen3_4b,train,27941998,generation_2,16,6,0.0006411814247258,0.5977091442218807,208,0,0.375,False,False,False,False,True,True,False
qwen3_4b,train,27941998,generation_3,16,10,0.0003142731438856,0.35485041958600044,181,0,0.625,False,False,False,False,False,True,False
qwen3_4b,train,27959382,generation_1,8,3,0.0002629493537824,0.5354407349623216,208,0,0.375,False,False,False,False,True,True,False
qwen3_4b,train,27959382,generation_2,8,3,0.0060619818978011,0.5597623991197906,178,0,0.375,False,False,False,False,True,True,False
qwen3_4b,train,27959382,generation_3,8,5,0.0055673769675195,0.40134909952757875,258,0,0.625,False,False,False,False,False,True,False
qwen3_4b,train,27974047,generation_1,24,3,0.0004107510321773,0.8742399956087562,231,0,0.125,False,False,True,True,True,True,False
qwen3_4b,train,27974047,generation_2,24,5,0.0004375245189294,0.7990624140560006,202,0,0.20833333333333334,False,False,False,True,True,True,False
qwen3_4b,train,27974047,generation_3,24,4,0.0017415704205632,0.8270822987348462,224,0,0.16666666666666666,False,False,True,True,True,True,False
qwen3_4b,train,27999109,generation_1,10,3,0.0006987245869822,0.6892037186597009,217,0,0.3,False,False,False,True,True,True,False
qwen3_4b,train,27999109,generation_2,10,3,0.0002822761598508,0.6966926182300085,267,0,0.3,False,False,False,True,True,True,False
qwen3_4b,train,27999109,generation_3,10,3,0.0029342302586883,0.735915389447473,212,0,0.3,False,False,False,True,True,True,False
qwen3_4b,train,28075473,generation_1,13,5,0.0003153936122544,0.626340214731709,184,0,0.38461538461538464,False,False,False,False,True,True,False
qwen3_4b,train,28075473,generation_2,13,3,0.0003266502753831,0.7410470634886923,200,0,0.23076923076923078,False,False,False,True,True,True,False
qwen3_4b,train,28075473,generation_3,13,2,0.0002900953113567,0.8080803591090864,251,0,0.15384615384615385,False,False,True,True,True,True,True
qwen3_4b,train,28098423,generation_1,10,2,0.0261261463165283,0.808586573600769,200,1,0.2,False,False,True,True,True,True,False
qwen3_4b,train,28098423,generation_2,10,2,0.1618129611015319,0.8201763987541199,174,1,0.2,False,False,True,True,True,True,False
qwen3_4b,train,28098423,generation_3,10,2,0.2976355254650116,0.8081196755170822,221,1,0.2,False,False,True,True,True,True,False
qwen3_4b,train,28101574,generation_1,7,3,0.000310790608637,0.6240830109288383,159,0,0.42857142857142855,False,False,False,False,True,True,False
qwen3_4b,train,28101574,generation_2,7,3,0.0001887116231955,0.6572289790908273,216,0,0.42857142857142855,False,False,False,False,True,True,False
qwen3_4b,train,28101574,generation_3,7,4,0.0001845931401476,0.5504543365012589,144,0,0.5714285714285714,False,False,False,False,False,True,False
qwen3_4b,train,28148288,generation_1,9,2,0.0031869250815361,0.7080636685455425,167,0,0.2222222222222222,False,False,False,True,True,True,False
qwen3_4b,train,28148288,generation_2,9,3,0.0035230114590376,0.6195398009020008,180,0,0.3333333333333333,False,False,False,False,True,True,False
qwen3_4b,train,28148288,generation_3,9,2,0.004559839144349,0.7299850831429163,224,0,0.2222222222222222,False,False,False,True,True,True,False
qwen3_4b,train,28151486,generation_1,8,4,0.0096187414601445,0.5601583985844627,195,0,0.5,False,False,False,False,True,True,False
qwen3_4b,train,28151486,generation_2,8,3,0.0005542474100366,0.5817079970875056,189,0,0.375,False,False,False,False,True,True,False
qwen3_4b,train,28151486,generation_3,8,3,0.000520511821378,0.6180263615460717,209,0,0.375,False,False,False,False,True,True,False
qwen3_4b,train,28204828,generation_1,16,5,0.0003520569589454,0.6421805593945464,190,0,0.3125,False,False,False,True,True,True,False
qwen3_4b,train,28204828,generation_2,16,5,0.0002776918699964,0.6863648019534594,257,0,0.3125,False,False,False,True,True,True,False
qwen3_4b,train,28204828,generation_3,16,5,0.0023601849097758,0.6552836298506008,226,0,0.3125,False,False,False,True,True,True,False
qwen3_4b,train,28260056,generation_1,16,4,0.0012233478482812,0.7207515400223201,220,0,0.25,False,False,False,True,True,True,False
qwen3_4b,train,28260056,generation_2,16,4,0.0181447938084602,0.7145452051190659,174,0,0.25,False,False,False,True,True,True,False
qwen3_4b,train,28260056,generation_3,16,8,0.0006338128005154,0.47500803454386187,193,0,0.5,False,False,False,False,True,True,False
qwen3_4b,train,28260077,generation_1,16,5,0.0004318440915085,0.6808897186019749,208,0,0.3125,False,False,False,True,True,True,False
qwen3_4b,train,28260077,generation_2,16,5,0.0005345919635146,0.6677116099017439,192,0,0.3125,False,False,False,True,True,True,False
qwen3_4b,train,28260077,generation_3,16,6,0.0005609395448118,0.6252913159114541,191,0,0.375,False,False,False,False,True,True,False
qwen3_4b,train,28260110,generation_1,20,6,0.0002255814615637,0.7392376107512973,236,1,0.3,False,False,False,True,True,True,False
qwen3_4b,train,28260110,generation_2,20,6,0.0002464914578013,0.6774864464256097,184,1,0.3,False,False,False,True,True,True,False
qwen3_4b,train,28260110,generation_3,20,8,0.0001819837634684,0.6387961672116944,247,1,0.4,False,False,False,False,True,True,False
qwen3_4b,train,28279980,generation_1,17,5,0.0235936641693115,0.6894107960602817,221,0,0.29411764705882354,False,False,False,True,True,True,False
qwen3_4b,train,28279980,generation_2,17,5,0.013570362702012,0.6991149049033137,254,0,0.29411764705882354,False,False,False,True,True,True,False
qwen3_4b,train,28279980,generation_3,17,5,0.0301995147019624,0.7194456945666495,219,0,0.29411764705882354,False,False,False,True,True,True,False
qwen3_4b,train,28346429,generation_1,7,3,0.0007280122954398,0.5925885908904353,180,1,0.42857142857142855,False,False,False,False,True,True,False
qwen3_4b,train,28346429,generation_2,7,5,0.0002072236966341,0.31603591817214954,184,1,0.7142857142857143,False,False,False,False,False,True,False
qwen3_4b,train,28346429,generation_3,7,4,0.0002085774031002,0.4220891579295442,192,1,0.5714285714285714,False,False,False,False,False,True,False
qwen3_4b,train,28348168,generation_1,3,0,0.9835431575775146,0.9919504721959432,124,0,0.0,True,True,True,True,True,True,True
qwen3_4b,train,28348168,generation_2,3,0,0.5229103565216064,0.8378130793571472,148,0,0.0,True,True,True,True,True,True,True
qwen3_4b,train,28348168,generation_3,3,0,0.9908644556999208,0.9936517675717672,167,0,0.0,True,True,True,True,True,True,True
qwen3_4b,train,28368423,generation_1,18,5,0.0001815586147131,0.6894953646874961,245,0,0.2777777777777778,False,False,False,True,True,True,False
qwen3_4b,train,28368423,generation_2,18,6,0.0005485712317749,0.6461116345502281,269,0,0.3333333333333333,False,False,False,False,True,True,False
qwen3_4b,train,28368423,generation_3,18,12,0.000202263428946,0.3518085772326837,200,0,0.6666666666666666,False,False,False,False,False,True,False
qwen3_4b,train,28368537,generation_1,7,1,0.0169229228049516,0.8536733434136424,198,1,0.14285714285714285,False,False,True,True,True,True,False
qwen3_4b,train,28368537,generation_2,7,1,0.2281444817781448,0.857204115816525,188,1,0.14285714285714285,False,False,True,True,True,True,False
qwen3_4b,train,28368537,generation_3,7,0,0.5183046460151672,0.9273356795310974,185,1,0.0,True,True,True,True,True,True,True
qwen3_4b,train,28398555,generation_1,10,2,0.0210350975394248,0.7642528586089611,259,1,0.2,False,False,True,True,True,True,False
qwen3_4b,train,28398555,generation_2,10,3,0.0031908189412206,0.7119059512158856,165,1,0.3,False,False,False,True,True,True,False
qwen3_4b,train,28398555,generation_3,10,2,0.0467624627053737,0.7900397222489118,215,1,0.2,False,False,True,True,True,True,False
qwen3_4b,train,28411266,generation_1,10,4,0.0282200705260038,0.6059936942532659,187,0,0.4,False,False,False,False,True,True,False
qwen3_4b,train,28411266,generation_2,10,3,0.0680864602327346,0.681399580836296,202,0,0.3,False,False,False,True,True,True,False
qwen3_4b,train,28411266,generation_3,10,6,0.0230716206133365,0.4982663821429014,164,0,0.6,False,False,False,False,False,True,False
qwen3_4b,train,28416580,generation_1,16,1,0.0481652058660984,0.8914601209107786,240,0,0.0625,False,True,True,True,True,True,True
qwen3_4b,train,28416580,generation_2,16,1,0.066103808581829,0.8795059467665851,255,0,0.0625,False,True,True,True,True,True,True
qwen3_4b,train,28416580,generation_3,16,4,0.0095087867230176,0.745146272238344,256,0,0.25,False,False,False,True,True,True,False
qwen3_4b,train,28428256,generation_1,17,6,0.0002420428354525,0.6483378972325762,171,1,0.35294117647058826,False,False,False,False,True,True,False
qwen3_4b,train,28428256,generation_2,17,9,0.0001785324129741,0.46324510067728725,175,1,0.5294117647058824,False,False,False,False,False,True,False
qwen3_4b,train,28428256,generation_3,17,6,0.0002366787957726,0.6437259706307326,252,1,0.35294117647058826,False,False,False,False,True,True,False
qwen3_4b,train,28468941,generation_1,25,20,0.0002033495984505,0.1972081071475986,242,0,0.8,False,False,False,False,False,True,False
qwen3_4b,train,28468941,generation_2,25,17,0.0002035513462033,0.3175883450056426,254,0,0.68,False,False,False,False,False,True,False
qwen3_4b,train,28468941,generation_3,25,19,0.000201796501642,0.23550745725457087,206,0,0.76,False,False,False,False,False,True,False
qwen3_4b,train,28472177,generation_1,36,6,0.0002061732520814,0.8378354258590358,194,0,0.16666666666666666,False,False,True,True,True,True,False
qwen3_4b,train,28472177,generation_2,36,5,0.0001972884638234,0.8551621302018854,186,0,0.1388888888888889,False,False,True,True,True,True,False
qwen3_4b,train,28472177,generation_3,36,5,0.0001989344891626,0.8560168562030918,202,0,0.1388888888888889,False,False,True,True,True,True,False
qwen3_4b,train,28487437,generation_1,13,6,0.0004136235511396,0.5417674296253469,264,0,0.46153846153846156,False,False,False,False,True,True,False
qwen3_4b,train,28487437,generation_2,13,5,0.000332420138875,0.6129498962030854,277,0,0.38461538461538464,False,False,False,False,True,True,False
qwen3_4b,train,28487437,generation_3,13,6,0.0002898124803323,0.5359492527271729,190,0,0.46153846153846156,False,False,False,False,True,True,False
qwen3_4b,train,28512644,generation_1,27,11,0.0002281472698086,0.5894999600277515,175,0,0.4074074074074074,False,False,False,False,True,True,False
qwen3_4b,train,28512644,generation_2,27,10,0.0002519226109143,0.6281552789894502,257,0,0.37037037037037035,False,False,False,False,True,True,False
qwen3_4b,train,28512644,generation_3,27,10,0.0002364307001698,0.6262316409319518,180,0,0.37037037037037035,False,False,False,False,True,True,False
qwen3_4b,train,28584052,generation_1,5,1,0.3410868942737579,0.8645694196224213,165,0,0.2,False,False,True,True,True,True,False
qwen3_4b,train,28584052,generation_2,5,1,0.0386995486915111,0.8038681112229824,164,0,0.2,False,False,True,True,True,True,False
qwen3_4b,train,28584052,generation_3,5,0,0.9880727529525756,0.9934560656547546,184,0,0.0,True,True,True,True,True,True,True
qwen3_4b,train,28604678,generation_1,10,10,0.0003389718476682,0.00221200967498586,175,0,1.0,False,False,False,False,False,True,False
qwen3_4b,train,28604678,generation_2,10,9,0.0005638115690089,0.12234443312045182,125,0,0.9,False,False,False,False,False,True,False
qwen3_4b,train,28604678,generation_3,10,8,0.0004888898693025,0.19521432491019364,127,0,0.8,False,False,False,False,False,True,False
qwen3_4b,train,28650467,generation_1,13,4,0.0003111413388978,0.6987640687170474,233,1,0.3076923076923077,False,False,False,True,True,True,False
qwen3_4b,train,28650467,generation_2,13,3,0.0019588824361562,0.7845216990950016,244,1,0.23076923076923078,False,False,False,True,True,True,False
qwen3_4b,train,28650467,generation_3,13,3,0.0008589676581323,0.6981113717461435,238,1,0.23076923076923078,False,False,False,True,True,True,False
qwen3_4b,train,28660748,generation_1,14,2,0.0187744628638029,0.8245667483923691,254,0,0.14285714285714285,False,False,True,True,True,True,True
qwen3_4b,train,28660748,generation_2,14,3,0.0119914030656218,0.7607833641315145,209,0,0.21428571428571427,False,False,False,True,True,True,False
qwen3_4b,train,28660748,generation_3,14,3,0.1164474859833717,0.7904197706707886,215,0,0.21428571428571427,False,False,False,True,True,True,False
qwen3_4b,train,28687665,generation_1,3,0,0.9918599724769592,0.992977519830068,143,0,0.0,True,True,True,True,True,True,True
qwen3_4b,train,28687665,generation_2,3,0,0.9941774606704712,0.9945203065872192,169,0,0.0,True,True,True,True,True,True,True
qwen3_4b,train,28687665,generation_3,3,0,0.993850827217102,0.9943903883298238,143,0,0.0,True,True,True,True,True,True,True
qwen3_4b,train,28747658,generation_1,27,3,0.0002122622536262,0.8975634253017941,167,0,0.1111111111111111,False,False,True,True,True,True,False
qwen3_4b,train,28747658,generation_2,27,1,0.0002027420850936,0.9600333603394339,200,0,0.037037037037037035,False,True,True,True,True,True,True
qwen3_4b,train,28747658,generation_3,27,1,0.0002116521354764,0.9575873148299892,163,0,0.037037037037037035,False,True,True,True,True,True,True
qwen3_4b,train,28777492,generation_1,11,1,0.0182214584201574,0.8628511339087378,249,1,0.09090909090909091,False,True,True,True,True,True,True
qwen3_4b,train,28777492,generation_2,11,2,0.0001905591634567,0.8032112571447876,191,1,0.18181818181818182,False,False,True,True,True,True,False
qwen3_4b,train,28777492,generation_3,11,1,0.0064001423306763,0.8928009139966558,209,1,0.09090909090909091,False,True,True,True,True,True,True
qwen3_4b,train,28851297,generation_1,16,3,0.0011387304402887,0.779174837138271,236,0,0.1875,False,False,True,True,True,True,False
qwen3_4b,train,28851297,generation_2,16,4,0.0058901668526232,0.803336556913564,155,0,0.25,False,False,False,True,True,True,False
qwen3_4b,train,28851297,generation_3,16,3,0.0074836090207099,0.785803962033242,214,0,0.1875,False,False,True,True,True,True,False
qwen3_4b,train,28883039,generation_1,10,1,0.3604588210582733,0.9132529526948929,235,3,0.1,False,True,True,True,True,True,True
qwen3_4b,train,28883039,generation_2,10,2,0.0107713397592306,0.7690426306799054,172,3,0.2,False,False,True,True,True,True,False
qwen3_4b,train,28883039,generation_3,10,2,0.0420075356960296,0.8049685060977936,174,3,0.2,False,False,True,True,True,True,False
qwen3_4b,train,29045486,generation_1,25,6,0.0040493197739124,0.7486389709822834,197,0,0.24,False,False,False,True,True,True,False
qwen3_4b,train,29045486,generation_2,25,6,0.0043837805278599,0.7216957390867174,174,0,0.24,False,False,False,True,True,True,False
qwen3_4b,train,29045486,generation_3,25,9,0.0005550181958824,0.6515400810330175,200,0,0.36,False,False,False,False,True,True,False
qwen3_4b,train,29222418,generation_1,11,9,0.0002346350520383,0.1801943468533202,218,0,0.8181818181818182,False,False,False,False,False,True,False
qwen3_4b,train,29222418,generation_2,11,7,0.000193792337086,0.32875430411579804,264,0,0.6363636363636364,False,False,False,False,False,True,False
qwen3_4b,train,29222418,generation_3,11,7,0.0001913380838232,0.38688994675943494,183,0,0.6363636363636364,False,False,False,False,False,True,False
qwen3_4b,train,30442153,generation_1,38,14,0.0002284807560499,0.6253013437526533,229,0,0.3684210526315789,False,False,False,False,True,True,False
qwen3_4b,train,30442153,generation_2,38,20,0.000205458360142,0.46951441126063737,221,0,0.5263157894736842,False,False,False,False,False,True,False
qwen3_4b,train,30442153,generation_3,38,14,0.000194622480194,0.6086292603703394,209,0,0.3684210526315789,False,False,False,False,True,True,False
qwen3_4b,train,30836660,generation_1,51,33,0.0001822974008973,0.34744678567507187,271,0,0.6470588235294118,False,False,False,False,False,True,False
qwen3_4b,train,30836660,generation_2,51,47,0.0001842382916947,0.07763679947289771,183,0,0.9215686274509803,False,False,False,False,False,True,False
qwen3_4b,train,30836660,generation_3,51,46,0.0001801233011065,0.09319200613804149,180,0,0.9019607843137255,False,False,False,False,False,True,False
qwen3_4b,train,7018927,generation_1,4,0,0.9091127514839172,0.9578382372856139,169,0,0.0,True,True,True,True,True,True,True
qwen3_4b,train,7018927,generation_2,4,1,0.2150462120771408,0.791559275239706,113,0,0.25,False,False,False,True,True,True,False
qwen3_4b,train,7018927,generation_3,4,0,0.973019242286682,0.9828245490789413,143,0,0.0,True,True,True,True,True,True,True
qwen3_4b,train,7468724,generation_1,5,4,0.0006034588441252,0.15885096397250886,270,0,0.8,False,False,False,False,False,True,False
qwen3_4b,train,7468724,generation_2,5,2,0.0097373453900218,0.49283509608358145,176,0,0.4,False,False,False,False,True,True,False
qwen3_4b,train,7468724,generation_3,5,3,0.0137418815866112,0.3956768820062279,173,0,0.6,False,False,False,False,False,True,False
qwen3_4b,train,7668252,generation_1,4,3,0.0062989746220409,0.2927741027669981,163,0,0.75,False,False,False,False,False,True,False
qwen3_4b,train,7668252,generation_2,4,2,0.0116867516189813,0.5082017467357218,157,0,0.5,False,False,False,False,True,True,False
qwen3_4b,train,7668252,generation_3,4,2,0.0111531186848878,0.4921279060654341,148,0,0.5,False,False,False,False,True,True,False
qwen3_4b,train,7905839,generation_1,6,0,0.9842678904533386,0.9925423264503479,153,0,0.0,True,True,True,True,True,True,True
qwen3_4b,train,7905839,generation_2,6,0,0.9875264763832092,0.9939110477765402,161,0,0.0,True,True,True,True,True,True,True
qwen3_4b,train,7905839,generation_3,6,0,0.9789446592330932,0.9875928262869517,175,0,0.0,True,True,True,True,True,True,True
qwen3_4b,train,8002973,generation_1,1,0,0.9977235198020936,0.9977235198020936,172,0,0.0,True,True,True,True,True,True,True
qwen3_4b,train,8002973,generation_2,1,0,0.997546374797821,0.997546374797821,175,0,0.0,True,True,True,True,True,True,True
qwen3_4b,train,8002973,generation_3,1,0,0.9976254105567932,0.9976254105567932,160,0,0.0,True,True,True,True,True,True,True
qwen3_4b,train,8755918,generation_1,2,0,0.9960898160934448,0.9964059293270111,152,0,0.0,True,True,True,True,True,True,True
qwen3_4b,train,8755918,generation_2,2,0,0.995422065258026,0.9956412315368652,124,0,0.0,True,True,True,True,True,True,True
qwen3_4b,train,8755918,generation_3,2,0,0.9947208166122437,0.9950183629989624,164,0,0.0,True,True,True,True,True,True,True
qwen3_4b,train,9294109,generation_1,2,1,0.057793378829956,0.5275436341762542,168,0,0.5,False,False,False,False,True,True,False
qwen3_4b,train,9294109,generation_2,2,1,0.0504074804484844,0.5240583773702383,136,0,0.5,False,False,False,False,True,True,False
qwen3_4b,train,9294109,generation_3,2,1,0.0228514000773429,0.51026576384902,159,0,0.5,False,False,False,False,True,True,False
qwen3_4b,train,9647766,generation_1,6,0,0.9673944115638732,0.9873367746671041,240,3,0.0,True,True,True,True,True,True,True
qwen3_4b,train,9647766,generation_2,6,1,0.4063456952571869,0.8383376648028692,259,3,0.16666666666666666,False,False,True,True,True,True,False
qwen3_4b,train,9647766,generation_3,6,1,0.4849018156528473,0.890596960981687,198,3,0.16666666666666666,False,False,True,True,True,True,False
qwen3_4b,train,9746003,generation_1,6,2,0.0117492182180285,0.6683114895907541,182,4,0.3333333333333333,False,False,False,False,True,True,False
qwen3_4b,train,9746003,generation_2,6,3,0.0212106201797723,0.5080503427113096,199,4,0.5,False,False,False,False,True,True,False
qwen3_4b,train,9746003,generation_3,6,2,0.0066603198647499,0.644692715567847,193,4,0.3333333333333333,False,False,False,False,True,True,False
qwen3_8b,dev,14510914,generation_1,7,3,0.0018476484110578,0.5649794118445632,339,0,0.42857142857142855,False,False,False,False,True,True,False
qwen3_8b,dev,14510914,generation_2,7,3,0.0055213519372045,0.5883464861794242,231,0,0.42857142857142855,False,False,False,False,True,True,False
qwen3_8b,dev,14510914,generation_3,7,3,0.0022817945573478,0.5280545713446502,262,0,0.42857142857142855,False,False,False,False,True,True,False
qwen3_8b,dev,15018851,generation_1,7,3,0.0056506367400288,0.5613446032096233,147,0,0.42857142857142855,False,False,False,False,True,True,False
qwen3_8b,dev,15018851,generation_2,7,3,0.0058280741795897,0.5620508547207074,230,0,0.42857142857142855,False,False,False,False,True,True,False
qwen3_8b,dev,15018851,generation_3,7,3,0.0045114862732589,0.5455449562785881,194,0,0.42857142857142855,False,False,False,False,True,True,False
qwen3_8b,dev,15041272,generation_1,8,3,0.000518339278642,0.5352922140154986,210,0,0.375,False,False,False,False,True,True,False
qwen3_8b,dev,15041272,generation_2,8,5,0.0002822347159963,0.3466708057203505,210,0,0.625,False,False,False,False,False,True,False
qwen3_8b,dev,15041272,generation_3,8,4,0.0002951135393232,0.40075364562653704,206,0,0.5,False,False,False,False,True,True,False
qwen3_8b,dev,15069170,generation_1,6,1,0.0033025196753442,0.8134547381196171,150,0,0.16666666666666666,False,False,True,True,True,True,False
qwen3_8b,dev,15069170,generation_2,6,1,0.0013655176153406,0.8040596304732995,219,0,0.16666666666666666,False,False,True,True,True,True,False
qwen3_8b,dev,15069170,generation_3,6,1,0.0019370928639546,0.8055533868609928,141,0,0.16666666666666666,False,False,True,True,True,True,False
qwen3_8b,dev,15086325,generation_1,1,0,0.9961349964141846,0.9961349964141846,172,0,0.0,True,True,True,True,True,True,True
qwen3_8b,dev,15086325,generation_2,1,0,0.9959900975227356,0.9959900975227356,161,0,0.0,True,True,True,True,True,True,True
qwen3_8b,dev,15086325,generation_3,1,0,0.9956753849983216,0.9956753849983216,175,0,0.0,True,True,True,True,True,True,True
qwen3_8b,dev,15096016,generation_1,1,0,0.980539083480835,0.980539083480835,160,0,0.0,True,True,True,True,True,True,True
qwen3_8b,dev,15096016,generation_2,1,0,0.9811754822731018,0.9811754822731018,193,0,0.0,True,True,True,True,True,True,True
qwen3_8b,dev,15096016,generation_3,1,0,0.981713891029358,0.981713891029358,217,0,0.0,True,True,True,True,True,True,True
qwen3_8b,dev,15579441,generation_1,5,2,0.0731021240353584,0.6876934066414833,133,0,0.4,False,False,False,False,True,True,False
qwen3_8b,dev,15579441,generation_2,5,1,0.066952608525753,0.8034992977976799,152,0,0.2,False,False,True,True,True,True,False
qwen3_8b,dev,15579441,generation_3,5,2,0.0076465802267193,0.5966702861711382,214,0,0.4,False,False,False,False,True,True,False
qwen3_8b,dev,15754732,generation_1,9,1,0.003948874771595,0.8574263527989388,234,0,0.1111111111111111,False,False,True,True,True,True,True
qwen3_8b,dev,15754732,generation_2,9,1,0.010121339932084,0.8839579483287202,230,0,0.1111111111111111,False,False,True,True,True,True,True
qwen3_8b,dev,15754732,generation_3,9,1,0.000248215656029,0.883799641448099,207,0,0.1111111111111111,False,False,True,True,True,True,True
qwen3_8b,dev,15867855,generation_1,4,0,0.9782729148864746,0.9885765463113785,315,0,0.0,True,True,True,True,True,True,True
qwen3_8b,dev,15867855,generation_2,4,0,0.825480580329895,0.950462132692337,171,0,0.0,True,True,True,True,True,True,True
qwen3_8b,dev,15867855,generation_3,4,0,0.971608579158783,0.9876449555158615,256,0,0.0,True,True,True,True,True,True,True
qwen3_8b,dev,15951966,generation_1,2,0,0.992817997932434,0.9928666353225708,209,0,0.0,True,True,True,True,True,True,True
qwen3_8b,dev,15951966,generation_2,2,0,0.9925671815872192,0.9926698505878448,167,0,0.0,True,True,True,True,True,True,True
qwen3_8b,dev,15951966,generation_3,2,0,0.9926607608795166,0.992696613073349,178,0,0.0,True,True,True,True,True,True,True
qwen3_8b,dev,15991002,generation_1,4,1,0.4321370422840118,0.8412180915474892,133,0,0.25,False,False,False,True,True,True,False
qwen3_8b,dev,15991002,generation_2,4,0,0.6647082567214966,0.8970652371644974,137,0,0.0,True,True,True,True,True,True,True
qwen3_8b,dev,15991002,generation_3,4,0,0.9317080974578856,0.9608816653490067,148,0,0.0,True,True,True,True,True,True,True
qwen3_8b,dev,16000134,generation_1,5,2,0.0916182696819305,0.6051988318562508,316,0,0.4,False,False,False,False,True,True,False
qwen3_8b,dev,16000134,generation_2,5,2,0.0383734442293643,0.662157417088747,198,0,0.4,False,False,False,False,True,True,False
qwen3_8b,dev,16000134,generation_3,5,2,0.0341891013085842,0.6371610008180142,254,0,0.4,False,False,False,False,True,True,False
qwen3_8b,dev,16018252,generation_1,1,0,0.9965134263038636,0.9965134263038636,232,0,0.0,True,True,True,True,True,True,True
qwen3_8b,dev,16018252,generation_2,1,0,0.9976915121078492,0.9976915121078492,268,0,0.0,True,True,True,True,True,True,True
qwen3_8b,dev,16018252,generation_3,1,0,0.996917486190796,0.996917486190796,230,0,0.0,True,True,True,True,True,True,True
qwen3_8b,dev,16051693,generation_1,5,2,0.0008209906518459,0.5864049658179283,157,0,0.4,False,False,False,False,True,True,False
qwen3_8b,dev,16051693,generation_2,5,3,0.0008230813546106,0.40973906887229533,149,0,0.6,False,False,False,False,False,True,False
qwen3_8b,dev,16051693,generation_3,5,3,0.0004154339840169,0.39849036957020867,178,0,0.6,False,False,False,False,False,True,False
qwen3_8b,dev,16152606,generation_1,4,0,0.989531397819519,0.9910016357898712,140,0,0.0,True,True,True,True,True,True,True
qwen3_8b,dev,16152606,generation_2,4,0,0.9895780682563782,0.9907578825950623,144,0,0.0,True,True,True,True,True,True,True
qwen3_8b,dev,16152606,generation_3,4,0,0.9881330132484436,0.9895789176225662,161,0,0.0,True,True,True,True,True,True,True
qwen3_8b,dev,16181814,generation_1,3,1,0.0081019829958677,0.6327463133881489,174,0,0.3333333333333333,False,False,False,False,True,True,False
qwen3_8b,dev,16181814,generation_2,3,1,0.0219016317278146,0.6647420407583317,170,0,0.3333333333333333,False,False,False,False,True,True,False
qwen3_8b,dev,16181814,generation_3,3,1,0.1028061583638191,0.6955224499106407,196,0,0.3333333333333333,False,False,False,False,True,True,False
qwen3_8b,dev,16225977,generation_1,8,0,0.9107068181037904,0.9586610794067383,195,1,0.0,True,True,True,True,True,True,True
qwen3_8b,dev,16225977,generation_2,8,1,0.0501177720725536,0.8548308513127267,220,1,0.125,False,False,True,True,True,True,False
qwen3_8b,dev,16225977,generation_3,8,1,0.4449647068977356,0.9071471244096756,206,1,0.125,False,False,True,True,True,True,False
qwen3_8b,dev,16277682,generation_1,4,1,0.0053271069191396,0.7464481446659192,159,0,0.25,False,False,False,True,True,True,False
qwen3_8b,dev,16277682,generation_2,4,1,0.0242080725729465,0.7498844573274255,151,0,0.25,False,False,False,True,True,True,False
qwen3_8b,dev,16277682,generation_3,4,1,0.0119617972522974,0.7490437128581107,184,0,0.25,False,False,False,True,True,True,False
qwen3_8b,dev,16419642,generation_1,4,1,0.0057773068547248,0.7445240784436464,208,0,0.25,False,False,False,True,True,True,False
qwen3_8b,dev,16419642,generation_2,4,1,0.0190077163279056,0.7277173334732652,162,0,0.25,False,False,False,True,True,True,False
qwen3_8b,dev,16419642,generation_3,4,2,0.0087436186149716,0.5526225429493933,171,0,0.5,False,False,False,False,True,True,False
qwen3_8b,dev,16565833,generation_1,9,2,0.031081324443221,0.8117206533335977,187,0,0.2222222222222222,False,False,False,True,True,True,False
qwen3_8b,dev,16565833,generation_2,9,1,0.001066121389158,0.8573154379846527,264,0,0.1111111111111111,False,False,True,True,True,True,True
qwen3_8b,dev,16565833,generation_3,9,2,0.000898121157661,0.7369401767694702,246,0,0.2222222222222222,False,False,False,True,True,True,False
qwen3_8b,dev,16611040,generation_1,1,0,0.9944968819618224,0.9944968819618224,220,0,0.0,True,True,True,True,True,True,True
qwen3_8b,dev,16611040,generation_2,1,0,0.995305836200714,0.995305836200714,239,0,0.0,True,True,True,True,True,True,True
qwen3_8b,dev,16611040,generation_3,1,0,0.995271623134613,0.995271623134613,170,0,0.0,True,True,True,True,True,True,True
qwen3_8b,dev,16680561,generation_1,5,1,0.0067736348137259,0.7847507087513804,159,1,0.2,False,False,True,True,True,True,False
qwen3_8b,dev,16680561,generation_2,5,1,0.0051361159421503,0.7873551574535667,207,1,0.2,False,False,True,True,True,True,False
qwen3_8b,dev,16680561,generation_3,5,1,0.0938595905900001,0.8053543642163277,158,1,0.2,False,False,True,True,True,True,False
qwen3_8b,dev,1671881,generation_1,6,3,0.0005170900840312,0.524002902326174,224,0,0.5,False,False,False,False,True,True,False
qwen3_8b,dev,1671881,generation_2,6,3,0.0005017687217332,0.4867287057859357,213,0,0.5,False,False,False,False,True,True,False
qwen3_8b,dev,1671881,generation_3,6,1,0.0005247248918749,0.8081376495247241,165,0,0.16666666666666666,False,False,True,True,True,True,False
qwen3_8b,dev,16838170,generation_1,14,8,0.0032583542633801,0.42787583383531974,235,0,0.5714285714285714,False,False,False,False,False,True,False
qwen3_8b,dev,16838170,generation_2,14,9,0.0017002028180286,0.383284933923278,242,0,0.6428571428571429,False,False,False,False,False,True,False
qwen3_8b,dev,16838170,generation_3,14,11,0.0065624178387224,0.2969887588239674,200,0,0.7857142857142857,False,False,False,False,False,True,False
qwen3_8b,dev,16867021,generation_1,12,6,0.0049357949756085,0.5265166612807661,223,0,0.5,False,False,False,False,True,True,False
qwen3_8b,dev,16867021,generation_2,12,4,0.0050137182697653,0.6549819758317122,267,0,0.3333333333333333,False,False,False,False,True,True,False
qwen3_8b,dev,16867021,generation_3,12,3,0.0065171094611287,0.75403629654708,280,0,0.25,False,False,False,True,True,True,False
qwen3_8b,dev,16867246,generation_1,6,3,0.0076960842125117,0.5073045230625818,162,0,0.5,False,False,False,False,True,True,False
qwen3_8b,dev,16867246,generation_2,6,3,0.0095387706533074,0.5432828206879398,197,0,0.5,False,False,False,False,True,True,False
qwen3_8b,dev,16867246,generation_3,6,2,0.0724341124296188,0.7019314393401146,189,0,0.3333333333333333,False,False,False,False,True,True,False
qwen3_8b,dev,17033974,generation_1,6,1,0.2884967923164367,0.8277344803015391,185,0,0.16666666666666666,False,False,True,True,True,True,False
qwen3_8b,dev,17033974,generation_2,6,0,0.8238266110420227,0.9285351832707723,209,0,0.0,True,True,True,True,True,True,True
qwen3_8b,dev,17033974,generation_3,6,1,0.0169900860637426,0.8207502995307246,220,0,0.16666666666666666,False,False,True,True,True,True,False
qwen3_8b,dev,17042884,generation_1,5,3,0.0047262175939977,0.4053654379211366,147,0,0.6,False,False,False,False,False,True,False
qwen3_8b,dev,17042884,generation_2,5,0,0.8504478931427002,0.9538165688514709,128,0,0.0,True,True,True,True,True,True,True
qwen3_8b,dev,17042884,generation_3,5,1,0.003410235280171,0.7666844398248941,213,0,0.2,False,False,True,True,True,True,False
qwen3_8b,dev,17151160,generation_1,8,6,0.0161418337374925,0.2988050754647702,272,1,0.75,False,False,False,False,False,True,False
qwen3_8b,dev,17151160,generation_2,8,7,0.0024078269489109,0.19967422523768613,196,1,0.875,False,False,False,False,False,True,False
qwen3_8b,dev,17151160,generation_3,8,5,0.0083266478031873,0.36626600928138936,216,1,0.625,False,False,False,False,False,True,False
qwen3_8b,dev,17255138,generation_1,18,16,0.0002144717873306,0.11198360468147757,244,3,0.8888888888888888,False,False,False,False,False,True,False
qwen3_8b,dev,17255138,generation_2,18,16,0.0002467966696713,0.11261512178720695,311,3,0.8888888888888888,False,False,False,False,False,True,False
qwen3_8b,dev,17255138,generation_3,18,16,0.0003239641955588,0.1144111746543785,248,3,0.8888888888888888,False,False,False,False,False,True,False
qwen3_8b,dev,17297207,generation_1,8,7,0.0061062290333211,0.15453003387665373,172,0,0.875,False,False,False,False,False,True,False
qwen3_8b,dev,17297207,generation_2,8,7,0.0041383504867553,0.13335896370699624,197,0,0.875,False,False,False,False,False,True,False
qwen3_8b,dev,17297207,generation_3,8,7,0.0023421072401106,0.12982640051632185,170,0,0.875,False,False,False,False,False,True,False
qwen3_8b,dev,17345627,generation_1,16,8,0.0001903852098621,0.49830484496123967,235,0,0.5,False,False,False,False,True,True,False
qwen3_8b,dev,17345627,generation_2,16,8,0.0001873870933195,0.4981003641860297,200,0,0.5,False,False,False,False,True,True,False
qwen3_8b,dev,17345627,generation_3,16,8,0.0001909017883008,0.5046582261811636,235,0,0.5,False,False,False,False,True,True,False
qwen3_8b,dev,17384765,generation_1,9,6,0.0004121791862417,0.34968231520421494,268,0,0.6666666666666666,False,False,False,False,False,True,False
qwen3_8b,dev,17384765,generation_2,9,5,0.0004222533607389,0.4544728026925845,260,0,0.5555555555555556,False,False,False,False,False,True,False
qwen3_8b,dev,17384765,generation_3,9,5,0.0004802205658052,0.44184521921043696,224,0,0.5555555555555556,False,False,False,False,False,True,False
qwen3_8b,dev,17395743,generation_1,7,2,0.0005450344760902,0.7058125628973357,213,0,0.2857142857142857,False,False,False,True,True,True,False
qwen3_8b,dev,17395743,generation_2,7,4,0.0251623801887035,0.47648959287575304,205,0,0.5714285714285714,False,False,False,False,False,True,False
qwen3_8b,dev,17395743,generation_3,7,2,0.0350539349019527,0.6766732276550361,156,0,0.2857142857142857,False,False,False,True,True,True,False
qwen3_8b,dev,17397547,generation_1,66,37,0.0001946031698025,0.4382777203515588,309,0,0.5606060606060606,False,False,False,False,False,True,False
qwen3_8b,dev,17397547,generation_2,66,36,0.0002097408432746,0.45789609407603904,259,0,0.5454545454545454,False,False,False,False,False,True,False
qwen3_8b,dev,17397547,generation_3,66,35,0.000237652726355,0.4758312463895753,321,0,0.5303030303030303,False,False,False,False,False,True,False
qwen3_8b,dev,17445520,generation_1,2,2,0.0038272549863904,0.0045598788419737996,266,0,1.0,False,False,False,False,False,True,False
qwen3_8b,dev,17445520,generation_2,2,2,0.0005047406302765,0.000598861312028,207,0,1.0,False,False,False,False,False,True,False
qwen3_8b,dev,17445520,generation_3,2,2,0.0009673228487372,0.00237671926151955,226,0,1.0,False,False,False,False,False,True,False
qwen3_8b,dev,17549393,generation_1,1,0,0.9925432205200196,0.9925432205200196,166,1,0.0,True,True,True,True,True,True,True
qwen3_8b,dev,17549393,generation_2,1,0,0.9941158294677734,0.9941158294677734,165,1,0.0,True,True,True,True,True,True,True
qwen3_8b,dev,17549393,generation_3,1,0,0.9044390320777892,0.9044390320777892,167,1,0.0,True,True,True,True,True,True,True
qwen3_8b,dev,17600377,generation_1,13,6,0.0002330780553165,0.564177632204239,255,0,0.46153846153846156,False,False,False,False,True,True,False
qwen3_8b,dev,17600377,generation_2,13,6,0.0014187193010002,0.5370438070430492,211,0,0.46153846153846156,False,False,False,False,True,True,False
qwen3_8b,dev,17600377,generation_3,13,5,0.0006188711267895,0.6028855194812283,262,0,0.38461538461538464,False,False,False,False,True,True,False
qwen3_8b,dev,17608141,generation_1,11,7,0.0060124434530735,0.4101550407199697,234,0,0.6363636363636364,False,False,False,False,False,True,False
qwen3_8b,dev,17608141,generation_2,11,8,0.0003462763561401,0.2755262697438328,188,0,0.7272727272727273,False,False,False,False,False,True,False
qwen3_8b,dev,17608141,generation_3,11,7,0.0045697456225752,0.36242712500759144,195,0,0.6363636363636364,False,False,False,False,False,True,False
qwen3_8b,dev,17671735,generation_1,2,0,0.9313007593154908,0.963538259267807,204,0,0.0,True,True,True,True,True,True,True
qwen3_8b,dev,17671735,generation_2,2,0,0.969154417514801,0.9828404784202576,137,0,0.0,True,True,True,True,True,True,True
qwen3_8b,dev,17671735,generation_3,2,0,0.9772037267684937,0.986733466386795,157,0,0.0,True,True,True,True,True,True,True
qwen3_8b,dev,17943461,generation_1,19,6,0.0001858282630564,0.7038118806705921,278,0,0.3157894736842105,False,False,False,True,True,True,False
qwen3_8b,dev,17943461,generation_2,19,3,0.0001883021614048,0.8367220878947257,278,0,0.15789473684210525,False,False,True,True,True,True,False
qwen3_8b,dev,17943461,generation_3,19,12,0.0001873872824944,0.39260503496839905,244,0,0.631578947368421,False,False,False,False,False,True,False
qwen3_8b,dev,17962394,generation_1,2,1,0.0669638067483902,0.532272644340992,159,0,0.5,False,False,False,False,True,True,False
qwen3_8b,dev,17962394,generation_2,2,0,0.9772342443466188,0.9874296486377716,166,0,0.0,True,True,True,True,True,True,True
qwen3_8b,dev,17962394,generation_3,2,0,0.9748216271400452,0.9862147867679596,160,0,0.0,True,True,True,True,True,True,True
qwen3_8b,dev,17968299,generation_1,1,0,0.990276336669922,0.990276336669922,263,0,0.0,True,True,True,True,True,True,True
qwen3_8b,dev,17968299,generation_2,1,0,0.9863358736038208,0.9863358736038208,160,0,0.0,True,True,True,True,True,True,True
qwen3_8b,dev,17968299,generation_3,1,0,0.9913978576660156,0.9913978576660156,243,0,0.0,True,True,True,True,True,True,True
qwen3_8b,dev,18046082,generation_1,1,0,0.9951883554458618,0.9951883554458618,225,1,0.0,True,True,True,True,True,True,True
qwen3_8b,dev,18046082,generation_2,1,0,0.9943071007728576,0.9943071007728576,210,1,0.0,True,True,True,True,True,True,True
qwen3_8b,dev,18046082,generation_3,1,0,0.994558334350586,0.994558334350586,133,1,0.0,True,True,True,True,True,True,True
qwen3_8b,dev,18162529,generation_1,21,16,0.0047069019638001,0.2676651795128626,251,0,0.7619047619047619,False,False,False,False,False,True,False
qwen3_8b,dev,18162529,generation_2,21,12,0.0003309531894046,0.43190997573020423,278,0,0.5714285714285714,False,False,False,False,False,True,False
qwen3_8b,dev,18162529,generation_3,21,12,0.0009768829913809,0.4179110348368773,235,0,0.5714285714285714,False,False,False,False,False,True,False
qwen3_8b,dev,18308784,generation_1,6,4,0.0003636791370809,0.356958337360993,167,0,0.6666666666666666,False,False,False,False,False,True,False
qwen3_8b,dev,18308784,generation_2,6,3,0.0004476481408346,0.435572340390839,187,0,0.5,False,False,False,False,True,True,False
qwen3_8b,dev,18308784,generation_3,6,4,0.0006482981843873,0.3549859469252017,191,0,0.6666666666666666,False,False,False,False,False,True,False
qwen3_8b,dev,18385794,generation_1,14,6,0.0011773771839216,0.5750765064814394,246,0,0.42857142857142855,False,False,False,False,True,True,False
qwen3_8b,dev,18385794,generation_2,14,9,0.001068802550435,0.3326399617695382,185,0,0.6428571428571429,False,False,False,False,False,True,False
qwen3_8b,dev,18385794,generation_3,14,6,0.0108686322346329,0.5764963950828782,194,0,0.42857142857142855,False,False,False,False,True,True,False
qwen3_8b,dev,18951540,generation_1,1,0,0.9808492064476012,0.9808492064476012,179,0,0.0,True,True,True,True,True,True,True
qwen3_8b,dev,18951540,generation_2,1,0,0.9800793528556824,0.9800793528556824,231,0,0.0,True,True,True,True,True,True,True
qwen3_8b,dev,18951540,generation_3,1,0,0.9698628783226012,0.9698628783226012,162,0,0.0,True,True,True,True,True,True,True
qwen3_8b,dev,19300402,generation_1,36,25,0.0001914913591463,0.3150316743776784,285,0,0.6944444444444444,False,False,False,False,False,True,False
qwen3_8b,dev,19300402,generation_2,36,26,0.0001832567941164,0.27687242336145973,348,0,0.7222222222222222,False,False,False,False,False,True,False
qwen3_8b,dev,19300402,generation_3,36,26,0.0001918985944939,0.29153515799933094,311,0,0.7222222222222222,False,False,False,False,False,True,False
qwen3_8b,dev,19759529,generation_1,15,8,0.0012791355838999,0.4613221921259537,216,0,0.5333333333333333,False,False,False,False,False,True,False
qwen3_8b,dev,19759529,generation_2,15,5,0.0092216301709413,0.6523625902831555,226,0,0.3333333333333333,False,False,False,False,True,True,False
qwen3_8b,dev,19759529,generation_3,15,7,0.0015280348015949,0.5374592381063849,224,0,0.4666666666666667,False,False,False,False,True,True,False
qwen3_8b,dev,19880293,generation_1,2,0,0.9872851967811584,0.9903558790683746,166,0,0.0,True,True,True,True,True,True,True
qwen3_8b,dev,19880293,generation_2,2,0,0.9905434250831604,0.992207795381546,191,0,0.0,True,True,True,True,True,True,True
qwen3_8b,dev,19880293,generation_3,2,0,0.9898478388786316,0.9914325177669525,260,0,0.0,True,True,True,True,True,True,True
qwen3_8b,dev,19914299,generation_1,4,1,0.2495715618133545,0.7904427498579025,178,0,0.25,False,False,False,True,True,True,False
qwen3_8b,dev,19914299,generation_2,4,1,0.2329085767269134,0.7865610048174858,139,0,0.25,False,False,False,True,True,True,False
qwen3_8b,dev,19914299,generation_3,4,2,0.0725029781460762,0.6232432965189219,145,0,0.5,False,False,False,False,True,True,False
qwen3_8b,dev,20126413,generation_1,1,0,0.988375186920166,0.988375186920166,226,0,0.0,True,True,True,True,True,True,True
qwen3_8b,dev,20126413,generation_2,1,0,0.9935218691825868,0.9935218691825868,165,0,0.0,True,True,True,True,True,True,True
qwen3_8b,dev,20126413,generation_3,1,0,0.9937465190887452,0.9937465190887452,172,0,0.0,True,True,True,True,True,True,True
qwen3_8b,dev,20143913,generation_1,1,0,0.988295555114746,0.988295555114746,230,0,0.0,True,True,True,True,True,True,True
qwen3_8b,dev,20143913,generation_2,1,0,0.9889230728149414,0.9889230728149414,168,0,0.0,True,True,True,True,True,True,True
qwen3_8b,dev,20143913,generation_3,1,0,0.990236222743988,0.990236222743988,192,0,0.0,True,True,True,True,True,True,True
qwen3_8b,dev,20195852,generation_1,6,2,0.0011939371470361,0.6510222188274687,189,0,0.3333333333333333,False,False,False,False,True,True,False
qwen3_8b,dev,20195852,generation_2,6,1,0.0141014829277992,0.8193145953118801,203,0,0.16666666666666666,False,False,True,True,True,True,False
qwen3_8b,dev,20195852,generation_3,6,3,0.0262147244066,0.5372360895077387,209,0,0.5,False,False,False,False,True,True,False
qwen3_8b,dev,20540798,generation_1,5,2,0.0002416197530692,0.5941031646361807,159,0,0.4,False,False,False,False,True,True,False
qwen3_8b,dev,20540798,generation_2,5,1,0.0075257453136146,0.7948320514522493,166,0,0.2,False,False,True,True,True,True,False
qwen3_8b,dev,20540798,generation_3,5,1,0.0003844676248263,0.7925788080261554,254,0,0.2,False,False,True,True,True,True,False
qwen3_8b,dev,20621845,generation_1,10,4,0.0001793753472156,0.5671991075767437,215,0,0.4,False,False,False,False,True,True,False
qwen3_8b,dev,20621845,generation_2,10,4,0.000222062706598,0.5908337322282022,193,0,0.4,False,False,False,False,True,True,False
qwen3_8b,dev,20621845,generation_3,10,4,0.0001782429317245,0.5884997165994719,162,0,0.4,False,False,False,False,True,True,False
qwen3_8b,dev,20682662,generation_1,2,1,0.0039695403538644,0.4975232433062046,162,0,0.5,False,False,False,False,True,True,False
qwen3_8b,dev,20682662,generation_2,2,1,0.0037714501377195,0.49841506581287837,168,0,0.5,False,False,False,False,True,True,False
qwen3_8b,dev,20682662,generation_3,2,1,0.0049590514972805,0.4984330856241285,224,0,0.5,False,False,False,False,True,True,False
qwen3_8b,dev,20801540,generation_1,14,9,0.0043974961154162,0.4128189203661999,244,2,0.6428571428571429,False,False,False,False,False,True,False
qwen3_8b,dev,20801540,generation_2,14,6,0.0003303551638964,0.5753197766462108,232,2,0.42857142857142855,False,False,False,False,True,True,False
qwen3_8b,dev,20801540,generation_3,14,7,0.0006714182673022,0.49040104993452716,260,2,0.5,False,False,False,False,True,True,False
qwen3_8b,dev,20859899,generation_1,13,8,0.0095400242134928,0.40301941915486866,276,4,0.6153846153846154,False,False,False,False,False,True,False
qwen3_8b,dev,20859899,generation_2,13,8,0.001031432300806,0.37448566989041865,232,4,0.6153846153846154,False,False,False,False,False,True,False
qwen3_8b,dev,20859899,generation_3,13,9,0.0020052953623235,0.3155065595817107,233,4,0.6923076923076923,False,False,False,False,False,True,False
qwen3_8b,dev,20959502,generation_1,14,10,0.0012366169830784,0.30646466615975704,335,3,0.7142857142857143,False,False,False,False,False,True,False
qwen3_8b,dev,20959502,generation_2,14,3,0.0085017876699566,0.7379216609655747,263,3,0.21428571428571427,False,False,False,True,True,True,False
qwen3_8b,dev,20959502,generation_3,14,3,0.0122336503118276,0.7783872708678246,237,3,0.21428571428571427,False,False,False,True,True,True,False
qwen3_8b,dev,21042587,generation_1,21,9,0.0011009847512468,0.5753309588291726,290,1,0.42857142857142855,False,False,False,False,True,True,False
qwen3_8b,dev,21042587,generation_2,21,8,0.0006221237708814,0.6141483700928456,261,1,0.38095238095238093,False,False,False,False,True,True,False
qwen3_8b,dev,21042587,generation_3,21,10,0.0004289027419872,0.5587274869377281,262,1,0.47619047619047616,False,False,False,False,True,True,False
qwen3_8b,dev,21054465,generation_1,2,0,0.982664167881012,0.9881831109523773,160,0,0.0,True,True,True,True,True,True,True
qwen3_8b,dev,21054465,generation_2,2,0,0.9876052141189576,0.9908581078052521,221,0,0.0,True,True,True,True,True,True,True
qwen3_8b,dev,21054465,generation_3,2,0,0.9795231819152832,0.9864122271537781,172,0,0.0,True,True,True,True,True,True,True
qwen3_8b,dev,21130517,generation_1,6,0,0.985028862953186,0.9908306499322256,213,0,0.0,True,True,True,True,True,True,True
qwen3_8b,dev,21130517,generation_2,6,0,0.9799672961235046,0.9898103574911753,155,0,0.0,True,True,True,True,True,True,True
qwen3_8b,dev,21130517,generation_3,6,0,0.9829932451248168,0.9925191203753153,237,0,0.0,True,True,True,True,True,True,True
qwen3_8b,dev,21799811,generation_1,4,0,0.965416133403778,0.986370950937271,150,0,0.0,True,True,True,True,True,True,True
qwen3_8b,dev,21799811,generation_2,4,0,0.971065104007721,0.984010711312294,130,0,0.0,True,True,True,True,True,True,True
qwen3_8b,dev,21799811,generation_3,4,0,0.97503000497818,0.9824819415807724,209,0,0.0,True,True,True,True,True,True,True
qwen3_8b,dev,21903317,generation_1,6,0,0.7545149326324463,0.9505751530329386,225,0,0.0,True,True,True,True,True,True,True
qwen3_8b,dev,21903317,generation_2,6,1,0.0394306145608425,0.7868452264616886,154,0,0.16666666666666666,False,False,True,True,True,True,False
qwen3_8b,dev,21903317,generation_3,6,2,0.0177249889820814,0.6706660566851497,235,0,0.3333333333333333,False,False,False,False,True,True,False
qwen3_8b,dev,22711886,generation_1,15,9,0.0002638770965859,0.4894995958486106,243,0,0.6,False,False,False,False,False,True,False
qwen3_8b,dev,22711886,generation_2,15,11,0.0002469968167133,0.26395246039610354,257,0,0.7333333333333333,False,False,False,False,False,True,False
qwen3_8b,dev,22711886,generation_3,15,5,0.000214040337596,0.6192945678039299,209,0,0.3333333333333333,False,False,False,False,True,True,False
qwen3_8b,dev,23285048,generation_1,16,6,0.0010325073963031,0.6390251293996698,223,0,0.375,False,False,False,False,True,True,False
qwen3_8b,dev,23285048,generation_2,16,6,0.0057299905456602,0.5896606255846564,261,0,0.375,False,False,False,False,True,True,False
qwen3_8b,dev,23285048,generation_3,16,9,0.0010139346122741,0.42708842728461605,252,0,0.5625,False,False,False,False,False,True,False
qwen3_8b,dev,23651211,generation_1,42,39,0.0002026178262894,0.11089382786615581,217,0,0.9285714285714286,False,False,False,False,False,True,False
qwen3_8b,dev,23651211,generation_2,42,38,0.0002069322654278,0.09927853240619043,242,0,0.9047619047619048,False,False,False,False,False,True,False
qwen3_8b,dev,23651211,generation_3,42,26,0.0002046225708909,0.3972410083751172,250,0,0.6190476190476191,False,False,False,False,False,True,False
qwen3_8b,dev,23872883,generation_1,17,3,0.1502934992313385,0.8398153904606315,197,0,0.17647058823529413,False,False,True,True,True,True,False
qwen3_8b,dev,23872883,generation_2,17,6,0.0163338147103786,0.6523638455306783,219,0,0.35294117647058826,False,False,False,False,True,True,False
qwen3_8b,dev,23872883,generation_3,17,6,0.05822129920125,0.6720561987775213,252,0,0.35294117647058826,False,False,False,False,True,True,False
qwen3_8b,dev,24014394,generation_1,16,5,0.0001902802905533,0.6807874781534338,227,0,0.3125,False,False,False,True,True,True,False
qwen3_8b,dev,24014394,generation_2,16,5,0.0006340955151244,0.6809557728738582,253,0,0.3125,False,False,False,True,True,True,False
qwen3_8b,dev,24014394,generation_3,16,6,0.0001888379774754,0.6198312261476531,229,0,0.375,False,False,False,False,True,True,False
qwen3_8b,dev,24036311,generation_1,16,12,0.0016698485706001,0.2576015454396838,231,3,0.75,False,False,False,False,False,True,False
qwen3_8b,dev,24036311,generation_2,16,11,0.0002258931199321,0.3202257331222427,253,3,0.6875,False,False,False,False,False,True,False
qwen3_8b,dev,24036311,generation_3,16,12,0.0001864386140368,0.25011324883234914,250,3,0.75,False,False,False,False,False,True,False
qwen3_8b,dev,24288432,generation_1,10,3,0.0060029695741832,0.7002358894329518,267,10,0.3,False,False,False,True,True,True,False
qwen3_8b,dev,24288432,generation_2,10,1,0.4666434526443481,0.9244349002838135,231,10,0.1,False,True,True,True,True,True,True
qwen3_8b,dev,24288432,generation_3,10,1,0.2847171127796173,0.9085971623659134,240,10,0.1,False,True,True,True,True,True,True
qwen3_8b,dev,24333387,generation_1,16,3,0.0001859549956861,0.8108354807209253,192,0,0.1875,False,False,True,True,True,True,False
qwen3_8b,dev,24333387,generation_2,16,3,0.000239741479163,0.7789958958137504,254,0,0.1875,False,False,True,True,True,True,False
qwen3_8b,dev,24333387,generation_3,16,1,0.1660216599702835,0.9069281974807382,238,0,0.0625,False,True,True,True,True,True,True
qwen3_8b,dev,24438483,generation_1,12,5,0.0018158166203647,0.5921690611673208,289,1,0.4166666666666667,False,False,False,False,True,True,False
qwen3_8b,dev,24438483,generation_2,12,9,0.0002919595572166,0.2626795869534059,368,1,0.75,False,False,False,False,False,True,False
qwen3_8b,dev,24438483,generation_3,12,5,0.0002666880609467,0.5826798274356406,284,1,0.4166666666666667,False,False,False,False,True,True,False
qwen3_8b,dev,25080425,generation_1,12,5,0.0006131276022642,0.6006016479611086,227,0,0.4166666666666667,False,False,False,False,True,True,False
qwen3_8b,dev,25080425,generation_2,12,4,0.0011511768680065,0.6688357506063767,246,0,0.3333333333333333,False,False,False,False,True,True,False
qwen3_8b,dev,25080425,generation_3,12,4,0.0021270338911563,0.6604649222960385,253,0,0.3333333333333333,False,False,False,False,True,True,False
qwen3_8b,dev,25119790,generation_1,17,8,0.000302057393128,0.5315964821202215,264,0,0.47058823529411764,False,False,False,False,True,True,False
qwen3_8b,dev,25119790,generation_2,17,6,0.0002733833971433,0.620185476667864,269,0,0.35294117647058826,False,False,False,False,True,True,False
qwen3_8b,dev,25119790,generation_3,17,10,0.0002166946214856,0.4040699189191561,310,0,0.5882352941176471,False,False,False,False,False,True,False
qwen3_8b,dev,25550469,generation_1,12,7,0.0055776396766304,0.389575064376307,231,1,0.5833333333333334,False,False,False,False,False,True,False
qwen3_8b,dev,25550469,generation_2,12,10,0.0003435422549955,0.19745242236240293,273,1,0.8333333333333334,False,False,False,False,False,True,False
qwen3_8b,dev,25550469,generation_3,12,9,0.00030529970536,0.2631765294645447,229,1,0.75,False,False,False,False,False,True,False
qwen3_8b,dev,25589620,generation_1,9,4,0.0062436489388346,0.6115676968668898,308,0,0.4444444444444444,False,False,False,False,True,True,False
qwen3_8b,dev,25589620,generation_2,9,3,0.0034249525051563,0.6736833123852395,243,0,0.3333333333333333,False,False,False,False,True,True,False
qwen3_8b,dev,25589620,generation_3,9,2,0.013761930167675,0.7261604554951191,268,0,0.2222222222222222,False,False,False,True,True,True,False
qwen3_8b,dev,26684240,generation_1,51,4,0.0003932956024073,0.9074440161302667,318,0,0.0784313725490196,False,True,True,True,True,True,False
qwen3_8b,dev,26684240,generation_2,51,24,0.0001997830404434,0.5275704273785689,288,0,0.47058823529411764,False,False,False,False,True,True,False
qwen3_8b,dev,26684240,generation_3,51,7,0.000506934185978,0.8503123701518109,250,0,0.13725490196078433,False,False,True,True,True,True,False
qwen3_8b,dev,27090298,generation_1,7,5,0.0013362609315663,0.3288530297909996,155,0,0.7142857142857143,False,False,False,False,False,True,False
qwen3_8b,dev,27090298,generation_2,7,3,0.00301443785429,0.5215184422475951,158,0,0.42857142857142855,False,False,False,False,True,True,False
qwen3_8b,dev,27090298,generation_3,7,5,0.0025934586301445,0.34347614472998034,160,0,0.7142857142857143,False,False,False,False,False,True,False
qwen3_8b,dev,27103577,generation_1,7,7,0.0014101434499025,0.048230047121510924,247,0,1.0,False,False,False,False,False,True,False
qwen3_8b,dev,27103577,generation_2,7,5,0.0004965591360814,0.308930195227731,203,0,0.7142857142857143,False,False,False,False,False,True,False
qwen3_8b,dev,27103577,generation_3,7,5,0.0007745638722553,0.26420345038474935,256,0,0.7142857142857143,False,False,False,False,False,True,False
qwen3_8b,dev,27491646,generation_1,15,7,0.0001854245347203,0.5197282669415775,275,0,0.4666666666666667,False,False,False,False,True,True,False
qwen3_8b,dev,27491646,generation_2,15,9,0.0001862169010564,0.440006024055765,261,0,0.6,False,False,False,False,False,True,False
qwen3_8b,dev,27491646,generation_3,15,6,0.0001832842390285,0.5841071831334071,235,0,0.4,False,False,False,False,True,True,False
qwen3_8b,dev,27509880,generation_1,16,11,0.0019663712009787,0.32459444717096625,230,1,0.6875,False,False,False,False,False,True,False
qwen3_8b,dev,27509880,generation_2,16,11,0.0001926148106576,0.3141047732733568,260,1,0.6875,False,False,False,False,False,True,False
qwen3_8b,dev,27509880,generation_3,16,9,0.000188202902791,0.43161424738082127,333,1,0.5625,False,False,False,False,False,True,False
qwen3_8b,dev,27663860,generation_1,8,5,0.0058875284157693,0.422155522450339,203,0,0.625,False,False,False,False,False,True,False
qwen3_8b,dev,27663860,generation_2,8,3,0.0003984800423495,0.6192056272047921,168,0,0.375,False,False,False,False,True,True,False
qwen3_8b,dev,27663860,generation_3,8,2,0.0003420750144869,0.7225811244279612,160,0,0.25,False,False,False,True,True,True,False
qwen3_8b,dev,27707793,generation_1,5,2,0.0164488703012466,0.5686568230390548,194,0,0.4,False,False,False,False,True,True,False
qwen3_8b,dev,27707793,generation_2,5,3,0.0027044320013374,0.4138524256180972,176,0,0.6,False,False,False,False,False,True,False
qwen3_8b,dev,27707793,generation_3,5,3,0.0061899153515696,0.47349396739155053,263,0,0.6,False,False,False,False,False,True,False
qwen3_8b,dev,27729412,generation_1,15,14,0.000219318215386,0.07416230137944993,253,0,0.9333333333333333,False,False,False,False,False,True,False
qwen3_8b,dev,27729412,generation_2,15,15,0.0002682042249944,0.016726129170274315,243,0,1.0,False,False,False,False,False,True,False
qwen3_8b,dev,27729412,generation_3,15,14,0.000190748978639,0.0793856072540317,239,0,0.9333333333333333,False,False,False,False,False,True,False
qwen3_8b,dev,27807193,generation_1,8,3,0.0005750141572207,0.5904722471823334,196,0,0.375,False,False,False,False,True,True,False
qwen3_8b,dev,27807193,generation_2,8,3,0.0008337306207977,0.6221408597994014,207,0,0.375,False,False,False,False,True,True,False
qwen3_8b,dev,27807193,generation_3,8,2,0.0005564944585785,0.7381325032838504,184,0,0.25,False,False,False,True,True,True,False
qwen3_8b,dev,27840894,generation_1,2,1,0.0016403421759605,0.49872560426592827,168,0,0.5,False,False,False,False,True,True,False
qwen3_8b,dev,27840894,generation_2,2,1,0.0019708327017724,0.498700651107356,129,0,0.5,False,False,False,False,True,True,False
qwen3_8b,dev,27840894,generation_3,2,1,0.0013462282950058,0.49873274454148486,171,0,0.5,False,False,False,False,True,True,False
qwen3_8b,dev,27860185,generation_1,8,2,0.0100940689444541,0.7433415885316208,157,0,0.25,False,False,False,True,True,True,False
qwen3_8b,dev,27860185,generation_2,8,2,0.0262243300676345,0.7479006554931402,153,0,0.25,False,False,False,True,True,True,False
qwen3_8b,dev,27860185,generation_3,8,2,0.007073379587382,0.7401110917562619,214,0,0.25,False,False,False,True,True,True,False
qwen3_8b,dev,27866394,generation_1,19,16,0.000231954967603,0.1631345104971459,247,0,0.8421052631578947,False,False,False,False,False,True,False
qwen3_8b,dev,27866394,generation_2,19,11,0.0139299593865871,0.42608365563577727,282,0,0.5789473684210527,False,False,False,False,False,True,False
qwen3_8b,dev,27866394,generation_3,19,15,0.0008867697324603,0.2186146358940995,236,0,0.7894736842105263,False,False,False,False,False,True,False
qwen3_8b,dev,28259923,generation_1,12,10,0.0002164047327823,0.18458193803962783,232,0,0.8333333333333334,False,False,False,False,False,True,False
qwen3_8b,dev,28259923,generation_2,12,8,0.0001957891072379,0.3238583692982501,226,0,0.6666666666666666,False,False,False,False,False,True,False
qwen3_8b,dev,28259923,generation_3,12,9,0.0040909186936914,0.30220488765432185,230,0,0.75,False,False,False,False,False,True,False
qwen3_8b,dev,28393239,generation_1,7,3,0.0005346618127077,0.5297751072295276,273,0,0.42857142857142855,False,False,False,False,True,True,False
qwen3_8b,dev,28393239,generation_2,7,3,0.0005892601911909,0.6212021227942647,177,0,0.42857142857142855,False,False,False,False,True,True,False
qwen3_8b,dev,28393239,generation_3,7,1,0.0029848108533769,0.753616127085739,173,0,0.14285714285714285,False,False,True,True,True,True,False
qwen3_8b,dev,28518143,generation_1,31,17,0.0007622369448654,0.46548079649519714,292,0,0.5483870967741935,False,False,False,False,False,True,False
qwen3_8b,dev,28518143,generation_2,31,22,0.0037190329749137,0.28747666398093347,349,0,0.7096774193548387,False,False,False,False,False,True,False
qwen3_8b,dev,28518143,generation_3,31,22,0.0003039043513126,0.3054754180747324,291,0,0.7096774193548387,False,False,False,False,False,True,False
qwen3_8b,dev,29049388,generation_1,9,2,0.0073357364162802,0.775396213038928,166,0,0.2222222222222222,False,False,False,True,True,True,False
qwen3_8b,dev,29049388,generation_2,9,2,0.0033073353115469,0.7730880906132774,180,0,0.2222222222222222,False,False,False,True,True,True,False
qwen3_8b,dev,29049388,generation_3,9,2,0.0051374221220612,0.7753924686565168,175,0,0.2222222222222222,False,False,False,True,True,True,False
qwen3_8b,dev,29183288,generation_1,33,21,0.0001835229486459,0.36442972752521385,245,0,0.6363636363636364,False,False,False,False,False,True,False
qwen3_8b,dev,29183288,generation_2,33,21,0.0002908083552028,0.37598160574755934,305,0,0.6363636363636364,False,False,False,False,False,True,False
qwen3_8b,dev,29183288,generation_3,33,24,0.0001838841271819,0.2840487349727261,261,0,0.7272727272727273,False,False,False,False,False,True,False
qwen3_8b,dev,6086495,generation_1,1,1,0.0047836666926741,0.0047836666926741,178,0,1.0,False,False,False,False,False,True,False
qwen3_8b,dev,6086495,generation_2,1,1,0.0091696791350841,0.0091696791350841,171,0,1.0,False,False,False,False,False,True,False
qwen3_8b,dev,6086495,generation_3,1,1,0.0207183677703142,0.0207183677703142,145,0,1.0,False,False,False,False,False,True,False
qwen3_8b,dev,7811247,generation_1,4,1,0.0021298686042428,0.6796468833927065,171,0,0.25,False,False,False,True,True,True,False
qwen3_8b,dev,7811247,generation_2,4,3,0.0008168712374754,0.20997027489647732,158,0,0.75,False,False,False,False,False,True,False
qwen3_8b,dev,7811247,generation_3,4,3,0.0003935921122319,0.30162175065197516,161,0,0.75,False,False,False,False,False,True,False
qwen3_8b,test,15000256,generation_1,6,0,0.9260427355766296,0.9748513400554657,179,0,0.0,True,True,True,True,True,True,True
qwen3_8b,test,15000256,generation_2,6,1,0.2317022830247879,0.8581473752856255,139,0,0.16666666666666666,False,False,True,True,True,True,False
qwen3_8b,test,15000256,generation_3,6,2,0.1616440713405609,0.7638164162635803,156,0,0.3333333333333333,False,False,False,False,True,True,False
qwen3_8b,test,15036754,generation_1,19,13,0.0004512480227276,0.32829205260465016,221,6,0.6842105263157895,False,False,False,False,False,True,False
qwen3_8b,test,15036754,generation_2,19,10,0.0002543170994613,0.44258155952526357,263,6,0.5263157894736842,False,False,False,False,False,True,False
qwen3_8b,test,15036754,generation_3,19,16,0.0002934900403488,0.18348937836095786,262,6,0.8421052631578947,False,False,False,False,False,True,False
qwen3_8b,test,15111599,generation_1,2,0,0.994635283946991,0.99612095952034,144,0,0.0,True,True,True,True,True,True,True
qwen3_8b,test,15111599,generation_2,2,0,0.9938502311706544,0.9954548180103302,183,0,0.0,True,True,True,True,True,True,True
qwen3_8b,test,15111599,generation_3,2,0,0.9940939545631408,0.9957107603549957,130,0,0.0,True,True,True,True,True,True,True
qwen3_8b,test,15130900,generation_1,2,1,0.0175533331930637,0.49792516417801386,186,0,0.5,False,False,False,False,True,True,False
qwen3_8b,test,15130900,generation_2,2,1,0.0124344620853662,0.49619119334965944,193,0,0.5,False,False,False,False,True,True,False
qwen3_8b,test,15130900,generation_3,2,1,0.0114862443879246,0.4962075413204729,203,0,0.5,False,False,False,False,True,True,False
qwen3_8b,test,15233872,generation_1,7,2,0.0004991288296878,0.6750279249224279,191,0,0.2857142857142857,False,False,False,True,True,True,False
qwen3_8b,test,15233872,generation_2,7,4,0.0037667162250727,0.5267600375560245,216,0,0.5714285714285714,False,False,False,False,False,True,False
qwen3_8b,test,15233872,generation_3,7,4,0.000260634580627,0.5037277178905372,173,0,0.5714285714285714,False,False,False,False,False,True,False
qwen3_8b,test,15459975,generation_1,1,0,0.9941065311431884,0.9941065311431884,194,0,0.0,True,True,True,True,True,True,True
qwen3_8b,test,15459975,generation_2,1,0,0.995144248008728,0.995144248008728,172,0,0.0,True,True,True,True,True,True,True
qwen3_8b,test,15459975,generation_3,1,0,0.994925022125244,0.994925022125244,170,0,0.0,True,True,True,True,True,True,True
qwen3_8b,test,15464247,generation_1,1,0,0.9952998161315918,0.9952998161315918,182,0,0.0,True,True,True,True,True,True,True
qwen3_8b,test,15464247,generation_2,1,1,0.0812298879027366,0.0812298879027366,176,0,1.0,False,False,False,False,False,True,False
qwen3_8b,test,15464247,generation_3,1,1,0.4225134551525116,0.4225134551525116,229,0,1.0,False,False,False,False,False,True,False
qwen3_8b,test,15485686,generation_1,12,1,0.0026333078276365,0.8684314815909602,279,0,0.08333333333333333,False,True,True,True,True,True,True
qwen3_8b,test,15485686,generation_2,12,1,0.002686430234462,0.898528858126762,271,0,0.08333333333333333,False,True,True,True,True,True,True
qwen3_8b,test,15485686,generation_3,12,0,0.9499756693840028,0.9806407988071442,254,0,0.0,True,True,True,True,True,True,True
qwen3_8b,test,15668505,generation_1,6,2,0.0226837489753961,0.7070930417006215,137,0,0.3333333333333333,False,False,False,False,True,True,False
qwen3_8b,test,15668505,generation_2,6,2,0.0122782886028289,0.6610203723733624,139,0,0.3333333333333333,False,False,False,False,True,True,False
qwen3_8b,test,15668505,generation_3,6,2,0.0095563111826777,0.6539169158786535,177,0,0.3333333333333333,False,False,False,False,True,True,False
qwen3_8b,test,15673851,generation_1,12,5,0.008959624916315,0.6019924692033479,252,0,0.4166666666666667,False,False,False,False,True,True,False
qwen3_8b,test,15673851,generation_2,12,5,0.0103155020624399,0.5930546098388731,263,0,0.4166666666666667,False,False,False,False,True,True,False
qwen3_8b,test,15673851,generation_3,12,4,0.0088952938094735,0.6863147747547677,257,0,0.3333333333333333,False,False,False,False,True,True,False
qwen3_8b,test,15811908,generation_1,15,8,0.0049889404326677,0.478213317381839,254,2,0.5333333333333333,False,False,False,False,False,True,False
qwen3_8b,test,15811908,generation_2,15,6,0.0043944320641458,0.6037800027367969,223,2,0.4,False,False,False,False,True,True,False
qwen3_8b,test,15811908,generation_3,15,9,0.0009984800126403,0.3931327158119529,194,2,0.6,False,False,False,False,False,True,False
qwen3_8b,test,15818664,generation_1,4,1,0.0096416445448994,0.7425063692498952,145,0,0.25,False,False,False,True,True,True,False
qwen3_8b,test,15818664,generation_2,4,4,0.0004579701344482,0.06777833930391347,267,0,1.0,False,False,False,False,False,True,False
qwen3_8b,test,15818664,generation_3,4,1,0.3216933310031891,0.8266096636652946,149,0,0.25,False,False,False,True,True,True,False
qwen3_8b,test,15820770,generation_1,6,1,0.0048609543591737,0.7716260878369212,283,0,0.16666666666666666,False,False,True,True,True,True,False
qwen3_8b,test,15820770,generation_2,6,3,0.0002360702928854,0.5684365391959242,214,0,0.5,False,False,False,False,True,True,False
qwen3_8b,test,15820770,generation_3,6,3,0.0426301509141922,0.5673063571254412,186,0,0.5,False,False,False,False,True,True,False
qwen3_8b,test,15824163,generation_1,1,0,0.987281858921051,0.987281858921051,205,0,0.0,True,True,True,True,True,True,True
qwen3_8b,test,15824163,generation_2,1,0,0.977976143360138,0.977976143360138,236,0,0.0,True,True,True,True,True,True,True
qwen3_8b,test,15824163,generation_3,1,0,0.9758728742599488,0.9758728742599488,159,0,0.0,True,True,True,True,True,True,True
qwen3_8b,test,15987266,generation_1,5,4,0.0009771287441253,0.26312961466610424,188,0,0.8,False,False,False,False,False,True,False
qwen3_8b,test,15987266,generation_2,5,4,0.0011049396125599,0.20950772108044471,182,0,0.8,False,False,False,False,False,True,False
qwen3_8b,test,15987266,generation_3,5,4,0.0003640312352217,0.21002758938120678,162,0,0.8,False,False,False,False,False,True,False
qwen3_8b,test,16046395,generation_1,3,0,0.9838477969169616,0.9908467928568522,163,0,0.0,True,True,True,True,True,True,True
qwen3_8b,test,16046395,generation_2,3,1,0.0531795024871826,0.6812741160392761,182,0,0.3333333333333333,False,False,False,False,True,True,False
qwen3_8b,test,16046395,generation_3,3,0,0.9949888586997986,0.9958585302035013,199,0,0.0,True,True,True,True,True,True,True
qwen3_8b,test,16112787,generation_1,15,5,0.0002859655360225,0.655944821415081,284,0,0.3333333333333333,False,False,False,False,True,True,False
qwen3_8b,test,16112787,generation_2,15,6,0.0051537184044718,0.6104253251105547,197,0,0.4,False,False,False,False,True,True,False
qwen3_8b,test,16112787,generation_3,15,6,0.0006588578107766,0.5941457325864273,249,0,0.4,False,False,False,False,True,True,False
qwen3_8b,test,16116131,generation_1,2,0,0.9791975021362304,0.9801232218742371,154,0,0.0,True,True,True,True,True,True,True
qwen3_8b,test,16116131,generation_2,2,0,0.9800074696540833,0.9806207418441772,168,0,0.0,True,True,True,True,True,True,True
qwen3_8b,test,16116131,generation_3,2,0,0.9780977964401244,0.9787037968635558,133,0,0.0,True,True,True,True,True,True,True
qwen3_8b,test,16186368,generation_1,3,2,0.0096622202545404,0.340870871519049,153,0,0.6666666666666666,False,False,False,False,False,True,False
qwen3_8b,test,16186368,generation_2,3,2,0.0073920511640608,0.3387808301486075,144,0,0.6666666666666666,False,False,False,False,False,True,False
qwen3_8b,test,16186368,generation_3,3,2,0.0137300342321395,0.3422780664016803,150,0,0.6666666666666666,False,False,False,False,False,True,False
qwen3_8b,test,16252083,generation_1,6,3,0.0014926993753761,0.511035768276391,172,0,0.5,False,False,False,False,True,True,False
qwen3_8b,test,16252083,generation_2,6,3,0.0009755786159075,0.5012299524872409,208,0,0.5,False,False,False,False,True,True,False
qwen3_8b,test,16252083,generation_3,6,3,0.0022285180166363,0.5070845405571163,147,0,0.5,False,False,False,False,True,True,False
qwen3_8b,test,16330669,generation_1,7,0,0.949834644794464,0.9906218307358878,216,0,0.0,True,True,True,True,True,True,True
qwen3_8b,test,16330669,generation_2,7,0,0.993587613105774,0.9972850169454303,176,0,0.0,True,True,True,True,True,True,True
qwen3_8b,test,16330669,generation_3,7,0,0.99342679977417,0.9963970099176679,136,0,0.0,True,True,True,True,True,True,True
qwen3_8b,test,16428827,generation_1,9,1,0.1316306740045547,0.8053047607342402,196,0,0.1111111111111111,False,False,True,True,True,True,True
qwen3_8b,test,16428827,generation_2,9,3,0.0524972155690193,0.6855201025803884,297,0,0.3333333333333333,False,False,False,False,True,True,False
qwen3_8b,test,16428827,generation_3,9,1,0.0228079464286565,0.8731294727573792,260,0,0.1111111111111111,False,False,True,True,True,True,True
qwen3_8b,test,16629641,generation_1,13,7,0.0022209086455404,0.4929988560839914,241,1,0.5384615384615384,False,False,False,False,False,True,False
qwen3_8b,test,16629641,generation_2,13,8,0.0027698879130184,0.39065695407155615,247,1,0.6153846153846154,False,False,False,False,False,True,False
qwen3_8b,test,16629641,generation_3,13,8,0.0037933709099888,0.3900691085280134,224,1,0.6153846153846154,False,False,False,False,False,True,False
qwen3_8b,test,16731636,generation_1,11,5,0.0024148041848093,0.5620040069122545,281,0,0.45454545454545453,False,False,False,False,True,True,False
qwen3_8b,test,16731636,generation_2,11,1,0.0514514744281768,0.8539275283163245,158,0,0.09090909090909091,False,True,True,True,True,True,True
qwen3_8b,test,16731636,generation_3,11,3,0.0197059586644172,0.7529514445499941,260,0,0.2727272727272727,False,False,False,True,True,True,False
qwen3_8b,test,16820346,generation_1,7,4,0.0004054860328324,0.420448693621438,136,0,0.5714285714285714,False,False,False,False,False,True,False
qwen3_8b,test,16820346,generation_2,7,4,0.0002366966364206,0.42190733992070556,134,0,0.5714285714285714,False,False,False,False,False,True,False
qwen3_8b,test,16820346,generation_3,7,3,0.0053010322153568,0.5758035198918411,160,0,0.42857142857142855,False,False,False,False,True,True,False
qwen3_8b,test,16840830,generation_1,1,0,0.9956721067428588,0.9956721067428588,147,0,0.0,True,True,True,True,True,True,True
qwen3_8b,test,16840830,generation_2,1,0,0.9961379170417786,0.9961379170417786,233,0,0.0,True,True,True,True,True,True,True
qwen3_8b,test,16840830,generation_3,1,0,0.9959996938705444,0.9959996938705444,199,0,0.0,True,True,True,True,True,True,True
qwen3_8b,test,16844102,generation_1,24,11,0.0002026858273893,0.5209690461409385,257,0,0.4583333333333333,False,False,False,False,True,True,False
qwen3_8b,test,16844102,generation_2,24,12,0.000213975465158,0.5065261884592474,273,0,0.5,False,False,False,False,True,True,False
qwen3_8b,test,16844102,generation_3,24,12,0.0002176103880628,0.4941037830988837,258,0,0.5,False,False,False,False,True,True,False
qwen3_8b,test,16849419,generation_1,3,1,0.0372470989823341,0.6583667521675428,228,0,0.3333333333333333,False,False,False,False,True,True,False
qwen3_8b,test,16849419,generation_2,3,2,0.0227585136890411,0.3684100856383641,158,0,0.6666666666666666,False,False,False,False,False,True,False
qwen3_8b,test,16849419,generation_3,3,1,0.0308772586286067,0.5647279111047586,147,0,0.3333333333333333,False,False,False,False,True,True,False
qwen3_8b,test,16970763,generation_1,3,0,0.9943538904190063,0.9945945342381796,149,0,0.0,True,True,True,True,True,True,True
qwen3_8b,test,16970763,generation_2,3,0,0.9945831894874572,0.9950640797615051,151,0,0.0,True,True,True,True,True,True,True
qwen3_8b,test,16970763,generation_3,3,0,0.9946150183677672,0.9948176940282186,171,0,0.0,True,True,True,True,True,True,True
qwen3_8b,test,17003923,generation_1,15,4,0.0026687942445278,0.6945924601828058,259,0,0.26666666666666666,False,False,False,True,True,True,False
qwen3_8b,test,17003923,generation_2,15,4,0.004324376117438,0.7650565705883007,262,0,0.26666666666666666,False,False,False,True,True,True,False
qwen3_8b,test,17003923,generation_3,15,7,0.0021759360097348,0.5165906523354351,219,0,0.4666666666666667,False,False,False,False,True,True,False
qwen3_8b,test,17059986,generation_1,6,3,0.0003313165216241,0.46359259889868554,181,1,0.5,False,False,False,False,True,True,False
qwen3_8b,test,17059986,generation_2,6,3,0.0002384255058132,0.48324757504936616,169,1,0.5,False,False,False,False,True,True,False
qwen3_8b,test,17059986,generation_3,6,3,0.0045394683256745,0.49727505585178733,145,1,0.5,False,False,False,False,True,True,False
qwen3_8b,test,17166870,generation_1,3,0,0.99397075176239,0.9947195649147034,185,1,0.0,True,True,True,True,True,True,True
qwen3_8b,test,17166870,generation_2,3,0,0.9861437082290648,0.9905925989151001,190,1,0.0,True,True,True,True,True,True,True
qwen3_8b,test,17166870,generation_3,3,0,0.992175042629242,0.9940188725789388,198,1,0.0,True,True,True,True,True,True,True
qwen3_8b,test,17491223,generation_1,2,1,0.0111590316519141,0.49532039416953927,213,0,0.5,False,False,False,False,True,True,False
qwen3_8b,test,17491223,generation_2,2,1,0.0171487741172313,0.49578522704541683,222,0,0.5,False,False,False,False,True,True,False
qwen3_8b,test,17491223,generation_3,2,1,0.0079009346663951,0.49523537419736374,231,0,0.5,False,False,False,False,True,True,False
qwen3_8b,test,17511042,generation_1,6,4,0.0074683586135506,0.33575884439051146,229,1,0.6666666666666666,False,False,False,False,False,True,False
qwen3_8b,test,17511042,generation_2,6,1,0.0060559920966625,0.8026069073627392,190,1,0.16666666666666666,False,False,True,True,True,True,False
qwen3_8b,test,17511042,generation_3,6,3,0.0128566771745681,0.533835645765066,208,1,0.5,False,False,False,False,True,True,False
qwen3_8b,test,17562951,generation_1,5,3,0.0649097859859466,0.3703344121575355,164,1,0.6,False,False,False,False,False,True,False
qwen3_8b,test,17562951,generation_2,5,4,0.0103971324861049,0.346968924254179,267,1,0.8,False,False,False,False,False,True,False
qwen3_8b,test,17562951,generation_3,5,2,0.0079176416620612,0.5988348571583628,226,1,0.4,False,False,False,False,True,True,False
qwen3_8b,test,17879945,generation_1,10,5,0.0065706456080079,0.509997241012752,247,0,0.5,False,False,False,False,True,True,False
qwen3_8b,test,17879945,generation_2,10,4,0.0005795714096166,0.5771357759891543,262,0,0.4,False,False,False,False,True,True,False
qwen3_8b,test,17879945,generation_3,10,4,0.0005484993453137,0.5743638901680241,232,0,0.4,False,False,False,False,True,True,False
qwen3_8b,test,17935240,generation_1,1,0,0.9961626529693604,0.9961626529693604,154,0,0.0,True,True,True,True,True,True,True
qwen3_8b,test,17935240,generation_2,1,0,0.9960817694664,0.9960817694664,143,0,0.0,True,True,True,True,True,True,True
qwen3_8b,test,17935240,generation_3,1,0,0.9964305758476256,0.9964305758476256,143,0,0.0,True,True,True,True,True,True,True
qwen3_8b,test,18179903,generation_1,3,2,0.0012113641714677,0.33288952044676984,181,0,0.6666666666666666,False,False,False,False,False,True,False
qwen3_8b,test,18179903,generation_2,3,2,0.0034857273567467,0.3348006509089221,217,0,0.6666666666666666,False,False,False,False,False,True,False
qwen3_8b,test,18179903,generation_3,3,2,0.0027547285426408,0.33153023252574104,163,0,0.6666666666666666,False,False,False,False,False,True,False
qwen3_8b,test,18257781,generation_1,3,0,0.8605554699897766,0.9515565832455953,191,0,0.0,True,True,True,True,True,True,True
qwen3_8b,test,18257781,generation_2,3,0,0.8360826373100281,0.9431787729263306,159,0,0.0,True,True,True,True,True,True,True
qwen3_8b,test,18257781,generation_3,3,0,0.9182313680648804,0.9708875020345052,137,0,0.0,True,True,True,True,True,True,True
qwen3_8b,test,18399341,generation_1,1,1,0.0023622675798833,0.0023622675798833,166,0,1.0,False,False,False,False,False,True,False
qwen3_8b,test,18399341,generation_2,1,1,0.0033153519034385,0.0033153519034385,243,0,1.0,False,False,False,False,False,True,False
qwen3_8b,test,18399341,generation_3,1,1,0.0028745376039296,0.0028745376039296,245,0,1.0,False,False,False,False,False,True,False
qwen3_8b,test,18439803,generation_1,13,4,0.0119830397889018,0.7523737368532099,198,1,0.3076923076923077,False,False,False,True,True,True,False
qwen3_8b,test,18439803,generation_2,13,4,0.0058985520154237,0.6837836699560285,190,1,0.3076923076923077,False,False,False,True,True,True,False
qwen3_8b,test,18439803,generation_3,13,3,0.01565364561975,0.7169039418491033,260,1,0.23076923076923078,False,False,False,True,True,True,False
qwen3_8b,test,18441470,generation_1,4,2,0.0258749946951866,0.5049864053726196,191,0,0.5,False,False,False,False,True,True,False
qwen3_8b,test,18441470,generation_2,4,2,0.008683506399393,0.4927187205757946,179,0,0.5,False,False,False,False,True,True,False
qwen3_8b,test,18441470,generation_3,4,2,0.0107728224247694,0.49770823819562793,239,0,0.5,False,False,False,False,True,True,False
qwen3_8b,test,18457324,generation_1,15,5,0.0002489316102582,0.6939370833492527,281,0,0.3333333333333333,False,False,False,False,True,True,False
qwen3_8b,test,18457324,generation_2,15,5,0.0011606274638324,0.6471963122099017,326,0,0.3333333333333333,False,False,False,False,True,True,False
qwen3_8b,test,18457324,generation_3,15,6,0.0003300563839729,0.6110464705367727,272,0,0.4,False,False,False,False,True,True,False
qwen3_8b,test,1848636,generation_1,7,5,0.0095333671197295,0.3674880520307591,229,0,0.7142857142857143,False,False,False,False,False,True,False
qwen3_8b,test,1848636,generation_2,7,4,0.0104798506945371,0.44966058792280295,216,0,0.5714285714285714,False,False,False,False,False,True,False
qwen3_8b,test,1848636,generation_3,7,5,0.0092970170080661,0.34717047028243536,180,0,0.7142857142857143,False,False,False,False,False,True,False
qwen3_8b,test,18503483,generation_1,5,2,0.0002675123978406,0.5918020964832976,216,1,0.4,False,False,False,False,True,True,False
qwen3_8b,test,18503483,generation_2,5,3,0.0003941972390748,0.3941784537164494,179,1,0.6,False,False,False,False,False,True,False
qwen3_8b,test,18503483,generation_3,5,2,0.0104142781347036,0.5952530657872558,218,1,0.4,False,False,False,False,True,True,False
qwen3_8b,test,18507837,generation_1,11,4,0.0003299997770227,0.6499010691556826,198,0,0.36363636363636365,False,False,False,False,True,True,False
qwen3_8b,test,18507837,generation_2,11,1,0.0004028374387416,0.8421543700625823,219,0,0.09090909090909091,False,True,True,True,True,True,True
qwen3_8b,test,18507837,generation_3,11,1,0.0006054599652998,0.897655860579107,270,0,0.09090909090909091,False,True,True,True,True,True,True
qwen3_8b,test,18991055,generation_1,11,2,0.3141409754753113,0.8791013549674641,171,0,0.18181818181818182,False,False,True,True,True,True,False
qwen3_8b,test,18991055,generation_2,11,1,0.0171409789472818,0.8569947801191699,177,0,0.09090909090909091,False,True,True,True,True,True,True
qwen3_8b,test,18991055,generation_3,11,2,0.0141378045082092,0.8080330541865393,220,0,0.18181818181818182,False,False,True,True,True,True,False
qwen3_8b,test,19207031,generation_1,2,2,0.0019745803438127,0.0031553148292005,192,0,1.0,False,False,False,False,False,True,False
qwen3_8b,test,19207031,generation_2,2,2,0.0044408221729099,0.01929218159057195,205,0,1.0,False,False,False,False,False,True,False
qwen3_8b,test,19207031,generation_3,2,2,0.0030458620749413,0.23737225192598993,152,0,1.0,False,False,False,False,False,True,False
qwen3_8b,test,19208385,generation_1,5,0,0.9935792684555054,0.9951255202293396,200,0,0.0,True,True,True,True,True,True,True
qwen3_8b,test,19208385,generation_2,5,0,0.9948062300682068,0.9952946782112122,171,0,0.0,True,True,True,True,True,True,True
qwen3_8b,test,19208385,generation_3,5,0,0.9944233298301696,0.9958131194114686,232,0,0.0,True,True,True,True,True,True,True
qwen3_8b,test,19276632,generation_1,11,6,0.0247184876352548,0.5157315834340724,162,0,0.5454545454545454,False,False,False,False,False,True,False
qwen3_8b,test,19276632,generation_2,11,4,0.0295973867177963,0.6481213278391145,189,0,0.36363636363636365,False,False,False,False,True,True,False
qwen3_8b,test,19276632,generation_3,11,3,0.0868638977408409,0.6706854355606165,201,0,0.2727272727272727,False,False,False,True,True,True,False
qwen3_8b,test,19353688,generation_1,2,0,0.9979283809661864,0.9980237185955048,196,0,0.0,True,True,True,True,True,True,True
qwen3_8b,test,19353688,generation_2,2,0,0.997684359550476,0.9977830350399017,206,0,0.0,True,True,True,True,True,True,True
qwen3_8b,test,19353688,generation_3,2,0,0.9976825714111328,0.9977591335773468,171,0,0.0,True,True,True,True,True,True,True
qwen3_8b,test,19394258,generation_1,2,0,0.9940176010131836,0.9940723776817322,156,0,0.0,True,True,True,True,True,True,True
qwen3_8b,test,19394258,generation_2,2,0,0.9955224990844728,0.9957358241081238,163,0,0.0,True,True,True,True,True,True,True
qwen3_8b,test,19394258,generation_3,2,0,0.98795086145401,0.9895212054252625,158,0,0.0,True,True,True,True,True,True,True
qwen3_8b,test,19484664,generation_1,1,0,0.9976438879966736,0.9976438879966736,182,0,0.0,True,True,True,True,True,True,True
qwen3_8b,test,19484664,generation_2,1,0,0.9980835914611816,0.9980835914611816,159,0,0.0,True,True,True,True,True,True,True
qwen3_8b,test,19484664,generation_3,1,0,0.997257649898529,0.997257649898529,228,0,0.0,True,True,True,True,True,True,True
qwen3_8b,test,19531695,generation_1,7,3,0.0023119011893868,0.5000979960896075,161,1,0.42857142857142855,False,False,False,False,True,True,False
qwen3_8b,test,19531695,generation_2,7,3,0.0099023263901472,0.5732766961944955,160,1,0.42857142857142855,False,False,False,False,True,True,False
qwen3_8b,test,19531695,generation_3,7,4,0.0105699598789215,0.4641177047576223,181,1,0.5714285714285714,False,False,False,False,False,True,False
qwen3_8b,test,19565319,generation_1,11,3,0.0016755547840148,0.7188011383934115,204,0,0.2727272727272727,False,False,False,True,True,True,False
qwen3_8b,test,19565319,generation_2,11,4,0.0003845172468572,0.630218640059783,201,0,0.36363636363636365,False,False,False,False,True,True,False
qwen3_8b,test,19565319,generation_3,11,3,0.0004628296592272,0.7202822179533541,195,0,0.2727272727272727,False,False,False,True,True,True,False
qwen3_8b,test,19681452,generation_1,13,1,0.0052685611881315,0.9059604717633472,201,0,0.07692307692307693,False,True,True,True,True,True,True
qwen3_8b,test,19681452,generation_2,13,2,0.0013445176882669,0.8280167049602963,241,0,0.15384615384615385,False,False,True,True,True,True,True
qwen3_8b,test,19681452,generation_3,13,3,0.0012706175912171,0.7565958324569062,210,0,0.23076923076923078,False,False,False,True,True,True,False
qwen3_8b,test,19789368,generation_1,10,9,0.0005104128504171,0.12092711870209308,282,1,0.9,False,False,False,False,False,True,False
qwen3_8b,test,19789368,generation_2,10,6,0.0006433892995119,0.35818547469098116,230,1,0.6,False,False,False,False,False,True,False
qwen3_8b,test,19789368,generation_3,10,9,0.0004084733955096,0.1601711225492181,228,1,0.9,False,False,False,False,False,True,False
qwen3_8b,test,19957053,generation_1,4,2,0.0028434407431632,0.4918846648652106,248,1,0.5,False,False,False,False,True,True,False
qwen3_8b,test,19957053,generation_2,4,1,0.0822034925222396,0.750117402523756,192,1,0.25,False,False,False,True,True,True,False
qwen3_8b,test,19957053,generation_3,4,1,0.1748988926410675,0.7178460583090782,168,1,0.25,False,False,False,True,True,True,False
qwen3_8b,test,20534762,generation_1,2,1,0.3062779903411865,0.6503612697124481,142,0,0.5,False,False,False,False,True,True,False
qwen3_8b,test,20534762,generation_2,2,0,0.9942052960395812,0.9950968027114868,125,0,0.0,True,True,True,True,True,True,True
qwen3_8b,test,20534762,generation_3,2,0,0.9936238527297974,0.9937492311000824,162,0,0.0,True,True,True,True,True,True,True
qwen3_8b,test,20648600,generation_1,14,7,0.0010976116172969,0.4886003341193178,279,1,0.5,False,False,False,False,True,True,False
qwen3_8b,test,20648600,generation_2,14,8,0.0014302601339295,0.4316553671129181,204,1,0.5714285714285714,False,False,False,False,False,True,False
qwen3_8b,test,20648600,generation_3,14,7,0.0003524231433402,0.5325109324995927,192,1,0.5,False,False,False,False,True,True,False
qwen3_8b,test,20705401,generation_1,19,8,0.030149657279253,0.6387090148698342,220,0,0.42105263157894735,False,False,False,False,True,True,False
qwen3_8b,test,20705401,generation_2,19,2,0.0250909067690372,0.8127158827295429,246,0,0.10526315789473684,False,False,True,True,True,True,True
qwen3_8b,test,20705401,generation_3,19,6,0.0172516349703073,0.6507345484079499,180,0,0.3157894736842105,False,False,False,True,True,True,False
qwen3_8b,test,20709368,generation_1,4,2,0.0094080464914441,0.5036724417004734,164,0,0.5,False,False,False,False,True,True,False
qwen3_8b,test,20709368,generation_2,4,2,0.0162791647017002,0.5062001170590519,132,0,0.5,False,False,False,False,True,True,False
qwen3_8b,test,20709368,generation_3,4,2,0.0105535667389631,0.5050553344190121,165,0,0.5,False,False,False,False,True,True,False
qwen3_8b,test,21126715,generation_1,4,0,0.9938404560089112,0.9953303188085556,198,0,0.0,True,True,True,True,True,True,True
qwen3_8b,test,21126715,generation_2,4,0,0.9564334154129028,0.9752447307109833,161,0,0.0,True,True,True,True,True,True,True
qwen3_8b,test,21126715,generation_3,4,0,0.9937654733657836,0.9956392943859099,166,0,0.0,True,True,True,True,True,True,True
qwen3_8b,test,21219851,generation_1,4,3,0.0066303191706538,0.25594947091303766,164,0,0.75,False,False,False,False,False,True,False
qwen3_8b,test,21219851,generation_2,4,3,0.0010694991797208,0.25031166427652346,135,0,0.75,False,False,False,False,False,True,False
qwen3_8b,test,21219851,generation_3,4,3,0.0001810925023164,0.2493783296195033,146,0,0.75,False,False,False,False,False,True,False
qwen3_8b,test,21405999,generation_1,14,6,0.0006656110053882,0.5678144385081915,242,1,0.42857142857142855,False,False,False,False,True,True,False
qwen3_8b,test,21405999,generation_2,14,6,0.0005335132591426,0.5639204315417113,215,1,0.42857142857142855,False,False,False,False,True,True,False
qwen3_8b,test,21405999,generation_3,14,6,0.000834429229144,0.5697408651010066,210,1,0.42857142857142855,False,False,False,False,True,True,False
qwen3_8b,test,21684788,generation_1,4,0,0.9745076894760132,0.9897594600915908,125,0,0.0,True,True,True,True,True,True,True
qwen3_8b,test,21684788,generation_2,4,0,0.9350509643554688,0.9801632016897202,167,0,0.0,True,True,True,True,True,True,True
qwen3_8b,test,21684788,generation_3,4,0,0.9939245581626892,0.9956244379281998,135,0,0.0,True,True,True,True,True,True,True
qwen3_8b,test,21750150,generation_1,8,4,0.0188077874481678,0.5140025254804641,191,0,0.5,False,False,False,False,True,True,False
qwen3_8b,test,21750150,generation_2,8,4,0.0040113981813192,0.49556340428534895,212,0,0.5,False,False,False,False,True,True,False
qwen3_8b,test,21750150,generation_3,8,2,0.0047209630720317,0.7594519042759202,186,0,0.25,False,False,False,True,True,True,False
qwen3_8b,test,21879313,generation_1,20,11,0.0004083912645,0.488321415464452,228,1,0.55,False,False,False,False,False,True,False
qwen3_8b,test,21879313,generation_2,20,7,0.0004714066744782,0.6726825165125774,278,1,0.35,False,False,False,False,True,True,False
qwen3_8b,test,21879313,generation_3,20,7,0.0003850161156151,0.67387898228626,233,1,0.35,False,False,False,False,True,True,False
qwen3_8b,test,21976953,generation_1,1,0,0.9963167905807496,0.9963167905807496,163,0,0.0,True,True,True,True,True,True,True
qwen3_8b,test,21976953,generation_2,1,0,0.9963294863700868,0.9963294863700868,129,0,0.0,True,True,True,True,True,True,True
qwen3_8b,test,21976953,generation_3,1,0,0.9962366223335266,0.9962366223335266,182,0,0.0,True,True,True,True,True,True,True
qwen3_8b,test,22369755,generation_1,32,24,0.0007884653750807,0.2532762463888502,230,0,0.75,False,False,False,False,False,True,False
qwen3_8b,test,22369755,generation_2,32,23,0.0002068506000796,0.28195301154710245,263,0,0.71875,False,False,False,False,False,True,False
qwen3_8b,test,22369755,generation_3,32,22,0.0002394691837253,0.31059074738777775,277,0,0.6875,False,False,False,False,False,True,False
qwen3_8b,test,22729903,generation_1,6,1,0.0006045209593139,0.8229821342101786,186,0,0.16666666666666666,False,False,True,True,True,True,False
qwen3_8b,test,22729903,generation_2,6,0,0.95042222738266,0.9863918920358022,164,0,0.0,True,True,True,True,True,True,True
qwen3_8b,test,22729903,generation_3,6,1,0.0008411621674895,0.8235568539239466,202,0,0.16666666666666666,False,False,True,True,True,True,False
qwen3_8b,test,23069675,generation_1,15,10,0.0002608981449156,0.3435130239095694,234,0,0.6666666666666666,False,False,False,False,False,True,False
qwen3_8b,test,23069675,generation_2,15,10,0.0002246537915198,0.3341723681194707,237,0,0.6666666666666666,False,False,False,False,False,True,False
qwen3_8b,test,23069675,generation_3,15,10,0.0002727704995777,0.3491154894640204,211,0,0.6666666666666666,False,False,False,False,False,True,False
qwen3_8b,test,24114426,generation_1,4,0,0.980269491672516,0.9810091555118561,171,0,0.0,True,True,True,True,True,True,True
qwen3_8b,test,24114426,generation_2,4,0,0.9825305342674256,0.9829565435647964,220,0,0.0,True,True,True,True,True,True,True
qwen3_8b,test,24114426,generation_3,4,0,0.9815770983695984,0.9817159473896026,182,0,0.0,True,True,True,True,True,True,True
qwen3_8b,test,24442316,generation_1,21,8,0.0010478520998731,0.6028562937142505,285,0,0.38095238095238093,False,False,False,False,True,True,False
qwen3_8b,test,24442316,generation_2,21,9,0.0002257290616398,0.5691287504790429,247,0,0.42857142857142855,False,False,False,False,True,True,False
qwen3_8b,test,24442316,generation_3,21,10,0.0001838478201534,0.5131124394538347,246,0,0.47619047619047616,False,False,False,False,True,True,False
qwen3_8b,test,24671324,generation_1,9,2,0.0030133575201034,0.7250108779925439,184,3,0.2222222222222222,False,False,False,True,True,True,False
qwen3_8b,test,24671324,generation_2,9,4,0.0068954308517277,0.5674865043515133,157,3,0.4444444444444444,False,False,False,False,True,True,False
qwen3_8b,test,24671324,generation_3,9,4,0.0024936303962022,0.5632209768777506,279,3,0.4444444444444444,False,False,False,False,True,True,False
qwen3_8b,test,24717468,generation_1,4,1,0.1249388307332992,0.7600837610661983,152,1,0.25,False,False,False,True,True,True,False
qwen3_8b,test,24717468,generation_2,4,0,0.9807693958282472,0.981286957859993,270,1,0.0,True,True,True,True,True,True,True
qwen3_8b,test,24717468,generation_3,4,0,0.9795435070991516,0.9800676852464676,188,1,0.0,True,True,True,True,True,True,True
qwen3_8b,test,24739405,generation_1,5,0,0.7194548845291138,0.8858866095542908,192,1,0.0,True,True,True,True,True,True,True
qwen3_8b,test,24739405,generation_2,5,0,0.8570001721382141,0.9585158348083496,185,1,0.0,True,True,True,True,True,True,True
qwen3_8b,test,24739405,generation_3,5,1,0.0981569215655326,0.7541617736220358,167,1,0.2,False,False,True,True,True,True,False
qwen3_8b,test,24840785,generation_1,8,1,0.0064901942387223,0.7561293273465708,267,0,0.125,False,False,True,True,True,True,False
qwen3_8b,test,24840785,generation_2,8,2,0.0041730906814336,0.7327163489535451,225,0,0.25,False,False,False,True,True,True,False
qwen3_8b,test,24840785,generation_3,8,3,0.0022032125853002,0.599595759762451,276,0,0.375,False,False,False,False,True,True,False
qwen3_8b,test,2491010,generation_1,1,1,0.2351846098899841,0.2351846098899841,160,0,1.0,False,False,False,False,False,True,False
qwen3_8b,test,2491010,generation_2,1,1,0.0083345081657171,0.0083345081657171,235,0,1.0,False,False,False,False,False,True,False
qwen3_8b,test,2491010,generation_3,1,1,0.028405986726284,0.028405986726284,156,0,1.0,False,False,False,False,False,True,False
qwen3_8b,test,25006961,generation_1,12,10,0.0006891697412356,0.26044217734791647,231,0,0.8333333333333334,False,False,False,False,False,True,False
qwen3_8b,test,25006961,generation_2,12,8,0.0012424646411091,0.3118734589661471,250,0,0.6666666666666666,False,False,False,False,False,True,False
qwen3_8b,test,25006961,generation_3,12,9,0.0002787141129374,0.2968198611755118,225,0,0.75,False,False,False,False,False,True,False
qwen3_8b,test,25277705,generation_1,45,41,0.0002193711261497,0.09340705702812147,307,0,0.9111111111111111,False,False,False,False,False,True,False
qwen3_8b,test,25277705,generation_2,45,40,0.0001913873129524,0.13626019285519655,351,0,0.8888888888888888,False,False,False,False,False,True,False
qwen3_8b,test,25277705,generation_3,45,40,0.0002213207626482,0.11319038069858729,300,0,0.8888888888888888,False,False,False,False,False,True,False
qwen3_8b,test,25874935,generation_1,10,8,0.0001797732838895,0.19003295569273174,299,0,0.8,False,False,False,False,False,True,False
qwen3_8b,test,25874935,generation_2,10,9,0.0002876079815905,0.15256098975951313,218,0,0.9,False,False,False,False,False,True,False
qwen3_8b,test,25874935,generation_3,10,9,0.0001830046676332,0.14922501944092798,248,0,0.9,False,False,False,False,False,True,False
qwen3_8b,test,26110643,generation_1,23,9,0.0001915735629154,0.6093470076302765,267,0,0.391304347826087,False,False,False,False,True,True,False
qwen3_8b,test,26110643,generation_2,23,9,0.0003498602600302,0.6114655625791309,273,0,0.391304347826087,False,False,False,False,True,True,False
qwen3_8b,test,26110643,generation_3,23,9,0.0002003303088713,0.6080811170844675,246,0,0.391304347826087,False,False,False,False,True,True,False
qwen3_8b,test,26449539,generation_1,41,30,0.0001746903435559,0.28585166142537916,253,0,0.7317073170731707,False,False,False,False,False,True,False
qwen3_8b,test,26449539,generation_2,41,25,0.0001797307631932,0.35257194276292886,265,0,0.6097560975609756,False,False,False,False,False,True,False
qwen3_8b,test,26449539,generation_3,41,30,0.0001828562235459,0.26714167939555805,264,0,0.7317073170731707,False,False,False,False,False,True,False
qwen3_8b,test,26615423,generation_1,6,4,0.004929962567985,0.3344578989005336,189,0,0.6666666666666666,False,False,False,False,False,True,False
qwen3_8b,test,26615423,generation_2,6,2,0.0123599832877516,0.6349407439120114,146,0,0.3333333333333333,False,False,False,False,True,True,False
qwen3_8b,test,26615423,generation_3,6,4,0.0059704002924263,0.3443678717594594,182,0,0.6666666666666666,False,False,False,False,False,True,False
qwen3_8b,test,26847345,generation_1,11,7,0.001550109591335,0.3673525106542828,185,0,0.6363636363636364,False,False,False,False,False,True,False
qwen3_8b,test,26847345,generation_2,11,7,0.0088200373575091,0.398934170349755,151,0,0.6363636363636364,False,False,False,False,False,True,False
qwen3_8b,test,26847345,generation_3,11,5,0.0223955437541008,0.6150119423188947,201,0,0.45454545454545453,False,False,False,False,True,True,False
qwen3_8b,test,26900322,generation_1,5,2,0.0046213422901928,0.600420921575278,134,0,0.4,False,False,False,False,True,True,False
qwen3_8b,test,26900322,generation_2,5,2,0.0044328854419291,0.6021463015116751,173,0,0.4,False,False,False,False,True,True,False
qwen3_8b,test,26900322,generation_3,5,2,0.0043343883007764,0.5994840726256371,193,0,0.4,False,False,False,False,True,True,False
qwen3_8b,test,26937641,generation_1,107,103,0.0001723201276035,0.03733372918839309,224,0,0.9626168224299065,False,False,False,False,False,True,False
qwen3_8b,test,26937641,generation_2,107,103,0.0001752064708853,0.03732686602074221,184,0,0.9626168224299065,False,False,False,False,False,True,False
qwen3_8b,test,26937641,generation_3,107,103,0.0001727188937366,0.03732905818993182,278,0,0.9626168224299065,False,False,False,False,False,True,False
qwen3_8b,test,26991973,generation_1,3,3,0.0081146704033017,0.023219711768130435,179,1,1.0,False,False,False,False,False,True,False
qwen3_8b,test,26991973,generation_2,3,3,0.0008085638983175,0.015130662941373834,170,1,1.0,False,False,False,False,False,True,False
qwen3_8b,test,26991973,generation_3,3,3,0.0073305983096361,0.10585569341977434,169,1,1.0,False,False,False,False,False,True,False
qwen3_8b,test,27384305,generation_1,11,7,0.0002160484582418,0.4138478623314189,245,0,0.6363636363636364,False,False,False,False,False,True,False
qwen3_8b,test,27384305,generation_2,11,4,0.0006790984771214,0.6236020317883231,312,0,0.36363636363636365,False,False,False,False,True,True,False
qwen3_8b,test,27384305,generation_3,11,5,0.0006471012020483,0.5210279616294429,292,0,0.45454545454545453,False,False,False,False,True,True,False
qwen3_8b,test,27464336,generation_1,14,5,0.0139912012964487,0.5147653071741972,234,0,0.35714285714285715,False,False,False,False,True,True,False
qwen3_8b,test,27464336,generation_2,14,5,0.0035124977584928,0.6595204214266103,225,0,0.35714285714285715,False,False,False,False,True,True,False
qwen3_8b,test,27464336,generation_3,14,11,0.0035363549832254,0.22996954491827634,222,0,0.7857142857142857,False,False,False,False,False,True,False
qwen3_8b,test,27798239,generation_1,15,3,0.0709068104624748,0.7638130560517311,229,0,0.2,False,False,True,True,True,True,False
qwen3_8b,test,27798239,generation_2,15,3,0.0136231807991862,0.8130597829818725,230,0,0.2,False,False,True,True,True,True,False
qwen3_8b,test,27798239,generation_3,15,4,0.0066475416533648,0.7284790367819369,227,0,0.26666666666666666,False,False,False,True,True,True,False
qwen3_8b,test,27959387,generation_1,31,12,0.0005344931269064,0.5785680114884951,244,0,0.3870967741935484,False,False,False,False,True,True,False
qwen3_8b,test,27959387,generation_2,31,21,0.000220079862629,0.35775295648894706,233,0,0.6774193548387096,False,False,False,False,False,True,False
qwen3_8b,test,27959387,generation_3,31,19,0.0002016018552239,0.3736705136637488,315,0,0.6129032258064516,False,False,False,False,False,True,False
qwen3_8b,test,27993978,generation_1,5,3,0.0002608009090181,0.27049723511445334,149,0,0.6,False,False,False,False,False,True,False
qwen3_8b,test,27993978,generation_2,5,3,0.0002848466101568,0.4176487674412782,220,0,0.6,False,False,False,False,False,True,False
qwen3_8b,test,27993978,generation_3,5,1,0.00379020255059,0.7702007656916976,174,0,0.2,False,False,True,True,True,True,False
qwen3_8b,test,28068934,generation_1,4,0,0.9481263160705566,0.9747593700885773,116,0,0.0,True,True,True,True,True,True,True
qwen3_8b,test,28068934,generation_2,4,0,0.9923937320709229,0.9937417358160019,237,0,0.0,True,True,True,True,True,True,True
qwen3_8b,test,28068934,generation_3,4,0,0.9420168399810792,0.9735693037509918,163,0,0.0,True,True,True,True,True,True,True
qwen3_8b,test,28481876,generation_1,7,2,0.0003471767995506,0.7038098988040085,220,1,0.2857142857142857,False,False,False,True,True,True,False
qwen3_8b,test,28481876,generation_2,7,2,0.0005518905236385,0.7099113105962586,232,1,0.2857142857142857,False,False,False,True,True,True,False
qwen3_8b,test,28481876,generation_3,7,1,0.0013522743247449,0.836184360286487,246,1,0.14285714285714285,False,False,True,True,True,True,False
qwen3_8b,test,28684635,generation_1,8,2,0.0071017048321664,0.6670567851397209,173,0,0.25,False,False,False,True,True,True,False
qwen3_8b,test,28684635,generation_2,8,4,0.0004643622087314,0.5326172694476554,206,0,0.5,False,False,False,False,True,True,False
qwen3_8b,test,28684635,generation_3,8,3,0.0029634668026119,0.6195444152399432,247,0,0.375,False,False,False,False,True,True,False
qwen3_8b,test,28846666,generation_1,43,17,0.0002156944538,0.6121069094596625,286,0,0.3953488372093023,False,False,False,False,True,True,False
qwen3_8b,test,28846666,generation_2,43,15,0.0001981267851078,0.6325954856174364,272,0,0.3488372093023256,False,False,False,False,True,True,False
qwen3_8b,test,28846666,generation_3,43,17,0.0002002164983423,0.5859939334474147,266,0,0.3953488372093023,False,False,False,False,True,True,False
qwen3_8b,test,8829135,generation_1,8,3,0.0339053496718406,0.6413374235853553,222,4,0.375,False,False,False,False,True,True,False
qwen3_8b,test,8829135,generation_2,8,1,0.0678251981735229,0.8591039553284644,197,4,0.125,False,False,True,True,True,True,False
qwen3_8b,test,8829135,generation_3,8,0,0.9159979224205016,0.9667603373527527,225,4,0.0,True,True,True,True,True,True,True
qwen3_8b,test,9672936,generation_1,2,1,0.0082917865365743,0.4977797297760843,145,0,0.5,False,False,False,False,True,True,False
qwen3_8b,test,9672936,generation_2,2,1,0.0085545731708407,0.498238769825548,168,0,0.5,False,False,False,False,True,True,False
qwen3_8b,test,9672936,generation_3,2,1,0.0062546883709728,0.4975101428572088,268,0,0.5,False,False,False,False,True,True,False
qwen3_8b,train,10491763,generation_1,3,0,0.9511496424674988,0.9766359726587931,196,0,0.0,True,True,True,True,True,True,True
qwen3_8b,train,10491763,generation_2,3,0,0.937836527824402,0.973194936911265,175,0,0.0,True,True,True,True,True,True,True
qwen3_8b,train,10491763,generation_3,3,0,0.9186764359474182,0.9642954667409261,164,0,0.0,True,True,True,True,True,True,True
qwen3_8b,train,10788334,generation_1,8,3,0.0055371364578604,0.6185875051887706,289,0,0.375,False,False,False,False,True,True,False
qwen3_8b,train,10788334,generation_2,8,3,0.0066051944158971,0.6232044554199092,194,0,0.375,False,False,False,False,True,True,False
qwen3_8b,train,10788334,generation_3,8,1,0.0133350938558578,0.8319478388875723,199,0,0.125,False,False,True,True,True,True,False
qwen3_8b,train,11009181,generation_1,4,0,0.9704684615135192,0.9807225912809372,146,0,0.0,True,True,True,True,True,True,True
qwen3_8b,train,11009181,generation_2,4,0,0.9764176607131958,0.9822350293397902,156,0,0.0,True,True,True,True,True,True,True
qwen3_8b,train,11009181,generation_3,4,0,0.9369266629219056,0.9664424955844879,159,0,0.0,True,True,True,True,True,True,True
qwen3_8b,train,11054569,generation_1,5,0,0.9826992750167848,0.9864860057830811,135,0,0.0,True,True,True,True,True,True,True
qwen3_8b,train,11054569,generation_2,5,0,0.9416067600250244,0.9744806289672852,146,0,0.0,True,True,True,True,True,True,True
qwen3_8b,train,11054569,generation_3,5,0,0.5699076652526855,0.8448328852653504,140,0,0.0,True,True,True,True,True,True,True
qwen3_8b,train,11773892,generation_1,6,2,0.0526864789426326,0.6990460647890965,281,0,0.3333333333333333,False,False,False,False,True,True,False
qwen3_8b,train,11773892,generation_2,6,1,0.2163000255823135,0.8177101040879885,236,0,0.16666666666666666,False,False,True,True,True,True,False
qwen3_8b,train,11773892,generation_3,6,2,0.0315197557210922,0.640817062308391,280,0,0.3333333333333333,False,False,False,False,True,True,False
qwen3_8b,train,12442272,generation_1,2,0,0.9701488018035888,0.9817771911621094,154,0,0.0,True,True,True,True,True,True,True
qwen3_8b,train,12442272,generation_2,2,0,0.7572583556175232,0.8764409422874451,158,0,0.0,True,True,True,True,True,True,True
qwen3_8b,train,12442272,generation_3,2,1,0.029131107032299,0.5123943351209163,171,0,0.5,False,False,False,False,True,True,False
qwen3_8b,train,1353340,generation_1,2,1,0.0028892043046653,0.49954118742607534,169,0,0.5,False,False,False,False,True,True,False
qwen3_8b,train,1353340,generation_2,2,1,0.0040582539513707,0.49993637809529895,205,0,0.5,False,False,False,False,True,True,False
qwen3_8b,train,1353340,generation_3,2,1,0.0017476644134148,0.49891713092802087,216,0,0.5,False,False,False,False,True,True,False
qwen3_8b,train,14722929,generation_1,1,0,0.9948933124542236,0.9948933124542236,167,0,0.0,True,True,True,True,True,True,True
qwen3_8b,train,14722929,generation_2,1,0,0.996121108531952,0.996121108531952,161,0,0.0,True,True,True,True,True,True,True
qwen3_8b,train,14722929,generation_3,1,0,0.9963954091072084,0.9963954091072084,176,0,0.0,True,True,True,True,True,True,True
qwen3_8b,train,15033202,generation_1,1,0,0.997538924217224,0.997538924217224,145,0,0.0,True,True,True,True,True,True,True
qwen3_8b,train,15033202,generation_2,1,0,0.9974677562713624,0.9974677562713624,145,0,0.0,True,True,True,True,True,True,True
qwen3_8b,train,15033202,generation_3,1,0,0.9974752068519592,0.9974752068519592,154,0,0.0,True,True,True,True,True,True,True
qwen3_8b,train,15042318,generation_1,5,3,0.0015007961774244,0.3966886720852926,183,0,0.6,False,False,False,False,False,True,False
qwen3_8b,train,15042318,generation_2,5,3,0.0002536441606935,0.39331176791456524,173,0,0.6,False,False,False,False,False,True,False
qwen3_8b,train,15042318,generation_3,5,3,0.000386834697565,0.3929779465950559,217,0,0.6,False,False,False,False,False,True,False
qwen3_8b,train,15064320,generation_1,3,0,0.989784061908722,0.9938002030054728,179,0,0.0,True,True,True,True,True,True,True
qwen3_8b,train,15064320,generation_2,3,0,0.9877013564109802,0.9929734071095785,255,0,0.0,True,True,True,True,True,True,True
qwen3_8b,train,15064320,generation_3,3,0,0.944784700870514,0.97721399863561,226,0,0.0,True,True,True,True,True,True,True
qwen3_8b,train,15075188,generation_1,19,3,0.0348871797323226,0.8339019425605473,251,0,0.15789473684210525,False,False,True,True,True,True,False
qwen3_8b,train,15075188,generation_2,19,4,0.0050223795697093,0.8039623492544419,215,0,0.21052631578947367,False,False,False,True,True,True,False
qwen3_8b,train,15075188,generation_3,19,5,0.0006658310885541,0.6900588833500239,213,0,0.2631578947368421,False,False,False,True,True,True,False
qwen3_8b,train,15099351,generation_1,6,2,0.0166551973670721,0.669722561724484,135,0,0.3333333333333333,False,False,False,False,True,True,False
qwen3_8b,train,15099351,generation_2,6,2,0.010558545589447,0.6647408441640437,199,0,0.3333333333333333,False,False,False,False,True,True,False
qwen3_8b,train,15099351,generation_3,6,3,0.00683832494542,0.5203472874903431,216,0,0.5,False,False,False,False,True,True,False
qwen3_8b,train,15122708,generation_1,6,0,0.9940780401229858,0.9958483080069224,203,0,0.0,True,True,True,True,True,True,True
qwen3_8b,train,15122708,generation_2,6,0,0.9955494403839112,0.9963889122009277,226,0,0.0,True,True,True,True,True,True,True
qwen3_8b,train,15122708,generation_3,6,0,0.9931188821792604,0.9946306844552358,164,0,0.0,True,True,True,True,True,True,True
qwen3_8b,train,15122711,generation_1,9,1,0.0148147484287619,0.8547883446638783,162,0,0.1111111111111111,False,False,True,True,True,True,True
qwen3_8b,train,15122711,generation_2,9,0,0.5441515445709229,0.9390117658509148,237,0,0.0,True,True,True,True,True,True,True
qwen3_8b,train,15122711,generation_3,9,0,0.8691571950912476,0.9806527892748514,226,0,0.0,True,True,True,True,True,True,True
qwen3_8b,train,15145918,generation_1,16,3,0.0159675795584917,0.8137222883524373,233,0,0.1875,False,False,True,True,True,True,False
qwen3_8b,train,15145918,generation_2,16,4,0.0136308064684271,0.7283509660628624,255,0,0.25,False,False,False,True,True,True,False
qwen3_8b,train,15145918,generation_3,16,5,0.0223567485809326,0.71223452873528,263,0,0.3125,False,False,False,True,True,True,False
qwen3_8b,train,15177686,generation_1,1,1,0.0003165105299558,0.0003165105299558,163,0,1.0,False,False,False,False,False,True,False
qwen3_8b,train,15177686,generation_2,1,1,0.0002217632863903,0.0002217632863903,167,0,1.0,False,False,False,False,False,True,False
qwen3_8b,train,15177686,generation_3,1,1,0.0002041067782556,0.0002041067782556,195,0,1.0,False,False,False,False,False,True,False
qwen3_8b,train,15184369,generation_1,4,2,0.0090239457786083,0.46207904536277056,161,0,0.5,False,False,False,False,True,True,False
qwen3_8b,train,15184369,generation_2,4,3,0.0084702121093869,0.258877282962203,177,0,0.75,False,False,False,False,False,True,False
qwen3_8b,train,15184369,generation_3,4,3,0.0014973218785598,0.24778453950420948,144,0,0.75,False,False,False,False,False,True,False
qwen3_8b,train,15188772,generation_1,4,1,0.0153726944699883,0.7374355199281126,160,0,0.25,False,False,False,True,True,True,False
qwen3_8b,train,15188772,generation_2,4,1,0.0703902319073677,0.7530784625560045,247,0,0.25,False,False,False,True,True,True,False
qwen3_8b,train,15188772,generation_3,4,2,0.0321545600891113,0.5180199164897203,154,0,0.5,False,False,False,False,True,True,False
qwen3_8b,train,15191352,generation_1,6,1,0.3914001882076263,0.8929492980241776,199,0,0.16666666666666666,False,False,True,True,True,True,False
qwen3_8b,train,15191352,generation_2,6,2,0.0009923054603859,0.7131829373344468,141,0,0.3333333333333333,False,False,False,False,True,True,False
qwen3_8b,train,15191352,generation_3,6,1,0.0021066605113446,0.7960956285241991,172,0,0.16666666666666666,False,False,True,True,True,True,False
qwen3_8b,train,15198485,generation_1,4,0,0.9689745306968688,0.9862953871488571,153,0,0.0,True,True,True,True,True,True,True
qwen3_8b,train,15198485,generation_2,4,0,0.9636817574501038,0.9845152795314789,227,0,0.0,True,True,True,True,True,True,True
qwen3_8b,train,15198485,generation_3,4,0,0.95717191696167,0.9827130138874055,172,0,0.0,True,True,True,True,True,True,True
qwen3_8b,train,15200408,generation_1,6,0,0.9932976365089417,0.9948646624883016,162,0,0.0,True,True,True,True,True,True,True
qwen3_8b,train,15200408,generation_2,6,0,0.9874665141105652,0.993291954199473,241,0,0.0,True,True,True,True,True,True,True
qwen3_8b,train,15200408,generation_3,6,0,0.981995701789856,0.9931665857632955,182,0,0.0,True,True,True,True,True,True,True
qwen3_8b,train,15241482,generation_1,2,0,0.9930511713027954,0.9953059554100037,152,0,0.0,True,True,True,True,True,True,True
qwen3_8b,train,15241482,generation_2,2,0,0.9936187267303468,0.9957410991191864,187,0,0.0,True,True,True,True,True,True,True
qwen3_8b,train,15241482,generation_3,2,0,0.9934705495834352,0.9947032928466798,208,0,0.0,True,True,True,True,True,True,True
qwen3_8b,train,15266215,generation_1,5,1,0.0713427066802978,0.8016291260719299,223,1,0.2,False,False,True,True,True,True,False
qwen3_8b,train,15266215,generation_2,5,1,0.0023659246508032,0.7878812149632722,191,1,0.2,False,False,True,True,True,True,False
qwen3_8b,train,15266215,generation_3,5,1,0.0853701904416084,0.8038493409752846,246,1,0.2,False,False,True,True,True,True,False
qwen3_8b,train,15278670,generation_1,8,4,0.0050897733308374,0.4299834272242151,190,0,0.5,False,False,False,False,True,True,False
qwen3_8b,train,15278670,generation_2,8,4,0.0029674666002392,0.5396440992481075,246,0,0.5,False,False,False,False,True,True,False
qwen3_8b,train,15278670,generation_3,8,6,0.0005657488945871,0.3317557406553533,165,0,0.75,False,False,False,False,False,True,False
qwen3_8b,train,15459183,generation_1,6,1,0.0132209109142422,0.8295286802264551,173,0,0.16666666666666666,False,False,True,True,True,True,False
qwen3_8b,train,15459183,generation_2,6,1,0.0264727156609296,0.8327976611132423,195,0,0.16666666666666666,False,False,True,True,True,True,False
qwen3_8b,train,15459183,generation_3,6,1,0.2035633474588394,0.8528361842036247,176,0,0.16666666666666666,False,False,True,True,True,True,False
qwen3_8b,train,15523499,generation_1,12,6,0.000639951787889,0.501442066549013,185,0,0.5,False,False,False,False,True,True,False
qwen3_8b,train,15523499,generation_2,12,6,0.0017947006272152,0.5011472358989219,126,0,0.5,False,False,False,False,True,True,False
qwen3_8b,train,15523499,generation_3,12,9,0.0003252475871704,0.25754103172221215,179,0,0.75,False,False,False,False,False,True,False
qwen3_8b,train,15599941,generation_1,4,0,0.991664707660675,0.9946783185005188,146,0,0.0,True,True,True,True,True,True,True
qwen3_8b,train,15599941,generation_2,4,0,0.9912739396095276,0.9942550361156464,134,0,0.0,True,True,True,True,True,True,True
qwen3_8b,train,15599941,generation_3,4,0,0.9806389212608336,0.9918933510780333,216,0,0.0,True,True,True,True,True,True,True
qwen3_8b,train,15602202,generation_1,4,0,0.8496493101119995,0.9393944144248962,175,0,0.0,True,True,True,True,True,True,True
qwen3_8b,train,15602202,generation_2,4,1,0.1167294681072235,0.764698751270771,190,0,0.25,False,False,False,True,True,True,False
qwen3_8b,train,15602202,generation_3,4,0,0.8999189734458923,0.9609354734420776,207,0,0.0,True,True,True,True,True,True,True
qwen3_8b,train,15609295,generation_1,5,0,0.9705272912979126,0.9901285886764526,248,3,0.0,True,True,True,True,True,True,True
qwen3_8b,train,15609295,generation_2,5,1,0.3037668168544769,0.8562841355800629,219,3,0.2,False,False,True,True,True,True,False
qwen3_8b,train,15609295,generation_3,5,0,0.9522272944450378,0.985753309726715,224,3,0.0,True,True,True,True,True,True,True
qwen3_8b,train,15614572,generation_1,15,1,0.0413818210363388,0.9088393876949946,204,0,0.06666666666666667,False,True,True,True,True,True,True
qwen3_8b,train,15614572,generation_2,15,2,0.0398437902331352,0.8548480813701947,241,0,0.13333333333333333,False,False,True,True,True,True,True
qwen3_8b,train,15614572,generation_3,15,1,0.0529766306281089,0.9196454659104347,276,0,0.06666666666666667,False,True,True,True,True,True,True
qwen3_8b,train,15623763,generation_1,11,4,0.0042750085704028,0.6336999149908397,197,0,0.36363636363636365,False,False,False,False,True,True,False
qwen3_8b,train,15623763,generation_2,11,2,0.0801130458712577,0.7488532201810316,274,0,0.18181818181818182,False,False,True,True,True,True,False
qwen3_8b,train,15623763,generation_3,11,2,0.0024950443767011,0.8131808977658775,225,0,0.18181818181818182,False,False,True,True,True,True,False
qwen3_8b,train,15630069,generation_1,14,4,0.0133007252588868,0.7264576523032572,250,3,0.2857142857142857,False,False,False,True,True,True,False
qwen3_8b,train,15630069,generation_2,14,4,0.0213837791234254,0.7410448539469924,282,3,0.2857142857142857,False,False,False,True,True,True,False
qwen3_8b,train,15630069,generation_3,14,7,0.0050360080786049,0.4906194984713303,251,3,0.5,False,False,False,False,True,True,False
qwen3_8b,train,15649253,generation_1,4,0,0.7464121580123901,0.9321175366640091,161,0,0.0,True,True,True,True,True,True,True
qwen3_8b,train,15649253,generation_2,4,2,0.0057778107002377,0.4878954922314732,172,0,0.5,False,False,False,False,True,True,False
qwen3_8b,train,15649253,generation_3,4,2,0.2143994569778442,0.6392490640282631,132,0,0.5,False,False,False,False,True,True,False
qwen3_8b,train,15686794,generation_1,3,0,0.661812424659729,0.8550770084063212,289,0,0.0,True,True,True,True,True,True,True
qwen3_8b,train,15686794,generation_2,3,0,0.9026861190795898,0.9547938505808512,170,0,0.0,True,True,True,True,True,True,True
qwen3_8b,train,15686794,generation_3,3,1,0.3928635716438293,0.7845308780670166,303,0,0.3333333333333333,False,False,False,False,True,True,False
qwen3_8b,train,15748645,generation_1,3,1,0.0377215258777141,0.6258773443599542,151,0,0.3333333333333333,False,False,False,False,True,True,False
qwen3_8b,train,15748645,generation_2,3,3,0.0117358434945344,0.13060927453140414,164,0,1.0,False,False,False,False,False,True,False
qwen3_8b,train,15748645,generation_3,3,2,0.0105860596522688,0.28664698296537,178,0,0.6666666666666666,False,False,False,False,False,True,False
qwen3_8b,train,15749661,generation_1,14,1,0.0044959033839404,0.9023597782943398,268,0,0.07142857142857142,False,True,True,True,True,True,True
qwen3_8b,train,15749661,generation_2,14,4,0.0008312834543175,0.6872172795410734,225,0,0.2857142857142857,False,False,False,True,True,True,False
qwen3_8b,train,15749661,generation_3,14,3,0.0002667404769454,0.779575682471789,271,0,0.21428571428571427,False,False,False,True,True,True,False
qwen3_8b,train,15755837,generation_1,5,0,0.9788432121276855,0.9847769856452941,224,0,0.0,True,True,True,True,True,True,True
qwen3_8b,train,15755837,generation_2,5,1,0.3592008650302887,0.8626026690006257,158,0,0.2,False,False,True,True,True,True,False
qwen3_8b,train,15755837,generation_3,5,0,0.9663385152816772,0.9821710109710693,190,0,0.0,True,True,True,True,True,True,True
qwen3_8b,train,15770495,generation_1,8,0,0.8619973063468933,0.973073422908783,151,0,0.0,True,True,True,True,True,True,True
qwen3_8b,train,15770495,generation_2,8,5,0.0606996566057205,0.388203052803874,136,0,0.625,False,False,False,False,False,True,False
qwen3_8b,train,15770495,generation_3,8,5,0.0353072807192802,0.4626118624582886,160,0,0.625,False,False,False,False,False,True,False
qwen3_8b,train,15807692,generation_1,1,0,0.991051435470581,0.991051435470581,161,0,0.0,True,True,True,True,True,True,True
qwen3_8b,train,15807692,generation_2,1,0,0.993777632713318,0.993777632713318,201,0,0.0,True,True,True,True,True,True,True
qwen3_8b,train,15807692,generation_3,1,0,0.9935182929039,0.9935182929039,134,0,0.0,True,True,True,True,True,True,True
qwen3_8b,train,15814629,generation_1,4,0,0.9924363493919371,0.9931789040565491,160,0,0.0,True,True,True,True,True,True,True
qwen3_8b,train,15814629,generation_2,4,0,0.920869767665863,0.9746493697166443,136,0,0.0,True,True,True,True,True,True,True
qwen3_8b,train,15814629,generation_3,4,0,0.9946314096450806,0.9953433871269225,237,0,0.0,True,True,True,True,True,True,True
qwen3_8b,train,15817013,generation_1,3,2,0.0214548241347074,0.35083990606168897,206,0,0.6666666666666666,False,False,False,False,False,True,False
qwen3_8b,train,15817013,generation_2,3,3,0.0087657747790217,0.07284928206354377,161,0,1.0,False,False,False,False,False,True,False
qwen3_8b,train,15817013,generation_3,3,2,0.007094862870872,0.30591661265740794,280,0,0.6666666666666666,False,False,False,False,False,True,False
qwen3_8b,train,15851735,generation_1,2,0,0.979170560836792,0.9880040287971497,192,0,0.0,True,True,True,True,True,True,True
qwen3_8b,train,15851735,generation_2,2,0,0.979911744594574,0.9886131882667542,147,0,0.0,True,True,True,True,True,True,True
qwen3_8b,train,15851735,generation_3,2,0,0.9771578311920166,0.9867883324623108,160,0,0.0,True,True,True,True,True,True,True
qwen3_8b,train,15858223,generation_1,9,7,0.0028883006889373,0.24762186863356161,244,0,0.7777777777777778,False,False,False,False,False,True,False
qwen3_8b,train,15858223,generation_2,9,7,0.0015648578992113,0.2954245388326752,242,0,0.7777777777777778,False,False,False,False,False,True,False
qwen3_8b,train,15858223,generation_3,9,7,0.003734586527571,0.2564799802946961,230,0,0.7777777777777778,False,False,False,False,False,True,False
qwen3_8b,train,15859361,generation_1,7,1,0.0028178966604173,0.8184675528401775,240,2,0.14285714285714285,False,False,True,True,True,True,False
qwen3_8b,train,15859361,generation_2,7,2,0.0005939538241364,0.7054181004558424,175,2,0.2857142857142857,False,False,False,True,True,True,False
qwen3_8b,train,15859361,generation_3,7,1,0.0002955110394395,0.8424669491609426,164,2,0.14285714285714285,False,False,True,True,True,True,False
qwen3_8b,train,15893386,generation_1,1,0,0.9820652604103088,0.9820652604103088,241,0,0.0,True,True,True,True,True,True,True
qwen3_8b,train,15893386,generation_2,1,0,0.9807631969451904,0.9807631969451904,233,0,0.0,True,True,True,True,True,True,True
qwen3_8b,train,15893386,generation_3,1,0,0.9810404181480408,0.9810404181480408,254,0,0.0,True,True,True,True,True,True,True
qwen3_8b,train,15897593,generation_1,21,0,0.9790894389152528,0.9828803539276123,294,2,0.0,True,True,True,True,True,True,True
qwen3_8b,train,15897593,generation_2,21,0,0.8092398047447205,0.9698181322642735,281,2,0.0,True,True,True,True,True,True,True
qwen3_8b,train,15897593,generation_3,21,0,0.946223258972168,0.9789436714989799,246,2,0.0,True,True,True,True,True,True,True
qwen3_8b,train,15957009,generation_1,12,5,0.0396880619227886,0.6172932373980681,262,0,0.4166666666666667,False,False,False,False,True,True,False
qwen3_8b,train,15957009,generation_2,12,6,0.0143700595945119,0.5308020886344215,229,0,0.5,False,False,False,False,True,True,False
qwen3_8b,train,15957009,generation_3,12,4,0.0075163091532886,0.6616615102393553,234,0,0.3333333333333333,False,False,False,False,True,True,False
qwen3_8b,train,15970799,generation_1,13,0,0.9840826392173768,0.9934367399949294,218,0,0.0,True,True,True,True,True,True,True
qwen3_8b,train,15970799,generation_2,13,0,0.9727852940559388,0.9919567750050471,247,0,0.0,True,True,True,True,True,True,True
qwen3_8b,train,15970799,generation_3,13,1,0.4269223213195801,0.9430201237018292,181,0,0.07692307692307693,False,True,True,True,True,True,True
qwen3_8b,train,15983230,generation_1,14,0,0.6385809779167175,0.9585019094603402,208,0,0.0,True,True,True,True,True,True,True
qwen3_8b,train,15983230,generation_2,14,2,0.0001926054537761,0.8706659094916956,258,0,0.14285714285714285,False,False,True,True,True,True,True
qwen3_8b,train,15983230,generation_3,14,2,0.1145403534173965,0.8875956269247192,259,0,0.14285714285714285,False,False,True,True,True,True,True
qwen3_8b,train,16001362,generation_1,4,0,0.9924252033233644,0.9949734061956406,167,0,0.0,True,True,True,True,True,True,True
qwen3_8b,train,16001362,generation_2,4,2,0.011490436270833,0.6207496230490506,218,0,0.5,False,False,False,False,True,True,False
qwen3_8b,train,16001362,generation_3,4,1,0.1202376782894134,0.7503921017050743,190,0,0.25,False,False,False,True,True,True,False
qwen3_8b,train,16005363,generation_1,1,0,0.995712161064148,0.995712161064148,155,0,0.0,True,True,True,True,True,True,True
qwen3_8b,train,16005363,generation_2,1,0,0.9961554408073424,0.9961554408073424,136,0,0.0,True,True,True,True,True,True,True
qwen3_8b,train,16005363,generation_3,1,0,0.9929929971694946,0.9929929971694946,215,0,0.0,True,True,True,True,True,True,True
qwen3_8b,train,16120104,generation_1,1,0,0.9925049543380736,0.9925049543380736,167,0,0.0,True,True,True,True,True,True,True
qwen3_8b,train,16120104,generation_2,1,0,0.9934707880020142,0.9934707880020142,174,0,0.0,True,True,True,True,True,True,True
qwen3_8b,train,16120104,generation_3,1,0,0.9942856431007384,0.9942856431007384,143,0,0.0,True,True,True,True,True,True,True
qwen3_8b,train,16157158,generation_1,2,0,0.9893752336502076,0.9918521344661713,161,0,0.0,True,True,True,True,True,True,True
qwen3_8b,train,16157158,generation_2,2,0,0.988467276096344,0.9915979504585266,159,0,0.0,True,True,True,True,True,True,True
qwen3_8b,train,16157158,generation_3,2,0,0.9908114671707152,0.9928126335144042,215,0,0.0,True,True,True,True,True,True,True
qwen3_8b,train,16158428,generation_1,3,0,0.9958336353302002,0.996616780757904,149,0,0.0,True,True,True,True,True,True,True
qwen3_8b,train,16158428,generation_2,3,0,0.9960387945175172,0.9966938694318136,164,0,0.0,True,True,True,True,True,True,True
qwen3_8b,train,16158428,generation_3,3,0,0.9961451292037964,0.9967332681020101,148,0,0.0,True,True,True,True,True,True,True
qwen3_8b,train,16160878,generation_1,7,2,0.0026964980643242,0.6961276785004884,152,0,0.2857142857142857,False,False,False,True,True,True,False
qwen3_8b,train,16160878,generation_2,7,1,0.0542359948158264,0.7952503561973572,170,0,0.14285714285714285,False,False,True,True,True,True,False
qwen3_8b,train,16160878,generation_3,7,1,0.2397903949022293,0.8235483786889485,155,0,0.14285714285714285,False,False,True,True,True,True,False
qwen3_8b,train,16167916,generation_1,7,2,0.0242382194846868,0.7016551648931844,162,0,0.2857142857142857,False,False,False,True,True,True,False
qwen3_8b,train,16167916,generation_2,7,4,0.0004559176450129,0.434158213349292,191,0,0.5714285714285714,False,False,False,False,False,True,False
qwen3_8b,train,16167916,generation_3,7,4,0.0007746503106318,0.4832976597411159,155,0,0.5714285714285714,False,False,False,False,False,True,False
qwen3_8b,train,16200390,generation_1,1,1,0.3979169428348541,0.3979169428348541,162,0,1.0,False,False,False,False,False,True,False
qwen3_8b,train,16200390,generation_2,1,0,0.5337216854095459,0.5337216854095459,141,0,0.0,True,True,True,True,True,True,True
qwen3_8b,train,16200390,generation_3,1,0,0.8753225207328796,0.8753225207328796,161,0,0.0,True,True,True,True,True,True,True
qwen3_8b,train,16288197,generation_1,10,2,0.0169436261057853,0.7974040204659104,175,0,0.2,False,False,True,True,True,True,False
qwen3_8b,train,16288197,generation_2,10,0,0.9738485813140868,0.9939790010452271,212,0,0.0,True,True,True,True,True,True,True
qwen3_8b,train,16288197,generation_3,10,1,0.0452597178518772,0.8935933772474527,235,0,0.1,False,True,True,True,True,True,True
qwen3_8b,train,16288199,generation_1,4,0,0.8572791218757629,0.9500716030597687,201,0,0.0,True,True,True,True,True,True,True
qwen3_8b,train,16288199,generation_2,4,0,0.9923264980316162,0.9927299171686172,177,0,0.0,True,True,True,True,True,True,True
qwen3_8b,train,16288199,generation_3,4,0,0.9891197681427002,0.9911628663539886,205,0,0.0,True,True,True,True,True,True,True
qwen3_8b,train,16309808,generation_1,6,2,0.0163346342742443,0.5932166986167431,256,1,0.3333333333333333,False,False,False,False,True,True,False
qwen3_8b,train,16309808,generation_2,6,5,0.0046446737833321,0.23346634558402,225,1,0.8333333333333334,False,False,False,False,False,True,False
qwen3_8b,train,16309808,generation_3,6,2,0.0132839204743504,0.6265354574037095,227,1,0.3333333333333333,False,False,False,False,True,True,False
qwen3_8b,train,16321363,generation_1,3,0,0.7370511293411255,0.8958959182103475,197,0,0.0,True,True,True,True,True,True,True
qwen3_8b,train,16321363,generation_2,3,0,0.7830631136894226,0.9088850418726603,154,0,0.0,True,True,True,True,True,True,True
qwen3_8b,train,16321363,generation_3,3,1,0.3346383273601532,0.7751701573530833,174,0,0.3333333333333333,False,False,False,False,True,True,False
qwen3_8b,train,16364460,generation_1,5,1,0.04496655985713,0.7877959690988063,169,0,0.2,False,False,True,True,True,True,False
qwen3_8b,train,16364460,generation_2,5,1,0.1326107531785965,0.8120416671037674,173,0,0.2,False,False,True,True,True,True,False
qwen3_8b,train,16364460,generation_3,5,1,0.0971362814307212,0.8062988564372062,200,0,0.2,False,False,True,True,True,True,False
qwen3_8b,train,16369751,generation_1,11,7,0.0013453579740598,0.3753072909206491,208,1,0.6363636363636364,False,False,False,False,False,True,False
qwen3_8b,train,16369751,generation_2,11,6,0.0112975304946303,0.46052750530229375,227,1,0.5454545454545454,False,False,False,False,False,True,False
qwen3_8b,train,16369751,generation_3,11,4,0.0077294395305216,0.6314910991032693,189,1,0.36363636363636365,False,False,False,False,True,True,False
qwen3_8b,train,16391785,generation_1,7,3,0.0003791513445321,0.5284832560615281,216,0,0.42857142857142855,False,False,False,False,True,True,False
qwen3_8b,train,16391785,generation_2,7,3,0.0010524131357669,0.5605059744058443,236,0,0.42857142857142855,False,False,False,False,True,True,False
qwen3_8b,train,16391785,generation_3,7,5,0.0012639883207157,0.29149360495752513,204,0,0.7142857142857143,False,False,False,False,False,True,False
qwen3_8b,train,16410744,generation_1,5,2,0.0325595326721668,0.6730312205851078,160,0,0.4,False,False,False,False,True,True,False
qwen3_8b,train,16410744,generation_2,5,1,0.0459613129496574,0.7357369408011436,162,0,0.2,False,False,True,True,True,True,False
qwen3_8b,train,16410744,generation_3,5,2,0.0740608870983123,0.6346072256565094,149,0,0.4,False,False,False,False,True,True,False
qwen3_8b,train,16412238,generation_1,5,2,0.0128642152994871,0.619987003132701,154,0,0.4,False,False,False,False,True,True,False
qwen3_8b,train,16412238,generation_2,5,1,0.0187884289771318,0.7980140272527934,182,0,0.2,False,False,True,True,True,True,False
qwen3_8b,train,16412238,generation_3,5,2,0.0198967214673757,0.6985774587839841,159,0,0.4,False,False,False,False,True,True,False
qwen3_8b,train,16418600,generation_1,1,0,0.9959279894828796,0.9959279894828796,110,0,0.0,True,True,True,True,True,True,True
qwen3_8b,train,16418600,generation_2,1,0,0.988952100276947,0.988952100276947,150,0,0.0,True,True,True,True,True,True,True
qwen3_8b,train,16418600,generation_3,1,0,0.9972123503684998,0.9972123503684998,178,0,0.0,True,True,True,True,True,True,True
qwen3_8b,train,16506214,generation_1,8,1,0.0059483330696821,0.8662422259803861,208,1,0.125,False,False,True,True,True,True,False
qwen3_8b,train,16506214,generation_2,8,1,0.0047912346199154,0.8655997632304206,227,1,0.125,False,False,True,True,True,True,False
qwen3_8b,train,16506214,generation_3,8,1,0.0172383598983287,0.8664521551690996,185,1,0.125,False,False,True,True,True,True,False
qwen3_8b,train,16541406,generation_1,2,0,0.9947437047958374,0.9948582649230957,147,0,0.0,True,True,True,True,True,True,True
qwen3_8b,train,16541406,generation_2,2,0,0.9948099851608276,0.9951332211494446,219,0,0.0,True,True,True,True,True,True,True
qwen3_8b,train,16541406,generation_3,2,0,0.9940489530563354,0.9943833649158478,159,0,0.0,True,True,True,True,True,True,True
qwen3_8b,train,16543197,generation_1,6,0,0.9629379510879515,0.9885037243366241,140,0,0.0,True,True,True,True,True,True,True
qwen3_8b,train,16543197,generation_2,6,0,0.9928798079490662,0.9952621757984161,146,0,0.0,True,True,True,True,True,True,True
qwen3_8b,train,16543197,generation_3,6,0,0.9735548496246338,0.990736186504364,187,0,0.0,True,True,True,True,True,True,True
qwen3_8b,train,16574712,generation_1,2,2,0.0079689053818583,0.010570452082902151,202,0,1.0,False,False,False,False,False,True,False
qwen3_8b,train,16574712,generation_2,2,2,0.0207172259688377,0.030532531440258,168,0,1.0,False,False,False,False,False,True,False
qwen3_8b,train,16574712,generation_3,2,2,0.0013571215094998,0.00344356970163055,150,0,1.0,False,False,False,False,False,True,False
qwen3_8b,train,16574713,generation_1,6,1,0.1174759715795517,0.8412506754199663,176,0,0.16666666666666666,False,False,True,True,True,True,False
qwen3_8b,train,16574713,generation_2,6,0,0.6006821393966675,0.922684371471405,178,0,0.0,True,True,True,True,True,True,True
qwen3_8b,train,16574713,generation_3,6,1,0.434710144996643,0.8825880090395609,158,0,0.16666666666666666,False,False,True,True,True,True,False
qwen3_8b,train,16575011,generation_1,6,0,0.963176429271698,0.9836220145225525,234,2,0.0,True,True,True,True,True,True,True
qwen3_8b,train,16575011,generation_2,6,1,0.349036306142807,0.8815577775239944,187,2,0.16666666666666666,False,False,True,True,True,True,False
qwen3_8b,train,16575011,generation_3,6,0,0.9672349095344543,0.9829571942488352,186,2,0.0,True,True,True,True,True,True,True
qwen3_8b,train,16584858,generation_1,41,0,0.7846307158470154,0.9839085689405116,313,0,0.0,True,True,True,True,True,True,True
qwen3_8b,train,16584858,generation_2,41,2,0.290867418050766,0.9541370476164469,249,0,0.04878048780487805,False,True,True,True,True,True,True
qwen3_8b,train,16584858,generation_3,41,5,0.0012222089571878,0.8823317603929332,279,0,0.12195121951219512,False,False,True,True,True,True,False
qwen3_8b,train,16586083,generation_1,7,0,0.8809086680412292,0.9627511756760734,271,0,0.0,True,True,True,True,True,True,True
qwen3_8b,train,16586083,generation_2,7,0,0.9619182348251344,0.9789774588176182,202,0,0.0,True,True,True,True,True,True,True
qwen3_8b,train,16586083,generation_3,7,0,0.9751836657524108,0.9829712510108948,241,0,0.0,True,True,True,True,True,True,True
qwen3_8b,train,16596970,generation_1,3,0,0.9795061349868774,0.9802475770314535,165,0,0.0,True,True,True,True,True,True,True
qwen3_8b,train,16596970,generation_2,3,0,0.9807416796684264,0.9818793137868246,186,0,0.0,True,True,True,True,True,True,True
qwen3_8b,train,16596970,generation_3,3,0,0.9789063930511476,0.98039710521698,203,0,0.0,True,True,True,True,True,True,True
qwen3_8b,train,16634859,generation_1,1,0,0.9805456399917604,0.9805456399917604,158,0,0.0,True,True,True,True,True,True,True
qwen3_8b,train,16634859,generation_2,1,0,0.9337744116783142,0.9337744116783142,173,0,0.0,True,True,True,True,True,True,True
qwen3_8b,train,16634859,generation_3,1,0,0.977957546710968,0.977957546710968,187,0,0.0,True,True,True,True,True,True,True
qwen3_8b,train,16720068,generation_1,38,19,0.0013580983504652,0.5150590383135224,300,1,0.5,False,False,False,False,True,True,False
qwen3_8b,train,16720068,generation_2,38,26,0.0004338357248343,0.30333969707288283,294,1,0.6842105263157895,False,False,False,False,False,True,False
qwen3_8b,train,16720068,generation_3,38,29,0.0009531856048852,0.24746955495548284,247,1,0.7631578947368421,False,False,False,False,False,True,False
qwen3_8b,train,16725121,generation_1,19,8,0.0002665792417246,0.5762702153128645,287,0,0.42105263157894735,False,False,False,False,True,True,False
qwen3_8b,train,16725121,generation_2,19,8,0.0002425679558655,0.5751970925814117,298,0,0.42105263157894735,False,False,False,False,True,True,False
qwen3_8b,train,16725121,generation_3,19,10,0.0002932237985078,0.514950499779508,270,0,0.5263157894736842,False,False,False,False,False,True,False
qwen3_8b,train,16737910,generation_1,2,0,0.9947718977928162,0.9958948791027069,172,0,0.0,True,True,True,True,True,True,True
qwen3_8b,train,16737910,generation_2,2,0,0.9903824925422668,0.9934371709823608,172,0,0.0,True,True,True,True,True,True,True
qwen3_8b,train,16737910,generation_3,2,0,0.9916269779205322,0.9943273365497589,242,0,0.0,True,True,True,True,True,True,True
qwen3_8b,train,16755009,generation_1,9,1,0.0110450740903615,0.8756499660925733,243,0,0.1111111111111111,False,False,True,True,True,True,True
qwen3_8b,train,16755009,generation_2,9,1,0.0019156365888193,0.8707770576002076,218,0,0.1111111111111111,False,False,True,True,True,True,True
qwen3_8b,train,16755009,generation_3,9,1,0.0168263018131256,0.8739682800239987,223,0,0.1111111111111111,False,False,True,True,True,True,True
qwen3_8b,train,16781314,generation_1,3,0,0.9954167604446412,0.9967871308326721,187,0,0.0,True,True,True,True,True,True,True
qwen3_8b,train,16781314,generation_2,3,0,0.9949938654899596,0.9963900844256083,235,0,0.0,True,True,True,True,True,True,True
qwen3_8b,train,16781314,generation_3,3,0,0.9944899082183838,0.9965284665425619,203,0,0.0,True,True,True,True,True,True,True
qwen3_8b,train,16786513,generation_1,7,4,0.0047594397328794,0.4338796144750501,261,0,0.5714285714285714,False,False,False,False,False,True,False
qwen3_8b,train,16786513,generation_2,7,2,0.0064176679588854,0.7111581742896566,197,0,0.2857142857142857,False,False,False,True,True,True,False
qwen3_8b,train,16786513,generation_3,7,4,0.0035293854307383,0.4344351124351046,239,0,0.5714285714285714,False,False,False,False,False,True,False
qwen3_8b,train,16801510,generation_1,5,3,0.0062015918083488,0.3895883178338408,198,0,0.6,False,False,False,False,False,True,False
qwen3_8b,train,16801510,generation_2,5,3,0.0057647107169032,0.3832628102973103,225,0,0.6,False,False,False,False,False,True,False
qwen3_8b,train,16801510,generation_3,5,3,0.0062448983080685,0.39861816428601743,287,0,0.6,False,False,False,False,False,True,False
qwen3_8b,train,16810074,generation_1,12,6,0.0075051663443446,0.5070714086759835,246,0,0.5,False,False,False,False,True,True,False
qwen3_8b,train,16810074,generation_2,12,7,0.0032377615571022,0.44450118734190863,288,0,0.5833333333333334,False,False,False,False,False,True,False
qwen3_8b,train,16810074,generation_3,12,8,0.0013984479010105,0.34638801380060613,282,0,0.6666666666666666,False,False,False,False,False,True,False
qwen3_8b,train,16822828,generation_1,1,0,0.996307134628296,0.996307134628296,185,0,0.0,True,True,True,True,True,True,True
qwen3_8b,train,16822828,generation_2,1,0,0.99003404378891,0.99003404378891,142,0,0.0,True,True,True,True,True,True,True
qwen3_8b,train,16822828,generation_3,1,0,0.9964693784713744,0.9964693784713744,164,0,0.0,True,True,True,True,True,True,True
qwen3_8b,train,16843501,generation_1,2,0,0.9921532273292542,0.99417644739151,150,0,0.0,True,True,True,True,True,True,True
qwen3_8b,train,16843501,generation_2,2,0,0.9939823746681212,0.9958281517028809,173,0,0.0,True,True,True,True,True,True,True
qwen3_8b,train,16843501,generation_3,2,0,0.9939674139022828,0.9957599937915802,132,0,0.0,True,True,True,True,True,True,True
qwen3_8b,train,16904497,generation_1,11,6,0.0012056544655933,0.4882496640784666,270,0,0.5454545454545454,False,False,False,False,False,True,False
qwen3_8b,train,16904497,generation_2,11,6,0.0012001227587461,0.46267377570356155,267,0,0.5454545454545454,False,False,False,False,False,True,False
qwen3_8b,train,16904497,generation_3,11,6,0.0007714857929386,0.46647577824346215,229,0,0.5454545454545454,False,False,False,False,False,True,False
qwen3_8b,train,16920333,generation_1,3,1,0.0841341093182563,0.68248101323843,144,3,0.3333333333333333,False,False,False,False,True,True,False
qwen3_8b,train,16920333,generation_2,3,0,0.8713699579238892,0.9477386871973673,131,3,0.0,True,True,True,True,True,True,True
qwen3_8b,train,16920333,generation_3,3,0,0.6293378472328186,0.8630603353182474,202,3,0.0,True,True,True,True,True,True,True
qwen3_8b,train,17000021,generation_1,7,0,0.6948399543762207,0.9458361864089966,168,0,0.0,True,True,True,True,True,True,True
qwen3_8b,train,17000021,generation_2,7,1,0.0074950503185391,0.845692235045135,207,0,0.14285714285714285,False,False,True,True,True,True,False
qwen3_8b,train,17000021,generation_3,7,0,0.73328697681427,0.9500264184815543,140,0,0.0,True,True,True,True,True,True,True
qwen3_8b,train,17003357,generation_1,3,0,0.9713733196258544,0.9842466711997986,174,0,0.0,True,True,True,True,True,True,True
qwen3_8b,train,17003357,generation_2,3,0,0.9322386980056764,0.9701998035113016,198,0,0.0,True,True,True,True,True,True,True
qwen3_8b,train,17003357,generation_3,3,0,0.9705788493156432,0.9820396502812704,152,0,0.0,True,True,True,True,True,True,True
qwen3_8b,train,17006606,generation_1,7,2,0.010276005603373,0.6795320129022002,209,0,0.2857142857142857,False,False,False,True,True,True,False
qwen3_8b,train,17006606,generation_2,7,3,0.0002805523399729,0.6070728813938331,199,0,0.42857142857142855,False,False,False,False,True,True,False
qwen3_8b,train,17006606,generation_3,7,2,0.3753639459609985,0.8175974317959377,224,0,0.2857142857142857,False,False,False,True,True,True,False
qwen3_8b,train,17033686,generation_1,9,1,0.1636224091053009,0.9038131866190169,194,0,0.1111111111111111,False,False,True,True,True,True,True
qwen3_8b,train,17033686,generation_2,9,1,0.3689498603343963,0.9262979527314504,210,0,0.1111111111111111,False,False,True,True,True,True,True
qwen3_8b,train,17033686,generation_3,9,0,0.8198986649513245,0.9768831531206766,196,0,0.0,True,True,True,True,True,True,True
qwen3_8b,train,17035713,generation_1,11,8,0.0002842337999027,0.2598426243136849,185,0,0.7272727272727273,False,False,False,False,False,True,False
qwen3_8b,train,17035713,generation_2,11,5,0.0036013931967318,0.5369982687671754,282,0,0.45454545454545453,False,False,False,False,True,True,False
qwen3_8b,train,17035713,generation_3,11,8,0.0001982119865715,0.27764585516838863,155,0,0.7272727272727273,False,False,False,False,False,True,False
qwen3_8b,train,17042910,generation_1,11,2,0.0148609410971403,0.7106270695274527,255,0,0.18181818181818182,False,False,True,True,True,True,False
qwen3_8b,train,17042910,generation_2,11,3,0.0143948793411254,0.7064655900678851,233,0,0.2727272727272727,False,False,False,True,True,True,False
qwen3_8b,train,17042910,generation_3,11,4,0.0135125061497092,0.6100769619542089,244,0,0.36363636363636365,False,False,False,False,True,True,False
qwen3_8b,train,17065198,generation_1,3,0,0.9921436309814452,0.9939296841621399,138,0,0.0,True,True,True,True,True,True,True
qwen3_8b,train,17065198,generation_2,3,0,0.975510835647583,0.9871515432993571,185,0,0.0,True,True,True,True,True,True,True
qwen3_8b,train,17065198,generation_3,3,0,0.990218460559845,0.9930097659428915,153,0,0.0,True,True,True,True,True,True,True
qwen3_8b,train,17074608,generation_1,3,0,0.971498429775238,0.9736584623654684,146,0,0.0,True,True,True,True,True,True,True
qwen3_8b,train,17074608,generation_2,3,1,0.0699595287442207,0.5513563379645348,155,0,0.3333333333333333,False,False,False,False,True,True,False
qwen3_8b,train,17074608,generation_3,3,0,0.9680583477020264,0.9743273854255676,159,0,0.0,True,True,True,True,True,True,True
qwen3_8b,train,17083016,generation_1,6,0,0.98455148935318,0.9909229675928751,210,3,0.0,True,True,True,True,True,True,True
qwen3_8b,train,17083016,generation_2,6,0,0.8392401933670044,0.9678667883078257,242,3,0.0,True,True,True,True,True,True,True
qwen3_8b,train,17083016,generation_3,6,0,0.9833396673202516,0.9898019731044769,234,3,0.0,True,True,True,True,True,True,True
qwen3_8b,train,1711760,generation_1,1,0,0.9772523641586304,0.9772523641586304,247,0,0.0,True,True,True,True,True,True,True
qwen3_8b,train,1711760,generation_2,1,0,0.9804062843322754,0.9804062843322754,246,0,0.0,True,True,True,True,True,True,True
qwen3_8b,train,1711760,generation_3,1,0,0.973793625831604,0.973793625831604,270,0,0.0,True,True,True,True,True,True,True
qwen3_8b,train,17177139,generation_1,8,2,0.0045655742287635,0.7387885064817965,188,0,0.25,False,False,False,True,True,True,False
qwen3_8b,train,17177139,generation_2,8,2,0.004580751992762,0.7113261312479153,147,0,0.25,False,False,False,True,True,True,False
qwen3_8b,train,17177139,generation_3,8,5,0.0121048325672745,0.40194837760645896,206,0,0.625,False,False,False,False,False,True,False
qwen3_8b,train,17185386,generation_1,3,1,0.007182762492448,0.6658079576057693,180,0,0.3333333333333333,False,False,False,False,True,True,False
qwen3_8b,train,17185386,generation_2,3,1,0.0020419203210622,0.6616362281298885,197,0,0.3333333333333333,False,False,False,False,True,True,False
qwen3_8b,train,17185386,generation_3,3,1,0.2115940004587173,0.7337103337049484,177,0,0.3333333333333333,False,False,False,False,True,True,False
qwen3_8b,train,17192049,generation_1,2,0,0.9169105887413024,0.9571069180965424,222,0,0.0,True,True,True,True,True,True,True
qwen3_8b,train,17192049,generation_2,2,1,0.1986455768346786,0.5979250892996788,257,0,0.5,False,False,False,False,True,True,False
qwen3_8b,train,17192049,generation_3,2,0,0.9659900069236756,0.9816678762435914,136,0,0.0,True,True,True,True,True,True,True
qwen3_8b,train,17194457,generation_1,10,3,0.0456972084939479,0.6615833401679992,291,0,0.3,False,False,False,True,True,True,False
qwen3_8b,train,17194457,generation_2,10,4,0.0125565975904464,0.6179673112928867,222,0,0.4,False,False,False,False,True,True,False
qwen3_8b,train,17194457,generation_3,10,5,0.0005739781190641,0.5147950152226258,265,0,0.5,False,False,False,False,True,True,False
qwen3_8b,train,17221831,generation_1,6,1,0.0466919727623462,0.8368320595473051,265,0,0.16666666666666666,False,False,True,True,True,True,False
qwen3_8b,train,17221831,generation_2,6,1,0.0130220539867877,0.7758518935491642,197,0,0.16666666666666666,False,False,True,True,True,True,False
qwen3_8b,train,17221831,generation_3,6,1,0.4322273433208465,0.8990085472663244,144,0,0.16666666666666666,False,False,True,True,True,True,False
qwen3_8b,train,17244258,generation_1,8,3,0.0119737340137362,0.6320869977353141,253,2,0.375,False,False,False,False,True,True,False
qwen3_8b,train,17244258,generation_2,8,1,0.0293214581906795,0.8256460758857429,246,2,0.125,False,False,True,True,True,True,False
qwen3_8b,train,17244258,generation_3,8,2,0.0168736353516578,0.6924087917432189,198,2,0.25,False,False,False,True,True,True,False
qwen3_8b,train,17250663,generation_1,2,0,0.9804645776748656,0.9874444305896758,153,0,0.0,True,True,True,True,True,True,True
qwen3_8b,train,17250663,generation_2,2,0,0.9805020689964294,0.9880259931087494,131,0,0.0,True,True,True,True,True,True,True
qwen3_8b,train,17250663,generation_3,2,0,0.9810390472412108,0.9883260130882262,133,0,0.0,True,True,True,True,True,True,True
qwen3_8b,train,17273972,generation_1,2,1,0.0017457837238907,0.48260734649375076,151,0,0.5,False,False,False,False,True,True,False
qwen3_8b,train,17273972,generation_2,2,1,0.0039231609553098,0.3459179019555449,142,0,0.5,False,False,False,False,True,True,False
qwen3_8b,train,17273972,generation_3,2,2,0.0031964259687811,0.030372446519322648,160,0,1.0,False,False,False,False,False,True,False
qwen3_8b,train,17286451,generation_1,2,0,0.994851052761078,0.9951502084732056,193,0,0.0,True,True,True,True,True,True,True
qwen3_8b,train,17286451,generation_2,2,0,0.994881272315979,0.9953136742115021,140,0,0.0,True,True,True,True,True,True,True
qwen3_8b,train,17286451,generation_3,2,0,0.9938685297966005,0.993936836719513,155,0,0.0,True,True,True,True,True,True,True
qwen3_8b,train,17304550,generation_1,6,0,0.9903325438499452,0.9942107995351156,153,0,0.0,True,True,True,True,True,True,True
qwen3_8b,train,17304550,generation_2,6,0,0.9881199598312378,0.9954208234945933,177,0,0.0,True,True,True,True,True,True,True
qwen3_8b,train,17304550,generation_3,6,0,0.988011598587036,0.9946272472540537,207,0,0.0,True,True,True,True,True,True,True
qwen3_8b,train,17318851,generation_1,25,10,0.0002096452808473,0.5793890465318691,267,0,0.4,False,False,False,False,True,True,False
qwen3_8b,train,17318851,generation_2,25,10,0.0002135415270458,0.5968472834920976,249,0,0.4,False,False,False,False,True,True,False
qwen3_8b,train,17318851,generation_3,25,10,0.0002572481462266,0.5951817976136227,205,0,0.4,False,False,False,False,True,True,False
qwen3_8b,train,17327131,generation_1,1,0,0.9897654056549072,0.9897654056549072,174,0,0.0,True,True,True,True,True,True,True
qwen3_8b,train,17327131,generation_2,1,0,0.9941686391830444,0.9941686391830444,246,0,0.0,True,True,True,True,True,True,True
qwen3_8b,train,17327131,generation_3,1,0,0.9765923619270324,0.9765923619270324,138,0,0.0,True,True,True,True,True,True,True
qwen3_8b,train,17344330,generation_1,6,1,0.0249091852456331,0.8209799705073237,170,1,0.16666666666666666,False,False,True,True,True,True,False
qwen3_8b,train,17344330,generation_2,6,1,0.0375339314341545,0.8253786650796732,170,1,0.16666666666666666,False,False,True,True,True,True,False
qwen3_8b,train,17344330,generation_3,6,1,0.0330888740718364,0.8257369815061489,194,1,0.16666666666666666,False,False,True,True,True,True,False
qwen3_8b,train,17351238,generation_1,4,1,0.3999785780906677,0.7353246659040451,167,0,0.25,False,False,False,True,True,True,False
qwen3_8b,train,17351238,generation_2,4,2,0.0028661622200161,0.49145849101478234,226,0,0.5,False,False,False,False,True,True,False
qwen3_8b,train,17351238,generation_3,4,1,0.1549907475709915,0.6961395777761936,202,0,0.25,False,False,False,True,True,True,False
qwen3_8b,train,17379047,generation_1,6,2,0.0109392618760466,0.6623342237435281,234,1,0.3333333333333333,False,False,False,False,True,True,False
qwen3_8b,train,17379047,generation_2,6,3,0.2916106283664703,0.6561262657245001,151,1,0.5,False,False,False,False,True,True,False
qwen3_8b,train,17379047,generation_3,6,2,0.014678930863738,0.6188060004884998,187,1,0.3333333333333333,False,False,False,False,True,True,False
qwen3_8b,train,17391797,generation_1,4,1,0.0121046621352434,0.7152361501939595,186,1,0.25,False,False,False,True,True,True,False
qwen3_8b,train,17391797,generation_2,4,1,0.0063411751762032,0.7303261945489794,200,1,0.25,False,False,False,True,True,True,False
qwen3_8b,train,17391797,generation_3,4,1,0.0082477983087301,0.7472571148537099,195,1,0.25,False,False,False,True,True,True,False
qwen3_8b,train,17439425,generation_1,8,4,0.0058843088336288,0.4749133743462152,158,0,0.5,False,False,False,False,True,True,False
qwen3_8b,train,17439425,generation_2,8,3,0.0908347144722938,0.609272520057857,213,0,0.375,False,False,False,False,True,True,False
qwen3_8b,train,17439425,generation_3,8,4,0.0318938009440898,0.4880629326216876,201,0,0.5,False,False,False,False,True,True,False
qwen3_8b,train,17495183,generation_1,17,4,0.0002226397627964,0.780025035930414,226,0,0.23529411764705882,False,False,False,True,True,True,False
qwen3_8b,train,17495183,generation_2,17,2,0.0002147765189874,0.862580957084634,210,0,0.11764705882352941,False,False,True,True,True,True,True
qwen3_8b,train,17495183,generation_3,17,7,0.0002003786357818,0.6483505310256185,210,0,0.4117647058823529,False,False,False,False,True,True,False
qwen3_8b,train,17572393,generation_1,10,4,0.0321069061756134,0.6093758136034012,231,0,0.4,False,False,False,False,True,True,False
qwen3_8b,train,17572393,generation_2,10,4,0.0165755860507488,0.6293456416577101,253,0,0.4,False,False,False,False,True,True,False
qwen3_8b,train,17572393,generation_3,10,3,0.076619952917099,0.6648848563432692,235,0,0.3,False,False,False,True,True,True,False
qwen3_8b,train,17595233,generation_1,6,0,0.9717653393745422,0.9920157094796499,197,0,0.0,True,True,True,True,True,True,True
qwen3_8b,train,17595233,generation_2,6,2,0.0003415954997763,0.6466241860180162,213,0,0.3333333333333333,False,False,False,False,True,True,False
qwen3_8b,train,17595233,generation_3,6,0,0.9567689895629884,0.9892968535423279,183,0,0.0,True,True,True,True,True,True,True
qwen3_8b,train,17615423,generation_1,12,6,0.0027412169147282,0.5331623029002609,228,3,0.5,False,False,False,False,True,True,False
qwen3_8b,train,17615423,generation_2,12,6,0.0005151782534085,0.5160706019135735,246,3,0.5,False,False,False,False,True,True,False
qwen3_8b,train,17615423,generation_3,12,3,0.0003403108858037,0.7529591258329068,269,3,0.25,False,False,False,True,True,True,False
qwen3_8b,train,17628794,generation_1,2,0,0.9945406317710876,0.9960471987724304,163,0,0.0,True,True,True,True,True,True,True
qwen3_8b,train,17628794,generation_2,2,0,0.9851459264755248,0.9909513890743256,177,0,0.0,True,True,True,True,True,True,True
qwen3_8b,train,17628794,generation_3,2,0,0.9936419129371644,0.9951152503490448,179,0,0.0,True,True,True,True,True,True,True
qwen3_8b,train,17634480,generation_1,6,3,0.0169734973460435,0.5115766429031888,179,0,0.5,False,False,False,False,True,True,False
qwen3_8b,train,17634480,generation_2,6,3,0.0089411018416285,0.5201927906212707,227,0,0.5,False,False,False,False,True,True,False
qwen3_8b,train,17634480,generation_3,6,3,0.0256547480821609,0.5280366061876217,206,0,0.5,False,False,False,False,True,True,False
qwen3_8b,train,17639754,generation_1,3,0,0.9478552341461182,0.9621011217435201,144,0,0.0,True,True,True,True,True,True,True
qwen3_8b,train,17639754,generation_2,3,0,0.9590404629707336,0.9654827117919922,144,0,0.0,True,True,True,True,True,True,True
qwen3_8b,train,17639754,generation_3,3,0,0.957693874835968,0.968655506769816,198,0,0.0,True,True,True,True,True,True,True
qwen3_8b,train,17683901,generation_1,2,1,0.004789070226252,0.5006906469352543,223,0,0.5,False,False,False,False,True,True,False
qwen3_8b,train,17683901,generation_2,2,1,0.2708791196346283,0.6337098032236099,121,0,0.5,False,False,False,False,True,True,False
qwen3_8b,train,17683901,generation_3,2,1,0.0055892537347972,0.5011529063340275,139,0,0.5,False,False,False,False,True,True,False
qwen3_8b,train,17854040,generation_1,2,1,0.2019999623298645,0.5885109901428223,235,0,0.5,False,False,False,False,True,True,False
qwen3_8b,train,17854040,generation_2,2,1,0.0089081367477774,0.49887328548356885,162,0,0.5,False,False,False,False,True,True,False
qwen3_8b,train,17854040,generation_3,2,1,0.4386085569858551,0.713450476527214,181,0,0.5,False,False,False,False,True,True,False
qwen3_8b,train,17877751,generation_1,5,0,0.9672553539276124,0.9882667422294616,233,0,0.0,True,True,True,True,True,True,True
qwen3_8b,train,17877751,generation_2,5,0,0.9633020758628844,0.986605191230774,224,0,0.0,True,True,True,True,True,True,True
qwen3_8b,train,17877751,generation_3,5,2,0.0608731806278228,0.6746588587760926,173,0,0.4,False,False,False,False,True,True,False
qwen3_8b,train,17910065,generation_1,3,1,0.0076087820343673,0.6663583751457433,178,0,0.3333333333333333,False,False,False,False,True,True,False
qwen3_8b,train,17910065,generation_2,3,1,0.007351336069405,0.6665846298759183,145,0,0.3333333333333333,False,False,False,False,True,True,False
qwen3_8b,train,17910065,generation_3,3,1,0.0114691639319062,0.6677255757773916,189,0,0.3333333333333333,False,False,False,False,True,True,False
qwen3_8b,train,17951029,generation_1,1,0,0.996908724308014,0.996908724308014,142,0,0.0,True,True,True,True,True,True,True
qwen3_8b,train,17951029,generation_2,1,0,0.9971774816513062,0.9971774816513062,168,0,0.0,True,True,True,True,True,True,True
qwen3_8b,train,17951029,generation_3,1,0,0.9974714517593384,0.9974714517593384,138,0,0.0,True,True,True,True,True,True,True
qwen3_8b,train,17959715,generation_1,8,2,0.1122663393616676,0.7585052149370313,155,0,0.25,False,False,False,True,True,True,False
qwen3_8b,train,17959715,generation_2,8,3,0.0157311949878931,0.6304716325830668,139,0,0.375,False,False,False,False,True,True,False
qwen3_8b,train,17959715,generation_3,8,1,0.3190136849880218,0.8983176089823246,197,0,0.125,False,False,True,True,True,True,False
qwen3_8b,train,17965424,generation_1,9,6,0.0015431127976626,0.37321346861103344,269,1,0.6666666666666666,False,False,False,False,False,True,False
qwen3_8b,train,17965424,generation_2,9,6,0.0008733851718716,0.35922648713070277,262,1,0.6666666666666666,False,False,False,False,False,True,False
qwen3_8b,train,17965424,generation_3,9,3,0.0037938246969133,0.5686127891401864,313,1,0.3333333333333333,False,False,False,False,True,True,False
qwen3_8b,train,17975693,generation_1,3,1,0.0123530765995383,0.6591430750365058,149,0,0.3333333333333333,False,False,False,False,True,True,False
qwen3_8b,train,17975693,generation_2,3,1,0.0165432505309581,0.6608738042414188,186,0,0.3333333333333333,False,False,False,False,True,True,False
qwen3_8b,train,17975693,generation_3,3,1,0.0199439246207475,0.6626024749130011,187,0,0.3333333333333333,False,False,False,False,True,True,False
qwen3_8b,train,18050247,generation_1,6,0,0.96406352519989,0.986729085445404,211,0,0.0,True,True,True,True,True,True,True
qwen3_8b,train,18050247,generation_2,6,0,0.8991703987121582,0.9695288936297098,214,0,0.0,True,True,True,True,True,True,True
qwen3_8b,train,18050247,generation_3,6,0,0.9834649562835692,0.9908925493558248,214,0,0.0,True,True,True,True,True,True,True
qwen3_8b,train,18083142,generation_1,16,2,0.0005665610660798,0.8089828484407917,323,0,0.125,False,False,True,True,True,True,True
qwen3_8b,train,18083142,generation_2,16,5,0.0035734740085899,0.6514018914022017,313,0,0.3125,False,False,False,True,True,True,False
qwen3_8b,train,18083142,generation_3,16,5,0.0002219634188804,0.692201361827756,241,0,0.3125,False,False,False,True,True,True,False
qwen3_8b,train,18165598,generation_1,13,5,0.00735963601619,0.6549863297348986,271,2,0.38461538461538464,False,False,False,False,True,True,False
qwen3_8b,train,18165598,generation_2,13,2,0.0732557997107505,0.8292814579147559,248,2,0.15384615384615385,False,False,True,True,True,True,True
qwen3_8b,train,18165598,generation_3,13,2,0.0616346932947635,0.7800860384909006,320,2,0.15384615384615385,False,False,True,True,True,True,True
qwen3_8b,train,18166824,generation_1,8,3,0.0098341172561049,0.6535437310812995,234,0,0.375,False,False,False,False,True,True,False
qwen3_8b,train,18166824,generation_2,8,1,0.1808434128761291,0.8876271471381187,207,0,0.125,False,False,True,True,True,True,False
qwen3_8b,train,18166824,generation_3,8,0,0.9920485615730286,0.9950283244252205,215,0,0.0,True,True,True,True,True,True,True
qwen3_8b,train,18182964,generation_1,4,0,0.8709641098976135,0.9532365798950195,155,1,0.0,True,True,True,True,True,True,True
qwen3_8b,train,18182964,generation_2,4,0,0.9443421959877014,0.9720288217067719,165,1,0.0,True,True,True,True,True,True,True
qwen3_8b,train,18182964,generation_3,4,0,0.9441683292388916,0.9677660167217255,182,1,0.0,True,True,True,True,True,True,True
qwen3_8b,train,18189233,generation_1,5,1,0.0002580634900368,0.7940979312290437,168,0,0.2,False,False,True,True,True,True,False
qwen3_8b,train,18189233,generation_2,5,2,0.0472739078104496,0.6178487874567509,150,0,0.4,False,False,False,False,True,True,False
qwen3_8b,train,18189233,generation_3,5,1,0.00929562933743,0.7907980177551508,225,0,0.2,False,False,True,True,True,True,False
qwen3_8b,train,18235024,generation_1,2,0,0.9974088072776794,0.9975429773330688,163,0,0.0,True,True,True,True,True,True,True
qwen3_8b,train,18235024,generation_2,2,0,0.997148096561432,0.9972980916500092,159,0,0.0,True,True,True,True,True,True,True
qwen3_8b,train,18235024,generation_3,2,0,0.9973547458648682,0.9975889921188354,203,0,0.0,True,True,True,True,True,True,True
qwen3_8b,train,18262054,generation_1,2,0,0.9935908317565918,0.9943330585956573,227,0,0.0,True,True,True,True,True,True,True
qwen3_8b,train,18262054,generation_2,2,0,0.9947178959846495,0.9954352974891661,160,0,0.0,True,True,True,True,True,True,True
qwen3_8b,train,18262054,generation_3,2,0,0.994228720664978,0.9947910308837891,224,0,0.0,True,True,True,True,True,True,True
qwen3_8b,train,18270997,generation_1,4,0,0.9640030264854432,0.9780588746070862,188,0,0.0,True,True,True,True,True,True,True
qwen3_8b,train,18270997,generation_2,4,0,0.9423749446868896,0.9682274013757706,147,0,0.0,True,True,True,True,True,True,True
qwen3_8b,train,18270997,generation_3,4,0,0.9683618545532228,0.9767986834049225,164,0,0.0,True,True,True,True,True,True,True
qwen3_8b,train,18310445,generation_1,36,28,0.0001935120380949,0.2145075286603565,239,0,0.7777777777777778,False,False,False,False,False,True,False
qwen3_8b,train,18310445,generation_2,36,29,0.0001830706460168,0.21581757351102873,289,0,0.8055555555555556,False,False,False,False,False,True,False
qwen3_8b,train,18310445,generation_3,36,31,0.0001901609648484,0.1765759832350239,290,0,0.8611111111111112,False,False,False,False,False,True,False
qwen3_8b,train,18340638,generation_1,7,3,0.0149917472153902,0.5666816173387424,212,0,0.42857142857142855,False,False,False,False,True,True,False
qwen3_8b,train,18340638,generation_2,7,2,0.016086284071207,0.7045887612870761,220,0,0.2857142857142857,False,False,False,True,True,True,False
qwen3_8b,train,18340638,generation_3,7,2,0.005807991605252,0.7046041817936514,281,0,0.2857142857142857,False,False,False,True,True,True,False
qwen3_8b,train,18356633,generation_1,8,4,0.0363118015229702,0.5297789461910725,169,0,0.5,False,False,False,False,True,True,False
qwen3_8b,train,18356633,generation_2,8,0,0.68536376953125,0.9276681318879128,234,0,0.0,True,True,True,True,True,True,True
qwen3_8b,train,18356633,generation_3,8,4,0.0099463025107979,0.4999302157666534,217,0,0.5,False,False,False,False,True,True,False
qwen3_8b,train,18366737,generation_1,5,0,0.988593578338623,0.9927145719528199,171,0,0.0,True,True,True,True,True,True,True
qwen3_8b,train,18366737,generation_2,5,0,0.8140124082565308,0.9573311805725098,168,0,0.0,True,True,True,True,True,True,True
qwen3_8b,train,18366737,generation_3,5,0,0.9531615376472472,0.9838597297668457,169,0,0.0,True,True,True,True,True,True,True
qwen3_8b,train,18397285,generation_1,3,0,0.9907159805297852,0.994401216506958,161,0,0.0,True,True,True,True,True,True,True
qwen3_8b,train,18397285,generation_2,3,0,0.9832509160041808,0.9919203718503317,162,0,0.0,True,True,True,True,True,True,True
qwen3_8b,train,18397285,generation_3,3,0,0.9903064966201782,0.9941239356994629,208,0,0.0,True,True,True,True,True,True,True
qwen3_8b,train,18408250,generation_1,3,1,0.0002908892929553,0.5507296187182268,189,0,0.3333333333333333,False,False,False,False,True,True,False
qwen3_8b,train,18408250,generation_2,3,1,0.0003152345889247,0.6578515124080392,192,0,0.3333333333333333,False,False,False,False,True,True,False
qwen3_8b,train,18408250,generation_3,3,1,0.000288535200525,0.6417190594947897,198,0,0.3333333333333333,False,False,False,False,True,True,False
qwen3_8b,train,18410508,generation_1,12,4,0.0065752966329455,0.6707814498028407,279,0,0.3333333333333333,False,False,False,False,True,True,False
qwen3_8b,train,18410508,generation_2,12,3,0.0136299105361104,0.7461611410447707,267,0,0.25,False,False,False,True,True,True,False
qwen3_8b,train,18410508,generation_3,12,3,0.0028199083171784,0.7641403263357157,251,0,0.25,False,False,False,True,True,True,False
qwen3_8b,train,18410548,generation_1,3,0,0.9945662021636964,0.9961981376012167,200,0,0.0,True,True,True,True,True,True,True
qwen3_8b,train,18410548,generation_2,3,0,0.9949440360069276,0.9961513876914978,149,0,0.0,True,True,True,True,True,True,True
qwen3_8b,train,18410548,generation_3,3,0,0.9954078793525696,0.9964733123779297,165,0,0.0,True,True,True,True,True,True,True
qwen3_8b,train,18422462,generation_1,8,1,0.0002221236645709,0.8584969238690974,219,8,0.125,False,False,True,True,True,True,False
qwen3_8b,train,18422462,generation_2,8,0,0.969086229801178,0.9776431918144226,202,8,0.0,True,True,True,True,True,True,True
qwen3_8b,train,18422462,generation_3,8,0,0.9742186665534972,0.9779893308877945,198,8,0.0,True,True,True,True,True,True,True
qwen3_8b,train,18439317,generation_1,2,1,0.000215319043491,0.498841180029558,244,0,0.5,False,False,False,False,True,True,False
qwen3_8b,train,18439317,generation_2,2,0,0.994404435157776,0.9958303272724152,210,0,0.0,True,True,True,True,True,True,True
qwen3_8b,train,18439317,generation_3,2,0,0.9941892623901368,0.9955112636089326,215,0,0.0,True,True,True,True,True,True,True
qwen3_8b,train,18442015,generation_1,14,4,0.041487380862236,0.7442508023232222,290,1,0.2857142857142857,False,False,False,True,True,True,False
qwen3_8b,train,18442015,generation_2,14,5,0.0147944809868931,0.6401664530193167,235,1,0.35714285714285715,False,False,False,False,True,True,False
qwen3_8b,train,18442015,generation_3,14,8,0.0016403002664446,0.4487484979409991,259,1,0.5714285714285714,False,False,False,False,False,True,False
qwen3_8b,train,18470323,generation_1,2,0,0.9898070693016052,0.9930427670478821,147,0,0.0,True,True,True,True,True,True,True
qwen3_8b,train,18470323,generation_2,2,0,0.9923357367515564,0.9943986535072327,258,0,0.0,True,True,True,True,True,True,True
qwen3_8b,train,18470323,generation_3,2,0,0.9905989766120912,0.9934319257736206,175,0,0.0,True,True,True,True,True,True,True
qwen3_8b,train,18483878,generation_1,7,2,0.0269410070031881,0.7133232341813189,237,0,0.2857142857142857,False,False,False,True,True,True,False
qwen3_8b,train,18483878,generation_2,7,1,0.0132468901574611,0.8320232879902635,169,0,0.14285714285714285,False,False,True,True,True,True,False
qwen3_8b,train,18483878,generation_3,7,1,0.0167191531509161,0.7857182778950248,167,0,0.14285714285714285,False,False,True,True,True,True,False
qwen3_8b,train,18487244,generation_1,2,0,0.9956347346305848,0.996728390455246,201,0,0.0,True,True,True,True,True,True,True
qwen3_8b,train,18487244,generation_2,2,0,0.995345175266266,0.9965205788612366,199,0,0.0,True,True,True,True,True,True,True
qwen3_8b,train,18487244,generation_3,2,0,0.9949629306793212,0.9962369799613953,173,0,0.0,True,True,True,True,True,True,True
qwen3_8b,train,18541230,generation_1,13,1,0.2193633317947387,0.9049061720187848,216,0,0.07692307692307693,False,True,True,True,True,True,True
qwen3_8b,train,18541230,generation_2,13,4,0.0529895760118961,0.7268667797056528,224,0,0.3076923076923077,False,False,False,True,True,True,False
qwen3_8b,train,18541230,generation_3,13,1,0.3382708728313446,0.9200030175539163,221,0,0.07692307692307693,False,True,True,True,True,True,True
qwen3_8b,train,18544179,generation_1,8,2,0.0326582826673984,0.7469810377806425,227,2,0.25,False,False,False,True,True,True,False
qwen3_8b,train,18544179,generation_2,8,2,0.0220750458538532,0.750805074814707,172,2,0.25,False,False,False,True,True,True,False
qwen3_8b,train,18544179,generation_3,8,0,0.5225757360458374,0.9230418503284454,198,2,0.0,True,True,True,True,True,True,True
qwen3_8b,train,18593936,generation_1,51,14,0.0003641256480477,0.7099865261755208,306,0,0.27450980392156865,False,False,False,True,True,True,False
qwen3_8b,train,18593936,generation_2,51,11,0.0002230719546787,0.7750567655933921,262,0,0.21568627450980393,False,False,False,True,True,True,False
qwen3_8b,train,18593936,generation_3,51,13,0.0005701445043087,0.7488575494966889,303,0,0.2549019607843137,False,False,False,True,True,True,False
qwen3_8b,train,18631865,generation_1,6,3,0.0291751436889171,0.4921277121951182,237,1,0.5,False,False,False,False,True,True,False
qwen3_8b,train,18631865,generation_2,6,3,0.0558563731610775,0.46475858179231483,216,1,0.5,False,False,False,False,True,True,False
qwen3_8b,train,18631865,generation_3,6,3,0.0207310058176517,0.5070367325097321,233,1,0.5,False,False,False,False,True,True,False
qwen3_8b,train,18657397,generation_1,2,1,0.010634334757924,0.33675022516399616,209,0,0.5,False,False,False,False,True,True,False
qwen3_8b,train,18657397,generation_2,2,0,0.6572779417037964,0.8179571628570557,144,0,0.0,True,True,True,True,True,True,True
qwen3_8b,train,18657397,generation_3,2,1,0.2318429499864578,0.3988459184765816,188,0,0.5,False,False,False,False,True,True,False
qwen3_8b,train,18672102,generation_1,24,3,0.0042890142649412,0.8610969991617216,150,0,0.125,False,False,True,True,True,True,False
qwen3_8b,train,18672102,generation_2,24,1,0.0116548780351877,0.9463784804102033,235,0,0.041666666666666664,False,True,True,True,True,True,True
qwen3_8b,train,18672102,generation_3,24,3,0.0052065094932913,0.871421221566076,171,0,0.125,False,False,True,True,True,True,False
qwen3_8b,train,18674790,generation_1,19,9,0.0001900313654914,0.5188377539575173,243,0,0.47368421052631576,False,False,False,False,True,True,False
qwen3_8b,train,18674790,generation_2,19,10,0.000187497556908,0.47361078089038766,270,0,0.5263157894736842,False,False,False,False,False,True,False
qwen3_8b,train,18674790,generation_3,19,9,0.0053416085429489,0.5707765111062479,284,0,0.47368421052631576,False,False,False,False,True,True,False
qwen3_8b,train,18681856,generation_1,6,2,0.0085101434960961,0.660138758054624,142,0,0.3333333333333333,False,False,False,False,True,True,False
qwen3_8b,train,18681856,generation_2,6,2,0.0287161339074373,0.6742833129440745,142,0,0.3333333333333333,False,False,False,False,True,True,False
qwen3_8b,train,18681856,generation_3,6,2,0.0136768072843551,0.6285611176863313,185,0,0.3333333333333333,False,False,False,False,True,True,False
qwen3_8b,train,18699851,generation_1,5,0,0.9971386194229126,0.9975739479064941,221,0,0.0,True,True,True,True,True,True,True
qwen3_8b,train,18699851,generation_2,5,0,0.9976625442504884,0.9979636907577515,203,0,0.0,True,True,True,True,True,True,True
qwen3_8b,train,18699851,generation_3,5,0,0.9975442290306092,0.9978639245033264,232,0,0.0,True,True,True,True,True,True,True
qwen3_8b,train,18752389,generation_1,16,7,0.0004505040415097,0.5608491916809726,290,1,0.4375,False,False,False,False,True,True,False
qwen3_8b,train,18752389,generation_2,16,7,0.000268172007054,0.5589177264191676,325,1,0.4375,False,False,False,False,True,True,False
qwen3_8b,train,18752389,generation_3,16,6,0.003743028268218,0.6639120427425951,280,1,0.375,False,False,False,False,True,True,False
qwen3_8b,train,18754075,generation_1,9,2,0.0377887226641178,0.6945351333253913,189,0,0.2222222222222222,False,False,False,True,True,True,False
qwen3_8b,train,18754075,generation_2,9,1,0.1017726883292198,0.8620464031895002,230,0,0.1111111111111111,False,False,True,True,True,True,True
qwen3_8b,train,18754075,generation_3,9,4,0.0439039804041385,0.5697543066408899,223,0,0.4444444444444444,False,False,False,False,True,True,False
qwen3_8b,train,18768591,generation_1,24,13,0.0001806923246476,0.4691832955377322,273,0,0.5416666666666666,False,False,False,False,False,True,False
qwen3_8b,train,18768591,generation_2,24,8,0.0002004938869504,0.6484820960437597,230,0,0.3333333333333333,False,False,False,False,True,True,False
qwen3_8b,train,18768591,generation_3,24,8,0.0001960356894414,0.6637058156472145,278,0,0.3333333333333333,False,False,False,False,True,True,False
qwen3_8b,train,18772193,generation_1,14,3,0.034248661249876,0.7148954043430942,206,0,0.21428571428571427,False,False,False,True,True,True,False
qwen3_8b,train,18772193,generation_2,14,7,0.0009629861451685,0.501735933890034,245,0,0.5,False,False,False,False,True,True,False
qwen3_8b,train,18772193,generation_3,14,8,0.0043078805319964,0.42608408293952893,259,0,0.5714285714285714,False,False,False,False,False,True,False
qwen3_8b,train,18779591,generation_1,8,1,0.0004219109832774,0.8706322274483681,231,1,0.125,False,False,True,True,True,True,False
qwen3_8b,train,18779591,generation_2,8,1,0.0001815285068005,0.871553596429294,242,1,0.125,False,False,True,True,True,True,False
qwen3_8b,train,18779591,generation_3,8,1,0.0004492300213314,0.8709062772177276,196,1,0.125,False,False,True,True,True,True,False
qwen3_8b,train,18790087,generation_1,2,0,0.9941006302833556,0.9942954480648041,171,0,0.0,True,True,True,True,True,True,True
qwen3_8b,train,18790087,generation_2,2,0,0.994201958179474,0.9944741725921632,178,0,0.0,True,True,True,True,True,True,True
qwen3_8b,train,18790087,generation_3,2,0,0.9942917823791504,0.9946167171001434,143,0,0.0,True,True,True,True,True,True,True
qwen3_8b,train,18791947,generation_1,1,1,0.0132123492658138,0.0132123492658138,168,0,1.0,False,False,False,False,False,True,False
qwen3_8b,train,18791947,generation_2,1,1,0.0064627304673194,0.0064627304673194,272,0,1.0,False,False,False,False,False,True,False
qwen3_8b,train,18791947,generation_3,1,1,0.0063414578326046,0.0063414578326046,210,0,1.0,False,False,False,False,False,True,False
qwen3_8b,train,18808529,generation_1,12,1,0.0398717112839221,0.8478360986337066,210,0,0.08333333333333333,False,True,True,True,True,True,True
qwen3_8b,train,18808529,generation_2,12,2,0.000464385462692,0.8176123492182038,171,0,0.16666666666666666,False,False,True,True,True,True,False
qwen3_8b,train,18808529,generation_3,12,2,0.0007181276450864,0.7823496134709179,222,0,0.16666666666666666,False,False,True,True,True,True,False
qwen3_8b,train,18809400,generation_1,12,2,0.0147236445918679,0.801270186357821,203,0,0.16666666666666666,False,False,True,True,True,True,False
qwen3_8b,train,18809400,generation_2,12,2,0.0203529987484216,0.8249168068480989,210,0,0.16666666666666666,False,False,True,True,True,True,False
qwen3_8b,train,18809400,generation_3,12,1,0.0132984099909663,0.8819867983305206,211,0,0.08333333333333333,False,True,True,True,True,True,True
qwen3_8b,train,18827003,generation_1,9,1,0.0784247368574142,0.8519268681605657,234,1,0.1111111111111111,False,False,True,True,True,True,True
qwen3_8b,train,18827003,generation_2,9,2,0.0245095454156398,0.7479762472212315,232,1,0.2222222222222222,False,False,False,True,True,True,False
qwen3_8b,train,18827003,generation_3,9,3,0.0076426877640187,0.7399295437563624,261,1,0.3333333333333333,False,False,False,False,True,True,False
qwen3_8b,train,18945288,generation_1,2,0,0.995084822177887,0.995130330324173,154,0,0.0,True,True,True,True,True,True,True
qwen3_8b,train,18945288,generation_2,2,1,0.0169705059379339,0.5059339059516788,184,0,0.5,False,False,False,False,True,True,False
qwen3_8b,train,18945288,generation_3,2,0,0.9308475255966188,0.9632991552352905,191,0,0.0,True,True,True,True,True,True,True
qwen3_8b,train,18945509,generation_1,8,3,0.0071382322348654,0.6876267430488952,195,4,0.375,False,False,False,False,True,True,False
qwen3_8b,train,18945509,generation_2,8,5,0.0024038008414208,0.3830599206849001,264,4,0.625,False,False,False,False,False,True,False
qwen3_8b,train,18945509,generation_3,8,4,0.0033696023747324,0.5029587371973321,228,4,0.5,False,False,False,False,True,True,False
qwen3_8b,train,18987260,generation_1,14,1,0.3851635158061981,0.9395158269575664,238,0,0.07142857142857142,False,True,True,True,True,True,True
qwen3_8b,train,18987260,generation_2,14,0,0.9008692502975464,0.9775882874216352,218,0,0.0,True,True,True,True,True,True,True
qwen3_8b,train,18987260,generation_3,14,0,0.74391770362854,0.9658176217760358,292,0,0.0,True,True,True,True,True,True,True
qwen3_8b,train,19037252,generation_1,1,0,0.9976563453674316,0.9976563453674316,138,0,0.0,True,True,True,True,True,True,True
qwen3_8b,train,19037252,generation_2,1,0,0.9968664050102234,0.9968664050102234,203,0,0.0,True,True,True,True,True,True,True
qwen3_8b,train,19037252,generation_3,1,0,0.9977496266365052,0.9977496266365052,193,0,0.0,True,True,True,True,True,True,True
qwen3_8b,train,19048115,generation_1,11,1,0.0024143690243363,0.9052758292210373,330,1,0.09090909090909091,False,True,True,True,True,True,True
qwen3_8b,train,19048115,generation_2,11,0,0.9911553859710692,0.9946266683665189,236,1,0.0,True,True,True,True,True,True,True
qwen3_8b,train,19048115,generation_3,11,1,0.30616495013237,0.9331344230608507,240,1,0.09090909090909091,False,True,True,True,True,True,True
qwen3_8b,train,19058010,generation_1,20,10,0.0631175264716148,0.5229226771742106,221,1,0.5,False,False,False,False,True,True,False
qwen3_8b,train,19058010,generation_2,20,5,0.0965141579508781,0.7167681537568569,219,1,0.25,False,False,False,True,True,True,False
qwen3_8b,train,19058010,generation_3,20,11,0.0118372375145554,0.4891685664188117,267,1,0.55,False,False,False,False,False,True,False
qwen3_8b,train,19067809,generation_1,6,2,0.0283680371940135,0.6703891170521578,145,0,0.3333333333333333,False,False,False,False,True,True,False
qwen3_8b,train,19067809,generation_2,6,2,0.0196006298065185,0.6697927533338467,144,0,0.3333333333333333,False,False,False,False,True,True,False
qwen3_8b,train,19067809,generation_3,6,1,0.2065217494964599,0.8326213558514913,208,0,0.16666666666666666,False,False,True,True,True,True,False
qwen3_8b,train,19082493,generation_1,5,1,0.0240470953285694,0.789266137033701,224,0,0.2,False,False,True,True,True,True,False
qwen3_8b,train,19082493,generation_2,5,0,0.7615384459495544,0.9193252444267273,214,0,0.0,True,True,True,True,True,True,True
qwen3_8b,train,19082493,generation_3,5,1,0.2908975481986999,0.8435503363609314,160,0,0.2,False,False,True,True,True,True,False
qwen3_8b,train,19101703,generation_1,3,1,0.0118326572701334,0.6682269582524896,206,0,0.3333333333333333,False,False,False,False,True,True,False
qwen3_8b,train,19101703,generation_2,3,1,0.0067037269473075,0.6666805918018023,164,0,0.3333333333333333,False,False,False,False,True,True,False
qwen3_8b,train,19101703,generation_3,3,1,0.0077992151491343,0.6668736163216332,198,0,0.3333333333333333,False,False,False,False,True,True,False
qwen3_8b,train,19108278,generation_1,12,2,0.0003468815120868,0.8168152644211659,271,0,0.16666666666666666,False,False,True,True,True,True,False
qwen3_8b,train,19108278,generation_2,12,2,0.0123950913548469,0.8242204735676447,165,0,0.16666666666666666,False,False,True,True,True,True,False
qwen3_8b,train,19108278,generation_3,12,3,0.0061602191999554,0.7389301316967855,187,0,0.25,False,False,False,True,True,True,False
qwen3_8b,train,19110214,generation_1,6,2,0.0006868750788271,0.6532942498646055,218,0,0.3333333333333333,False,False,False,False,True,True,False
qwen3_8b,train,19110214,generation_2,6,2,0.0002858761290553,0.6613747601950308,197,0,0.3333333333333333,False,False,False,False,True,True,False
qwen3_8b,train,19110214,generation_3,6,1,0.0003955026331823,0.8084961417625891,162,0,0.16666666666666666,False,False,True,True,True,True,False
qwen3_8b,train,19160446,generation_1,2,0,0.9945645332336426,0.9948839545249939,242,0,0.0,True,True,True,True,True,True,True
qwen3_8b,train,19160446,generation_2,2,0,0.9932911396026612,0.9937768876552582,148,0,0.0,True,True,True,True,True,True,True
qwen3_8b,train,19160446,generation_3,2,0,0.9917550086975098,0.9926308393478394,153,0,0.0,True,True,True,True,True,True,True
qwen3_8b,train,19218574,generation_1,11,0,0.5504688024520874,0.9446615901860324,252,0,0.0,True,True,True,True,True,True,True
qwen3_8b,train,19218574,generation_2,11,1,0.0007342719472944,0.8980196608145806,240,0,0.09090909090909091,False,True,True,True,True,True,True
qwen3_8b,train,19218574,generation_3,11,2,0.0014197025448083,0.820763779126785,222,0,0.18181818181818182,False,False,True,True,True,True,False
qwen3_8b,train,19234905,generation_1,1,0,0.9798981547355652,0.9798981547355652,166,0,0.0,True,True,True,True,True,True,True
qwen3_8b,train,19234905,generation_2,1,0,0.979116141796112,0.979116141796112,179,0,0.0,True,True,True,True,True,True,True
qwen3_8b,train,19234905,generation_3,1,0,0.980985462665558,0.980985462665558,258,0,0.0,True,True,True,True,True,True,True
qwen3_8b,train,19306381,generation_1,38,25,0.0001762063475325,0.3305168919292842,284,5,0.6578947368421053,False,False,False,False,False,True,False
qwen3_8b,train,19306381,generation_2,38,28,0.0001798370358301,0.2536980631052038,266,5,0.7368421052631579,False,False,False,False,False,True,False
qwen3_8b,train,19306381,generation_3,38,27,0.0001771651150193,0.2765546633197932,228,5,0.7105263157894737,False,False,False,False,False,True,False
qwen3_8b,train,19319147,generation_1,5,2,0.0137626538053154,0.5976856777444481,173,0,0.4,False,False,False,False,True,True,False
qwen3_8b,train,19319147,generation_2,5,2,0.0103470217436552,0.6470348265022039,162,0,0.4,False,False,False,False,True,True,False
qwen3_8b,train,19319147,generation_3,5,2,0.0138232624158263,0.6022817490622401,175,0,0.4,False,False,False,False,True,True,False
qwen3_8b,train,19346865,generation_1,2,0,0.9762442111968994,0.9816561937332153,137,0,0.0,True,True,True,True,True,True,True
qwen3_8b,train,19346865,generation_2,2,0,0.9759184122085572,0.9803137183189392,177,0,0.0,True,True,True,True,True,True,True
qwen3_8b,train,19346865,generation_3,2,0,0.9648478031158448,0.9767766296863556,217,0,0.0,True,True,True,True,True,True,True
qwen3_8b,train,19365571,generation_1,3,0,0.994775652885437,0.9963642557462057,245,0,0.0,True,True,True,True,True,True,True
qwen3_8b,train,19365571,generation_2,3,0,0.9936352968215942,0.9958969354629517,176,0,0.0,True,True,True,True,True,True,True
qwen3_8b,train,19365571,generation_3,3,0,0.9940316081047058,0.9958017071088155,188,0,0.0,True,True,True,True,True,True,True
qwen3_8b,train,19370764,generation_1,7,1,0.0013159071095287,0.8428173598035106,173,0,0.14285714285714285,False,False,True,True,True,True,False
qwen3_8b,train,19370764,generation_2,7,1,0.005387932062149,0.8174747611795153,182,0,0.14285714285714285,False,False,True,True,True,True,False
qwen3_8b,train,19370764,generation_3,7,2,0.000183504569577,0.6779022639592378,159,0,0.2857142857142857,False,False,False,True,True,True,False
qwen3_8b,train,19445921,generation_1,16,2,0.0002467865997459,0.8612339246374177,292,0,0.125,False,False,True,True,True,True,True
qwen3_8b,train,19445921,generation_2,16,2,0.0012195655144751,0.8785305019991938,256,0,0.125,False,False,True,True,True,True,True
qwen3_8b,train,19445921,generation_3,16,2,0.0003550002293195,0.8625111161800305,203,0,0.125,False,False,True,True,True,True,True
qwen3_8b,train,19463742,generation_1,45,28,0.0001805500796763,0.3666368540722437,332,1,0.6222222222222222,False,False,False,False,False,True,False
qwen3_8b,train,19463742,generation_2,45,28,0.0001761720632202,0.3832803674630768,332,1,0.6222222222222222,False,False,False,False,False,True,False
qwen3_8b,train,19463742,generation_3,45,28,0.0001766635978128,0.39680977070982204,275,1,0.6222222222222222,False,False,False,False,False,True,False
qwen3_8b,train,19508969,generation_1,28,0,0.8745021224021912,0.9816511124372482,193,0,0.0,True,True,True,True,True,True,True
qwen3_8b,train,19508969,generation_2,28,7,0.0040023988112807,0.7122974515493427,291,0,0.25,False,False,False,True,True,True,False
qwen3_8b,train,19508969,generation_3,28,3,0.0426378957927227,0.8961932428979448,244,0,0.10714285714285714,False,False,True,True,True,True,False
qwen3_8b,train,19521089,generation_1,1,0,0.9930819869041444,0.9930819869041444,163,0,0.0,True,True,True,True,True,True,True
qwen3_8b,train,19521089,generation_2,1,0,0.9943041205406188,0.9943041205406188,153,0,0.0,True,True,True,True,True,True,True
qwen3_8b,train,19521089,generation_3,1,0,0.994001805782318,0.994001805782318,145,0,0.0,True,True,True,True,True,True,True
qwen3_8b,train,19536134,generation_1,29,11,0.0002500293485354,0.6277499305403487,245,1,0.3793103448275862,False,False,False,False,True,True,False
qwen3_8b,train,19536134,generation_2,29,11,0.0002494155778549,0.5942536327177016,228,1,0.3793103448275862,False,False,False,False,True,True,False
qwen3_8b,train,19536134,generation_3,29,10,0.0002186086057918,0.6472983670793273,204,1,0.3448275862068966,False,False,False,False,True,True,False
qwen3_8b,train,19549709,generation_1,5,0,0.97303968667984,0.9861214756965637,203,0,0.0,True,True,True,True,True,True,True
qwen3_8b,train,19549709,generation_2,5,0,0.9712626338005066,0.9862427830696106,181,0,0.0,True,True,True,True,True,True,True
qwen3_8b,train,19549709,generation_3,5,0,0.9810965657234192,0.9877941727638244,207,0,0.0,True,True,True,True,True,True,True
qwen3_8b,train,19592582,generation_1,5,0,0.9606438279151917,0.9874866485595704,167,0,0.0,True,True,True,True,True,True,True
qwen3_8b,train,19592582,generation_2,5,0,0.97686368227005,0.9868163228034973,204,0,0.0,True,True,True,True,True,True,True
qwen3_8b,train,19592582,generation_3,5,0,0.949294090270996,0.9836095333099365,266,0,0.0,True,True,True,True,True,True,True
qwen3_8b,train,19631624,generation_1,8,7,0.0005098018446005,0.13387333013088204,162,0,0.875,False,False,False,False,False,True,False
qwen3_8b,train,19631624,generation_2,8,5,0.0009162324713543,0.3746097405528417,224,0,0.625,False,False,False,False,False,True,False
qwen3_8b,train,19631624,generation_3,8,5,0.0013858415186405,0.3766601676179562,180,0,0.625,False,False,False,False,False,True,False
qwen3_8b,train,19642243,generation_1,5,0,0.9599213004112244,0.9768705487251281,188,1,0.0,True,True,True,True,True,True,True
qwen3_8b,train,19642243,generation_2,5,0,0.9751827716827391,0.9806476593017578,195,1,0.0,True,True,True,True,True,True,True
qwen3_8b,train,19642243,generation_3,5,0,0.9627224802970886,0.9792156457901001,294,1,0.0,True,True,True,True,True,True,True
qwen3_8b,train,19672862,generation_1,22,3,0.0038330457173287,0.8668032748074356,235,0,0.13636363636363635,False,False,True,True,True,True,False
qwen3_8b,train,19672862,generation_2,22,4,0.0002409578737569,0.7904176795081267,233,0,0.18181818181818182,False,False,True,True,True,True,False
qwen3_8b,train,19672862,generation_3,22,2,0.0004371076938696,0.8720188043424225,248,0,0.09090909090909091,False,True,True,True,True,True,True
qwen3_8b,train,19692487,generation_1,14,9,0.0002955101954285,0.4153568545194243,309,0,0.6428571428571429,False,False,False,False,False,True,False
qwen3_8b,train,19692487,generation_2,14,5,0.0088271107524633,0.66166939280395,263,0,0.35714285714285715,False,False,False,False,True,True,False
qwen3_8b,train,19692487,generation_3,14,7,0.000268020958174,0.4877225156441064,229,0,0.5,False,False,False,False,True,True,False
qwen3_8b,train,19696792,generation_1,8,2,0.0002807913115248,0.7392600346611289,180,0,0.25,False,False,False,True,True,True,False
qwen3_8b,train,19696792,generation_2,8,2,0.0003380831913091,0.7128341670140799,189,0,0.25,False,False,False,True,True,True,False
qwen3_8b,train,19696792,generation_3,8,2,0.0003354767686687,0.7386744061877835,161,0,0.25,False,False,False,True,True,True,False
qwen3_8b,train,19707748,generation_1,2,1,0.1125639677047729,0.5523800253868102,191,0,0.5,False,False,False,False,True,True,False
qwen3_8b,train,19707748,generation_2,2,1,0.0041120531968772,0.49741815938614303,195,0,0.5,False,False,False,False,True,True,False
qwen3_8b,train,19707748,generation_3,2,0,0.9746053814888,0.983821451663971,171,0,0.0,True,True,True,True,True,True,True
qwen3_8b,train,19719056,generation_1,2,0,0.8694717884063721,0.9269005656242371,221,0,0.0,True,True,True,True,True,True,True
qwen3_8b,train,19719056,generation_2,2,1,0.1696478128433227,0.5765711963176727,243,0,0.5,False,False,False,False,True,True,False
qwen3_8b,train,19719056,generation_3,2,1,0.449049711227417,0.7169317305088043,197,0,0.5,False,False,False,False,True,True,False
qwen3_8b,train,19721134,generation_1,19,11,0.0002361387596465,0.43369692049332353,249,0,0.5789473684210527,False,False,False,False,False,True,False
qwen3_8b,train,19721134,generation_2,19,16,0.000268908101134,0.21129006584707985,269,0,0.8421052631578947,False,False,False,False,False,True,False
qwen3_8b,train,19721134,generation_3,19,13,0.0004766558413393,0.31381877516335066,277,0,0.6842105263157895,False,False,False,False,False,True,False
qwen3_8b,train,19728177,generation_1,3,0,0.9831121563911438,0.983411947886149,244,0,0.0,True,True,True,True,True,True,True
qwen3_8b,train,19728177,generation_2,3,0,0.9836132526397704,0.983714242776235,220,0,0.0,True,True,True,True,True,True,True
qwen3_8b,train,19728177,generation_3,3,0,0.9797423481941224,0.9816043774286906,188,0,0.0,True,True,True,True,True,True,True
qwen3_8b,train,19779499,generation_1,5,1,0.0088954707607626,0.7056227354332805,179,0,0.2,False,False,True,True,True,True,False
qwen3_8b,train,19779499,generation_2,5,1,0.00469058053568,0.7840174899436534,165,0,0.2,False,False,True,True,True,True,False
qwen3_8b,train,19779499,generation_3,5,1,0.0094522098079323,0.7871464462950826,180,0,0.2,False,False,True,True,True,True,False
qwen3_8b,train,19811499,generation_1,20,4,0.0031997188925743,0.7844369553728029,233,0,0.2,False,False,True,True,True,True,False
qwen3_8b,train,19811499,generation_2,20,6,0.000342628423823,0.6739548140889383,208,0,0.3,False,False,False,True,True,True,False
qwen3_8b,train,19811499,generation_3,20,7,0.0024090092629194,0.65243088491261,218,0,0.35,False,False,False,False,True,True,False
qwen3_8b,train,19825989,generation_1,23,14,0.00028444849886,0.4082902820525266,296,4,0.6086956521739131,False,False,False,False,False,True,False
qwen3_8b,train,19825989,generation_2,23,11,0.0002883569395635,0.5413160040865794,305,4,0.4782608695652174,False,False,False,False,True,True,False
qwen3_8b,train,19825989,generation_3,23,11,0.0005901594413444,0.5358225358827242,254,4,0.4782608695652174,False,False,False,False,True,True,False
qwen3_8b,train,19841052,generation_1,2,1,0.0529440715909004,0.5076172389090061,178,0,0.5,False,False,False,False,True,True,False
qwen3_8b,train,19841052,generation_2,2,1,0.016841085627675,0.49437178764492273,149,0,0.5,False,False,False,False,True,True,False
qwen3_8b,train,19841052,generation_3,2,1,0.0359031558036804,0.5058355629444122,215,0,0.5,False,False,False,False,True,True,False
qwen3_8b,train,19881468,generation_1,13,10,0.0001932352897711,0.23217124014067492,236,0,0.7692307692307693,False,False,False,False,False,True,False
qwen3_8b,train,19881468,generation_2,13,9,0.0001813949202187,0.3132339456978326,229,0,0.6923076923076923,False,False,False,False,False,True,False
qwen3_8b,train,19881468,generation_3,13,10,0.0001753517135512,0.22988353768484485,208,0,0.7692307692307693,False,False,False,False,False,True,False
qwen3_8b,train,19889778,generation_1,4,2,0.0099031310528516,0.5381453479640186,205,0,0.5,False,False,False,False,True,True,False
qwen3_8b,train,19889778,generation_2,4,3,0.0078872749581933,0.3452138009015471,208,0,0.75,False,False,False,False,False,True,False
qwen3_8b,train,19889778,generation_3,4,2,0.0086982222273945,0.4456839098129421,162,0,0.5,False,False,False,False,True,True,False
qwen3_8b,train,19891556,generation_1,2,0,0.9870107173919678,0.9906773567199707,255,0,0.0,True,True,True,True,True,True,True
qwen3_8b,train,19891556,generation_2,2,0,0.9771729707717896,0.984971433877945,231,0,0.0,True,True,True,True,True,True,True
qwen3_8b,train,19891556,generation_3,2,0,0.9839780926704408,0.9889471530914308,130,0,0.0,True,True,True,True,True,True,True
qwen3_8b,train,19918264,generation_1,2,0,0.9711732268333436,0.9830822348594666,172,0,0.0,True,True,True,True,True,True,True
qwen3_8b,train,19918264,generation_2,2,0,0.6065024137496948,0.800808846950531,151,0,0.0,True,True,True,True,True,True,True
qwen3_8b,train,19918264,generation_3,2,0,0.9600381851196288,0.9770103991031647,124,0,0.0,True,True,True,True,True,True,True
qwen3_8b,train,19923525,generation_1,6,3,0.0110587133094668,0.5070255037086705,239,0,0.5,False,False,False,False,True,True,False
qwen3_8b,train,19923525,generation_2,6,2,0.0078873708844184,0.6496226388650636,288,0,0.3333333333333333,False,False,False,False,True,True,False
qwen3_8b,train,19923525,generation_3,6,2,0.0094430763274431,0.6597134281570712,144,0,0.3333333333333333,False,False,False,False,True,True,False
qwen3_8b,train,19996135,generation_1,1,0,0.9664584398269652,0.9664584398269652,194,0,0.0,True,True,True,True,True,True,True
qwen3_8b,train,19996135,generation_2,1,0,0.9767516851425172,0.9767516851425172,264,0,0.0,True,True,True,True,True,True,True
qwen3_8b,train,19996135,generation_3,1,0,0.9695284962654114,0.9695284962654114,237,0,0.0,True,True,True,True,True,True,True
qwen3_8b,train,20005218,generation_1,4,0,0.9765464067459106,0.9902430921792984,134,0,0.0,True,True,True,True,True,True,True
qwen3_8b,train,20005218,generation_2,4,0,0.9575051665306092,0.985301360487938,142,0,0.0,True,True,True,True,True,True,True
qwen3_8b,train,20005218,generation_3,4,0,0.9735413789749146,0.9896387904882431,251,0,0.0,True,True,True,True,True,True,True
qwen3_8b,train,20034406,generation_1,7,1,0.4138046205043793,0.9004815007959094,213,1,0.14285714285714285,False,False,True,True,True,True,False
qwen3_8b,train,20034406,generation_2,7,1,0.402655690908432,0.8988889753818512,236,1,0.14285714285714285,False,False,True,True,True,True,False
qwen3_8b,train,20034406,generation_3,7,1,0.1672572046518325,0.8671087729079383,182,1,0.14285714285714285,False,False,True,True,True,True,False
qwen3_8b,train,20046642,generation_1,21,14,0.0004678404075093,0.33941290902882987,259,1,0.6666666666666666,False,False,False,False,False,True,False
qwen3_8b,train,20046642,generation_2,21,12,0.0001755723933456,0.46397365069216384,268,1,0.5714285714285714,False,False,False,False,False,True,False
qwen3_8b,train,20046642,generation_3,21,16,0.0008113621152006,0.2753415350480714,235,1,0.7619047619047619,False,False,False,False,False,True,False
qwen3_8b,train,20080916,generation_1,3,2,0.0031615579500794,0.3724990241850416,156,0,0.6666666666666666,False,False,False,False,False,True,False
qwen3_8b,train,20080916,generation_2,3,2,0.0035424088127911,0.37312342242027324,198,0,0.6666666666666666,False,False,False,False,False,True,False
qwen3_8b,train,20080916,generation_3,3,2,0.0032915819901973,0.45537639820637793,156,0,0.6666666666666666,False,False,False,False,False,True,False
qwen3_8b,train,20080983,generation_1,3,1,0.0431591644883155,0.6678034191330272,152,0,0.3333333333333333,False,False,False,False,True,True,False
qwen3_8b,train,20080983,generation_2,3,1,0.0364136733114719,0.6637186221778393,125,0,0.3333333333333333,False,False,False,False,True,True,False
qwen3_8b,train,20080983,generation_3,3,1,0.0205777585506439,0.6616827150185902,162,0,0.3333333333333333,False,False,False,False,True,True,False
qwen3_8b,train,20086182,generation_1,6,1,0.0025409902445971,0.7550117347855121,241,0,0.16666666666666666,False,False,True,True,True,True,False
qwen3_8b,train,20086182,generation_2,6,1,0.4903495907783508,0.9052016238371531,130,0,0.16666666666666666,False,False,True,True,True,True,False
qwen3_8b,train,20086182,generation_3,6,0,0.963249444961548,0.9853629469871521,164,0,0.0,True,True,True,True,True,True,True
qwen3_8b,train,20105280,generation_1,17,12,0.0006865780451335,0.32649979351759506,235,0,0.7058823529411765,False,False,False,False,False,True,False
qwen3_8b,train,20105280,generation_2,17,9,0.0202058088034391,0.45616130311699477,251,0,0.5294117647058824,False,False,False,False,False,True,False
qwen3_8b,train,20105280,generation_3,17,8,0.0094063943251967,0.5528681992060122,312,0,0.47058823529411764,False,False,False,False,True,True,False
qwen3_8b,train,20105310,generation_1,30,4,0.0004357603611424,0.8672724821954034,286,1,0.13333333333333333,False,False,True,True,True,True,False
qwen3_8b,train,20105310,generation_2,30,3,0.0002500527189113,0.8935784878616687,281,1,0.1,False,True,True,True,True,True,False
qwen3_8b,train,20105310,generation_3,30,4,0.0002771927102003,0.863796175151947,251,1,0.13333333333333333,False,False,True,True,True,True,False
qwen3_8b,train,20129423,generation_1,2,0,0.97950541973114,0.9809893369674683,257,0,0.0,True,True,True,True,True,True,True
qwen3_8b,train,20129423,generation_2,2,0,0.9846192002296448,0.9848865866661072,242,0,0.0,True,True,True,True,True,True,True
qwen3_8b,train,20129423,generation_3,2,0,0.9820181131362916,0.9831303358078004,152,0,0.0,True,True,True,True,True,True,True
qwen3_8b,train,20226780,generation_1,6,0,0.7278413772583008,0.9380100270112356,235,0,0.0,True,True,True,True,True,True,True
qwen3_8b,train,20226780,generation_2,6,1,0.0002590670774225,0.8039116007518411,186,0,0.16666666666666666,False,False,True,True,True,True,False
qwen3_8b,train,20226780,generation_3,6,2,0.0003145285299979,0.6189836348154737,184,0,0.3333333333333333,False,False,False,False,True,True,False
qwen3_8b,train,20331935,generation_1,3,1,0.1103558838367462,0.6798982520898184,181,0,0.3333333333333333,False,False,False,False,True,True,False
qwen3_8b,train,20331935,generation_2,3,0,0.9474758505821228,0.9661869009335836,309,0,0.0,True,True,True,True,True,True,True
qwen3_8b,train,20331935,generation_3,3,0,0.979205846786499,0.9807891647020975,233,0,0.0,True,True,True,True,True,True,True
qwen3_8b,train,20335448,generation_1,12,1,0.0333650074899196,0.8817904638126493,225,0,0.08333333333333333,False,True,True,True,True,True,True
qwen3_8b,train,20335448,generation_2,12,0,0.9235740900039672,0.9787483364343643,253,0,0.0,True,True,True,True,True,True,True
qwen3_8b,train,20335448,generation_3,12,2,0.0842941179871559,0.8546160540233055,232,0,0.16666666666666666,False,False,True,True,True,True,False
qwen3_8b,train,20367983,generation_1,4,1,0.012803073041141,0.7505185741465539,136,0,0.25,False,False,False,True,True,True,False
qwen3_8b,train,20367983,generation_2,4,1,0.0121969245374202,0.7501149093732238,185,0,0.25,False,False,False,True,True,True,False
qwen3_8b,train,20367983,generation_3,4,1,0.0137762129306793,0.7509476020932198,157,0,0.25,False,False,False,True,True,True,False
qwen3_8b,train,20401977,generation_1,3,0,0.9903265833854676,0.9941880106925965,145,0,0.0,True,True,True,True,True,True,True
qwen3_8b,train,20401977,generation_2,3,0,0.9897135496139526,0.9940802852312723,154,0,0.0,True,True,True,True,True,True,True
qwen3_8b,train,20401977,generation_3,3,0,0.9888709187507628,0.9935877124468485,142,0,0.0,True,True,True,True,True,True,True
qwen3_8b,train,20415560,generation_1,7,0,0.622693657875061,0.9357406667300633,216,0,0.0,True,True,True,True,True,True,True
qwen3_8b,train,20415560,generation_2,7,0,0.9568994045257568,0.9829951524734497,307,0,0.0,True,True,True,True,True,True,True
qwen3_8b,train,20415560,generation_3,7,0,0.9829339385032654,0.987083911895752,261,0,0.0,True,True,True,True,True,True,True
qwen3_8b,train,20428796,generation_1,9,7,0.0002085459709633,0.21950057331640788,256,7,0.7777777777777778,False,False,False,False,False,True,False
qwen3_8b,train,20428796,generation_2,9,8,0.0001981944078579,0.1415667827321966,271,7,0.8888888888888888,False,False,False,False,False,True,False
qwen3_8b,train,20428796,generation_3,9,6,0.0002048185706371,0.3292212728427128,257,7,0.6666666666666666,False,False,False,False,False,True,False
qwen3_8b,train,20431083,generation_1,2,1,0.0060490039177238,0.4878560139331966,238,0,0.5,False,False,False,False,True,True,False
qwen3_8b,train,20431083,generation_2,2,1,0.0054365000687539,0.4911713700275867,167,0,0.5,False,False,False,False,True,True,False
qwen3_8b,train,20431083,generation_3,2,1,0.0043744458816945,0.48753497074358165,169,0,0.5,False,False,False,False,True,True,False
qwen3_8b,train,20447294,generation_1,8,0,0.9830227494239808,0.984971173107624,211,1,0.0,True,True,True,True,True,True,True
qwen3_8b,train,20447294,generation_2,8,0,0.9817872047424316,0.9846862107515335,194,1,0.0,True,True,True,True,True,True,True
qwen3_8b,train,20447294,generation_3,8,0,0.9699701070785522,0.9791559278964996,190,1,0.0,True,True,True,True,True,True,True
qwen3_8b,train,20477932,generation_1,14,7,0.000179391252459,0.47068931145414744,213,0,0.5,False,False,False,False,True,True,False
qwen3_8b,train,20477932,generation_2,14,9,0.0003640982322394,0.366658034250057,302,0,0.6428571428571429,False,False,False,False,False,True,False
qwen3_8b,train,20477932,generation_3,14,8,0.0002558573323767,0.40055465278315483,269,0,0.5714285714285714,False,False,False,False,False,True,False
qwen3_8b,train,20510337,generation_1,26,3,0.0004149135202169,0.8670472276325409,231,0,0.11538461538461539,False,False,True,True,True,True,False
qwen3_8b,train,20510337,generation_2,26,5,0.0001926980330608,0.7920706319251062,257,0,0.19230769230769232,False,False,True,True,True,True,False
qwen3_8b,train,20510337,generation_3,26,4,0.0004267493786755,0.8306713852451559,240,0,0.15384615384615385,False,False,True,True,True,True,False
qwen3_8b,train,20520283,generation_1,6,3,0.0143057918176054,0.5384600943264862,169,1,0.5,False,False,False,False,True,True,False
qwen3_8b,train,20520283,generation_2,6,1,0.1859399229288101,0.8472905382514,190,1,0.16666666666666666,False,False,True,True,True,True,False
qwen3_8b,train,20520283,generation_3,6,1,0.3898705542087555,0.8428439746300379,148,1,0.16666666666666666,False,False,True,True,True,True,False
qwen3_8b,train,20523265,generation_1,8,0,0.911993145942688,0.9716078788042068,147,0,0.0,True,True,True,True,True,True,True
qwen3_8b,train,20523265,generation_2,8,0,0.9020920395851136,0.9659466668963432,203,0,0.0,True,True,True,True,True,True,True
qwen3_8b,train,20523265,generation_3,8,0,0.9607571363449096,0.9839803948998451,196,0,0.0,True,True,True,True,True,True,True
qwen3_8b,train,20528871,generation_1,3,0,0.9804702401161194,0.9823558926582336,170,3,0.0,True,True,True,True,True,True,True
qwen3_8b,train,20528871,generation_2,3,0,0.980798065662384,0.981537938117981,258,3,0.0,True,True,True,True,True,True,True
qwen3_8b,train,20528871,generation_3,3,0,0.9833662509918212,0.9838144779205321,243,3,0.0,True,True,True,True,True,True,True
qwen3_8b,train,20533999,generation_1,9,5,0.0010975395562127,0.48353607120871955,311,1,0.5555555555555556,False,False,False,False,False,True,False
qwen3_8b,train,20533999,generation_2,9,5,0.0288967154920101,0.4942770157423284,201,1,0.5555555555555556,False,False,False,False,False,True,False
qwen3_8b,train,20533999,generation_3,9,3,0.0579768642783165,0.6649370450112555,246,1,0.3333333333333333,False,False,False,False,True,True,False
qwen3_8b,train,20534142,generation_1,14,3,0.0005549414781853,0.7815087245960187,194,0,0.21428571428571427,False,False,False,True,True,True,False
qwen3_8b,train,20534142,generation_2,14,2,0.0007720433641225,0.8746075342309528,223,0,0.14285714285714285,False,False,True,True,True,True,True
qwen3_8b,train,20534142,generation_3,14,3,0.0012843441218137,0.7936249161139131,261,0,0.21428571428571427,False,False,False,True,True,True,False
qwen3_8b,train,20558148,generation_1,12,4,0.0186756271868944,0.6548195181724926,257,0,0.3333333333333333,False,False,False,False,True,True,False
qwen3_8b,train,20558148,generation_2,12,3,0.0003522425831761,0.7404335670168317,273,0,0.25,False,False,False,True,True,True,False
qwen3_8b,train,20558148,generation_3,12,4,0.018933467566967,0.6534830313175917,276,0,0.3333333333333333,False,False,False,False,True,True,False
qwen3_8b,train,20579626,generation_1,5,0,0.9672045707702636,0.9899669766426087,188,0,0.0,True,True,True,True,True,True,True
qwen3_8b,train,20579626,generation_2,5,0,0.9119908809661864,0.9736364364624024,199,0,0.0,True,True,True,True,True,True,True
qwen3_8b,train,20579626,generation_3,5,0,0.9782719016075134,0.9905959606170655,179,0,0.0,True,True,True,True,True,True,True
qwen3_8b,train,20583543,generation_1,5,0,0.8509242534637451,0.9678854584693909,181,0,0.0,True,True,True,True,True,True,True
qwen3_8b,train,20583543,generation_2,5,1,0.0085797570645809,0.7993890576064586,171,0,0.2,False,False,True,True,True,True,False
qwen3_8b,train,20583543,generation_3,5,0,0.9379252195358276,0.9852853536605835,131,0,0.0,True,True,True,True,True,True,True
qwen3_8b,train,20588063,generation_1,7,0,0.980066180229187,0.9947725364140102,214,0,0.0,True,True,True,True,True,True,True
qwen3_8b,train,20588063,generation_2,7,0,0.9819523692131042,0.9951568756784711,212,0,0.0,True,True,True,True,True,True,True
qwen3_8b,train,20588063,generation_3,7,0,0.9829740524291992,0.995235971042088,172,0,0.0,True,True,True,True,True,True,True
qwen3_8b,train,20606392,generation_1,2,0,0.9868152141571044,0.9919289648532867,147,0,0.0,True,True,True,True,True,True,True
qwen3_8b,train,20606392,generation_2,2,0,0.9950276017189026,0.9960136413574219,158,0,0.0,True,True,True,True,True,True,True
qwen3_8b,train,20606392,generation_3,2,0,0.9913980960845948,0.99416384100914,136,0,0.0,True,True,True,True,True,True,True
qwen3_8b,train,20667451,generation_1,7,0,0.9833664894104004,0.9844306111335754,201,0,0.0,True,True,True,True,True,True,True
qwen3_8b,train,20667451,generation_2,7,0,0.9829046726226808,0.985709011554718,291,0,0.0,True,True,True,True,True,True,True
qwen3_8b,train,20667451,generation_3,7,0,0.98167222738266,0.9842856441225324,165,0,0.0,True,True,True,True,True,True,True
qwen3_8b,train,20683499,generation_1,8,2,0.0004912173026241,0.7274492562501109,219,0,0.25,False,False,False,True,True,True,False
qwen3_8b,train,20683499,generation_2,8,2,0.0011971279745921,0.7396598330669804,227,0,0.25,False,False,False,True,True,True,False
qwen3_8b,train,20683499,generation_3,8,4,0.0005728801479563,0.5119488802010892,223,0,0.5,False,False,False,False,True,True,False
qwen3_8b,train,20708777,generation_1,12,0,0.9845905303955078,0.9933738559484482,199,0,0.0,True,True,True,True,True,True,True
qwen3_8b,train,20708777,generation_2,12,0,0.9829161167144777,0.9929007391134897,156,0,0.0,True,True,True,True,True,True,True
qwen3_8b,train,20708777,generation_3,12,0,0.979379653930664,0.9914066890875498,216,0,0.0,True,True,True,True,True,True,True
qwen3_8b,train,20722491,generation_1,20,19,0.0002542652073316,0.07995515479415186,247,0,0.95,False,False,False,False,False,True,False
qwen3_8b,train,20722491,generation_2,20,14,0.0002556113176979,0.2954075604138779,301,0,0.7,False,False,False,False,False,True,False
qwen3_8b,train,20722491,generation_3,20,14,0.0002394956536591,0.25748738082475026,229,0,0.7,False,False,False,False,False,True,False
qwen3_8b,train,20801104,generation_1,4,0,0.977719247341156,0.9902174025774002,201,0,0.0,True,True,True,True,True,True,True
qwen3_8b,train,20801104,generation_2,4,0,0.9665655493736268,0.9876852035522461,170,0,0.0,True,True,True,True,True,True,True
qwen3_8b,train,20801104,generation_3,4,0,0.949779450893402,0.9835271388292313,181,0,0.0,True,True,True,True,True,True,True
qwen3_8b,train,20806042,generation_1,3,0,0.994732141494751,0.9961957335472107,183,0,0.0,True,True,True,True,True,True,True
qwen3_8b,train,20806042,generation_2,3,0,0.9953415393829346,0.9962202707926432,212,0,0.0,True,True,True,True,True,True,True
qwen3_8b,train,20806042,generation_3,3,0,0.9952701926231384,0.9960822463035583,154,0,0.0,True,True,True,True,True,True,True
qwen3_8b,train,20828385,generation_1,5,2,0.0252591371536254,0.5667189545929431,166,0,0.4,False,False,False,False,True,True,False
qwen3_8b,train,20828385,generation_2,5,0,0.5347357392311096,0.8721835017204285,161,0,0.0,True,True,True,True,True,True,True
qwen3_8b,train,20828385,generation_3,5,2,0.002771305385977,0.596826468128711,190,0,0.4,False,False,False,False,True,True,False
qwen3_8b,train,20846357,generation_1,6,4,0.0009905700571835,0.3381493096239865,233,0,0.6666666666666666,False,False,False,False,False,True,False
qwen3_8b,train,20846357,generation_2,6,3,0.0188482832163572,0.45571379363536835,218,0,0.5,False,False,False,False,True,True,False
qwen3_8b,train,20846357,generation_3,6,0,0.9535078406333924,0.9685644110043844,218,0,0.0,True,True,True,True,True,True,True
qwen3_8b,train,20854438,generation_1,7,4,0.0004112529277335,0.47950584614799086,282,0,0.5714285714285714,False,False,False,False,False,True,False
qwen3_8b,train,20854438,generation_2,7,4,0.0005092642386443,0.4433223121283975,208,0,0.5714285714285714,False,False,False,False,False,True,False
qwen3_8b,train,20854438,generation_3,7,4,0.0006490882951766,0.42860893872732825,253,0,0.5714285714285714,False,False,False,False,False,True,False
qwen3_8b,train,20949073,generation_1,2,1,0.0069140391424298,0.501908163074404,210,0,0.5,False,False,False,False,True,True,False
qwen3_8b,train,20949073,generation_2,2,1,0.0060488381423056,0.5017219979781657,206,0,0.5,False,False,False,False,True,True,False
qwen3_8b,train,20949073,generation_3,2,1,0.0038948117289692,0.5007607667939737,185,0,0.5,False,False,False,False,True,True,False
qwen3_8b,train,20973483,generation_1,7,4,0.0045451708137989,0.395078921357968,203,0,0.5714285714285714,False,False,False,False,False,True,False
qwen3_8b,train,20973483,generation_2,7,5,0.0036280681379139,0.3025798110757023,185,0,0.7142857142857143,False,False,False,False,False,True,False
qwen3_8b,train,20973483,generation_3,7,4,0.0041680210269987,0.41979415262384073,234,0,0.5714285714285714,False,False,False,False,False,True,False
qwen3_8b,train,21059483,generation_1,2,1,0.2725375890731811,0.634038895368576,188,0,0.5,False,False,False,False,True,True,False
qwen3_8b,train,21059483,generation_2,2,0,0.9701488018035888,0.9823472499847412,198,0,0.0,True,True,True,True,True,True,True
qwen3_8b,train,21059483,generation_3,2,0,0.9915001392364502,0.9935860633850098,187,0,0.0,True,True,True,True,True,True,True
qwen3_8b,train,21070631,generation_1,14,0,0.5178855657577515,0.9456933992249625,222,1,0.0,True,True,True,True,True,True,True
qwen3_8b,train,21070631,generation_2,14,1,0.0402687452733516,0.918214229334678,280,1,0.07142857142857142,False,True,True,True,True,True,True
qwen3_8b,train,21070631,generation_3,14,0,0.8710254430770874,0.9794486548219409,232,1,0.0,True,True,True,True,True,True,True
qwen3_8b,train,21080147,generation_1,9,0,0.8047456741333008,0.9571004509925842,263,1,0.0,True,True,True,True,True,True,True
qwen3_8b,train,21080147,generation_2,9,1,0.4244448244571686,0.9181495408217112,236,1,0.1111111111111111,False,False,True,True,True,True,True
qwen3_8b,train,21080147,generation_3,9,0,0.5024142861366272,0.9344586730003357,241,1,0.0,True,True,True,True,True,True,True
qwen3_8b,train,21135151,generation_1,1,0,0.9949892163276672,0.9949892163276672,158,0,0.0,True,True,True,True,True,True,True
qwen3_8b,train,21135151,generation_2,1,0,0.9944120049476624,0.9944120049476624,217,0,0.0,True,True,True,True,True,True,True
qwen3_8b,train,21135151,generation_3,1,0,0.9937642812728882,0.9937642812728882,155,0,0.0,True,True,True,True,True,True,True
qwen3_8b,train,21163864,generation_1,2,1,0.0106298001483082,0.5026178793050349,112,0,0.5,False,False,False,False,True,True,False
qwen3_8b,train,21163864,generation_2,2,1,0.0069142486900091,0.5003339899703859,123,0,0.5,False,False,False,False,True,True,False
qwen3_8b,train,21163864,generation_3,2,1,0.0103207230567932,0.502078890800476,216,0,0.5,False,False,False,False,True,True,False
qwen3_8b,train,21195121,generation_1,12,1,0.0701349526643753,0.8892786962290605,251,0,0.08333333333333333,False,True,True,True,True,True,True
qwen3_8b,train,21195121,generation_2,12,3,0.0075586610473692,0.736770071904175,225,0,0.25,False,False,False,True,True,True,False
qwen3_8b,train,21195121,generation_3,12,4,0.0301993489265441,0.689501853659749,256,0,0.3333333333333333,False,False,False,False,True,True,False
qwen3_8b,train,21238926,generation_1,7,5,0.0005272371345199,0.36476442331747544,200,0,0.7142857142857143,False,False,False,False,False,True,False
qwen3_8b,train,21238926,generation_2,7,5,0.0031506197992712,0.32745381554455627,150,0,0.7142857142857143,False,False,False,False,False,True,False
qwen3_8b,train,21238926,generation_3,7,2,0.0006749613094143,0.6609976342463467,166,0,0.2857142857142857,False,False,False,True,True,True,False
qwen3_8b,train,21325775,generation_1,2,1,0.0443349219858646,0.501369284465909,215,0,0.5,False,False,False,False,True,True,False
qwen3_8b,train,21325775,generation_2,2,0,0.9706610441207886,0.9808312356472015,144,0,0.0,True,True,True,True,True,True,True
qwen3_8b,train,21325775,generation_3,2,0,0.8469266891479492,0.916899561882019,164,0,0.0,True,True,True,True,True,True,True
qwen3_8b,train,21496008,generation_1,2,0,0.9933411478996276,0.994264930486679,139,0,0.0,True,True,True,True,True,True,True
qwen3_8b,train,21496008,generation_2,2,0,0.9945613741874696,0.9947402477264404,141,0,0.0,True,True,True,True,True,True,True
qwen3_8b,train,21496008,generation_3,2,0,0.9936821460723876,0.9944974780082703,136,0,0.0,True,True,True,True,True,True,True
qwen3_8b,train,21533187,generation_1,3,0,0.9946721196174622,0.9953177372614542,191,0,0.0,True,True,True,True,True,True,True
qwen3_8b,train,21533187,generation_2,3,0,0.9937787652015686,0.9948976238568624,221,0,0.0,True,True,True,True,True,True,True
qwen3_8b,train,21533187,generation_3,3,0,0.9942195415496826,0.9945061604181925,148,0,0.0,True,True,True,True,True,True,True
qwen3_8b,train,21615796,generation_1,5,0,0.931723654270172,0.9811730146408081,167,0,0.0,True,True,True,True,True,True,True
qwen3_8b,train,21615796,generation_2,5,0,0.6484940648078918,0.9204643249511719,159,0,0.0,True,True,True,True,True,True,True
qwen3_8b,train,21615796,generation_3,5,1,0.1843520998954773,0.8307567238807678,162,0,0.2,False,False,True,True,True,True,False
qwen3_8b,train,21666969,generation_1,6,0,0.9898579716682434,0.992929071187973,218,0,0.0,True,True,True,True,True,True,True
qwen3_8b,train,21666969,generation_2,6,0,0.973620355129242,0.9889712731043497,150,0,0.0,True,True,True,True,True,True,True
qwen3_8b,train,21666969,generation_3,6,0,0.98265540599823,0.9908989667892456,209,0,0.0,True,True,True,True,True,True,True
qwen3_8b,train,21682595,generation_1,4,1,0.1787108331918716,0.7337498106062412,215,0,0.25,False,False,False,True,True,True,False
qwen3_8b,train,21682595,generation_2,4,1,0.0550956539809703,0.7323116464540362,213,0,0.25,False,False,False,True,True,True,False
qwen3_8b,train,21682595,generation_3,4,1,0.0385200381278991,0.7488599419593811,157,0,0.25,False,False,False,True,True,True,False
qwen3_8b,train,21695597,generation_1,6,0,0.8906080722808838,0.9607941110928854,228,0,0.0,True,True,True,True,True,True,True
qwen3_8b,train,21695597,generation_2,6,0,0.5064718723297119,0.8912558356920878,228,0,0.0,True,True,True,True,True,True,True
qwen3_8b,train,21695597,generation_3,6,0,0.9166586399078368,0.9685168067614237,204,0,0.0,True,True,True,True,True,True,True
qwen3_8b,train,21699520,generation_1,3,1,0.020883671939373,0.6718857263525327,156,0,0.3333333333333333,False,False,False,False,True,True,False
qwen3_8b,train,21699520,generation_2,3,1,0.0146013377234339,0.6699232220028838,155,0,0.3333333333333333,False,False,False,False,True,True,False
qwen3_8b,train,21699520,generation_3,3,1,0.0164757296442985,0.6691558932264646,160,0,0.3333333333333333,False,False,False,False,True,True,False
qwen3_8b,train,21771880,generation_1,3,0,0.8589010238647461,0.9497555295626322,205,0,0.0,True,True,True,True,True,True,True
qwen3_8b,train,21771880,generation_2,3,1,0.3859309256076813,0.7920630077521006,271,0,0.3333333333333333,False,False,False,False,True,True,False
qwen3_8b,train,21771880,generation_3,3,0,0.9440942406654358,0.978351910909017,124,0,0.0,True,True,True,True,True,True,True
qwen3_8b,train,21810259,generation_1,25,9,0.0002013976336456,0.6249468891153811,293,0,0.36,False,False,False,False,True,True,False
qwen3_8b,train,21810259,generation_2,25,12,0.0002057565288851,0.5299039457913023,294,0,0.48,False,False,False,False,True,True,False
qwen3_8b,train,21810259,generation_3,25,9,0.0001887560501927,0.6396857291046762,285,0,0.36,False,False,False,False,True,True,False
qwen3_8b,train,21904390,generation_1,3,0,0.9894676804542542,0.9938032825787863,164,0,0.0,True,True,True,True,True,True,True
qwen3_8b,train,21904390,generation_2,3,0,0.9959306120872498,0.9964694380760193,176,0,0.0,True,True,True,True,True,True,True
qwen3_8b,train,21904390,generation_3,3,1,0.0029630567878484,0.6645351815968751,161,0,0.3333333333333333,False,False,False,False,True,True,False
qwen3_8b,train,21911891,generation_1,2,0,0.9648120999336244,0.9745570123195648,198,0,0.0,True,True,True,True,True,True,True
qwen3_8b,train,21911891,generation_2,2,0,0.9724228978157043,0.9813138544559479,184,0,0.0,True,True,True,True,True,True,True
qwen3_8b,train,21911891,generation_3,2,0,0.9111904501914978,0.9496490359306335,190,0,0.0,True,True,True,True,True,True,True
qwen3_8b,train,22048266,generation_1,5,0,0.9691986441612244,0.9852738857269288,200,0,0.0,True,True,True,True,True,True,True
qwen3_8b,train,22048266,generation_2,5,0,0.973760724067688,0.9874831557273864,137,0,0.0,True,True,True,True,True,True,True
qwen3_8b,train,22048266,generation_3,5,0,0.9412997364997864,0.9745782732963562,210,0,0.0,True,True,True,True,True,True,True
qwen3_8b,train,22051099,generation_1,6,0,0.9796060919761658,0.9912652472654978,323,1,0.0,True,True,True,True,True,True,True
qwen3_8b,train,22051099,generation_2,6,0,0.982721745967865,0.9925328195095062,178,1,0.0,True,True,True,True,True,True,True
qwen3_8b,train,22051099,generation_3,6,0,0.978669047355652,0.9914529720942179,264,1,0.0,True,True,True,True,True,True,True
qwen3_8b,train,22104738,generation_1,3,0,0.9791082739830016,0.9886592427889506,173,0,0.0,True,True,True,True,True,True,True
qwen3_8b,train,22104738,generation_2,3,1,0.0871342197060585,0.6698213741183281,203,0,0.3333333333333333,False,False,False,False,True,True,False
qwen3_8b,train,22104738,generation_3,3,0,0.9306433796882628,0.9729537765185038,193,0,0.0,True,True,True,True,True,True,True
qwen3_8b,train,22180037,generation_1,4,1,0.045448362827301,0.7536816149950027,158,0,0.25,False,False,False,True,True,True,False
qwen3_8b,train,22180037,generation_2,4,0,0.9720488786697388,0.9833388775587082,164,0,0.0,True,True,True,True,True,True,True
qwen3_8b,train,22180037,generation_3,4,0,0.8505070209503174,0.9513216316699982,156,0,0.0,True,True,True,True,True,True,True
qwen3_8b,train,22303482,generation_1,30,7,0.0004495431203395,0.7692227732254348,242,0,0.23333333333333334,False,False,False,True,True,True,False
qwen3_8b,train,22303482,generation_2,30,11,0.0002460291725583,0.6278287182862793,260,0,0.36666666666666664,False,False,False,False,True,True,False
qwen3_8b,train,22303482,generation_3,30,2,0.0002565011964179,0.9115703458606731,242,0,0.06666666666666667,False,True,True,True,True,True,True
qwen3_8b,train,22808010,generation_1,32,6,0.0001942457602126,0.8150436002702008,256,1,0.1875,False,False,True,True,True,True,False
qwen3_8b,train,22808010,generation_2,32,1,0.1332383453845977,0.9521936578676105,218,1,0.03125,False,True,True,True,True,True,True
qwen3_8b,train,22808010,generation_3,32,0,0.8255130648612976,0.9825576264411211,255,1,0.0,True,True,True,True,True,True,True
qwen3_8b,train,22836123,generation_1,6,2,0.056778036057949,0.6712976569930712,243,0,0.3333333333333333,False,False,False,False,True,True,False
qwen3_8b,train,22836123,generation_2,6,4,0.0081758331507444,0.3347942816714446,250,0,0.6666666666666666,False,False,False,False,False,True,False
qwen3_8b,train,22836123,generation_3,6,2,0.035394687205553,0.6811778228729963,261,0,0.3333333333333333,False,False,False,False,True,True,False
qwen3_8b,train,22859398,generation_1,7,1,0.2720417380332947,0.8826122028487069,198,0,0.14285714285714285,False,False,True,True,True,True,False
qwen3_8b,train,22859398,generation_2,7,1,0.0157370418310165,0.8488504354442868,166,0,0.14285714285714285,False,False,True,True,True,True,False
qwen3_8b,train,22859398,generation_3,7,1,0.0296000000089406,0.8522069079003164,200,0,0.14285714285714285,False,False,True,True,True,True,False
qwen3_8b,train,23791840,generation_1,15,4,0.0068823206238448,0.7505428946577013,215,0,0.26666666666666666,False,False,False,True,True,True,False
qwen3_8b,train,23791840,generation_2,15,4,0.0003415904648136,0.7322804945501654,273,0,0.26666666666666666,False,False,False,True,True,True,False
qwen3_8b,train,23791840,generation_3,15,4,0.0009958688169717,0.7316999133676291,254,0,0.26666666666666666,False,False,False,True,True,True,False
qwen3_8b,train,23864035,generation_1,4,0,0.9622188806533812,0.978029429912567,161,1,0.0,True,True,True,True,True,True,True
qwen3_8b,train,23864035,generation_2,4,0,0.9774630069732666,0.9830541908740997,203,1,0.0,True,True,True,True,True,True,True
qwen3_8b,train,23864035,generation_3,4,0,0.9819851517677308,0.9849415123462677,299,1,0.0,True,True,True,True,True,True,True
qwen3_8b,train,23949582,generation_1,5,0,0.9823076725006104,0.9843582153320313,145,0,0.0,True,True,True,True,True,True,True
qwen3_8b,train,23949582,generation_2,5,0,0.9819858074188232,0.9838811039924622,148,0,0.0,True,True,True,True,True,True,True
qwen3_8b,train,23949582,generation_3,5,0,0.9827699661254884,0.9840262532234192,150,0,0.0,True,True,True,True,True,True,True
qwen3_8b,train,23952588,generation_1,2,0,0.982455313205719,0.9839084446430206,176,0,0.0,True,True,True,True,True,True,True
qwen3_8b,train,23952588,generation_2,2,0,0.9793654680252076,0.9812136292457581,233,0,0.0,True,True,True,True,True,True,True
qwen3_8b,train,23952588,generation_3,2,0,0.979610800743103,0.9807906746864319,222,0,0.0,True,True,True,True,True,True,True
qwen3_8b,train,24055495,generation_1,14,4,0.0316953770816326,0.6992213688790798,291,0,0.2857142857142857,False,False,False,True,True,True,False
qwen3_8b,train,24055495,generation_2,14,6,0.0025136503390967,0.5818891775727805,231,0,0.42857142857142855,False,False,False,False,True,True,False
qwen3_8b,train,24055495,generation_3,14,6,0.0052880914881825,0.5958197503350675,270,0,0.42857142857142855,False,False,False,False,True,True,False
qwen3_8b,train,24100257,generation_1,3,2,0.0023331285919994,0.3316589330788701,150,0,0.6666666666666666,False,False,False,False,False,True,False
qwen3_8b,train,24100257,generation_2,3,2,0.0058085918426513,0.33372066092366975,269,0,0.6666666666666666,False,False,False,False,False,True,False
qwen3_8b,train,24100257,generation_3,3,2,0.019783679395914,0.3452931580444177,201,0,0.6666666666666666,False,False,False,False,False,True,False
qwen3_8b,train,24126708,generation_1,10,0,0.967560350894928,0.9847563922405242,302,0,0.0,True,True,True,True,True,True,True
qwen3_8b,train,24126708,generation_2,10,1,0.4844763278961181,0.9286078631877899,218,0,0.1,False,True,True,True,True,True,True
qwen3_8b,train,24126708,generation_3,10,1,0.1347373723983764,0.8744066417217254,218,0,0.1,False,True,True,True,True,True,True
qwen3_8b,train,24132704,generation_1,16,10,0.0064871753565967,0.39385179392411374,260,0,0.625,False,False,False,False,False,True,False
qwen3_8b,train,24132704,generation_2,16,6,0.001421398948878,0.6198164567613276,278,0,0.375,False,False,False,False,True,True,False
qwen3_8b,train,24132704,generation_3,16,7,0.0001810731628211,0.5454595421369959,230,0,0.4375,False,False,False,False,True,True,False
qwen3_8b,train,2422478,generation_1,4,1,0.0103831738233566,0.7321398667991161,126,0,0.25,False,False,False,True,True,True,False
qwen3_8b,train,2422478,generation_2,4,1,0.0132664069533348,0.7348593380302191,197,0,0.25,False,False,False,True,True,True,False
qwen3_8b,train,2422478,generation_3,4,2,0.0077299689874053,0.5018716731574386,128,0,0.5,False,False,False,False,True,True,False
qwen3_8b,train,24309294,generation_1,10,2,0.0948783978819847,0.8045800544321537,238,0,0.2,False,False,True,True,True,True,False
qwen3_8b,train,24309294,generation_2,10,5,0.0134380431845784,0.5467762415297329,241,0,0.5,False,False,False,False,True,True,False
qwen3_8b,train,24309294,generation_3,10,4,0.0172452516853809,0.6433932173997163,239,0,0.4,False,False,False,False,True,True,False
qwen3_8b,train,24341598,generation_1,6,0,0.8417123556137085,0.9574511349201202,215,1,0.0,True,True,True,True,True,True,True
qwen3_8b,train,24341598,generation_2,6,0,0.9685732126235962,0.9786204099655151,179,1,0.0,True,True,True,True,True,True,True
qwen3_8b,train,24341598,generation_3,6,0,0.9575070142745972,0.9781216084957123,189,1,0.0,True,True,True,True,True,True,True
qwen3_8b,train,24477591,generation_1,10,1,0.0175938531756401,0.8754819445312023,201,0,0.1,False,True,True,True,True,True,True
qwen3_8b,train,24477591,generation_2,10,1,0.0600718259811401,0.892625379562378,190,0,0.1,False,True,True,True,True,True,True
qwen3_8b,train,24477591,generation_3,10,1,0.0056596235372126,0.8555324418935925,161,0,0.1,False,True,True,True,True,True,True
qwen3_8b,train,24535067,generation_1,7,5,0.0009476990089751,0.4001669990248046,180,1,0.7142857142857143,False,False,False,False,False,True,False
qwen3_8b,train,24535067,generation_2,7,4,0.0140803391113877,0.4035959117380636,141,1,0.5714285714285714,False,False,False,False,False,True,False
qwen3_8b,train,24535067,generation_3,7,5,0.00111018656753,0.2939500552269497,155,1,0.7142857142857143,False,False,False,False,False,True,False
qwen3_8b,train,24587916,generation_1,8,2,0.0025717092212289,0.7401156573032495,214,0,0.25,False,False,False,True,True,True,False
qwen3_8b,train,24587916,generation_2,8,0,0.9664793610572816,0.9824012517929077,181,0,0.0,True,True,True,True,True,True,True
qwen3_8b,train,24587916,generation_3,8,0,0.9806892275810242,0.9826141968369484,192,0,0.0,True,True,True,True,True,True,True
qwen3_8b,train,24588023,generation_1,1,1,0.0060750572010874,0.0060750572010874,250,0,1.0,False,False,False,False,False,True,False
qwen3_8b,train,24588023,generation_2,1,1,0.0071177072823047,0.0071177072823047,250,0,1.0,False,False,False,False,False,True,False
qwen3_8b,train,24588023,generation_3,1,1,0.0060003362596035,0.0060003362596035,267,0,1.0,False,False,False,False,False,True,False
qwen3_8b,train,24623966,generation_1,12,4,0.0116212666034698,0.6036330930267771,194,0,0.3333333333333333,False,False,False,False,True,True,False
qwen3_8b,train,24623966,generation_2,12,2,0.0120346806943416,0.7997836951787273,188,0,0.16666666666666666,False,False,True,True,True,True,False
qwen3_8b,train,24623966,generation_3,12,5,0.0196226332336664,0.5606501814909279,316,0,0.4166666666666667,False,False,False,False,True,True,False
qwen3_8b,train,24632946,generation_1,13,4,0.0001902024814626,0.690483881696799,218,0,0.3076923076923077,False,False,False,True,True,True,False
qwen3_8b,train,24632946,generation_2,13,5,0.0002773388987407,0.5731435844209045,222,0,0.38461538461538464,False,False,False,False,True,True,False
qwen3_8b,train,24632946,generation_3,13,5,0.0002760844363365,0.6264283907254978,235,0,0.38461538461538464,False,False,False,False,True,True,False
qwen3_8b,train,24709919,generation_1,6,3,0.0285724606364965,0.5192232538635532,149,0,0.5,False,False,False,False,True,True,False
qwen3_8b,train,24709919,generation_2,6,3,0.0055224150419235,0.49348735025463003,259,0,0.5,False,False,False,False,True,True,False
qwen3_8b,train,24709919,generation_3,6,1,0.0084435259923338,0.7042140450018147,177,0,0.16666666666666666,False,False,True,True,True,True,False
qwen3_8b,train,24742750,generation_1,2,1,0.1009478718042373,0.5408780053257942,196,0,0.5,False,False,False,False,True,True,False
qwen3_8b,train,24742750,generation_2,2,0,0.9758744239807128,0.9789077639579772,201,0,0.0,True,True,True,True,True,True,True
qwen3_8b,train,24742750,generation_3,2,1,0.0057890410535037,0.4897275862749666,174,0,0.5,False,False,False,False,True,True,False
qwen3_8b,train,24743235,generation_1,8,4,0.0002705196675378,0.5059257742650516,290,1,0.5,False,False,False,False,True,True,False
qwen3_8b,train,24743235,generation_2,8,4,0.0006868865457363,0.4875416004579165,225,1,0.5,False,False,False,False,True,True,False
qwen3_8b,train,24743235,generation_3,8,6,0.0006589557742699,0.28178044231026433,207,1,0.75,False,False,False,False,False,True,False
qwen3_8b,train,24768818,generation_1,19,3,0.0002120733406627,0.8338261750583402,238,2,0.15789473684210525,False,False,True,True,True,True,False
qwen3_8b,train,24768818,generation_2,19,4,0.0001956155756488,0.8099836437215441,335,2,0.21052631578947367,False,False,False,True,True,True,False
qwen3_8b,train,24768818,generation_3,19,2,0.0002022206172114,0.8375248168832561,237,2,0.10526315789473684,False,False,True,True,True,True,True
qwen3_8b,train,24842192,generation_1,20,3,0.0002071385533781,0.8337957464282226,247,0,0.15,False,False,True,True,True,True,False
qwen3_8b,train,24842192,generation_2,20,2,0.0406509451568126,0.8728811731562018,229,0,0.1,False,True,True,True,True,True,True
qwen3_8b,train,24842192,generation_3,20,3,0.01905457675457,0.8647871978580952,243,0,0.15,False,False,True,True,True,True,False
qwen3_8b,train,24853300,generation_1,12,4,0.000240957175265,0.6428118776566407,261,1,0.3333333333333333,False,False,False,False,True,True,False
qwen3_8b,train,24853300,generation_2,12,3,0.0003546670486684,0.7213327412634195,231,1,0.25,False,False,False,True,True,True,False
qwen3_8b,train,24853300,generation_3,12,3,0.0016338386340066,0.693636124410356,193,1,0.25,False,False,False,True,True,True,False
qwen3_8b,train,24902786,generation_1,13,3,0.0216766688972711,0.7262939535654508,251,0,0.23076923076923078,False,False,False,True,True,True,False
qwen3_8b,train,24902786,generation_2,13,5,0.0151738626882433,0.5976331380840677,238,0,0.38461538461538464,False,False,False,False,True,True,False
qwen3_8b,train,24902786,generation_3,13,3,0.0030674010049551,0.7239153824854069,329,0,0.23076923076923078,False,False,False,True,True,True,False
qwen3_8b,train,24911645,generation_1,15,5,0.0071225548163056,0.6637631036962072,254,1,0.3333333333333333,False,False,False,False,True,True,False
qwen3_8b,train,24911645,generation_2,15,6,0.0001813088165363,0.5858398305193987,246,1,0.4,False,False,False,False,True,True,False
qwen3_8b,train,24911645,generation_3,15,6,0.0113610979169607,0.649599870108068,223,1,0.4,False,False,False,False,True,True,False
qwen3_8b,train,24914936,generation_1,10,6,0.0006605226662941,0.4021321225038264,221,0,0.6,False,False,False,False,False,True,False
qwen3_8b,train,24914936,generation_2,10,6,0.0005568404449149,0.4082759210723452,210,0,0.6,False,False,False,False,False,True,False
qwen3_8b,train,24914936,generation_3,10,6,0.0003524888306856,0.44729582625441255,233,0,0.6,False,False,False,False,False,True,False
qwen3_8b,train,24927617,generation_1,8,0,0.9027916193008424,0.9726570919156075,302,5,0.0,True,True,True,True,True,True,True
qwen3_8b,train,24927617,generation_2,8,1,0.3065822124481201,0.894596204161644,232,5,0.125,False,False,True,True,True,True,False
qwen3_8b,train,24927617,generation_3,8,0,0.9743501543998718,0.9820777773857117,311,5,0.0,True,True,True,True,True,True,True
qwen3_8b,train,24971338,generation_1,23,10,0.006645303685218,0.5658254892889248,264,1,0.43478260869565216,False,False,False,False,True,True,False
qwen3_8b,train,24971338,generation_2,23,9,0.0108589278534054,0.6023679623461288,216,1,0.391304347826087,False,False,False,False,True,True,False
qwen3_8b,train,24971338,generation_3,23,17,0.0035153094213455,0.27299918334566703,188,1,0.7391304347826086,False,False,False,False,False,True,False
qwen3_8b,train,25054547,generation_1,13,4,0.0004386968212202,0.6571753463224292,181,0,0.3076923076923077,False,False,False,True,True,True,False
qwen3_8b,train,25054547,generation_2,13,5,0.0003543628554325,0.6173343417176511,199,0,0.38461538461538464,False,False,False,False,True,True,False
qwen3_8b,train,25054547,generation_3,13,5,0.000305603200104,0.6549576778555862,254,0,0.38461538461538464,False,False,False,False,True,True,False
qwen3_8b,train,25218136,generation_1,15,6,0.0002202232280978,0.568186439887116,245,3,0.4,False,False,False,False,True,True,False
qwen3_8b,train,25218136,generation_2,15,5,0.0002892372140195,0.6827666686750793,262,3,0.3333333333333333,False,False,False,False,True,True,False
qwen3_8b,train,25218136,generation_3,15,8,0.0001845151855377,0.44029691821682104,262,3,0.5333333333333333,False,False,False,False,False,True,False
qwen3_8b,train,25263533,generation_1,26,12,0.0002336857578484,0.5386516286732961,253,2,0.46153846153846156,False,False,False,False,True,True,False
qwen3_8b,train,25263533,generation_2,26,17,0.0002884741115849,0.3308677553745488,312,2,0.6538461538461539,False,False,False,False,False,True,False
qwen3_8b,train,25263533,generation_3,26,17,0.0001951461163116,0.3662755966825688,273,2,0.6538461538461539,False,False,False,False,False,True,False
qwen3_8b,train,25305591,generation_1,27,22,0.0001803986378945,0.19745514245867657,269,0,0.8148148148148148,False,False,False,False,False,True,False
qwen3_8b,train,25305591,generation_2,27,21,0.0001884665252873,0.23226504000626,265,0,0.7777777777777778,False,False,False,False,False,True,False
qwen3_8b,train,25305591,generation_3,27,21,0.0002021199907176,0.2290301959874341,233,0,0.7777777777777778,False,False,False,False,False,True,False
qwen3_8b,train,25622904,generation_1,26,15,0.0002035392972175,0.44846098093358494,245,0,0.5769230769230769,False,False,False,False,False,True,False
qwen3_8b,train,25622904,generation_2,26,12,0.0002127909683622,0.5244201015492973,339,0,0.46153846153846156,False,False,False,False,True,True,False
qwen3_8b,train,25622904,generation_3,26,10,0.0002031968761002,0.6093996372426493,332,0,0.38461538461538464,False,False,False,False,True,True,False
qwen3_8b,train,25946186,generation_1,13,1,0.0122654000297188,0.9017532709269569,287,0,0.07692307692307693,False,True,True,True,True,True,True
qwen3_8b,train,25946186,generation_2,13,2,0.0366625450551509,0.8520135097205639,225,0,0.15384615384615385,False,False,True,True,True,True,True
qwen3_8b,train,25946186,generation_3,13,1,0.0074933404102921,0.8849288288933727,196,0,0.07692307692307693,False,True,True,True,True,True,True
qwen3_8b,train,25979836,generation_1,53,28,0.0001761633175192,0.47924469623556537,367,2,0.5283018867924528,False,False,False,False,False,True,False
qwen3_8b,train,25979836,generation_2,53,27,0.0001812770060496,0.5081522316715289,311,2,0.5094339622641509,False,False,False,False,False,True,False
qwen3_8b,train,25979836,generation_3,53,33,0.0001848023384809,0.3865082890595933,302,2,0.6226415094339622,False,False,False,False,False,True,False
qwen3_8b,train,25983002,generation_1,9,1,0.0333532430231571,0.8356961380276415,179,0,0.1111111111111111,False,False,True,True,True,True,True
qwen3_8b,train,25983002,generation_2,9,1,0.0469311214983463,0.8774147733218141,189,0,0.1111111111111111,False,False,True,True,True,True,True
qwen3_8b,train,25983002,generation_3,9,1,0.241573303937912,0.8938248521751828,155,0,0.1111111111111111,False,False,True,True,True,True,True
qwen3_8b,train,25986755,generation_1,16,4,0.0028871172107756,0.7417879384302069,260,0,0.25,False,False,False,True,True,True,False
qwen3_8b,train,25986755,generation_2,16,4,0.0117725599557161,0.7534863243345171,252,0,0.25,False,False,False,True,True,True,False
qwen3_8b,train,25986755,generation_3,16,3,0.007283573038876,0.7993084187037311,361,0,0.1875,False,False,True,True,True,True,False
qwen3_8b,train,26027517,generation_1,31,18,0.0003035719273611,0.46002289828667864,281,0,0.5806451612903226,False,False,False,False,False,True,False
qwen3_8b,train,26027517,generation_2,31,16,0.0002655212592799,0.5121900971890653,297,0,0.5161290322580645,False,False,False,False,False,True,False
qwen3_8b,train,26027517,generation_3,31,14,0.0003205252287443,0.5093975770906846,299,0,0.45161290322580644,False,False,False,False,True,True,False
qwen3_8b,train,26102294,generation_1,14,5,0.000245329021709,0.6493725863464144,275,0,0.35714285714285715,False,False,False,False,True,True,False
qwen3_8b,train,26102294,generation_2,14,3,0.0004460999043658,0.7206107418127691,259,0,0.21428571428571427,False,False,False,True,True,True,False
qwen3_8b,train,26102294,generation_3,14,3,0.0006173382862471,0.7781035872799943,259,0,0.21428571428571427,False,False,False,True,True,True,False
qwen3_8b,train,26115410,generation_1,1,0,0.9793906211853028,0.9793906211853028,157,0,0.0,True,True,True,True,True,True,True
qwen3_8b,train,26115410,generation_2,1,0,0.9748082160949708,0.9748082160949708,132,0,0.0,True,True,True,True,True,True,True
qwen3_8b,train,26115410,generation_3,1,0,0.9730383157730104,0.9730383157730104,185,0,0.0,True,True,True,True,True,True,True
qwen3_8b,train,26270232,generation_1,25,8,0.0005785180837847,0.6909050525492058,252,0,0.32,False,False,False,True,True,True,False
qwen3_8b,train,26270232,generation_2,25,10,0.0041069537401199,0.6430972965061664,257,0,0.4,False,False,False,False,True,True,False
qwen3_8b,train,26270232,generation_3,25,1,0.0044261985458433,0.9281422598101199,242,0,0.04,False,True,True,True,True,True,True
qwen3_8b,train,26411452,generation_1,7,0,0.9585570693016052,0.983674670968737,215,1,0.0,True,True,True,True,True,True,True
qwen3_8b,train,26411452,generation_2,7,0,0.6105905175209045,0.9348189660481044,213,1,0.0,True,True,True,True,True,True,True
qwen3_8b,train,26411452,generation_3,7,0,0.9802913665771484,0.9886719584465027,207,1,0.0,True,True,True,True,True,True,True
qwen3_8b,train,26516699,generation_1,59,6,0.0001867097162175,0.8961961200831742,257,0,0.1016949152542373,False,False,True,True,True,True,False
qwen3_8b,train,26516699,generation_2,59,3,0.0011404716642573,0.950222996617983,207,0,0.05084745762711865,False,True,True,True,True,True,False
qwen3_8b,train,26516699,generation_3,59,4,0.0002391308225924,0.9313077845803552,219,0,0.06779661016949153,False,True,True,True,True,True,False
qwen3_8b,train,26731607,generation_1,1,0,0.9409096240997314,0.9409096240997314,187,0,0.0,True,True,True,True,True,True,True
qwen3_8b,train,26731607,generation_2,1,1,0.2236542403697967,0.2236542403697967,161,0,1.0,False,False,False,False,False,True,False
qwen3_8b,train,26731607,generation_3,1,0,0.6231862306594849,0.6231862306594849,156,0,0.0,True,True,True,True,True,True,True
qwen3_8b,train,27014915,generation_1,21,4,0.0002207266952609,0.8060766575418667,234,2,0.19047619047619047,False,False,True,True,True,True,False
qwen3_8b,train,27014915,generation_2,21,4,0.0002001384273171,0.8102425003848371,234,2,0.19047619047619047,False,False,True,True,True,True,False
qwen3_8b,train,27014915,generation_3,21,2,0.0145402662456035,0.8664129055326893,317,2,0.09523809523809523,False,True,True,True,True,True,True
qwen3_8b,train,27084744,generation_1,30,6,0.0004977851640433,0.8175308049578841,282,0,0.2,False,False,True,True,True,True,False
qwen3_8b,train,27084744,generation_2,30,3,0.0234746672213077,0.8736342556153734,290,0,0.1,False,True,True,True,True,True,False
qwen3_8b,train,27084744,generation_3,30,11,0.0002078454272123,0.6073280246477225,255,0,0.36666666666666664,False,False,False,False,True,True,False
qwen3_8b,train,27134166,generation_1,14,7,0.0002200112649006,0.4907967569555954,250,0,0.5,False,False,False,False,True,True,False
qwen3_8b,train,27134166,generation_2,14,6,0.0013628203887492,0.5714098415503811,274,0,0.42857142857142855,False,False,False,False,True,True,False
qwen3_8b,train,27134166,generation_3,14,4,0.005571742542088,0.7373321360376265,287,0,0.2857142857142857,False,False,False,True,True,True,False
qwen3_8b,train,27172902,generation_1,17,8,0.0001918058696901,0.5138314994418418,262,1,0.47058823529411764,False,False,False,False,True,True,False
qwen3_8b,train,27172902,generation_2,17,6,0.0001907265977934,0.6254147804181284,222,1,0.35294117647058826,False,False,False,False,True,True,False
qwen3_8b,train,27172902,generation_3,17,8,0.0002430835447739,0.4726532560923849,294,1,0.47058823529411764,False,False,False,False,True,True,False
qwen3_8b,train,27184800,generation_1,5,0,0.5993955135345459,0.8889646053314209,148,0,0.0,True,True,True,True,True,True,True
qwen3_8b,train,27184800,generation_2,5,0,0.966109812259674,0.9795212864875793,265,0,0.0,True,True,True,True,True,True,True
qwen3_8b,train,27184800,generation_3,5,0,0.8645704388618469,0.9414510607719422,233,0,0.0,True,True,True,True,True,True,True
qwen3_8b,train,27248656,generation_1,37,15,0.000184426899068,0.6039150881374922,233,0,0.40540540540540543,False,False,False,False,True,True,False
qwen3_8b,train,27248656,generation_2,37,13,0.0001823713100748,0.6375215722144129,323,0,0.35135135135135137,False,False,False,False,True,True,False
qwen3_8b,train,27248656,generation_3,37,14,0.0001845079823397,0.6402192279091576,311,0,0.3783783783783784,False,False,False,False,True,True,False
qwen3_8b,train,27292643,generation_1,6,2,0.0195856168866157,0.6686032532403866,172,0,0.3333333333333333,False,False,False,False,True,True,False
qwen3_8b,train,27292643,generation_2,6,1,0.2001261413097381,0.8599357455968857,176,0,0.16666666666666666,False,False,True,True,True,True,False
qwen3_8b,train,27292643,generation_3,6,2,0.47268146276474,0.8217389037211736,159,0,0.3333333333333333,False,False,False,False,True,True,False
qwen3_8b,train,27630165,generation_1,14,4,0.0025868273805826,0.6783072660909966,200,0,0.2857142857142857,False,False,False,True,True,True,False
qwen3_8b,train,27630165,generation_2,14,0,0.8719899654388428,0.9783165029117039,301,0,0.0,True,True,True,True,True,True,True
qwen3_8b,train,27630165,generation_3,14,3,0.0046789702028036,0.751312456892005,233,0,0.21428571428571427,False,False,False,True,True,True,False
qwen3_8b,train,27640183,generation_1,6,2,0.0072065703570842,0.7134307492524385,152,0,0.3333333333333333,False,False,False,False,True,True,False
qwen3_8b,train,27640183,generation_2,6,1,0.006131196860224,0.7890656929618368,185,0,0.16666666666666666,False,False,True,True,True,True,False
qwen3_8b,train,27640183,generation_3,6,0,0.9374711513519288,0.9859689374764761,187,0,0.0,True,True,True,True,True,True,True
qwen3_8b,train,27643404,generation_1,9,0,0.9246846437454224,0.9823662175072564,191,0,0.0,True,True,True,True,True,True,True
qwen3_8b,train,27643404,generation_2,9,1,0.1265012919902801,0.8892794880602095,199,0,0.1111111111111111,False,False,True,True,True,True,True
qwen3_8b,train,27643404,generation_3,9,0,0.6546187400817871,0.944751865333981,216,0,0.0,True,True,True,True,True,True,True
qwen3_8b,train,27779699,generation_1,10,1,0.290257841348648,0.90981465280056,179,0,0.1,False,True,True,True,True,True,True
qwen3_8b,train,27779699,generation_2,10,2,0.0884022340178489,0.8167392455041409,235,0,0.2,False,False,True,True,True,True,False
qwen3_8b,train,27779699,generation_3,10,4,0.0100476862862706,0.615821433160454,278,0,0.4,False,False,False,False,True,True,False
qwen3_8b,train,27825100,generation_1,10,1,0.0519808232784271,0.746785107254982,227,0,0.1,False,True,True,True,True,True,True
qwen3_8b,train,27825100,generation_2,10,2,0.0072024846449494,0.7652202882803977,207,0,0.2,False,False,True,True,True,True,False
qwen3_8b,train,27825100,generation_3,10,4,0.0034908223897218,0.6146011440083384,199,0,0.4,False,False,False,False,True,True,False
qwen3_8b,train,27860244,generation_1,19,5,0.0071510719135403,0.6943322846567944,239,0,0.2631578947368421,False,False,False,True,True,True,False
qwen3_8b,train,27860244,generation_2,19,6,0.0075822700746357,0.6944751229480302,237,0,0.3157894736842105,False,False,False,True,True,True,False
qwen3_8b,train,27860244,generation_3,19,7,0.0019971509464085,0.5768753876419443,266,0,0.3684210526315789,False,False,False,False,True,True,False
qwen3_8b,train,27930654,generation_1,7,0,0.9439630508422852,0.9884028094155448,219,2,0.0,True,True,True,True,True,True,True
qwen3_8b,train,27930654,generation_2,7,0,0.9914484024047852,0.995365560054779,208,2,0.0,True,True,True,True,True,True,True
qwen3_8b,train,27930654,generation_3,7,0,0.9105309844017028,0.983881047793797,181,2,0.0,True,True,True,True,True,True,True
qwen3_8b,train,27941998,generation_1,16,2,0.2188448905944824,0.8978849984705448,168,0,0.125,False,False,True,True,True,True,True
qwen3_8b,train,27941998,generation_2,16,0,0.9251238703727722,0.9861070588231087,254,0,0.0,True,True,True,True,True,True,True
qwen3_8b,train,27941998,generation_3,16,10,0.0002747607650235,0.3838985415059142,166,0,0.625,False,False,False,False,False,True,False
qwen3_8b,train,27959382,generation_1,8,4,0.0040102493949234,0.5174936983385123,267,0,0.5,False,False,False,False,True,True,False
qwen3_8b,train,27959382,generation_2,8,5,0.0044236630201339,0.3898916121106595,309,0,0.625,False,False,False,False,False,True,False
qwen3_8b,train,27959382,generation_3,8,3,0.0236275698989629,0.6443981269840151,254,0,0.375,False,False,False,False,True,True,False
qwen3_8b,train,27974047,generation_1,24,5,0.0003250414156354,0.8047732635131979,252,0,0.20833333333333334,False,False,False,True,True,True,False
qwen3_8b,train,27974047,generation_2,24,5,0.0003094801795668,0.8042728314224709,240,0,0.20833333333333334,False,False,False,True,True,True,False
qwen3_8b,train,27974047,generation_3,24,3,0.0002846701536327,0.8567306551255266,223,0,0.125,False,False,True,True,True,True,False
qwen3_8b,train,27999109,generation_1,10,2,0.0335605032742023,0.8031437788158655,286,0,0.2,False,False,True,True,True,True,False
qwen3_8b,train,27999109,generation_2,10,3,0.0006068488000892,0.7008789340907242,335,0,0.3,False,False,False,True,True,True,False
qwen3_8b,train,27999109,generation_3,10,1,0.0119690811261534,0.8583128265105188,256,0,0.1,False,True,True,True,True,True,True
qwen3_8b,train,28075473,generation_1,13,3,0.0002401134552201,0.7480727557278721,208,0,0.23076923076923078,False,False,False,True,True,True,False
qwen3_8b,train,28075473,generation_2,13,5,0.0002256937586935,0.6035623452144836,222,0,0.38461538461538464,False,False,False,False,True,True,False
qwen3_8b,train,28075473,generation_3,13,5,0.0002868305600713,0.6227011213486549,253,0,0.38461538461538464,False,False,False,False,True,True,False
qwen3_8b,train,28098423,generation_1,10,2,0.0001916426117531,0.7440499632328283,225,1,0.2,False,False,True,True,True,True,False
qwen3_8b,train,28098423,generation_2,10,2,0.0206368789076805,0.7705766258761286,215,1,0.2,False,False,True,True,True,True,False
qwen3_8b,train,28098423,generation_3,10,1,0.150940254330635,0.801240636408329,243,1,0.1,False,True,True,True,True,True,True
qwen3_8b,train,28101574,generation_1,7,0,0.5812081098556519,0.9263875910214016,151,0,0.0,True,True,True,True,True,True,True
qwen3_8b,train,28101574,generation_2,7,1,0.0009654100285843,0.7839935668245224,154,0,0.14285714285714285,False,False,True,True,True,True,False
qwen3_8b,train,28101574,generation_3,7,2,0.0001869794505182,0.6632348192132278,272,0,0.2857142857142857,False,False,False,True,True,True,False
qwen3_8b,train,28148288,generation_1,9,4,0.0010879298206418,0.5911711174218603,188,0,0.4444444444444444,False,False,False,False,True,True,False
qwen3_8b,train,28148288,generation_2,9,4,0.0030765805859118,0.6087135864266505,220,0,0.4444444444444444,False,False,False,False,True,True,False
qwen3_8b,train,28148288,generation_3,9,3,0.0026395118329674,0.6849472682353936,244,0,0.3333333333333333,False,False,False,False,True,True,False
qwen3_8b,train,28151486,generation_1,8,4,0.0014365722890943,0.5085788239666726,209,0,0.5,False,False,False,False,True,True,False
qwen3_8b,train,28151486,generation_2,8,3,0.0005016515497118,0.6165720458811847,191,0,0.375,False,False,False,False,True,True,False
qwen3_8b,train,28151486,generation_3,8,4,0.0113985538482666,0.5195289339171723,208,0,0.5,False,False,False,False,True,True,False
qwen3_8b,train,28204828,generation_1,16,4,0.0003853043599519,0.7461515753766434,193,0,0.25,False,False,False,True,True,True,False
qwen3_8b,train,28204828,generation_2,16,4,0.0121700903400778,0.7340747453854419,269,0,0.25,False,False,False,True,True,True,False
qwen3_8b,train,28204828,generation_3,16,3,0.0012042635353282,0.7997293231965159,232,0,0.1875,False,False,True,True,True,True,False
qwen3_8b,train,28260056,generation_1,16,3,0.0317902900278568,0.815558327594772,257,0,0.1875,False,False,True,True,True,True,False
qwen3_8b,train,28260056,generation_2,16,6,0.0004989376175217,0.6628456085563812,218,0,0.375,False,False,False,False,True,True,False
qwen3_8b,train,28260056,generation_3,16,2,0.0448286794126033,0.8750839165877551,219,0,0.125,False,False,True,True,True,True,True
qwen3_8b,train,28260077,generation_1,16,7,0.0005111214122734,0.5812397500958468,225,0,0.4375,False,False,False,False,True,True,False
qwen3_8b,train,28260077,generation_2,16,6,0.0004943937528878,0.6441241922439076,281,0,0.375,False,False,False,False,True,True,False
qwen3_8b,train,28260077,generation_3,16,6,0.0003092648694291,0.6147560573554074,259,0,0.375,False,False,False,False,True,True,False
qwen3_8b,train,28260110,generation_1,20,6,0.0002452160406392,0.69534682949743,287,1,0.3,False,False,False,True,True,True,False
qwen3_8b,train,28260110,generation_2,20,6,0.0003959823225159,0.6913483415773953,270,1,0.3,False,False,False,True,True,True,False
qwen3_8b,train,28260110,generation_3,20,7,0.0002229484234703,0.6270578873089108,268,1,0.35,False,False,False,False,True,True,False
qwen3_8b,train,28279980,generation_1,17,5,0.0329936109483242,0.7130114076768651,238,0,0.29411764705882354,False,False,False,True,True,True,False
qwen3_8b,train,28279980,generation_2,17,5,0.017684768885374,0.705401694511666,252,0,0.29411764705882354,False,False,False,True,True,True,False
qwen3_8b,train,28279980,generation_3,17,5,0.0053087640553712,0.6965990310041782,259,0,0.29411764705882354,False,False,False,True,True,True,False
qwen3_8b,train,28346429,generation_1,7,2,0.0002032354532275,0.7088338991369321,233,1,0.2857142857142857,False,False,False,True,True,True,False
qwen3_8b,train,28346429,generation_2,7,2,0.0045920736156404,0.7133862962281066,177,1,0.2857142857142857,False,False,False,True,True,True,False
qwen3_8b,train,28346429,generation_3,7,4,0.0003432157391216,0.4218757475318853,221,1,0.5714285714285714,False,False,False,False,False,True,False
qwen3_8b,train,28348168,generation_1,3,0,0.9941934943199158,0.9950787425041199,149,0,0.0,True,True,True,True,True,True,True
qwen3_8b,train,28348168,generation_2,3,0,0.9909607768058776,0.9943459431330363,153,0,0.0,True,True,True,True,True,True,True
qwen3_8b,train,28348168,generation_3,3,0,0.9947099685668944,0.9956395824750265,185,0,0.0,True,True,True,True,True,True,True
qwen3_8b,train,28368423,generation_1,18,7,0.0001794464915292,0.6012958449379463,255,0,0.3888888888888889,False,False,False,False,True,True,False
qwen3_8b,train,28368423,generation_2,18,5,0.0002074261428788,0.699372890484584,286,0,0.2777777777777778,False,False,False,True,True,True,False
qwen3_8b,train,28368423,generation_3,18,6,0.0001872729626484,0.63799229545273,293,0,0.3333333333333333,False,False,False,False,True,True,False
qwen3_8b,train,28368537,generation_1,7,1,0.0249739047139883,0.8556828719696828,194,1,0.14285714285714285,False,False,True,True,True,True,False
qwen3_8b,train,28368537,generation_2,7,0,0.9811601042747498,0.9924955708639962,191,1,0.0,True,True,True,True,True,True,True
qwen3_8b,train,28368537,generation_3,7,1,0.1579357385635376,0.868393497807639,199,1,0.14285714285714285,False,False,True,True,True,True,False
qwen3_8b,train,28398555,generation_1,10,1,0.165667176246643,0.8531955122947693,237,1,0.1,False,True,True,True,True,True,True
qwen3_8b,train,28398555,generation_2,10,1,0.0158955436199903,0.8628610787913203,223,1,0.1,False,True,True,True,True,True,True
qwen3_8b,train,28398555,generation_3,10,2,0.020448163151741,0.835003225505352,218,1,0.2,False,False,True,True,True,True,False
qwen3_8b,train,28411266,generation_1,10,2,0.0135484291240572,0.7640915925614535,218,0,0.2,False,False,True,True,True,True,False
qwen3_8b,train,28411266,generation_2,10,2,0.0149878757074475,0.7559989017434419,226,0,0.2,False,False,True,True,True,True,False
qwen3_8b,train,28411266,generation_3,10,4,0.0051935352385044,0.6167972356081008,245,0,0.4,False,False,False,False,True,True,False
qwen3_8b,train,28416580,generation_1,16,3,0.0169651880860328,0.7867906455649063,237,0,0.1875,False,False,True,True,True,True,False
qwen3_8b,train,28416580,generation_2,16,4,0.00281761912629,0.7410914085048717,225,0,0.25,False,False,False,True,True,True,False
qwen3_8b,train,28416580,generation_3,16,4,0.0056131756864488,0.742352643108461,284,0,0.25,False,False,False,True,True,True,False
qwen3_8b,train,28428256,generation_1,17,7,0.0002102584548993,0.5920937349857174,280,1,0.4117647058823529,False,False,False,False,True,True,False
qwen3_8b,train,28428256,generation_2,17,8,0.0002065508451778,0.5086441892113619,263,1,0.47058823529411764,False,False,False,False,True,True,False
qwen3_8b,train,28428256,generation_3,17,7,0.0001936192711582,0.5898954344524742,265,1,0.4117647058823529,False,False,False,False,True,True,False
qwen3_8b,train,28468941,generation_1,25,17,0.0002096314856316,0.3307170647638849,223,0,0.68,False,False,False,False,False,True,False
qwen3_8b,train,28468941,generation_2,25,15,0.0002027264272328,0.39720199214993046,207,0,0.6,False,False,False,False,False,True,False
qwen3_8b,train,28468941,generation_3,25,15,0.0002060431579593,0.39823676429805344,219,0,0.6,False,False,False,False,False,True,False
qwen3_8b,train,28472177,generation_1,36,1,0.0009791346965357,0.9596190885608343,246,0,0.027777777777777776,False,True,True,True,True,True,True
qwen3_8b,train,28472177,generation_2,36,2,0.001084785326384,0.9414288803721623,348,0,0.05555555555555555,False,True,True,True,True,True,True
qwen3_8b,train,28472177,generation_3,36,11,0.0005737888859584,0.6863025838279605,321,0,0.3055555555555556,False,False,False,True,True,True,False
qwen3_8b,train,28487437,generation_1,13,7,0.0002923902356997,0.4226495669527839,269,0,0.5384615384615384,False,False,False,False,False,True,False
qwen3_8b,train,28487437,generation_2,13,5,0.0002026869915425,0.611569427885115,271,0,0.38461538461538464,False,False,False,False,True,True,False
qwen3_8b,train,28487437,generation_3,13,5,0.0009951536776497,0.5948003527636712,252,0,0.38461538461538464,False,False,False,False,True,True,False
qwen3_8b,train,28512644,generation_1,27,8,0.000261884270003,0.6881276130799152,215,0,0.2962962962962963,False,False,False,True,True,True,False
qwen3_8b,train,28512644,generation_2,27,9,0.0002707332605496,0.664006527252409,281,0,0.3333333333333333,False,False,False,False,True,True,False
qwen3_8b,train,28512644,generation_3,27,10,0.0002363944367971,0.6415144347998581,257,0,0.37037037037037035,False,False,False,False,True,True,False
qwen3_8b,train,28584052,generation_1,5,0,0.9288744926452636,0.9821470499038696,177,0,0.0,True,True,True,True,True,True,True
qwen3_8b,train,28584052,generation_2,5,1,0.0133282449096441,0.7990423660725355,152,0,0.2,False,False,True,True,True,True,False
qwen3_8b,train,28584052,generation_3,5,1,0.0180266387760639,0.799577484279871,196,0,0.2,False,False,True,True,True,True,False
qwen3_8b,train,28604678,generation_1,10,9,0.0004216054221615,0.09916019429510921,211,0,0.9,False,False,False,False,False,True,False
qwen3_8b,train,28604678,generation_2,10,6,0.0003405233437661,0.4247028450627113,147,0,0.6,False,False,False,False,False,True,False
qwen3_8b,train,28604678,generation_3,10,10,0.0002772817970253,0.00040693290648046,196,0,1.0,False,False,False,False,False,True,False
qwen3_8b,train,28650467,generation_1,13,5,0.0002620903542265,0.6164179478252593,260,1,0.38461538461538464,False,False,False,False,True,True,False
qwen3_8b,train,28650467,generation_2,13,5,0.000321972038364,0.5484532944817777,248,1,0.38461538461538464,False,False,False,False,True,True,False
qwen3_8b,train,28650467,generation_3,13,5,0.0004830488469451,0.6175554520271432,292,1,0.38461538461538464,False,False,False,False,True,True,False
qwen3_8b,train,28660748,generation_1,14,3,0.0180372353643178,0.7858864333746689,213,0,0.21428571428571427,False,False,False,True,True,True,False
qwen3_8b,train,28660748,generation_2,14,4,0.0616984665393829,0.7744315734931401,235,0,0.2857142857142857,False,False,False,True,True,True,False
qwen3_8b,train,28660748,generation_3,14,4,0.0196172315627336,0.7206162399213228,208,0,0.2857142857142857,False,False,False,True,True,True,False
qwen3_8b,train,28687665,generation_1,3,0,0.9932217597961426,0.9937890768051147,145,0,0.0,True,True,True,True,True,True,True
qwen3_8b,train,28687665,generation_2,3,0,0.9944509863853456,0.9950098594029745,185,0,0.0,True,True,True,True,True,True,True
qwen3_8b,train,28687665,generation_3,3,0,0.9934554696083068,0.9939996004104614,216,0,0.0,True,True,True,True,True,True,True
qwen3_8b,train,28747658,generation_1,27,0,0.9928075075149536,0.9965835103282222,309,0,0.0,True,True,True,True,True,True,True
qwen3_8b,train,28747658,generation_2,27,4,0.0001934185129357,0.8481011500175724,258,0,0.14814814814814814,False,False,True,True,True,True,False
qwen3_8b,train,28747658,generation_3,27,0,0.9890052676200868,0.9963550876688074,217,0,0.0,True,True,True,True,True,True,True
qwen3_8b,train,28777492,generation_1,11,1,0.3273532688617706,0.8808833171020855,215,1,0.09090909090909091,False,True,True,True,True,True,True
qwen3_8b,train,28777492,generation_2,11,2,0.0068952059373259,0.796632762575014,139,1,0.18181818181818182,False,False,True,True,True,True,False
qwen3_8b,train,28777492,generation_3,11,1,0.0198360458016395,0.8716774129054763,205,1,0.09090909090909091,False,True,True,True,True,True,True
qwen3_8b,train,28851297,generation_1,16,4,0.0031664862763136,0.7474033169564791,250,0,0.25,False,False,False,True,True,True,False
qwen3_8b,train,28851297,generation_2,16,4,0.0004160545940976,0.7436115822492866,230,0,0.25,False,False,False,True,True,True,False
qwen3_8b,train,28851297,generation_3,16,7,0.0003086527867708,0.5644737635630008,231,0,0.4375,False,False,False,False,True,True,False
qwen3_8b,train,28883039,generation_1,10,2,0.0554905124008655,0.8272294033318758,202,3,0.2,False,False,True,True,True,True,False
qwen3_8b,train,28883039,generation_2,10,2,0.0729755163192749,0.7989225037395954,204,3,0.2,False,False,True,True,True,True,False
qwen3_8b,train,28883039,generation_3,10,3,0.0052710580639541,0.7141776207368821,157,3,0.3,False,False,False,True,True,True,False
qwen3_8b,train,29045486,generation_1,25,8,0.0002533133083488,0.685629743434256,270,0,0.32,False,False,False,True,True,True,False
qwen3_8b,train,29045486,generation_2,25,8,0.0003512955736368,0.6551166839571669,260,0,0.32,False,False,False,True,True,True,False
qwen3_8b,train,29045486,generation_3,25,7,0.0002843812690116,0.738326015996281,255,0,0.28,False,False,False,True,True,True,False
qwen3_8b,train,29222418,generation_1,11,10,0.0002110620844177,0.17544319051243784,202,0,0.9090909090909091,False,False,False,False,False,True,False
qwen3_8b,train,29222418,generation_2,11,11,0.0001981097739189,0.05180408982480658,228,0,1.0,False,False,False,False,False,True,False
qwen3_8b,train,29222418,generation_3,11,4,0.0002143934980267,0.5822351369041082,176,0,0.36363636363636365,False,False,False,False,True,True,False
qwen3_8b,train,30442153,generation_1,38,12,0.0002384128019912,0.6663205876435601,293,0,0.3157894736842105,False,False,False,True,True,True,False
qwen3_8b,train,30442153,generation_2,38,13,0.0002328632690478,0.6750692212379746,300,0,0.34210526315789475,False,False,False,False,True,True,False
qwen3_8b,train,30442153,generation_3,38,10,0.0002390669833403,0.7232767806107356,268,0,0.2631578947368421,False,False,False,True,True,True,False
qwen3_8b,train,30836660,generation_1,51,46,0.0001858103642007,0.09725168467169468,342,0,0.9019607843137255,False,False,False,False,False,True,False
qwen3_8b,train,30836660,generation_2,51,47,0.0001819037861423,0.07763100930406279,308,0,0.9215686274509803,False,False,False,False,False,True,False
qwen3_8b,train,30836660,generation_3,51,47,0.0001868623512564,0.0777887091589589,237,0,0.9215686274509803,False,False,False,False,False,True,False
qwen3_8b,train,7018927,generation_1,4,1,0.3423055410385132,0.7592986822128296,138,0,0.25,False,False,False,True,True,True,False
qwen3_8b,train,7018927,generation_2,4,2,0.0317264832556247,0.5163967413827776,204,0,0.5,False,False,False,False,True,True,False
qwen3_8b,train,7018927,generation_3,4,0,0.9113690257072448,0.9468092620372772,146,0,0.0,True,True,True,True,True,True,True
qwen3_8b,train,7468724,generation_1,5,3,0.0081507069990038,0.3922438850626349,184,0,0.6,False,False,False,False,False,True,False
qwen3_8b,train,7468724,generation_2,5,3,0.0085512977093458,0.3864415373653173,160,0,0.6,False,False,False,False,False,True,False
qwen3_8b,train,7468724,generation_3,5,3,0.0139151914045214,0.3683142041787505,158,0,0.6,False,False,False,False,False,True,False
qwen3_8b,train,7668252,generation_1,4,2,0.0513388402760028,0.47869171667844057,137,0,0.5,False,False,False,False,True,True,False
qwen3_8b,train,7668252,generation_2,4,2,0.041112795472145,0.5116025153547525,164,0,0.5,False,False,False,False,True,True,False
qwen3_8b,train,7668252,generation_3,4,2,0.0752208456397056,0.564800938591361,178,0,0.5,False,False,False,False,True,True,False
qwen3_8b,train,7905839,generation_1,6,0,0.991724967956543,0.9946613907814026,181,0,0.0,True,True,True,True,True,True,True
qwen3_8b,train,7905839,generation_2,6,0,0.9867686629295348,0.9915130436420441,148,0,0.0,True,True,True,True,True,True,True
qwen3_8b,train,7905839,generation_3,6,0,0.9880272150039672,0.9948209226131439,191,0,0.0,True,True,True,True,True,True,True
qwen3_8b,train,8002973,generation_1,1,0,0.9978680610656738,0.9978680610656738,175,0,0.0,True,True,True,True,True,True,True
qwen3_8b,train,8002973,generation_2,1,0,0.9967441558837892,0.9967441558837892,236,0,0.0,True,True,True,True,True,True,True
qwen3_8b,train,8002973,generation_3,1,0,0.9970454573631288,0.9970454573631288,197,0,0.0,True,True,True,True,True,True,True
qwen3_8b,train,8755918,generation_1,2,0,0.9896657466888428,0.9928036034107208,208,0,0.0,True,True,True,True,True,True,True
qwen3_8b,train,8755918,generation_2,2,0,0.9956520199775696,0.9960264265537262,139,0,0.0,True,True,True,True,True,True,True
qwen3_8b,train,8755918,generation_3,2,0,0.9957619309425354,0.9960600137710571,174,0,0.0,True,True,True,True,True,True,True
qwen3_8b,train,9294109,generation_1,2,0,0.9397979378700256,0.9688853621482849,141,0,0.0,True,True,True,True,True,True,True
qwen3_8b,train,9294109,generation_2,2,1,0.1848987340927124,0.5915296971797943,145,0,0.5,False,False,False,False,True,True,False
qwen3_8b,train,9294109,generation_3,2,0,0.8646935224533081,0.9313498437404633,155,0,0.0,True,True,True,True,True,True,True
qwen3_8b,train,9647766,generation_1,6,2,0.0867192670702934,0.7105834372341633,201,3,0.3333333333333333,False,False,False,False,True,True,False
qwen3_8b,train,9647766,generation_2,6,0,0.9524178504943848,0.9853364924589793,204,3,0.0,True,True,True,True,True,True,True
qwen3_8b,train,9647766,generation_3,6,0,0.9705604314804076,0.990040143330892,169,3,0.0,True,True,True,True,True,True,True
qwen3_8b,train,9746003,generation_1,6,1,0.0074446653015911,0.791259326118355,204,4,0.16666666666666666,False,False,True,True,True,True,False
qwen3_8b,train,9746003,generation_2,6,4,0.0071658482775092,0.3666399613333245,285,4,0.6666666666666666,False,False,False,False,False,True,False
qwen3_8b,train,9746003,generation_3,6,3,0.0066264509223401,0.4845274131124218,253,4,0.5,False,False,False,False,True,True,False
